# Blender 4.4.1
# www.blender.org
mtllib titleFont.mtl
o テキスト.001
v -8.020627 -0.714428 0.084204
v -8.036035 -0.714976 0.084265
v -8.051057 -0.716525 0.084307
v -8.065690 -0.719074 0.084328
v -8.079938 -0.722623 0.084330
v -8.093797 -0.727173 0.084313
v -8.107272 -0.732723 0.084275
v -8.120360 -0.739273 0.084218
v -8.133060 -0.746824 0.084142
v -8.145373 -0.755375 0.084045
v -8.157302 -0.764927 0.083929
v -8.168843 -0.775478 0.083793
v -8.179997 -0.787030 0.083638
v -8.189034 -0.797681 0.083489
v -8.197282 -0.808606 0.083331
v -8.204740 -0.819806 0.083165
v -8.211408 -0.831280 0.082991
v -8.217288 -0.843029 0.082807
v -8.222377 -0.855053 0.082616
v -8.226676 -0.867351 0.082415
v -8.230187 -0.879924 0.082207
v -8.232907 -0.892771 0.081989
v -8.234841 -0.905893 0.081763
v -8.235984 -0.919289 0.081529
v -8.236337 -0.932960 0.081286
v -8.235778 -0.948610 0.081003
v -8.234197 -0.963852 0.080723
v -8.231595 -0.978686 0.080446
v -8.227971 -0.993112 0.080171
v -8.223325 -1.007130 0.079899
v -8.217658 -1.020740 0.079629
v -8.210969 -1.033942 0.079362
v -8.203258 -1.046735 0.079098
v -8.194524 -1.059121 0.078836
v -8.184770 -1.071099 0.078577
v -8.173993 -1.082669 0.078320
v -8.162196 -1.093830 0.078066
v -8.151567 -1.103110 0.077851
v -8.140702 -1.111579 0.077650
v -8.129607 -1.119237 0.077462
v -8.118281 -1.126085 0.077287
v -8.106723 -1.132123 0.077126
v -8.094930 -1.137350 0.076978
v -8.082906 -1.141766 0.076844
v -8.070653 -1.145372 0.076723
v -8.058166 -1.148168 0.076615
v -8.045447 -1.150153 0.076521
v -8.032496 -1.151328 0.076441
v -8.019315 -1.151692 0.076374
v -8.003171 -1.151131 0.076309
v -7.987481 -1.149548 0.076266
v -7.972239 -1.146944 0.076242
v -7.957448 -1.143318 0.076239
v -7.943109 -1.138671 0.076256
v -7.929219 -1.133003 0.076294
v -7.915780 -1.126313 0.076352
v -7.902791 -1.118601 0.076430
v -7.890254 -1.109868 0.076529
v -7.878167 -1.100114 0.076648
v -7.866532 -1.089338 0.076787
v -7.855346 -1.077541 0.076947
v -7.846307 -1.066890 0.077096
v -7.838059 -1.055965 0.077253
v -7.830602 -1.044765 0.077419
v -7.823934 -1.033291 0.077594
v -7.818055 -1.021542 0.077777
v -7.812964 -1.009519 0.077969
v -7.808665 -0.997220 0.078169
v -7.805156 -0.984648 0.078378
v -7.802434 -0.971800 0.078595
v -7.800500 -0.958679 0.078821
v -7.799359 -0.945282 0.079056
v -7.799006 -0.931611 0.079299
v -7.799556 -0.915727 0.079586
v -7.801105 -0.900293 0.079869
v -7.803655 -0.885310 0.080149
v -7.807204 -0.870777 0.080425
v -7.811753 -0.856695 0.080698
v -7.817304 -0.843063 0.080967
v -7.823853 -0.829882 0.081233
v -7.831405 -0.817152 0.081496
v -7.839957 -0.804872 0.081755
v -7.849509 -0.793043 0.082011
v -7.860059 -0.781664 0.082263
v -7.871614 -0.770736 0.082511
v -7.882283 -0.761702 0.082722
v -7.893273 -0.753457 0.082920
v -7.904582 -0.746002 0.083106
v -7.916205 -0.739336 0.083278
v -7.928149 -0.733460 0.083439
v -7.940408 -0.728372 0.083586
v -7.952985 -0.724075 0.083721
v -7.965878 -0.720567 0.083843
v -7.979091 -0.717848 0.083952
v -7.992620 -0.715918 0.084049
v -8.006465 -0.714778 0.084133
v -8.030234 1.462677 0.123207
v -8.066258 1.461148 0.123345
v -8.099143 1.456796 0.123419
v -8.128886 1.449618 0.123427
v -8.155484 1.439617 0.123370
v -8.178943 1.426791 0.123249
v -8.199260 1.411140 0.123062
v -8.216435 1.392665 0.122810
v -8.230472 1.371366 0.122494
v -8.241364 1.347243 0.122112
v -8.249116 1.320294 0.121666
v -8.253726 1.290521 0.121154
v -8.255193 1.257924 0.120577
v -8.254859 1.245672 0.120357
v -8.253921 1.230908 0.120088
v -8.252378 1.213631 0.119772
v -8.250228 1.193841 0.119408
v -8.247476 1.171539 0.118996
v -8.244119 1.146724 0.118537
v -8.240157 1.119396 0.118029
v -8.235591 1.089556 0.117474
v -8.230422 1.057203 0.116872
v -8.224648 1.022337 0.116221
v -8.218270 0.984959 0.115523
v -8.211286 0.945068 0.114777
v -8.203719 0.902089 0.113973
v -8.196628 0.861580 0.113216
v -8.190013 0.823542 0.112505
v -8.183875 0.787975 0.111840
v -8.178214 0.754877 0.111222
v -8.173028 0.724250 0.110650
v -8.168317 0.696094 0.110124
v -8.164084 0.670408 0.109645
v -8.160327 0.647192 0.109212
v -8.157046 0.626447 0.108826
v -8.154244 0.608172 0.108486
v -8.151917 0.592368 0.108193
v -8.141133 0.511532 0.106697
v -8.131280 0.433634 0.105257
v -8.122348 0.358674 0.103875
v -8.114341 0.286652 0.102549
v -8.107259 0.217568 0.101280
v -8.101104 0.151421 0.100068
v -8.095874 0.088212 0.098913
v -8.091569 0.027942 0.097815
v -8.088187 -0.029392 0.096773
v -8.085734 -0.083787 0.095789
v -8.084205 -0.135244 0.094861
v -8.083602 -0.183764 0.093990
v -8.083619 -0.202761 0.093650
v -8.083787 -0.221397 0.093317
v -8.084105 -0.239670 0.092992
v -8.084575 -0.257582 0.092673
v -8.085193 -0.275132 0.092362
v -8.085961 -0.292321 0.092058
v -8.086881 -0.309147 0.091761
v -8.087951 -0.325612 0.091472
v -8.089170 -0.341715 0.091189
v -8.090541 -0.357456 0.090914
v -8.092059 -0.372836 0.090645
v -8.093730 -0.387853 0.090384
v -8.092999 -0.396918 0.090219
v -8.090863 -0.405190 0.090061
v -8.087325 -0.412670 0.089911
v -8.082381 -0.419356 0.089769
v -8.076034 -0.425250 0.089634
v -8.068282 -0.430351 0.089507
v -8.059125 -0.434659 0.089388
v -8.048564 -0.438174 0.089276
v -8.036599 -0.440897 0.089173
v -8.023231 -0.442827 0.089076
v -8.008456 -0.443964 0.088988
v -7.992284 -0.444308 0.088908
v -7.987384 -0.444027 0.088890
v -7.982909 -0.443214 0.088884
v -7.978864 -0.441870 0.088890
v -7.975245 -0.439994 0.088907
v -7.972056 -0.437587 0.088935
v -7.969295 -0.434648 0.088975
v -7.966960 -0.431178 0.089026
v -7.965053 -0.427177 0.089089
v -7.963574 -0.422644 0.089163
v -7.962523 -0.417580 0.089249
v -7.961902 -0.411984 0.089346
v -7.961709 -0.405857 0.089455
v -7.962977 -0.391786 0.089713
v -7.964141 -0.377182 0.089979
v -7.965199 -0.362045 0.090255
v -7.966151 -0.346375 0.090540
v -7.967000 -0.330172 0.090834
v -7.967742 -0.313436 0.091137
v -7.968381 -0.296167 0.091449
v -7.968913 -0.278364 0.091770
v -7.969340 -0.260029 0.092100
v -7.969665 -0.241160 0.092439
v -7.969884 -0.221759 0.092787
v -7.969995 -0.201824 0.093144
v -7.969670 -0.150521 0.094061
v -7.968392 -0.096850 0.095015
v -7.966165 -0.040810 0.096008
v -7.962983 0.017598 0.097039
v -7.958848 0.078375 0.098107
v -7.953763 0.141519 0.099214
v -7.947726 0.207032 0.100358
v -7.940738 0.274913 0.101541
v -7.932796 0.345163 0.102761
v -7.923903 0.417780 0.104020
v -7.914058 0.492766 0.105316
v -7.903258 0.570121 0.106651
v -7.902331 0.576943 0.106769
v -7.900546 0.588711 0.106971
v -7.897899 0.605426 0.107258
v -7.894393 0.627087 0.107630
v -7.890029 0.653694 0.108086
v -7.884807 0.685248 0.108626
v -7.878726 0.721749 0.109252
v -7.871785 0.763196 0.109961
v -7.863986 0.809589 0.110756
v -7.855329 0.860928 0.111635
v -7.845811 0.917215 0.112598
v -7.835433 0.978447 0.113646
v -7.829656 1.013231 0.114242
v -7.824382 1.045947 0.114803
v -7.819615 1.076594 0.115330
v -7.815354 1.105172 0.115821
v -7.811597 1.131682 0.116278
v -7.808347 1.156123 0.116701
v -7.805600 1.178496 0.117089
v -7.803359 1.198800 0.117442
v -7.801623 1.217036 0.117760
v -7.800393 1.233203 0.118044
v -7.799668 1.247301 0.118293
v -7.799449 1.259330 0.118507
v -7.801147 1.291918 0.119098
v -7.806031 1.321661 0.119652
v -7.814103 1.348561 0.120171
v -7.825364 1.372616 0.120653
v -7.839812 1.393827 0.121099
v -7.857450 1.412195 0.121509
v -7.878278 1.427718 0.121883
v -7.902291 1.440398 0.122220
v -7.929496 1.450234 0.122521
v -7.959888 1.457225 0.122786
v -7.993466 1.461373 0.123014
v -5.389513 -1.039248 0.066292
v -5.383542 -1.047317 0.066120
v -5.376424 -1.054678 0.065956
v -5.368155 -1.061333 0.065799
v -5.358739 -1.067281 0.065649
v -5.348173 -1.072523 0.065507
v -5.336459 -1.077058 0.065372
v -5.323596 -1.080886 0.065244
v -5.309585 -1.084007 0.065124
v -5.294424 -1.086421 0.065011
v -5.278115 -1.088129 0.064905
v -5.260656 -1.089130 0.064807
v -5.242051 -1.089424 0.064716
v -5.223426 -1.088759 0.064643
v -5.206424 -1.086885 0.064598
v -5.191045 -1.083801 0.064582
v -5.177291 -1.079507 0.064596
v -5.165159 -1.074004 0.064639
v -5.154651 -1.067291 0.064710
v -5.145765 -1.059369 0.064811
v -5.138504 -1.050236 0.064941
v -5.132865 -1.039895 0.065101
v -5.128850 -1.028343 0.065289
v -5.126459 -1.015582 0.065506
v -5.125691 -1.001612 0.065753
v -5.125977 -0.906488 0.067456
v -3.927541 -0.902790 0.062011
v -3.927173 -1.025531 0.059813
v -3.926035 -1.042191 0.059510
v -3.922729 -1.057396 0.059222
v -3.917253 -1.071145 0.058951
v -3.909608 -1.083438 0.058696
v -3.899793 -1.094276 0.058457
v -3.887808 -1.103657 0.058234
v -3.873653 -1.111583 0.058027
v -3.857331 -1.118054 0.057836
v -3.838838 -1.123068 0.057661
v -3.818174 -1.126627 0.057503
v -3.795342 -1.128730 0.057360
v -3.770342 -1.129378 0.057234
v -3.750736 -1.128689 0.057156
v -3.732841 -1.126747 0.057108
v -3.716652 -1.123554 0.057091
v -3.702172 -1.119109 0.057104
v -3.689402 -1.113412 0.057147
v -3.678339 -1.106463 0.057220
v -3.668987 -1.098262 0.057324
v -3.661344 -1.088809 0.057458
v -3.655408 -1.078104 0.057622
v -3.651181 -1.066148 0.057817
v -3.648664 -1.052939 0.058042
v -3.647854 -1.038478 0.058297
v -3.656163 -0.826774 0.062123
v -3.656155 -0.783473 0.062898
v -3.655864 -0.742047 0.063638
v -3.655290 -0.702495 0.064343
v -3.654433 -0.664817 0.065014
v -3.653295 -0.629014 0.065649
v -3.651873 -0.595085 0.066250
v -3.650168 -0.563030 0.066815
v -3.648181 -0.532850 0.067346
v -3.645911 -0.504544 0.067842
v -3.643358 -0.478113 0.068304
v -3.640523 -0.453556 0.068730
v -3.637403 -0.430873 0.069122
v -3.681911 -0.435784 0.069238
v -3.723392 -0.440515 0.069345
v -3.761847 -0.445065 0.069440
v -3.797277 -0.449437 0.069525
v -3.829680 -0.453628 0.069599
v -3.859059 -0.457640 0.069662
v -3.885410 -0.461471 0.069715
v -3.908737 -0.465123 0.069756
v -3.929037 -0.468595 0.069788
v -3.946312 -0.471888 0.069808
v -3.960561 -0.475000 0.069818
v -3.971785 -0.477933 0.069817
v -3.980110 -0.480399 0.069811
v -3.987711 -0.483139 0.069797
v -3.994584 -0.486154 0.069775
v -4.000734 -0.489444 0.069744
v -4.006159 -0.493009 0.069705
v -4.010858 -0.496848 0.069658
v -4.014831 -0.500963 0.069603
v -4.018078 -0.505352 0.069539
v -4.020599 -0.510016 0.069468
v -4.022397 -0.514954 0.069387
v -4.023468 -0.520168 0.069299
v -4.023814 -0.525656 0.069202
v -4.023132 -0.532505 0.069077
v -4.021131 -0.539243 0.068947
v -4.017807 -0.545871 0.068813
v -4.013163 -0.552388 0.068675
v -4.007196 -0.558794 0.068533
v -3.999910 -0.565090 0.068387
v -3.991302 -0.571275 0.068237
v -3.981375 -0.577349 0.068082
v -3.970125 -0.583313 0.067924
v -3.957554 -0.589166 0.067761
v -3.943662 -0.594909 0.067595
v -3.928449 -0.600541 0.067424
v -3.927757 -0.830680 0.063302
v -4.397311 -0.832129 0.065436
v -4.398022 -0.595853 0.069667
v -4.397012 -0.566400 0.070190
v -4.395850 -0.538396 0.070685
v -4.394533 -0.511840 0.071154
v -4.393064 -0.486734 0.071597
v -4.391440 -0.463075 0.072013
v -4.389664 -0.440865 0.072402
v -4.387733 -0.420104 0.072765
v -4.385649 -0.400791 0.073101
v -4.383411 -0.382927 0.073410
v -4.381021 -0.366511 0.073693
v -4.378476 -0.351544 0.073949
v -4.375777 -0.338026 0.074179
v -4.437523 -0.344034 0.074355
v -4.493898 -0.350409 0.074500
v -4.544900 -0.357151 0.074614
v -4.590529 -0.364260 0.074697
v -4.630788 -0.371736 0.074748
v -4.665674 -0.379579 0.074768
v -4.695189 -0.387789 0.074757
v -4.719332 -0.396366 0.074714
v -4.738103 -0.405309 0.074641
v -4.751501 -0.414620 0.074536
v -4.759528 -0.424298 0.074400
v -4.762183 -0.434343 0.074232
v -4.761557 -0.440510 0.074119
v -4.759716 -0.446738 0.073999
v -4.756660 -0.453025 0.073872
v -4.752389 -0.459373 0.073739
v -4.746904 -0.465781 0.073599
v -4.740203 -0.472249 0.073453
v -4.732287 -0.478777 0.073299
v -4.723156 -0.485365 0.073139
v -4.712810 -0.492014 0.072973
v -4.701248 -0.498723 0.072800
v -4.688473 -0.505492 0.072620
v -4.674482 -0.512321 0.072433
v -4.673519 -0.832981 0.066691
v -5.126193 -0.834377 0.068747
v -5.126636 -0.687088 0.071385
v -5.126597 -0.664202 0.071795
v -5.126348 -0.641571 0.072198
v -5.125881 -0.619195 0.072597
v -5.125202 -0.597073 0.072989
v -5.124309 -0.575207 0.073377
v -5.123201 -0.553596 0.073758
v -5.121880 -0.532240 0.074134
v -5.120344 -0.511139 0.074505
v -5.118596 -0.490293 0.074870
v -5.116633 -0.469702 0.075229
v -5.114457 -0.449366 0.075583
v -5.112066 -0.429286 0.075931
v -5.157976 -0.435404 0.076033
v -5.200604 -0.441194 0.076126
v -5.239954 -0.446653 0.076209
v -5.276020 -0.451783 0.076283
v -5.308805 -0.456582 0.076348
v -5.338309 -0.461053 0.076403
v -5.364532 -0.465193 0.076450
v -5.387475 -0.469004 0.076487
v -5.407136 -0.472484 0.076515
v -5.423516 -0.475635 0.076534
v -5.436615 -0.478457 0.076544
v -5.446432 -0.480948 0.076545
v -5.453288 -0.483164 0.076536
v -5.459546 -0.485677 0.076520
v -5.465206 -0.488486 0.076496
v -5.470269 -0.491591 0.076464
v -5.474735 -0.494993 0.076423
v -5.478602 -0.498691 0.076375
v -5.481874 -0.502686 0.076319
v -5.484546 -0.506978 0.076254
v -5.486621 -0.511566 0.076182
v -5.488097 -0.516450 0.076101
v -5.488977 -0.521631 0.076012
v -5.489260 -0.527108 0.075916
v -5.488644 -0.533467 0.075799
v -5.486835 -0.539759 0.075678
v -5.483831 -0.545982 0.075553
v -5.479636 -0.552139 0.075423
v -5.474247 -0.558227 0.075290
v -5.467665 -0.564248 0.075152
v -5.459888 -0.570201 0.075009
v -5.450919 -0.576087 0.074863
v -5.440758 -0.581905 0.074712
v -5.429401 -0.587655 0.074557
v -5.416852 -0.593338 0.074397
v -5.403112 -0.598954 0.074234
v -5.402923 -0.661858 0.073107
v -5.405047 -0.976391 0.067489
v -5.425399 -0.980374 0.067511
v -5.445048 -0.984015 0.067536
v -5.463996 -0.987313 0.067564
v -5.482242 -0.990267 0.067595
v -5.499785 -0.992878 0.067629
v -5.516625 -0.995146 0.067666
v -5.532764 -0.997071 0.067706
v -5.548201 -0.998653 0.067748
v -5.562935 -0.999892 0.067794
v -5.576966 -1.000788 0.067843
v -5.590296 -1.001340 0.067894
v -5.602921 -1.001550 0.067948
v -5.612162 -1.001418 0.067993
v -5.620955 -1.000966 0.068042
v -5.629301 -1.000193 0.068094
v -5.637200 -0.999098 0.068150
v -5.644653 -0.997683 0.068209
v -5.651660 -0.995946 0.068273
v -5.658219 -0.993889 0.068340
v -5.664333 -0.991511 0.068410
v -5.669999 -0.988811 0.068485
v -5.675220 -0.985791 0.068563
v -5.679993 -0.982449 0.068645
v -5.684319 -0.978787 0.068730
v -5.687901 -0.974951 0.068815
v -5.691463 -0.970583 0.068910
v -5.695004 -0.965682 0.069014
v -5.698525 -0.960249 0.069127
v -5.702028 -0.954282 0.069250
v -5.705512 -0.947783 0.069382
v -5.708975 -0.940751 0.069524
v -5.712419 -0.933186 0.069675
v -5.715842 -0.925088 0.069836
v -5.719247 -0.916458 0.070006
v -5.722631 -0.907295 0.070185
v -5.725995 -0.897599 0.070374
v -5.735664 -0.867763 0.070953
v -5.745070 -0.833943 0.071601
v -5.754209 -0.796136 0.072320
v -5.763083 -0.754344 0.073108
v -5.771691 -0.708566 0.073967
v -5.780036 -0.658802 0.074896
v -5.788115 -0.605053 0.075895
v -5.795929 -0.547318 0.076964
v -5.803477 -0.485598 0.078103
v -5.810762 -0.419891 0.079313
v -5.817780 -0.350200 0.080592
v -5.824533 -0.276522 0.081941
v -4.210252 -0.271542 0.074607
v -4.207591 -0.288197 0.074297
v -4.202782 -0.303397 0.074003
v -4.195824 -0.317142 0.073725
v -4.186719 -0.329431 0.073463
v -4.175466 -0.340264 0.073217
v -4.162065 -0.349641 0.072988
v -4.146514 -0.357563 0.072775
v -4.128815 -0.364029 0.072578
v -4.108969 -0.369039 0.072397
v -4.086974 -0.372594 0.072232
v -4.062831 -0.374693 0.072083
v -4.036541 -0.375336 0.071951
v -4.014484 -0.374480 0.071865
v -3.994351 -0.372052 0.071816
v -3.976141 -0.368054 0.071803
v -3.959853 -0.362485 0.071828
v -3.945489 -0.355344 0.071890
v -3.933046 -0.346633 0.071989
v -3.922528 -0.336351 0.072124
v -3.913933 -0.324498 0.072297
v -3.907259 -0.311073 0.072506
v -3.902509 -0.296078 0.072753
v -3.899681 -0.279512 0.073036
v -3.898777 -0.261375 0.073357
v -3.912994 0.384510 0.084980
v -3.913186 0.476566 0.086628
v -3.913202 0.567088 0.088248
v -3.913043 0.656076 0.089840
v -3.912708 0.743531 0.091403
v -3.912200 0.829452 0.092938
v -3.911516 0.913839 0.094445
v -3.910657 0.996692 0.095924
v -3.909622 1.078012 0.097374
v -3.908412 1.157798 0.098796
v -3.907027 1.236051 0.100190
v -3.905467 1.312769 0.101556
v -3.903731 1.387954 0.102893
v -3.931521 1.377022 0.102826
v -3.959206 1.365877 0.102754
v -3.986782 1.354519 0.102677
v -4.014251 1.342949 0.102596
v -4.041613 1.331166 0.102511
v -4.068868 1.319170 0.102422
v -4.096016 1.306961 0.102328
v -4.123055 1.294539 0.102230
v -4.149988 1.281905 0.102128
v -4.176815 1.269058 0.102022
v -4.203533 1.255998 0.101911
v -4.230145 1.242725 0.101796
v -4.506353 1.241873 0.103051
v -4.508436 1.250710 0.103218
v -4.510541 1.259845 0.103392
v -4.512669 1.269278 0.103570
v -4.514819 1.279010 0.103754
v -4.516991 1.289040 0.103944
v -4.519185 1.299369 0.104139
v -4.521401 1.309995 0.104339
v -4.523641 1.320920 0.104545
v -4.525901 1.332143 0.104756
v -4.528185 1.343664 0.104973
v -4.530490 1.355484 0.105195
v -4.532817 1.367601 0.105422
v -4.535564 1.381135 0.105677
v -4.538095 1.393625 0.105912
v -4.540410 1.405072 0.106128
v -4.542509 1.415475 0.106323
v -4.544391 1.424835 0.106500
v -4.546058 1.433151 0.106656
v -4.547507 1.440423 0.106793
v -4.548740 1.446653 0.106910
v -4.549757 1.451838 0.107007
v -4.550559 1.455981 0.107085
v -4.551143 1.459080 0.107143
v -4.551513 1.461135 0.107182
v -4.554283 1.475127 0.107445
v -4.556883 1.488991 0.107705
v -4.559311 1.502728 0.107962
v -4.561568 1.516338 0.108216
v -4.563654 1.529820 0.108467
v -4.565569 1.543175 0.108715
v -4.567314 1.556403 0.108959
v -4.568888 1.569503 0.109201
v -4.570291 1.582476 0.109440
v -4.571523 1.595322 0.109675
v -4.572584 1.608040 0.109908
v -4.573474 1.620631 0.110137
v -4.620664 1.610779 0.110178
v -4.664593 1.601470 0.110213
v -4.705262 1.592704 0.110243
v -4.742673 1.584480 0.110268
v -4.776824 1.576799 0.110288
v -4.807717 1.569661 0.110302
v -4.835350 1.563066 0.110311
v -4.859724 1.557014 0.110315
v -4.880838 1.551504 0.110313
v -4.898694 1.546537 0.110307
v -4.913290 1.542113 0.110295
v -4.924627 1.538231 0.110277
v -4.932462 1.535299 0.110261
v -4.939613 1.532176 0.110238
v -4.946082 1.528864 0.110208
v -4.951869 1.525362 0.110172
v -4.956973 1.521670 0.110130
v -4.961394 1.517789 0.110081
v -4.965133 1.513718 0.110025
v -4.968189 1.509457 0.109963
v -4.970563 1.505007 0.109894
v -4.972254 1.500367 0.109819
v -4.973263 1.495537 0.109737
v -4.973589 1.490518 0.109649
v -4.972726 1.483542 0.109520
v -4.970181 1.476933 0.109390
v -4.965953 1.470692 0.109259
v -4.960042 1.464818 0.109127
v -4.952449 1.459311 0.108993
v -4.943173 1.454173 0.108858
v -4.932216 1.449401 0.108723
v -4.919575 1.444997 0.108586
v -4.905251 1.440961 0.108448
v -4.889244 1.437292 0.108308
v -4.871555 1.433990 0.108168
v -4.852184 1.431056 0.108026
v -4.818822 1.403584 0.107381
v -4.787960 1.378236 0.106786
v -4.759598 1.355011 0.106240
v -4.733736 1.333909 0.105743
v -4.710374 1.314931 0.105296
v -4.689512 1.298076 0.104899
v -4.671149 1.283344 0.104551
v -4.655287 1.270735 0.104252
v -4.641924 1.260249 0.104003
v -4.631061 1.251887 0.103803
v -4.622700 1.245648 0.103653
v -4.616837 1.241532 0.103553
v -5.301218 1.239421 0.106662
v -5.320158 1.261907 0.107152
v -5.337962 1.282437 0.107601
v -5.354630 1.301010 0.108010
v -5.370165 1.317626 0.108379
v -5.384562 1.332285 0.108707
v -5.397824 1.344987 0.108995
v -5.409952 1.355732 0.109243
v -5.420944 1.364520 0.109451
v -5.430801 1.371351 0.109619
v -5.439522 1.376225 0.109746
v -5.447107 1.379143 0.109833
v -5.453556 1.380104 0.109880
v -5.459724 1.379275 0.109894
v -5.467485 1.376822 0.109885
v -5.476840 1.372744 0.109855
v -5.487789 1.367042 0.109804
v -5.500331 1.359716 0.109730
v -5.514465 1.350765 0.109635
v -5.530193 1.340189 0.109518
v -5.547516 1.327990 0.109380
v -5.566432 1.314165 0.109219
v -5.586941 1.298717 0.109037
v -5.609045 1.281644 0.108833
v -5.632742 1.262946 0.108608
v -5.644720 1.252883 0.108483
v -5.655657 1.243228 0.108360
v -5.665550 1.233981 0.108240
v -5.674400 1.225142 0.108123
v -5.682208 1.216712 0.108008
v -5.688972 1.208689 0.107895
v -5.694694 1.201075 0.107785
v -5.699371 1.193869 0.107678
v -5.703006 1.187070 0.107573
v -5.705598 1.180680 0.107471
v -5.707147 1.174698 0.107371
v -5.707650 1.169124 0.107273
v -5.707010 1.161700 0.107137
v -5.705133 1.154258 0.106996
v -5.702022 1.146799 0.106848
v -5.697673 1.139322 0.106694
v -5.692088 1.131828 0.106534
v -5.685266 1.124316 0.106368
v -5.677209 1.116787 0.106197
v -5.667915 1.109240 0.106019
v -5.657385 1.101676 0.105835
v -5.645618 1.094094 0.105645
v -5.632617 1.086494 0.105449
v -5.618379 1.078878 0.105248
v -5.618038 0.965342 0.103214
v -5.624019 0.402246 0.093166
v -5.622651 0.383135 0.092817
v -5.618667 0.365695 0.092487
v -5.612065 0.349925 0.092174
v -5.602848 0.335826 0.091880
v -5.591013 0.323396 0.091603
v -5.576563 0.312637 0.091344
v -5.559498 0.303548 0.091103
v -5.539814 0.296129 0.090879
v -5.517514 0.290380 0.090674
v -5.492599 0.286302 0.090487
v -5.465066 0.283894 0.090317
v -5.434916 0.283156 0.090165
v -5.416781 0.283883 0.090095
v -5.400229 0.285948 0.090055
v -5.385255 0.289350 0.090047
v -5.371864 0.294090 0.090071
v -5.360054 0.300168 0.090125
v -5.349825 0.307583 0.090211
v -5.341177 0.316336 0.090328
v -5.334109 0.326426 0.090476
v -5.328624 0.337854 0.090655
v -5.324720 0.350620 0.090865
v -5.322396 0.364723 0.091107
v -5.321654 0.380164 0.091380
v -5.321788 0.424658 0.092177
v -4.212354 0.428080 0.087136
v -4.211524 0.151914 0.082190
v -5.750616 0.147166 0.089183
v -5.778170 0.178203 0.089865
v -5.803862 0.206540 0.090491
v -5.827691 0.232176 0.091059
v -5.849660 0.255112 0.091570
v -5.869765 0.275346 0.092025
v -5.888008 0.292881 0.092423
v -5.904388 0.307715 0.092763
v -5.918907 0.319849 0.093047
v -5.931563 0.329282 0.093274
v -5.942358 0.336014 0.093444
v -5.951289 0.340046 0.093558
v -5.958358 0.341378 0.093614
v -5.964653 0.340420 0.093626
v -5.972796 0.337582 0.093612
v -5.982788 0.332863 0.093574
v -5.994629 0.326264 0.093510
v -6.008319 0.317783 0.093421
v -6.023855 0.307421 0.093307
v -6.041242 0.295179 0.093168
v -6.060477 0.281055 0.093004
v -6.081559 0.265051 0.092815
v -6.104491 0.247166 0.092600
v -6.129272 0.227399 0.092360
v -6.155900 0.205752 0.092095
v -6.169590 0.193990 0.091948
v -6.182089 0.182827 0.091806
v -6.193396 0.172266 0.091669
v -6.203511 0.162304 0.091537
v -6.212434 0.152943 0.091410
v -6.220165 0.144183 0.091289
v -6.226705 0.136023 0.091173
v -6.232054 0.128462 0.091063
v -6.236210 0.121503 0.090957
v -6.239175 0.115143 0.090857
v -6.240948 0.109384 0.090762
v -6.241528 0.104226 0.090672
v -6.241225 0.099325 0.090583
v -6.240349 0.094853 0.090499
v -6.238897 0.090809 0.090420
v -6.236873 0.087193 0.090346
v -6.234274 0.084004 0.090277
v -6.231100 0.081244 0.090213
v -6.227353 0.078911 0.090154
v -6.223032 0.077007 0.090100
v -6.218136 0.075530 0.090051
v -6.212666 0.074482 0.090007
v -6.206622 0.073861 0.089969
v -6.200006 0.073668 0.089935
v -4.211308 0.079804 0.080899
v -4.210468 -0.199432 0.075898
v -5.790992 -0.204308 0.083079
v -5.812620 -0.180849 0.083599
v -5.832856 -0.159431 0.084075
v -5.851702 -0.140055 0.084508
v -5.869156 -0.122721 0.084899
v -5.885218 -0.107428 0.085246
v -5.899888 -0.094176 0.085551
v -5.913168 -0.082966 0.085813
v -5.925056 -0.073797 0.086031
v -5.935553 -0.066669 0.086207
v -5.944657 -0.061583 0.086340
v -5.952371 -0.058538 0.086430
v -5.958693 -0.057535 0.086477
v -5.965330 -0.058344 0.086493
v -5.973475 -0.060734 0.086488
v -5.983129 -0.064706 0.086461
v -5.994290 -0.070260 0.086413
v -6.006961 -0.077395 0.086344
v -6.021139 -0.086111 0.086253
v -6.036827 -0.096410 0.086141
v -6.054022 -0.108289 0.086007
v -6.072726 -0.121751 0.085852
v -6.092938 -0.136794 0.085676
v -6.114660 -0.153418 0.085479
v -6.137889 -0.171624 0.085260
v -6.149380 -0.180705 0.085150
v -6.159872 -0.189464 0.085041
v -6.169362 -0.197899 0.084934
v -6.177853 -0.206012 0.084828
v -6.185342 -0.213803 0.084723
v -6.191831 -0.221270 0.084619
v -6.197318 -0.228415 0.084517
v -6.201806 -0.235238 0.084415
v -6.205291 -0.241737 0.084315
v -6.207777 -0.247914 0.084216
v -6.209263 -0.253768 0.084118
v -6.209745 -0.259299 0.084021
v -6.209093 -0.263697 0.083939
v -6.207161 -0.268710 0.083841
v -6.203947 -0.274336 0.083725
v -6.199453 -0.280577 0.083593
v -6.193678 -0.287431 0.083444
v -6.186623 -0.294900 0.083278
v -6.178286 -0.302982 0.083095
v -6.168669 -0.311678 0.082895
v -6.157770 -0.320989 0.082678
v -6.145593 -0.330914 0.082445
v -6.132135 -0.341452 0.082194
v -6.117394 -0.352605 0.081927
v -6.110353 -0.412462 0.080823
v -6.103405 -0.469337 0.079774
v -6.096551 -0.523229 0.078778
v -6.089790 -0.574137 0.077836
v -6.083125 -0.622062 0.076947
v -6.076554 -0.667005 0.076113
v -6.070078 -0.708964 0.075332
v -6.063695 -0.747941 0.074605
v -6.057405 -0.783934 0.073932
v -6.051210 -0.816945 0.073313
v -6.045111 -0.846972 0.072748
v -6.039104 -0.874016 0.072236
v -6.033999 -0.895353 0.071831
v -6.028534 -0.916432 0.071429
v -6.022706 -0.937254 0.071029
v -6.016517 -0.957820 0.070633
v -6.009967 -0.978129 0.070239
v -6.003055 -0.998181 0.069849
v -5.995781 -1.017977 0.069461
v -5.988145 -1.037515 0.069076
v -5.980147 -1.056797 0.068694
v -5.971789 -1.075821 0.068316
v -5.963070 -1.094589 0.067940
v -5.953989 -1.113100 0.067567
v -5.945887 -1.128354 0.067256
v -5.937019 -1.142966 0.066954
v -5.927386 -1.156937 0.066660
v -5.916988 -1.170266 0.066373
v -5.905825 -1.182953 0.066095
v -5.893896 -1.194999 0.065825
v -5.881203 -1.206403 0.065562
v -5.867743 -1.217165 0.065308
v -5.853518 -1.227286 0.065061
v -5.838529 -1.236765 0.064823
v -5.822773 -1.245602 0.064592
v -5.806254 -1.253798 0.064369
v -5.790686 -1.260856 0.064172
v -5.774713 -1.267296 0.063983
v -5.758338 -1.273116 0.063803
v -5.741560 -1.278317 0.063633
v -5.724380 -1.282899 0.063472
v -5.706795 -1.286861 0.063320
v -5.688807 -1.290205 0.063178
v -5.670417 -1.292929 0.063045
v -5.651624 -1.295034 0.062920
v -5.632427 -1.296520 0.062806
v -5.612828 -1.297386 0.062700
v -5.592826 -1.297633 0.062604
v -5.586369 -1.297507 0.062576
v -5.580296 -1.297168 0.062554
v -5.574607 -1.296618 0.062538
v -5.569302 -1.295856 0.062527
v -5.564383 -1.294882 0.062522
v -5.559847 -1.293696 0.062522
v -5.555695 -1.292298 0.062528
v -5.551927 -1.290688 0.062540
v -5.548544 -1.288866 0.062557
v -5.545545 -1.286833 0.062579
v -5.542930 -1.284587 0.062608
v -5.540699 -1.282130 0.062641
v -5.538990 -1.279898 0.062673
v -5.537431 -1.277304 0.062713
v -5.536023 -1.274348 0.062759
v -5.534764 -1.271031 0.062813
v -5.533657 -1.267351 0.062873
v -5.532699 -1.263310 0.062941
v -5.531892 -1.258907 0.063016
v -5.531235 -1.254143 0.063099
v -5.530728 -1.249016 0.063188
v -5.530373 -1.243528 0.063285
v -5.530166 -1.237678 0.063388
v -5.530110 -1.231466 0.063499
v -5.529922 -1.219181 0.063718
v -5.529286 -1.207384 0.063926
v -5.528202 -1.196076 0.064124
v -5.526668 -1.185257 0.064310
v -5.524685 -1.174926 0.064486
v -5.522253 -1.165084 0.064651
v -5.519372 -1.155731 0.064805
v -5.516042 -1.146867 0.064948
v -5.512262 -1.138492 0.065081
v -5.508035 -1.130605 0.065203
v -5.503358 -1.123207 0.065313
v -5.498232 -1.116297 0.065413
v -5.492805 -1.110122 0.065499
v -5.486717 -1.103902 0.065582
v -5.479969 -1.097638 0.065663
v -5.472560 -1.091329 0.065742
v -5.464491 -1.084975 0.065819
v -5.455761 -1.078576 0.065893
v -5.446371 -1.072133 0.065965
v -5.436321 -1.065646 0.066035
v -5.425610 -1.059113 0.066103
v -5.414238 -1.052536 0.066168
v -5.402205 -1.045914 0.066231
v -5.323138 0.874196 0.100227
v -5.324018 1.167239 0.105475
v -4.214584 1.170662 0.100435
v -4.213704 0.877618 0.095187
v -4.213488 0.805508 0.093895
v -4.212570 0.500191 0.088428
v -5.322004 0.496768 0.093468
v -5.322922 0.802085 0.098936
v -1.778022 0.225395 0.072315
v -1.757962 0.223710 0.072192
v -1.739223 0.222105 0.072077
v -1.721807 0.220582 0.071970
v -1.705711 0.219140 0.071870
v -1.690938 0.217779 0.071778
v -1.677485 0.216500 0.071693
v -1.665355 0.215301 0.071616
v -1.654546 0.214184 0.071546
v -1.645060 0.213148 0.071484
v -1.636894 0.212193 0.071429
v -1.630051 0.211319 0.071382
v -1.624527 0.210526 0.071343
v -1.615966 0.209007 0.071276
v -1.607681 0.207467 0.071210
v -1.599673 0.205904 0.071146
v -1.591943 0.204319 0.071082
v -1.584489 0.202712 0.071019
v -1.577312 0.201082 0.070957
v -1.570413 0.199431 0.070895
v -1.563790 0.197757 0.070835
v -1.557444 0.196061 0.070775
v -1.551375 0.194344 0.070717
v -1.545583 0.192603 0.070659
v -1.540070 0.190841 0.070602
v -1.529490 0.187933 0.070501
v -1.519253 0.185280 0.070407
v -1.509356 0.182881 0.070318
v -1.499802 0.180737 0.070236
v -1.490589 0.178847 0.070160
v -1.481718 0.177213 0.070090
v -1.473189 0.175833 0.070026
v -1.465001 0.174707 0.069968
v -1.457156 0.173836 0.069916
v -1.449652 0.173220 0.069871
v -1.442490 0.172859 0.069832
v -1.435670 0.172752 0.069798
v -1.425292 0.173327 0.069761
v -1.414619 0.174990 0.069742
v -1.403652 0.177741 0.069740
v -1.392390 0.181580 0.069757
v -1.380832 0.186506 0.069792
v -1.368979 0.192520 0.069845
v -1.356830 0.199621 0.069917
v -1.344386 0.207810 0.070006
v -1.331649 0.217087 0.070113
v -1.318616 0.227452 0.070239
v -1.305287 0.238904 0.070382
v -1.291662 0.251444 0.070544
v -1.248155 0.205784 0.069527
v -1.204865 0.162127 0.068547
v -1.161795 0.120473 0.067603
v -1.118944 0.080820 0.066697
v -1.076313 0.043170 0.065827
v -1.033899 0.007523 0.064994
v -0.991707 -0.026122 0.064198
v -0.949733 -0.057765 0.063439
v -0.907977 -0.087406 0.062716
v -0.866442 -0.115043 0.062031
v -0.825125 -0.140679 0.061382
v -0.784028 -0.164312 0.060770
v -0.779022 -0.166747 0.060703
v -0.774252 -0.168970 0.060642
v -0.769716 -0.170981 0.060585
v -0.765417 -0.172779 0.060533
v -0.761353 -0.174364 0.060486
v -0.757523 -0.175738 0.060444
v -0.753928 -0.176898 0.060406
v -0.750568 -0.177847 0.060374
v -0.747443 -0.178583 0.060346
v -0.744555 -0.179107 0.060324
v -0.741900 -0.179418 0.060306
v -0.739481 -0.179518 0.060293
v -0.735070 -0.179376 0.060275
v -0.731043 -0.178980 0.060264
v -0.727401 -0.178330 0.060259
v -0.724143 -0.177425 0.060260
v -0.721269 -0.176265 0.060267
v -0.718780 -0.174851 0.060281
v -0.716675 -0.173182 0.060302
v -0.714954 -0.171259 0.060328
v -0.713618 -0.169081 0.060361
v -0.712667 -0.166649 0.060400
v -0.712099 -0.163962 0.060445
v -0.711915 -0.161021 0.060497
v -0.712188 -0.158795 0.060538
v -0.712995 -0.156209 0.060588
v -0.714336 -0.153261 0.060647
v -0.716210 -0.149954 0.060715
v -0.718619 -0.146285 0.060792
v -0.721561 -0.142256 0.060877
v -0.725039 -0.137866 0.060972
v -0.729049 -0.133116 0.061075
v -0.733593 -0.128005 0.061188
v -0.738672 -0.122534 0.061309
v -0.744284 -0.116702 0.061439
v -0.750431 -0.110509 0.061578
v -0.783335 -0.075642 0.062354
v -0.816371 -0.039369 0.063155
v -0.849540 -0.001690 0.063981
v -0.882842 0.037396 0.064834
v -0.916275 0.077887 0.065712
v -0.949841 0.119784 0.066616
v -0.983538 0.163087 0.067546
v -1.017367 0.207796 0.068502
v -1.051328 0.253912 0.069483
v -1.085421 0.301433 0.070490
v -1.119647 0.350360 0.071523
v -1.154005 0.400693 0.072582
v -1.165215 0.418654 0.072955
v -1.176236 0.436808 0.073330
v -1.187065 0.455154 0.073708
v -1.197702 0.473692 0.074089
v -1.208149 0.492423 0.074472
v -1.218403 0.511346 0.074858
v -1.228466 0.530461 0.075246
v -1.238338 0.549769 0.075637
v -1.248020 0.569269 0.076031
v -1.257510 0.588962 0.076427
v -1.266809 0.608847 0.076825
v -1.275916 0.628924 0.077227
v -1.281594 0.642651 0.077498
v -1.286780 0.655740 0.077756
v -1.291475 0.668192 0.078001
v -1.295677 0.680005 0.078232
v -1.299387 0.691181 0.078449
v -1.302605 0.701719 0.078652
v -1.305331 0.711620 0.078842
v -1.307565 0.720883 0.079018
v -1.309306 0.729508 0.079180
v -1.310555 0.737495 0.079329
v -1.311313 0.744844 0.079464
v -1.311579 0.751556 0.079585
v -1.310948 0.761701 0.079764
v -1.308997 0.771680 0.079933
v -1.305723 0.781492 0.080094
v -1.301126 0.791138 0.080245
v -1.295209 0.800618 0.080388
v -1.287969 0.809931 0.080521
v -1.279408 0.819078 0.080645
v -1.269525 0.828058 0.080761
v -1.258320 0.836872 0.080867
v -1.245792 0.845520 0.080964
v -1.231942 0.854001 0.081052
v -1.216771 0.862316 0.081131
v -1.212856 0.864374 0.081150
v -1.209283 0.866431 0.081170
v -1.206050 0.868486 0.081192
v -1.203157 0.870541 0.081216
v -1.200606 0.872594 0.081241
v -1.198396 0.874647 0.081267
v -1.196526 0.876698 0.081295
v -1.194998 0.878749 0.081325
v -1.193810 0.880798 0.081356
v -1.192965 0.882846 0.081389
v -1.192459 0.884894 0.081423
v -1.192295 0.886940 0.081459
v -1.192505 0.889741 0.081510
v -1.193121 0.892520 0.081563
v -1.194141 0.895277 0.081617
v -1.195567 0.898011 0.081672
v -1.197397 0.900722 0.081729
v -1.199633 0.903411 0.081788
v -1.202272 0.906077 0.081847
v -1.205317 0.908721 0.081909
v -1.208768 0.911342 0.081972
v -1.212622 0.913940 0.082036
v -1.216882 0.916516 0.082101
v -1.221546 0.919069 0.082169
v -1.225945 0.921506 0.082232
v -1.230427 0.923730 0.082293
v -1.234993 0.925740 0.082350
v -1.239645 0.927537 0.082403
v -1.244381 0.929121 0.082453
v -1.249202 0.930491 0.082500
v -1.254107 0.931648 0.082543
v -1.259097 0.932591 0.082583
v -1.264172 0.933322 0.082620
v -1.269331 0.933838 0.082653
v -1.274574 0.934142 0.082682
v -1.279902 0.934232 0.082708
v -1.295801 0.933618 0.082770
v -1.312291 0.931873 0.082815
v -1.329375 0.928997 0.082842
v -1.347053 0.924990 0.082852
v -1.365324 0.919851 0.082844
v -1.384188 0.913581 0.082818
v -1.403645 0.906180 0.082775
v -1.423697 0.897648 0.082715
v -1.444341 0.887984 0.082637
v -1.465578 0.877190 0.082541
v -1.487409 0.865264 0.082428
v -1.509832 0.852206 0.082298
v -1.530868 0.838056 0.082141
v -1.550072 0.824380 0.081985
v -1.567445 0.811179 0.081829
v -1.582986 0.798451 0.081672
v -1.596694 0.786199 0.081516
v -1.608572 0.774421 0.081360
v -1.618620 0.763117 0.081204
v -1.626836 0.752288 0.081048
v -1.633220 0.741933 0.080892
v -1.637773 0.732053 0.080736
v -1.640494 0.722647 0.080580
v -1.641383 0.713716 0.080425
v -1.641006 0.705406 0.080274
v -1.639928 0.697355 0.080125
v -1.638145 0.689561 0.079977
v -1.635662 0.682025 0.079831
v -1.632475 0.674747 0.079686
v -1.628585 0.667727 0.079543
v -1.623993 0.660965 0.079401
v -1.618699 0.654460 0.079260
v -1.612701 0.648214 0.079121
v -1.606002 0.642225 0.078983
v -1.598599 0.636495 0.078846
v -1.590496 0.631022 0.078711
v -1.584487 0.627460 0.078619
v -1.578754 0.623898 0.078529
v -1.573298 0.620335 0.078440
v -1.568119 0.616771 0.078353
v -1.563217 0.613206 0.078267
v -1.558593 0.609640 0.078181
v -1.554245 0.606074 0.078098
v -1.550174 0.602506 0.078015
v -1.546380 0.598938 0.077934
v -1.542864 0.595369 0.077854
v -1.539623 0.591799 0.077775
v -1.536659 0.588228 0.077697
v -1.524781 0.571324 0.077340
v -1.512260 0.553783 0.076969
v -1.499099 0.535604 0.076583
v -1.485296 0.516787 0.076183
v -1.470851 0.497334 0.075768
v -1.455767 0.477243 0.075339
v -1.440039 0.456515 0.074896
v -1.423671 0.435149 0.074439
v -1.406660 0.413147 0.073967
v -1.389010 0.390507 0.073480
v -1.370718 0.367229 0.072980
v -1.351785 0.343315 0.072465
v -1.357076 0.341583 0.072458
v -1.362729 0.340000 0.072456
v -1.368745 0.338564 0.072458
v -1.375124 0.337276 0.072464
v -1.381866 0.336137 0.072475
v -1.388971 0.335145 0.072489
v -1.396439 0.334302 0.072509
v -1.404268 0.333606 0.072532
v -1.412461 0.333059 0.072560
v -1.421018 0.332660 0.072592
v -1.429936 0.332408 0.072629
v -1.439218 0.332305 0.072670
v -1.450673 0.332355 0.072723
v -1.462534 0.332574 0.072782
v -1.474801 0.332963 0.072845
v -1.487473 0.333520 0.072913
v -1.500551 0.334247 0.072987
v -1.514034 0.335143 0.073065
v -1.527922 0.336209 0.073147
v -1.542215 0.337443 0.073235
v -1.556915 0.338847 0.073328
v -1.572021 0.340420 0.073426
v -1.587531 0.342162 0.073528
v -1.603446 0.344073 0.073636
v -1.641930 0.348695 0.073895
v -1.681649 0.353591 0.074165
v -1.722605 0.358760 0.074446
v -1.764800 0.364203 0.074738
v -1.808230 0.369918 0.075040
v -1.852899 0.375907 0.075352
v -1.898804 0.382168 0.075675
v -1.945945 0.388704 0.076009
v -1.994323 0.395512 0.076353
v -2.043938 0.402593 0.076708
v -2.094790 0.409948 0.077074
v -2.146881 0.417576 0.077450
v -2.165027 0.420855 0.077592
v -2.182109 0.424158 0.077730
v -2.198124 0.427486 0.077863
v -2.213075 0.430839 0.077992
v -2.226959 0.434216 0.078116
v -2.239779 0.437618 0.078236
v -2.251533 0.441045 0.078351
v -2.262220 0.444496 0.078462
v -2.271843 0.447972 0.078568
v -2.280399 0.451472 0.078670
v -2.287889 0.454997 0.078768
v -2.294314 0.458546 0.078861
v -2.305162 0.465620 0.079037
v -2.315668 0.472076 0.079201
v -2.325830 0.477915 0.079353
v -2.335650 0.483138 0.079491
v -2.345128 0.487743 0.079617
v -2.354260 0.491732 0.079731
v -2.363051 0.495104 0.079831
v -2.371500 0.497858 0.079919
v -2.379604 0.499996 0.079995
v -2.387367 0.501517 0.080058
v -2.394787 0.502421 0.080108
v -2.401863 0.502708 0.080146
v -2.422311 0.502187 0.080231
v -2.442735 0.500750 0.080299
v -2.463135 0.498396 0.080350
v -2.483510 0.495126 0.080386
v -2.503862 0.490940 0.080404
v -2.524190 0.485838 0.080406
v -2.544494 0.479819 0.080392
v -2.564773 0.472884 0.080361
v -2.585028 0.465033 0.080314
v -2.605259 0.456266 0.080250
v -2.625466 0.446582 0.080170
v -2.645649 0.435982 0.080073
v -2.653233 0.431154 0.080021
v -2.660154 0.425922 0.079960
v -2.666412 0.420288 0.079888
v -2.672010 0.414251 0.079805
v -2.676947 0.407811 0.079713
v -2.681220 0.400968 0.079610
v -2.684833 0.393722 0.079497
v -2.687783 0.386074 0.079374
v -2.690071 0.378022 0.079240
v -2.691698 0.369568 0.079096
v -2.692662 0.360711 0.078942
v -2.692965 0.351452 0.078778
v -2.692137 0.338466 0.078542
v -2.689734 0.326615 0.078319
v -2.685760 0.315898 0.078108
v -2.680211 0.306315 0.077912
v -2.673089 0.297867 0.077728
v -2.664392 0.290552 0.077557
v -2.654123 0.284372 0.077399
v -2.642280 0.279327 0.077254
v -2.628862 0.275415 0.077122
v -2.613871 0.272638 0.077004
v -2.597305 0.270995 0.076898
v -2.579168 0.270486 0.076806
v -2.570152 0.270471 0.076764
v -2.559986 0.270375 0.076715
v -2.548668 0.270197 0.076660
v -2.536201 0.269937 0.076598
v -2.522581 0.269595 0.076530
v -2.507811 0.269172 0.076454
v -2.491888 0.268667 0.076372
v -2.474814 0.268080 0.076283
v -2.456592 0.267412 0.076187
v -2.437216 0.266662 0.076084
v -2.416689 0.265830 0.075975
v -2.395012 0.264917 0.075859
v -2.388052 0.264502 0.075820
v -2.375869 0.263740 0.075750
v -2.358464 0.262633 0.075650
v -2.335837 0.261179 0.075520
v -2.307986 0.259379 0.075360
v -2.274914 0.257233 0.075169
v -2.236618 0.254741 0.074949
v -2.193100 0.251902 0.074698
v -2.144360 0.248718 0.074417
v -2.090396 0.245187 0.074105
v -2.031209 0.241310 0.073764
v -1.966802 0.237087 0.073392
v -1.981579 0.229082 0.073317
v -1.995781 0.221016 0.073238
v -2.009408 0.212887 0.073155
v -2.022458 0.204696 0.073068
v -2.034932 0.196442 0.072978
v -2.046832 0.188127 0.072884
v -2.058156 0.179749 0.072786
v -2.068904 0.171310 0.072684
v -2.079077 0.162808 0.072579
v -2.088674 0.154244 0.072470
v -2.097694 0.145618 0.072357
v -2.106139 0.136929 0.072240
v -2.110047 0.132432 0.072178
v -2.113614 0.127658 0.072109
v -2.116838 0.122608 0.072033
v -2.119721 0.117283 0.071951
v -2.122262 0.111681 0.071863
v -2.124460 0.105804 0.071768
v -2.126318 0.099650 0.071666
v -2.127833 0.093221 0.071558
v -2.129006 0.086516 0.071443
v -2.129838 0.079534 0.071322
v -2.130327 0.072277 0.071195
v -2.130475 0.064743 0.071061
v -2.130256 0.059129 0.070959
v -2.129632 0.053537 0.070856
v -2.128603 0.047968 0.070752
v -2.127170 0.042421 0.070646
v -2.125330 0.036897 0.070539
v -2.123087 0.031396 0.070430
v -2.120439 0.025917 0.070320
v -2.117385 0.020460 0.070208
v -2.113926 0.015027 0.070095
v -2.110063 0.009615 0.069980
v -2.105794 0.004226 0.069864
v -2.101121 -0.001140 0.069747
v -2.096353 -0.006293 0.069633
v -2.091798 -0.011553 0.069518
v -2.087456 -0.016920 0.069401
v -2.083325 -0.022394 0.069285
v -2.079409 -0.027976 0.069167
v -2.075705 -0.033665 0.069048
v -2.072212 -0.039461 0.068928
v -2.068934 -0.045364 0.068807
v -2.065868 -0.051374 0.068686
v -2.063016 -0.057492 0.068563
v -2.060375 -0.063717 0.068440
v -2.057948 -0.070049 0.068315
v -2.035666 -0.116403 0.067383
v -2.011550 -0.163028 0.066438
v -1.985600 -0.209924 0.065479
v -1.957816 -0.257092 0.064508
v -1.928198 -0.304531 0.063522
v -1.896748 -0.352242 0.062524
v -1.863461 -0.400223 0.061512
v -1.828343 -0.448477 0.060487
v -1.791390 -0.497001 0.059449
v -1.752604 -0.545797 0.058398
v -1.711984 -0.594864 0.057333
v -1.669529 -0.644203 0.056255
v -1.627254 -0.690964 0.055223
v -1.583577 -0.735867 0.054219
v -1.538499 -0.778911 0.053242
v -1.492021 -0.820097 0.052291
v -1.444141 -0.859425 0.051367
v -1.394859 -0.896894 0.050470
v -1.344178 -0.932506 0.049599
v -1.292095 -0.966259 0.048756
v -1.238611 -0.998154 0.047939
v -1.183726 -1.028190 0.047149
v -1.127439 -1.056369 0.046386
v -1.069757 -1.082689 0.045650
v -1.062020 -1.086096 0.045553
v -1.054689 -1.089206 0.045464
v -1.047765 -1.092019 0.045382
v -1.041246 -1.094535 0.045307
v -1.035133 -1.096753 0.045239
v -1.029427 -1.098675 0.045178
v -1.024125 -1.100299 0.045125
v -1.019230 -1.101627 0.045079
v -1.014740 -1.102657 0.045040
v -1.010657 -1.103390 0.045008
v -1.006980 -1.103826 0.044983
v -1.003708 -1.103965 0.044966
v -0.999787 -1.103804 0.044950
v -0.996208 -1.103346 0.044942
v -0.992970 -1.102590 0.044941
v -0.990076 -1.101537 0.044946
v -0.987522 -1.100186 0.044959
v -0.985311 -1.098539 0.044978
v -0.983440 -1.096594 0.045004
v -0.981913 -1.094352 0.045037
v -0.980727 -1.091812 0.045077
v -0.979883 -1.088975 0.045124
v -0.979382 -1.085841 0.045178
v -0.979221 -1.082410 0.045239
v -0.979520 -1.079012 0.045301
v -0.980393 -1.075467 0.045368
v -0.981842 -1.071774 0.045441
v -0.983869 -1.067934 0.045519
v -0.986469 -1.063946 0.045602
v -0.989647 -1.059812 0.045691
v -0.993401 -1.055529 0.045785
v -0.997729 -1.051100 0.045884
v -1.002634 -1.046523 0.045988
v -1.008115 -1.041798 0.046098
v -1.014172 -1.036927 0.046213
v -1.020803 -1.031907 0.046334
v -1.053947 -1.006268 0.046945
v -1.086731 -0.979775 0.047570
v -1.119156 -0.952428 0.048208
v -1.151219 -0.924229 0.048860
v -1.182924 -0.895175 0.049526
v -1.214268 -0.865268 0.050205
v -1.245253 -0.834508 0.050898
v -1.275877 -0.802894 0.051605
v -1.306144 -0.770427 0.052325
v -1.336049 -0.737106 0.053059
v -1.365596 -0.702932 0.053806
v -1.394782 -0.667904 0.054567
v -1.438466 -0.613306 0.055745
v -1.480188 -0.558680 0.056914
v -1.519952 -0.504027 0.058075
v -1.557753 -0.449347 0.059227
v -1.593594 -0.394639 0.060371
v -1.627475 -0.339904 0.061507
v -1.659394 -0.285141 0.062633
v -1.689353 -0.230351 0.063751
v -1.717351 -0.175534 0.064861
v -1.743389 -0.120690 0.065962
v -1.767467 -0.065818 0.067055
v -1.789589 -0.010919 0.068139
v -1.795771 0.007420 0.068496
v -1.801417 0.024631 0.068830
v -1.806527 0.040715 0.069141
v -1.811101 0.055671 0.069430
v -1.815139 0.069499 0.069696
v -1.818640 0.082199 0.069939
v -1.821606 0.093771 0.070160
v -1.824035 0.104216 0.070358
v -1.825927 0.113533 0.070533
v -1.827284 0.121722 0.070686
v -1.828104 0.128784 0.070816
v -1.828389 0.134718 0.070924
v -1.828055 0.140739 0.071030
v -1.827019 0.147039 0.071138
v -1.825280 0.153618 0.071248
v -1.822840 0.160477 0.071359
v -1.819695 0.167614 0.071472
v -1.815849 0.175031 0.071587
v -1.811301 0.182727 0.071704
v -1.806050 0.190702 0.071823
v -1.800097 0.198957 0.071943
v -1.793440 0.207491 0.072065
v -1.786081 0.216303 0.072189
v 1.483154 0.106577 0.055192
v 2.196692 0.108779 0.051950
v 2.196719 0.099573 0.051785
v 2.197082 0.085393 0.051529
v 2.198081 0.072003 0.051285
v 2.199717 0.059403 0.051052
v 2.201990 0.047594 0.050830
v 2.204900 0.036576 0.050620
v 2.208448 0.026348 0.050420
v 2.212632 0.016910 0.050232
v 2.217454 0.008262 0.050055
v 2.222913 0.000405 0.049890
v 2.229007 -0.006661 0.049735
v 2.235740 -0.012937 0.049592
v 2.243110 -0.018423 0.049460
v 2.250443 -0.022566 0.049352
v 2.258606 -0.026345 0.049247
v 2.267599 -0.029759 0.049144
v 2.277423 -0.032807 0.049045
v 2.288076 -0.035492 0.048948
v 2.299561 -0.037811 0.048853
v 2.311874 -0.039765 0.048762
v 2.325018 -0.041355 0.048673
v 2.338993 -0.042580 0.048587
v 2.353796 -0.043440 0.048503
v 2.369431 -0.043935 0.048423
v 2.385895 -0.044065 0.048344
v 2.397840 -0.043826 0.048294
v 2.409123 -0.043184 0.048253
v 2.419744 -0.042139 0.048223
v 2.429703 -0.040691 0.048203
v 2.439001 -0.038840 0.048194
v 2.447636 -0.036587 0.048194
v 2.455610 -0.033930 0.048205
v 2.462922 -0.030871 0.048226
v 2.469572 -0.027409 0.048258
v 2.475559 -0.023544 0.048299
v 2.480885 -0.019277 0.048351
v 2.485548 -0.014606 0.048413
v 2.489211 -0.010003 0.048479
v 2.492553 -0.004910 0.048555
v 2.495573 0.000671 0.048641
v 2.498272 0.006742 0.048737
v 2.500650 0.013302 0.048843
v 2.502707 0.020351 0.048960
v 2.504443 0.027889 0.049087
v 2.505857 0.035917 0.049224
v 2.506951 0.044433 0.049371
v 2.507722 0.053439 0.049529
v 2.508173 0.062934 0.049697
v 2.508303 0.072917 0.049875
v 2.490922 0.751013 0.062089
v 2.490846 0.811883 0.063179
v 2.490987 0.871240 0.064240
v 2.491346 0.929086 0.065274
v 2.491922 0.985419 0.066279
v 2.492717 1.040240 0.067256
v 2.493729 1.093548 0.068206
v 2.494958 1.145344 0.069127
v 2.496406 1.195628 0.070020
v 2.498071 1.244400 0.070885
v 2.499953 1.291659 0.071722
v 2.502054 1.337406 0.072531
v 2.504372 1.381641 0.073312
v 2.474371 1.368635 0.073217
v 2.444648 1.355374 0.073117
v 2.415203 1.341858 0.073010
v 2.386035 1.328088 0.072898
v 2.357145 1.314062 0.072780
v 2.328534 1.299782 0.072656
v 2.300200 1.285247 0.072526
v 2.272143 1.270457 0.072390
v 2.244365 1.255412 0.072249
v 2.216865 1.240112 0.072102
v 2.189642 1.224558 0.071948
v 2.162698 1.208748 0.071789
v 1.760662 1.207508 0.073616
v 1.755765 1.223528 0.073925
v 1.750888 1.239910 0.074241
v 1.746032 1.256655 0.074563
v 1.741197 1.273762 0.074891
v 1.736381 1.291232 0.075226
v 1.731585 1.309064 0.075567
v 1.726810 1.327258 0.075915
v 1.722054 1.345814 0.076268
v 1.717319 1.364733 0.076629
v 1.712605 1.384014 0.076996
v 1.707910 1.403657 0.077369
v 1.703236 1.423663 0.077748
v 1.700870 1.434513 0.077953
v 1.698435 1.446620 0.078181
v 1.695934 1.459983 0.078432
v 1.693365 1.474604 0.078705
v 1.690728 1.490482 0.079001
v 1.688023 1.507617 0.079320
v 1.685250 1.526010 0.079662
v 1.682409 1.545659 0.080027
v 1.679502 1.566565 0.080414
v 1.676526 1.588728 0.080825
v 1.673482 1.612149 0.081258
v 1.670372 1.636826 0.081714
v 1.623682 1.627476 0.081761
v 1.580231 1.618648 0.081803
v 1.540018 1.610341 0.081839
v 1.503042 1.602555 0.081870
v 1.469305 1.595291 0.081895
v 1.438806 1.588548 0.081915
v 1.411544 1.582327 0.081929
v 1.387521 1.576628 0.081937
v 1.366735 1.571449 0.081940
v 1.349188 1.566792 0.081937
v 1.334878 1.562657 0.081929
v 1.323807 1.559043 0.081916
v 1.315483 1.555842 0.081897
v 1.307885 1.552431 0.081870
v 1.301012 1.548808 0.081837
v 1.294864 1.544975 0.081797
v 1.289442 1.540931 0.081749
v 1.284744 1.536676 0.081695
v 1.280772 1.532210 0.081633
v 1.277525 1.527533 0.081565
v 1.275004 1.522645 0.081489
v 1.273208 1.517547 0.081406
v 1.272137 1.512237 0.081316
v 1.271791 1.506717 0.081218
v 1.271996 1.501976 0.081133
v 1.272586 1.497471 0.081049
v 1.273558 1.493201 0.080968
v 1.274912 1.489168 0.080890
v 1.276650 1.485369 0.080814
v 1.278771 1.481807 0.080741
v 1.281274 1.478479 0.080669
v 1.284161 1.475388 0.080601
v 1.287430 1.472532 0.080535
v 1.291083 1.469911 0.080471
v 1.295118 1.467526 0.080410
v 1.299536 1.465377 0.080351
v 1.303996 1.463558 0.080298
v 1.309180 1.461657 0.080240
v 1.315090 1.459671 0.080177
v 1.321724 1.457604 0.080110
v 1.329084 1.455453 0.080038
v 1.337168 1.453219 0.079960
v 1.345977 1.450902 0.079878
v 1.355511 1.448503 0.079792
v 1.365769 1.446020 0.079700
v 1.376753 1.443454 0.079604
v 1.388462 1.440805 0.079502
v 1.400895 1.438073 0.079396
v 1.424814 1.414739 0.078869
v 1.448347 1.392149 0.078356
v 1.471494 1.370303 0.077859
v 1.494255 1.349203 0.077377
v 1.516631 1.328847 0.076910
v 1.538620 1.309236 0.076457
v 1.560224 1.290369 0.076021
v 1.581442 1.272247 0.075599
v 1.602274 1.254869 0.075192
v 1.622720 1.238236 0.074800
v 1.642781 1.222348 0.074424
v 1.662455 1.207205 0.074062
v 0.721812 1.204303 0.078336
v 0.700425 1.229233 0.078880
v 0.680408 1.251993 0.079380
v 0.661762 1.272584 0.079834
v 0.644486 1.291006 0.080243
v 0.628580 1.307259 0.080607
v 0.614046 1.321342 0.080926
v 0.600882 1.333256 0.081200
v 0.589087 1.343001 0.081428
v 0.578664 1.350576 0.081612
v 0.569612 1.355982 0.081750
v 0.561930 1.359219 0.081843
v 0.555618 1.360286 0.081891
v 0.549195 1.359414 0.081905
v 0.541179 1.356832 0.081896
v 0.531569 1.352540 0.081863
v 0.520366 1.346539 0.081808
v 0.507570 1.338828 0.081728
v 0.493181 1.329408 0.081626
v 0.477198 1.318278 0.081500
v 0.459620 1.305438 0.081351
v 0.440451 1.290888 0.081179
v 0.419688 1.274629 0.080984
v 0.397331 1.256660 0.080765
v 0.373382 1.236982 0.080523
v 0.361405 1.226194 0.080385
v 0.350471 1.215900 0.080251
v 0.340579 1.206099 0.080121
v 0.331730 1.196792 0.079995
v 0.323924 1.187978 0.079874
v 0.317161 1.179657 0.079756
v 0.311440 1.171829 0.079642
v 0.306763 1.164495 0.079532
v 0.303128 1.157654 0.079427
v 0.300536 1.151307 0.079325
v 0.298987 1.145452 0.079227
v 0.298484 1.140091 0.079134
v 0.299157 1.132433 0.078994
v 0.301130 1.124799 0.078848
v 0.304403 1.117191 0.078697
v 0.308975 1.109609 0.078540
v 0.314847 1.102051 0.078378
v 0.322021 1.094519 0.078210
v 0.330494 1.087013 0.078037
v 0.340267 1.079531 0.077858
v 0.351339 1.072075 0.077673
v 0.363713 1.064644 0.077484
v 0.377385 1.057239 0.077288
v 0.392359 1.049859 0.077087
v 0.392805 0.901036 0.074422
v 0.382770 0.155348 0.061124
v 0.383123 0.140422 0.060856
v 0.384092 0.126329 0.060599
v 0.385677 0.113068 0.060355
v 0.387877 0.100641 0.060122
v 0.390694 0.089047 0.059902
v 0.394125 0.078286 0.059693
v 0.398172 0.068357 0.059497
v 0.402836 0.059262 0.059313
v 0.408114 0.050999 0.059141
v 0.414008 0.043570 0.058981
v 0.420518 0.036974 0.058833
v 0.427643 0.031210 0.058697
v 0.434179 0.026574 0.058584
v 0.441480 0.022345 0.058474
v 0.449548 0.018524 0.058369
v 0.458382 0.015110 0.058267
v 0.467982 0.012103 0.058169
v 0.478348 0.009503 0.058075
v 0.489480 0.007311 0.057985
v 0.501377 0.005525 0.057898
v 0.514041 0.004147 0.057815
v 0.527472 0.003177 0.057736
v 0.541667 0.002613 0.057661
v 0.556627 0.002457 0.057589
v 0.569328 0.002666 0.057534
v 0.581347 0.003215 0.057489
v 0.592682 0.004102 0.057453
v 0.603335 0.005328 0.057426
v 0.613305 0.006893 0.057408
v 0.622592 0.008797 0.057399
v 0.631195 0.011040 0.057400
v 0.639115 0.013622 0.057410
v 0.646353 0.016542 0.057429
v 0.652906 0.019801 0.057457
v 0.658778 0.023399 0.057494
v 0.663968 0.027336 0.057541
v 0.668156 0.031164 0.057590
v 0.672043 0.035459 0.057649
v 0.675631 0.040222 0.057718
v 0.678919 0.045453 0.057796
v 0.681907 0.051152 0.057884
v 0.684595 0.057318 0.057982
v 0.686983 0.063953 0.058090
v 0.689071 0.071055 0.058208
v 0.690860 0.078626 0.058335
v 0.692348 0.086664 0.058472
v 0.693538 0.095170 0.058619
v 0.694427 0.104144 0.058775
v 1.200809 0.105706 0.056474
v 1.203422 -0.764219 0.040895
v 1.203573 -0.783013 0.040558
v 1.202891 -0.800532 0.040248
v 1.201373 -0.816774 0.039964
v 1.199020 -0.831740 0.039707
v 1.195833 -0.845431 0.039477
v 1.191811 -0.857845 0.039273
v 1.186953 -0.868984 0.039096
v 1.181259 -0.878846 0.038946
v 1.174731 -0.887433 0.038822
v 1.167368 -0.894743 0.038725
v 1.159170 -0.900778 0.038655
v 1.150138 -0.905536 0.038612
v 1.140110 -0.909243 0.038591
v 1.127910 -0.912637 0.038587
v 1.113532 -0.915718 0.038598
v 1.096981 -0.918486 0.038624
v 1.078255 -0.920941 0.038666
v 1.057354 -0.923083 0.038724
v 1.034278 -0.924912 0.038798
v 1.009027 -0.926429 0.038887
v 0.981602 -0.927632 0.038991
v 0.952001 -0.928522 0.039111
v 0.920226 -0.929100 0.039247
v 0.886275 -0.929365 0.039399
v 0.822530 -0.929433 0.039691
v 0.762748 -0.929234 0.039969
v 0.706929 -0.928767 0.040234
v 0.655073 -0.928032 0.040486
v 0.607181 -0.927029 0.040724
v 0.563252 -0.925758 0.040949
v 0.523286 -0.924219 0.041160
v 0.487284 -0.922413 0.041358
v 0.455245 -0.920338 0.041542
v 0.427170 -0.917995 0.041713
v 0.403056 -0.915385 0.041871
v 0.382907 -0.912506 0.042015
v 0.369387 -0.909767 0.042126
v 0.356462 -0.906578 0.042243
v 0.344132 -0.902941 0.042365
v 0.332398 -0.898854 0.042492
v 0.321259 -0.894317 0.042624
v 0.310717 -0.889331 0.042762
v 0.300768 -0.883896 0.042905
v 0.291416 -0.878012 0.043053
v 0.282659 -0.871678 0.043207
v 0.274496 -0.864895 0.043366
v 0.266930 -0.857662 0.043530
v 0.259959 -0.849980 0.043699
v 0.250457 -0.836606 0.043982
v 0.240433 -0.819952 0.044326
v 0.229887 -0.800017 0.044732
v 0.218820 -0.776803 0.045198
v 0.207232 -0.750309 0.045725
v 0.195122 -0.720534 0.046314
v 0.182491 -0.687480 0.046963
v 0.169338 -0.651145 0.047674
v 0.155664 -0.611531 0.048446
v 0.141469 -0.568636 0.049279
v 0.126752 -0.522462 0.050173
v 0.111515 -0.473007 0.051128
v 0.110891 -0.471048 0.051166
v 0.110055 -0.469261 0.051202
v 0.109005 -0.467645 0.051235
v 0.107743 -0.466200 0.051267
v 0.106269 -0.464926 0.051296
v 0.104581 -0.463823 0.051324
v 0.102681 -0.462891 0.051349
v 0.100569 -0.462130 0.051373
v 0.098244 -0.461541 0.051394
v 0.095706 -0.461123 0.051413
v 0.092956 -0.460875 0.051430
v 0.089995 -0.460799 0.051445
v 0.086809 -0.460894 0.051458
v 0.083901 -0.461159 0.051467
v 0.081270 -0.461593 0.051471
v 0.078918 -0.462197 0.051471
v 0.076841 -0.462971 0.051467
v 0.075044 -0.463914 0.051458
v 0.073524 -0.465027 0.051445
v 0.072281 -0.466309 0.051428
v 0.071315 -0.467761 0.051406
v 0.070628 -0.469383 0.051381
v 0.070217 -0.471174 0.051350
v 0.070084 -0.473135 0.051316
v 0.072902 -0.513678 0.050578
v 0.075477 -0.551451 0.049890
v 0.077808 -0.586455 0.049253
v 0.079898 -0.618690 0.048666
v 0.081745 -0.648155 0.048130
v 0.083349 -0.674851 0.047645
v 0.084710 -0.698777 0.047211
v 0.085829 -0.719934 0.046827
v 0.086704 -0.738321 0.046494
v 0.087337 -0.753939 0.046212
v 0.087728 -0.766787 0.045980
v 0.087875 -0.776866 0.045799
v 0.087797 -0.782854 0.045692
v 0.087526 -0.788545 0.045592
v 0.087063 -0.793937 0.045497
v 0.086407 -0.799032 0.045409
v 0.085558 -0.803829 0.045327
v 0.084517 -0.808329 0.045251
v 0.083282 -0.812531 0.045182
v 0.081857 -0.816435 0.045119
v 0.080236 -0.820041 0.045062
v 0.078424 -0.823350 0.045011
v 0.076419 -0.826360 0.044966
v 0.074222 -0.829073 0.044928
v 0.072522 -0.830933 0.044902
v 0.070482 -0.832921 0.044876
v 0.068101 -0.835038 0.044849
v 0.065379 -0.837283 0.044821
v 0.062318 -0.839658 0.044793
v 0.058916 -0.842162 0.044764
v 0.055173 -0.844795 0.044734
v 0.051088 -0.847556 0.044703
v 0.046664 -0.850447 0.044672
v 0.041900 -0.853466 0.044640
v 0.036795 -0.856614 0.044607
v 0.031348 -0.859891 0.044573
v 0.019361 -0.867536 0.044492
v 0.008420 -0.875560 0.044398
v -0.001475 -0.883965 0.044293
v -0.010325 -0.892751 0.044177
v -0.018130 -0.901917 0.044049
v -0.024890 -0.911463 0.043909
v -0.030604 -0.921389 0.043758
v -0.035273 -0.931696 0.043595
v -0.038897 -0.942383 0.043420
v -0.041474 -0.953451 0.043234
v -0.043007 -0.964899 0.043036
v -0.043491 -0.976727 0.042827
v -0.042414 -0.994709 0.042500
v -0.039293 -1.011832 0.042179
v -0.034130 -1.028096 0.041864
v -0.026922 -1.043502 0.041556
v -0.017672 -1.058049 0.041253
v -0.006377 -1.071737 0.040956
v 0.006959 -1.084567 0.040665
v 0.022341 -1.096538 0.040380
v 0.039766 -1.107650 0.040101
v 0.059234 -1.117904 0.039828
v 0.080745 -1.127299 0.039561
v 0.104300 -1.135835 0.039300
v 0.123478 -1.141732 0.039106
v 0.143634 -1.147264 0.038915
v 0.164771 -1.152430 0.038725
v 0.186887 -1.157231 0.038537
v 0.209981 -1.161667 0.038352
v 0.234056 -1.165737 0.038168
v 0.259109 -1.169442 0.037987
v 0.285142 -1.172782 0.037807
v 0.312155 -1.175756 0.037630
v 0.340145 -1.178366 0.037454
v 0.369117 -1.180610 0.037281
v 0.399064 -1.182488 0.037110
v 0.426700 -1.183874 0.036958
v 0.457426 -1.185121 0.036794
v 0.491241 -1.186232 0.036619
v 0.528147 -1.187204 0.036432
v 0.568142 -1.188040 0.036233
v 0.611227 -1.188738 0.036022
v 0.657403 -1.189299 0.035800
v 0.706667 -1.189722 0.035566
v 0.759023 -1.190008 0.035320
v 0.814468 -1.190157 0.035062
v 0.873004 -1.190168 0.034793
v 0.934628 -1.190042 0.034512
v 0.993662 -1.189306 0.034253
v 1.049026 -1.187473 0.034031
v 1.100721 -1.184543 0.033846
v 1.148747 -1.180516 0.033697
v 1.193105 -1.175393 0.033585
v 1.233793 -1.169173 0.033509
v 1.270813 -1.161857 0.033470
v 1.304163 -1.153443 0.033467
v 1.333844 -1.143933 0.033501
v 1.359856 -1.133326 0.033571
v 1.382199 -1.121622 0.033678
v 1.400873 -1.108821 0.033821
v 1.415540 -1.096012 0.033983
v 1.428923 -1.081203 0.034186
v 1.441020 -1.064395 0.034431
v 1.451834 -1.045588 0.034718
v 1.461362 -1.024782 0.035047
v 1.469604 -1.001977 0.035417
v 1.476563 -0.977173 0.035829
v 1.482237 -0.950370 0.036282
v 1.486627 -0.921567 0.036777
v 1.489731 -0.890765 0.037314
v 1.491550 -0.857965 0.037893
v 1.492085 -0.823165 0.038513
v 1.485242 -0.588442 0.042745
v 2.194899 0.705606 0.062638
v 1.591845 0.703745 0.065378
v 1.590550 1.134872 0.073099
v 2.193604 1.136732 0.070359
v 2.195116 0.633495 0.061346
v 2.196475 0.180889 0.053241
v 1.593421 0.179028 0.055981
v 1.592062 0.631635 0.064086
v 0.694210 0.176254 0.060066
v 0.692851 0.628861 0.068172
v 1.309715 0.630764 0.065369
v 1.311075 0.178157 0.057264
v 0.692634 0.700971 0.069463
v 0.691339 1.132098 0.077184
v 1.308204 1.134001 0.074381
v 1.309499 0.702874 0.066661
v 1.004967 -0.596061 0.044817
v 0.995219 -0.572395 0.045285
v 0.985553 -0.547365 0.045778
v 0.975968 -0.520971 0.046294
v 0.966464 -0.493213 0.046835
v 0.957042 -0.464091 0.047399
v 0.947701 -0.433605 0.047988
v 0.938441 -0.401754 0.048600
v 0.929262 -0.368540 0.049237
v 0.920164 -0.333962 0.049897
v 0.911148 -0.298019 0.050582
v 0.902212 -0.260713 0.051291
v 0.893357 -0.222043 0.052023
v 0.888812 -0.202058 0.052402
v 0.884501 -0.182477 0.052772
v 0.880424 -0.163301 0.053134
v 0.876586 -0.144528 0.053487
v 0.872982 -0.126160 0.053833
v 0.869615 -0.108196 0.054170
v 0.866482 -0.090636 0.054498
v 0.863585 -0.073480 0.054819
v 0.860924 -0.056729 0.055131
v 0.858498 -0.040381 0.055434
v 0.856308 -0.024438 0.055730
v 0.854355 -0.008899 0.056017
v 0.818749 -0.018960 0.056000
v 0.785531 -0.028460 0.055983
v 0.754697 -0.037399 0.055965
v 0.726249 -0.045776 0.055946
v 0.700185 -0.053591 0.055926
v 0.676508 -0.060846 0.055905
v 0.655215 -0.067539 0.055883
v 0.636308 -0.073670 0.055860
v 0.619786 -0.079240 0.055837
v 0.605650 -0.084249 0.055812
v 0.593899 -0.088696 0.055787
v 0.584534 -0.092582 0.055760
v 0.578171 -0.095734 0.055733
v 0.572362 -0.099012 0.055701
v 0.567108 -0.102417 0.055664
v 0.562409 -0.105947 0.055623
v 0.558264 -0.109604 0.055576
v 0.554673 -0.113387 0.055525
v 0.551637 -0.117296 0.055469
v 0.549155 -0.121331 0.055408
v 0.547228 -0.125492 0.055343
v 0.545856 -0.129780 0.055272
v 0.545036 -0.134193 0.055197
v 0.544776 -0.138733 0.055117
v 0.545468 -0.145710 0.054989
v 0.547503 -0.152320 0.054861
v 0.550878 -0.158564 0.054734
v 0.555595 -0.164441 0.054607
v 0.561654 -0.169952 0.054481
v 0.569054 -0.175097 0.054355
v 0.577796 -0.179875 0.054229
v 0.587879 -0.184287 0.054104
v 0.599303 -0.188333 0.053979
v 0.612070 -0.192012 0.053854
v 0.626179 -0.195325 0.053730
v 0.641627 -0.198271 0.053606
v 0.661922 -0.234924 0.052857
v 0.682681 -0.270852 0.052119
v 0.703907 -0.306053 0.051391
v 0.725600 -0.340529 0.050674
v 0.747761 -0.374278 0.049969
v 0.770387 -0.407302 0.049274
v 0.793480 -0.439600 0.048589
v 0.817039 -0.471171 0.047916
v 0.841066 -0.502017 0.047254
v 0.865560 -0.532137 0.046602
v 0.890519 -0.561531 0.045961
v 0.915946 -0.590199 0.045331
v 0.889917 -0.588436 0.045483
v 0.864017 -0.586566 0.045635
v 0.838244 -0.584589 0.045789
v 0.812599 -0.582505 0.045944
v 0.787082 -0.580314 0.046101
v 0.761691 -0.578017 0.046259
v 0.736430 -0.575612 0.046418
v 0.711294 -0.573101 0.046578
v 0.686288 -0.570482 0.046740
v 0.661407 -0.567757 0.046903
v 0.636655 -0.564924 0.047068
v 0.612030 -0.561985 0.047234
v 0.601713 -0.561228 0.047295
v 0.591736 -0.560428 0.047355
v 0.582101 -0.559584 0.047414
v 0.572805 -0.558696 0.047473
v 0.563852 -0.557765 0.047531
v 0.555239 -0.556790 0.047588
v 0.546966 -0.555772 0.047644
v 0.539035 -0.554709 0.047700
v 0.531444 -0.553603 0.047754
v 0.524195 -0.552454 0.047808
v 0.517285 -0.551260 0.047861
v 0.510716 -0.550023 0.047914
v 0.518496 -0.528658 0.048260
v 0.526618 -0.508080 0.048591
v 0.535084 -0.488289 0.048906
v 0.543893 -0.469286 0.049206
v 0.553045 -0.451070 0.049490
v 0.562541 -0.433642 0.049758
v 0.572378 -0.417001 0.050011
v 0.582561 -0.401147 0.050247
v 0.593087 -0.386081 0.050469
v 0.603956 -0.371802 0.050674
v 0.615170 -0.358311 0.050864
v 0.626725 -0.345607 0.051038
v 0.627213 -0.344838 0.051050
v 0.627657 -0.344070 0.051061
v 0.628060 -0.343302 0.051073
v 0.628420 -0.342533 0.051085
v 0.628737 -0.341765 0.051098
v 0.629013 -0.340997 0.051110
v 0.629245 -0.340229 0.051123
v 0.629435 -0.339462 0.051136
v 0.629580 -0.338694 0.051149
v 0.629685 -0.337927 0.051162
v 0.629747 -0.337159 0.051176
v 0.629766 -0.336392 0.051189
v 0.629664 -0.334432 0.051225
v 0.629371 -0.332643 0.051258
v 0.628886 -0.331025 0.051289
v 0.628211 -0.329578 0.051318
v 0.627345 -0.328302 0.051345
v 0.626287 -0.327197 0.051370
v 0.625037 -0.326263 0.051392
v 0.623596 -0.325501 0.051412
v 0.621964 -0.324909 0.051431
v 0.620140 -0.324489 0.051446
v 0.618125 -0.324239 0.051460
v 0.615919 -0.324161 0.051472
v 0.615163 -0.324174 0.051475
v 0.614429 -0.324208 0.051478
v 0.613714 -0.324263 0.051480
v 0.613022 -0.324340 0.051482
v 0.612350 -0.324438 0.051483
v 0.611701 -0.324557 0.051484
v 0.611073 -0.324698 0.051484
v 0.610466 -0.324859 0.051484
v 0.609879 -0.325042 0.051484
v 0.609316 -0.325246 0.051483
v 0.608772 -0.325472 0.051481
v 0.608252 -0.325718 0.051479
v 0.552445 -0.350673 0.051289
v 0.501499 -0.376082 0.051069
v 0.455414 -0.401945 0.050818
v 0.414189 -0.428261 0.050537
v 0.377825 -0.455031 0.050225
v 0.346322 -0.482255 0.049882
v 0.319679 -0.509933 0.049510
v 0.297897 -0.538065 0.049106
v 0.280975 -0.566650 0.048673
v 0.268914 -0.595689 0.048209
v 0.261714 -0.625182 0.047714
v 0.259374 -0.655129 0.047189
v 0.259659 -0.664963 0.047012
v 0.260455 -0.674518 0.046837
v 0.261763 -0.683794 0.046665
v 0.263579 -0.692791 0.046496
v 0.265908 -0.701510 0.046329
v 0.268746 -0.709951 0.046165
v 0.272096 -0.718113 0.046003
v 0.275956 -0.725996 0.045844
v 0.280327 -0.733600 0.045688
v 0.285208 -0.740926 0.045535
v 0.290600 -0.747974 0.045384
v 0.296501 -0.754743 0.045236
v 0.301974 -0.760362 0.045110
v 0.307616 -0.765491 0.044992
v 0.313427 -0.770129 0.044882
v 0.319407 -0.774276 0.044781
v 0.325556 -0.777933 0.044687
v 0.331874 -0.781100 0.044601
v 0.338361 -0.783775 0.044524
v 0.345017 -0.785960 0.044454
v 0.351843 -0.787655 0.044392
v 0.358837 -0.788858 0.044338
v 0.366000 -0.789571 0.044293
v 0.373333 -0.789794 0.044255
v 0.382048 -0.789554 0.044219
v 0.390294 -0.788889 0.044193
v 0.398070 -0.787800 0.044177
v 0.405375 -0.786285 0.044170
v 0.412211 -0.784347 0.044174
v 0.418576 -0.781983 0.044187
v 0.424472 -0.779194 0.044209
v 0.429897 -0.775981 0.044242
v 0.434852 -0.772343 0.044284
v 0.439336 -0.768281 0.044336
v 0.443350 -0.763793 0.044398
v 0.446896 -0.758881 0.044470
v 0.449993 -0.754045 0.044542
v 0.453173 -0.748250 0.044631
v 0.456434 -0.741495 0.044737
v 0.459779 -0.733782 0.044860
v 0.463205 -0.725109 0.044999
v 0.466714 -0.715477 0.045155
v 0.470305 -0.704886 0.045328
v 0.473980 -0.693336 0.045518
v 0.477736 -0.680826 0.045725
v 0.481574 -0.667357 0.045948
v 0.485496 -0.652929 0.046188
v 0.489497 -0.637542 0.046445
v 0.530519 -0.653749 0.045967
v 0.571134 -0.669382 0.045500
v 0.611343 -0.684441 0.045046
v 0.651145 -0.698926 0.044603
v 0.690540 -0.712837 0.044173
v 0.729529 -0.726173 0.043755
v 0.768110 -0.738936 0.043350
v 0.806287 -0.751124 0.042956
v 0.844055 -0.762738 0.042574
v 0.881417 -0.773779 0.042205
v 0.918372 -0.784245 0.041848
v 0.954922 -0.794137 0.041503
v 0.957484 -0.803057 0.041331
v 0.960003 -0.811424 0.041170
v 0.962478 -0.819237 0.041019
v 0.964908 -0.826496 0.040878
v 0.967294 -0.833201 0.040747
v 0.969636 -0.839352 0.040626
v 0.971932 -0.844950 0.040515
v 0.974186 -0.849993 0.040415
v 0.976395 -0.854482 0.040324
v 0.978559 -0.858418 0.040244
v 0.980680 -0.861800 0.040174
v 0.982755 -0.864627 0.040113
v 0.984648 -0.866827 0.040065
v 0.986732 -0.868834 0.040020
v 0.989007 -0.870649 0.039977
v 0.991473 -0.872272 0.039936
v 0.994131 -0.873702 0.039899
v 0.996980 -0.874940 0.039863
v 1.000020 -0.875985 0.039831
v 1.003252 -0.876838 0.039801
v 1.006675 -0.877499 0.039773
v 1.010288 -0.877967 0.039748
v 1.014092 -0.878243 0.039726
v 1.018089 -0.878327 0.039706
v 1.023448 -0.877873 0.039689
v 1.028783 -0.876546 0.039688
v 1.034094 -0.874346 0.039703
v 1.039381 -0.871272 0.039734
v 1.044643 -0.867324 0.039781
v 1.049883 -0.862502 0.039843
v 1.055098 -0.856807 0.039921
v 1.060289 -0.850239 0.040014
v 1.065456 -0.842796 0.040124
v 1.070600 -0.834481 0.040249
v 1.075718 -0.825291 0.040390
v 1.080814 -0.815228 0.040546
v 1.085356 -0.805231 0.040704
v 1.090341 -0.793676 0.040888
v 1.095768 -0.780565 0.041098
v 1.101638 -0.765897 0.041333
v 1.107951 -0.749671 0.041595
v 1.114707 -0.731889 0.041882
v 1.121906 -0.712550 0.042195
v 1.129548 -0.691654 0.042534
v 1.137631 -0.669201 0.042898
v 1.146159 -0.645191 0.043289
v 1.155129 -0.619624 0.043705
v 1.164543 -0.592500 0.044147
v 1.157043 -0.593013 0.044172
v 1.149372 -0.593485 0.044199
v 1.141530 -0.593914 0.044228
v 1.133518 -0.594301 0.044257
v 1.125335 -0.594646 0.044289
v 1.116982 -0.594948 0.044322
v 1.108458 -0.595209 0.044356
v 1.099763 -0.595428 0.044393
v 1.090897 -0.595604 0.044430
v 1.081860 -0.595739 0.044469
v 1.072653 -0.595831 0.044510
v 1.063276 -0.595881 0.044552
v 1.606425 -0.063347 0.051584
v 1.607075 -0.070409 0.051455
v 1.608982 -0.077275 0.051323
v 1.612146 -0.083946 0.051189
v 1.616567 -0.090421 0.051053
v 1.622244 -0.096700 0.050914
v 1.629178 -0.102784 0.050774
v 1.637369 -0.108672 0.050631
v 1.646817 -0.114365 0.050485
v 1.657522 -0.119861 0.050338
v 1.669484 -0.125162 0.050188
v 1.682702 -0.130268 0.050036
v 1.697176 -0.135178 0.049881
v 1.710355 -0.215708 0.048380
v 1.726892 -0.293201 0.046917
v 1.746788 -0.367659 0.045493
v 1.770041 -0.439080 0.044108
v 1.796652 -0.507465 0.042762
v 1.826622 -0.572813 0.041455
v 1.859951 -0.635126 0.040186
v 1.896637 -0.694402 0.038957
v 1.936682 -0.750641 0.037766
v 1.980084 -0.803845 0.036615
v 2.026846 -0.854012 0.035502
v 2.076965 -0.901143 0.034428
v 2.123863 -0.939920 0.033519
v 2.173780 -0.976748 0.032630
v 2.226719 -1.011628 0.031762
v 2.282678 -1.044559 0.030916
v 2.341658 -1.075542 0.030090
v 2.403658 -1.104577 0.029285
v 2.468679 -1.131663 0.028502
v 2.536720 -1.156800 0.027739
v 2.607781 -1.179989 0.026997
v 2.681864 -1.201230 0.026276
v 2.758967 -1.220522 0.025577
v 2.839090 -1.237866 0.024898
v 2.842523 -1.238335 0.024874
v 2.845655 -1.238229 0.024861
v 2.848488 -1.237549 0.024860
v 2.851020 -1.236295 0.024871
v 2.853253 -1.234466 0.024894
v 2.855185 -1.232063 0.024928
v 2.856817 -1.229085 0.024973
v 2.858149 -1.225533 0.025031
v 2.859181 -1.221406 0.025100
v 2.859912 -1.216705 0.025181
v 2.860344 -1.211430 0.025273
v 2.860476 -1.205580 0.025377
v 2.860429 -1.204089 0.025404
v 2.860297 -1.202683 0.025430
v 2.860080 -1.201362 0.025455
v 2.859777 -1.200127 0.025478
v 2.859391 -1.198978 0.025500
v 2.858919 -1.197914 0.025522
v 2.858362 -1.196935 0.025542
v 2.857720 -1.196042 0.025561
v 2.856993 -1.195235 0.025578
v 2.856181 -1.194513 0.025595
v 2.855284 -1.193876 0.025611
v 2.854302 -1.193325 0.025625
v 2.814566 -1.175846 0.026120
v 2.776278 -1.158448 0.026608
v 2.739440 -1.141131 0.027087
v 2.704052 -1.123894 0.027558
v 2.670114 -1.106738 0.028021
v 2.637625 -1.089663 0.028476
v 2.606586 -1.072669 0.028923
v 2.576995 -1.055755 0.029362
v 2.548855 -1.038922 0.029793
v 2.522164 -1.022170 0.030215
v 2.496922 -1.005499 0.030629
v 2.473131 -0.988908 0.031036
v 2.452529 -0.973629 0.031404
v 2.432245 -0.957838 0.031780
v 2.412280 -0.941534 0.032163
v 2.392632 -0.924717 0.032555
v 2.373303 -0.907388 0.032954
v 2.354292 -0.889547 0.033360
v 2.335599 -0.871194 0.033775
v 2.317225 -0.852328 0.034197
v 2.299168 -0.832949 0.034627
v 2.281429 -0.813058 0.035064
v 2.264009 -0.792655 0.035509
v 2.246906 -0.771739 0.035962
v 2.207040 -0.718205 0.037103
v 2.170622 -0.663212 0.038255
v 2.137653 -0.606759 0.039417
v 2.108131 -0.548846 0.040589
v 2.082058 -0.489473 0.041771
v 2.059433 -0.428641 0.042964
v 2.040257 -0.366349 0.044167
v 2.024529 -0.302597 0.045380
v 2.012248 -0.237386 0.046603
v 2.003416 -0.170714 0.047837
v 1.998033 -0.102584 0.049081
v 1.996098 -0.032993 0.050335
v 1.996096 -0.025141 0.050476
v 1.996137 -0.017437 0.050613
v 1.996221 -0.009883 0.050748
v 1.996347 -0.002478 0.050880
v 1.996518 0.004779 0.051009
v 1.996731 0.011886 0.051135
v 1.996987 0.018844 0.051259
v 1.997286 0.025653 0.051379
v 1.997628 0.032314 0.051497
v 1.998013 0.038825 0.051611
v 1.998442 0.045187 0.051723
v 1.998913 0.051400 0.051832
v 1.936196 0.042449 0.051961
v 1.878934 0.033386 0.052062
v 1.827130 0.024212 0.052136
v 1.780782 0.014928 0.052183
v 1.739891 0.005532 0.052203
v 1.704455 -0.003975 0.052196
v 1.674476 -0.013593 0.052161
v 1.649953 -0.023321 0.052100
v 1.630886 -0.033161 0.052012
v 1.617276 -0.043112 0.051896
v 1.609122 -0.053174 0.051754
v 3.733591 1.354748 0.067178
v 3.707882 1.349447 0.067201
v 3.682900 1.343425 0.067209
v 3.658646 1.336680 0.067199
v 3.635118 1.329213 0.067174
v 3.612317 1.321024 0.067132
v 3.590242 1.312113 0.067074
v 3.568895 1.302479 0.067000
v 3.548275 1.292123 0.066910
v 3.528380 1.281044 0.066803
v 3.509213 1.269244 0.066680
v 3.490773 1.256721 0.066541
v 3.473059 1.243476 0.066385
v 3.454478 1.228289 0.066199
v 3.437517 1.213022 0.066003
v 3.422175 1.197674 0.065799
v 3.408453 1.182247 0.065586
v 3.396351 1.166739 0.065365
v 3.385870 1.151151 0.065134
v 3.377008 1.135482 0.064894
v 3.369767 1.119734 0.064646
v 3.364145 1.103905 0.064388
v 3.360144 1.087996 0.064122
v 3.357762 1.072006 0.063847
v 3.357001 1.055937 0.063563
v 3.357226 1.048362 0.063426
v 3.357856 1.040980 0.063291
v 3.358889 1.033791 0.063158
v 3.360327 1.026796 0.063026
v 3.362170 1.019993 0.062896
v 3.364418 1.013383 0.062767
v 3.367069 1.006967 0.062640
v 3.370125 1.000743 0.062515
v 3.373585 0.994713 0.062391
v 3.377449 0.988875 0.062269
v 3.381718 0.983231 0.062148
v 3.386390 0.977779 0.062029
v 3.391382 0.972648 0.061914
v 3.396607 0.967966 0.061806
v 3.402066 0.963731 0.061706
v 3.407757 0.959945 0.061612
v 3.413682 0.956607 0.061525
v 3.419839 0.953718 0.061445
v 3.426229 0.951276 0.061372
v 3.432853 0.949283 0.061305
v 3.439710 0.947738 0.061246
v 3.446799 0.946641 0.061194
v 3.454122 0.945992 0.061149
v 3.461677 0.945792 0.061110
v 3.472492 0.946326 0.061070
v 3.482941 0.947860 0.061050
v 3.493024 0.950395 0.061049
v 3.502743 0.953931 0.061067
v 3.512097 0.958467 0.061105
v 3.521084 0.964003 0.061163
v 3.529707 0.970539 0.061240
v 3.537964 0.978076 0.061337
v 3.545856 0.986614 0.061454
v 3.553383 0.996152 0.061590
v 3.560544 1.006690 0.061745
v 3.567340 1.018229 0.061921
v 3.582698 1.045754 0.062343
v 3.598251 1.072493 0.062750
v 3.613998 1.098443 0.063142
v 3.629939 1.123605 0.063519
v 3.646073 1.147979 0.063880
v 3.662403 1.171566 0.064227
v 3.678926 1.194365 0.064559
v 3.695644 1.216376 0.064876
v 3.712555 1.237598 0.065178
v 3.729661 1.258034 0.065465
v 3.746961 1.277681 0.065737
v 3.764456 1.296540 0.065995
v 3.770076 1.301992 0.066066
v 3.775208 1.307058 0.066133
v 3.779850 1.311739 0.066196
v 3.784004 1.316035 0.066253
v 3.787669 1.319946 0.066307
v 3.790845 1.323472 0.066355
v 3.793531 1.326613 0.066399
v 3.795729 1.329368 0.066438
v 3.797438 1.331739 0.066473
v 3.798657 1.333724 0.066503
v 3.799387 1.335325 0.066528
v 3.799629 1.336540 0.066549
v 3.799516 1.338777 0.066589
v 3.799190 1.340886 0.066628
v 3.798652 1.342865 0.066666
v 3.797900 1.344717 0.066703
v 3.796936 1.346440 0.066738
v 3.795759 1.348035 0.066772
v 3.794370 1.349501 0.066805
v 3.792767 1.350838 0.066836
v 3.790952 1.352047 0.066866
v 3.788924 1.353128 0.066895
v 3.786684 1.354080 0.066922
v 3.784229 1.354904 0.066948
v 3.782405 1.355388 0.066965
v 3.780518 1.355830 0.066982
v 3.778566 1.356229 0.066998
v 3.776551 1.356585 0.067013
v 3.774472 1.356898 0.067029
v 3.772329 1.357168 0.067043
v 3.770123 1.357396 0.067057
v 3.767852 1.357581 0.067071
v 3.765518 1.357723 0.067084
v 3.763121 1.357822 0.067097
v 3.760659 1.357878 0.067110
v 3.758133 1.357892 0.067121
v 3.755384 1.357862 0.067134
v 3.752763 1.357790 0.067144
v 3.750269 1.357676 0.067154
v 3.747904 1.357519 0.067162
v 3.745667 1.357320 0.067169
v 3.743558 1.357080 0.067174
v 3.741577 1.356797 0.067178
v 3.739723 1.356471 0.067181
v 3.737998 1.356103 0.067182
v 3.736401 1.355694 0.067182
v 3.734932 1.355242 0.067181
v 3.481359 1.545753 0.071756
v 3.452811 1.541936 0.071819
v 3.424948 1.537311 0.071864
v 3.397769 1.531879 0.071892
v 3.371275 1.525639 0.071902
v 3.345466 1.518591 0.071895
v 3.320341 1.510736 0.071870
v 3.295900 1.502072 0.071827
v 3.272143 1.492602 0.071767
v 3.249072 1.482323 0.071689
v 3.226685 1.471237 0.071594
v 3.204981 1.459344 0.071481
v 3.183962 1.446642 0.071350
v 3.165863 1.434227 0.071211
v 3.149341 1.421646 0.071062
v 3.134397 1.408900 0.070903
v 3.121029 1.395988 0.070733
v 3.109240 1.382910 0.070553
v 3.099029 1.369667 0.070363
v 3.090395 1.356258 0.070163
v 3.083338 1.342683 0.069952
v 3.077859 1.328943 0.069732
v 3.073958 1.315038 0.069501
v 3.071636 1.300966 0.069260
v 3.070889 1.286729 0.069008
v 3.071140 1.277673 0.068845
v 3.071838 1.268918 0.068685
v 3.072983 1.260461 0.068529
v 3.074573 1.252304 0.068375
v 3.076611 1.244447 0.068225
v 3.079095 1.236890 0.068079
v 3.082026 1.229633 0.067935
v 3.085404 1.222675 0.067795
v 3.089228 1.216017 0.067659
v 3.093499 1.209659 0.067525
v 3.098217 1.203600 0.067395
v 3.103382 1.197842 0.067268
v 3.108062 1.193445 0.067168
v 3.112869 1.189433 0.067074
v 3.117803 1.185804 0.066987
v 3.122864 1.182559 0.066905
v 3.128052 1.179698 0.066830
v 3.133366 1.177221 0.066762
v 3.138806 1.175129 0.066699
v 3.144374 1.173420 0.066643
v 3.150069 1.172095 0.066593
v 3.155890 1.171154 0.066549
v 3.161838 1.170596 0.066512
v 3.167913 1.170424 0.066481
v 3.180208 1.170941 0.066434
v 3.192032 1.172416 0.066406
v 3.203384 1.174848 0.066397
v 3.214265 1.178238 0.066408
v 3.224674 1.182585 0.066438
v 3.234611 1.187890 0.066487
v 3.244076 1.194152 0.066555
v 3.253069 1.201372 0.066643
v 3.261591 1.209549 0.066750
v 3.269641 1.218683 0.066877
v 3.277219 1.228776 0.067023
v 3.284327 1.239825 0.067188
v 3.299141 1.263855 0.067549
v 3.314576 1.287268 0.067897
v 3.330629 1.310065 0.068232
v 3.347304 1.332247 0.068552
v 3.364598 1.353812 0.068858
v 3.382513 1.374761 0.069151
v 3.401047 1.395093 0.069429
v 3.420201 1.414811 0.069694
v 3.439975 1.433912 0.069945
v 3.460369 1.452396 0.070182
v 3.481383 1.470265 0.070405
v 3.503016 1.487518 0.070614
v 3.509130 1.492012 0.070667
v 3.514712 1.496248 0.070717
v 3.519762 1.500227 0.070765
v 3.524280 1.503949 0.070810
v 3.528265 1.507413 0.070854
v 3.531719 1.510621 0.070896
v 3.534641 1.513570 0.070935
v 3.537030 1.516263 0.070972
v 3.538888 1.518698 0.071007
v 3.540214 1.520875 0.071040
v 3.541007 1.522795 0.071071
v 3.541268 1.524458 0.071099
v 3.541198 1.526706 0.071140
v 3.540999 1.528847 0.071179
v 3.540674 1.530881 0.071217
v 3.540220 1.532809 0.071254
v 3.539639 1.534629 0.071289
v 3.538931 1.536342 0.071323
v 3.538095 1.537948 0.071355
v 3.537131 1.539448 0.071387
v 3.536040 1.540840 0.071417
v 3.534821 1.542125 0.071445
v 3.533475 1.543304 0.071472
v 3.532001 1.544375 0.071498
v 3.530188 1.545105 0.071520
v 3.528331 1.545770 0.071540
v 3.526433 1.546372 0.071560
v 3.524492 1.546910 0.071578
v 3.522508 1.547383 0.071596
v 3.520482 1.547792 0.071613
v 3.518414 1.548137 0.071628
v 3.516303 1.548419 0.071643
v 3.514150 1.548636 0.071657
v 3.511954 1.548789 0.071670
v 3.509716 1.548878 0.071681
v 3.507436 1.548903 0.071692
v 3.505848 1.548877 0.071699
v 3.504154 1.548807 0.071706
v 3.502353 1.548695 0.071712
v 3.500446 1.548540 0.071718
v 3.498433 1.548342 0.071724
v 3.496313 1.548101 0.071729
v 3.494087 1.547817 0.071734
v 3.491754 1.547490 0.071739
v 3.489315 1.547121 0.071744
v 3.486769 1.546708 0.071748
v 3.484117 1.546252 0.071752
v 4.391947 0.825920 0.054687
v 4.367457 0.833505 0.054936
v 4.343649 0.841071 0.055181
v 4.320524 0.848618 0.055422
v 4.298080 0.856145 0.055660
v 4.276319 0.863654 0.055894
v 4.255239 0.871143 0.056125
v 4.234843 0.878613 0.056353
v 4.215127 0.886063 0.056577
v 4.196094 0.893495 0.056797
v 4.177743 0.900907 0.057014
v 4.160074 0.908300 0.057228
v 4.143087 0.915674 0.057438
v 4.128586 0.922012 0.057618
v 4.114789 0.928330 0.057795
v 4.101695 0.934629 0.057967
v 4.089303 0.940909 0.058137
v 4.077617 0.947170 0.058303
v 4.066632 0.953412 0.058465
v 4.056352 0.959634 0.058623
v 4.046775 0.965838 0.058778
v 4.037900 0.972022 0.058930
v 4.029730 0.978187 0.059078
v 4.022264 0.984333 0.059222
v 4.015499 0.990460 0.059363
v 4.004144 0.999492 0.059577
v 3.992131 1.007734 0.059779
v 3.979460 1.015185 0.059971
v 3.966130 1.021846 0.060152
v 3.952142 1.027716 0.060321
v 3.937496 1.032795 0.060479
v 3.922191 1.037085 0.060626
v 3.906228 1.040584 0.060762
v 3.889607 1.043292 0.060887
v 3.872327 1.045209 0.061001
v 3.854390 1.046336 0.061104
v 3.835793 1.046674 0.061195
v 3.806630 1.045689 0.061312
v 3.780008 1.042922 0.061385
v 3.755928 1.038373 0.061414
v 3.734389 1.032041 0.061400
v 3.715392 1.023928 0.061342
v 3.698937 1.014032 0.061240
v 3.685022 1.002354 0.061095
v 3.673650 0.988894 0.060907
v 3.664819 0.973652 0.060675
v 3.658530 0.956628 0.060399
v 3.654782 0.937821 0.060080
v 3.653576 0.917233 0.059717
v 3.654797 0.904557 0.059484
v 3.658383 0.892102 0.059245
v 3.664334 0.879868 0.058999
v 3.672650 0.867854 0.058746
v 3.683331 0.856060 0.058485
v 3.696377 0.844487 0.058218
v 3.711788 0.833134 0.057944
v 3.729564 0.822001 0.057663
v 3.749706 0.811089 0.057375
v 3.772212 0.800397 0.057081
v 3.797083 0.789926 0.056779
v 3.824319 0.779675 0.056470
v 3.875385 0.761549 0.055911
v 3.924638 0.744185 0.055374
v 3.972076 0.727582 0.054858
v 4.017701 0.711740 0.054365
v 4.061511 0.696661 0.053894
v 4.103508 0.682342 0.053445
v 4.143691 0.668786 0.053017
v 4.182060 0.655991 0.052612
v 4.218615 0.643957 0.052228
v 4.253356 0.632685 0.051867
v 4.286283 0.622175 0.051527
v 4.317397 0.612426 0.051210
v 4.297494 0.568819 0.050521
v 4.277418 0.526085 0.049849
v 4.257169 0.484224 0.049193
v 4.236747 0.443236 0.048553
v 4.216152 0.403122 0.047930
v 4.195384 0.363881 0.047323
v 4.174442 0.325512 0.046733
v 4.153327 0.288017 0.046159
v 4.132040 0.251396 0.045602
v 4.110579 0.215647 0.045061
v 4.088944 0.180771 0.044536
v 4.067137 0.146769 0.044028
v 4.055627 0.129441 0.043771
v 4.043499 0.112303 0.043520
v 4.030751 0.095354 0.043275
v 4.017385 0.078596 0.043037
v 4.003401 0.062027 0.042805
v 3.988798 0.045649 0.042579
v 3.973576 0.029460 0.042359
v 3.957736 0.013461 0.042146
v 3.941276 -0.002348 0.041938
v 3.924199 -0.017967 0.041737
v 3.906502 -0.033397 0.041543
v 3.888187 -0.048636 0.041354
v 3.875722 -0.060181 0.041205
v 3.864348 -0.073258 0.041023
v 3.854066 -0.087865 0.040809
v 3.844876 -0.104003 0.040563
v 3.836777 -0.121673 0.040284
v 3.829770 -0.140873 0.039972
v 3.823853 -0.161604 0.039629
v 3.819029 -0.183865 0.039252
v 3.815296 -0.207658 0.038844
v 3.812655 -0.232982 0.038403
v 3.811105 -0.259836 0.037929
v 3.810647 -0.288222 0.037423
v 3.811529 -0.312235 0.036990
v 3.814024 -0.334154 0.036586
v 3.818133 -0.353981 0.036212
v 3.823856 -0.371714 0.035869
v 3.831192 -0.387354 0.035555
v 3.840141 -0.400900 0.035272
v 3.850704 -0.412353 0.035018
v 3.862880 -0.421713 0.034794
v 3.876670 -0.428980 0.034601
v 3.892073 -0.434153 0.034438
v 3.909090 -0.437233 0.034304
v 3.927721 -0.438219 0.034201
v 3.939227 -0.437395 0.034163
v 3.951240 -0.434993 0.034151
v 3.963759 -0.431012 0.034164
v 3.976786 -0.425453 0.034204
v 3.990320 -0.418315 0.034269
v 4.004360 -0.409599 0.034361
v 4.018907 -0.399304 0.034478
v 4.033960 -0.387431 0.034621
v 4.049520 -0.373980 0.034790
v 4.065588 -0.358949 0.034985
v 4.082162 -0.342341 0.035206
v 4.099242 -0.324154 0.035453
v 4.117093 -0.306710 0.035683
v 4.136479 -0.289774 0.035897
v 4.157401 -0.273344 0.036095
v 4.179860 -0.257420 0.036277
v 4.203854 -0.242003 0.036442
v 4.229384 -0.227093 0.036592
v 4.256450 -0.212690 0.036725
v 4.285052 -0.198793 0.036842
v 4.315190 -0.185403 0.036943
v 4.346864 -0.172520 0.037028
v 4.380075 -0.160143 0.037097
v 4.414821 -0.148273 0.037149
v 4.442480 -0.139611 0.037177
v 4.469758 -0.131696 0.037193
v 4.496655 -0.124527 0.037198
v 4.523169 -0.118106 0.037191
v 4.549303 -0.112432 0.037172
v 4.575054 -0.107504 0.037142
v 4.600425 -0.103324 0.037100
v 4.625414 -0.099891 0.037047
v 4.650023 -0.097204 0.036982
v 4.674249 -0.095265 0.036905
v 4.698094 -0.094073 0.036817
v 4.721558 -0.093627 0.036717
v 4.766635 -0.094234 0.036499
v 4.809800 -0.096338 0.036262
v 4.851050 -0.099940 0.036008
v 4.890388 -0.105040 0.035736
v 4.927811 -0.111637 0.035446
v 4.963321 -0.119731 0.035138
v 4.996917 -0.129323 0.034812
v 5.028599 -0.140413 0.034468
v 5.058368 -0.153000 0.034105
v 5.086223 -0.167085 0.033725
v 5.112164 -0.182667 0.033327
v 5.136192 -0.199747 0.032911
v 5.156340 -0.216296 0.032522
v 5.174741 -0.233340 0.032133
v 5.191396 -0.250879 0.031742
v 5.206305 -0.268914 0.031351
v 5.219468 -0.287445 0.030959
v 5.230885 -0.306471 0.030566
v 5.240555 -0.325992 0.030172
v 5.248480 -0.346009 0.029777
v 5.254659 -0.366522 0.029382
v 5.259091 -0.387530 0.028986
v 5.261777 -0.409033 0.028588
v 5.262716 -0.431032 0.028190
v 5.261214 -0.462841 0.027628
v 5.256510 -0.493317 0.027104
v 5.248605 -0.522461 0.026619
v 5.237500 -0.550272 0.026173
v 5.223194 -0.576750 0.025765
v 5.205686 -0.601896 0.025395
v 5.184978 -0.625709 0.025064
v 5.161068 -0.648190 0.024772
v 5.133959 -0.669338 0.024518
v 5.103647 -0.689153 0.024303
v 5.070136 -0.707636 0.024126
v 5.033423 -0.724786 0.023988
v 5.003324 -0.736674 0.023914
v 4.970237 -0.747611 0.023870
v 4.934163 -0.757600 0.023858
v 4.895103 -0.766638 0.023875
v 4.853056 -0.774727 0.023924
v 4.808023 -0.781866 0.024003
v 4.760003 -0.788055 0.024113
v 4.708997 -0.793295 0.024254
v 4.655004 -0.797585 0.024426
v 4.598023 -0.800925 0.024628
v 4.538057 -0.803316 0.024861
v 4.475104 -0.804756 0.025125
v 4.468423 -0.804734 0.025156
v 4.461678 -0.804627 0.025189
v 4.454868 -0.804435 0.025224
v 4.447993 -0.804158 0.025260
v 4.441055 -0.803796 0.025298
v 4.434052 -0.803349 0.025339
v 4.426985 -0.802817 0.025381
v 4.419854 -0.802199 0.025425
v 4.412659 -0.801497 0.025470
v 4.405400 -0.800709 0.025518
v 4.398077 -0.799837 0.025567
v 4.390689 -0.798880 0.025618
v 4.385517 -0.797915 0.025659
v 4.380240 -0.797037 0.025699
v 4.374856 -0.796244 0.025738
v 4.369366 -0.795536 0.025776
v 4.363770 -0.794914 0.025813
v 4.358067 -0.794378 0.025849
v 4.352258 -0.793927 0.025883
v 4.346342 -0.793561 0.025917
v 4.340321 -0.793282 0.025950
v 4.334193 -0.793087 0.025982
v 4.327958 -0.792979 0.026012
v 4.321619 -0.792956 0.026042
v 4.300627 -0.793436 0.026130
v 4.280107 -0.794746 0.026201
v 4.260058 -0.796885 0.026254
v 4.240481 -0.799855 0.026291
v 4.221375 -0.803653 0.026311
v 4.202740 -0.808282 0.026314
v 4.184577 -0.813740 0.026300
v 4.166885 -0.820027 0.026269
v 4.149665 -0.827144 0.026221
v 4.132915 -0.835091 0.026155
v 4.116638 -0.843867 0.026073
v 4.100832 -0.853473 0.025974
v 4.086400 -0.862873 0.025872
v 4.073226 -0.872567 0.025759
v 4.061310 -0.882555 0.025635
v 4.050653 -0.892838 0.025500
v 4.041254 -0.903415 0.025354
v 4.033113 -0.914286 0.025197
v 4.026231 -0.925452 0.025029
v 4.020607 -0.936913 0.024850
v 4.016241 -0.948668 0.024660
v 4.013133 -0.960717 0.024458
v 4.011283 -0.973061 0.024246
v 4.010694 -0.985699 0.024022
v 4.012746 -1.009218 0.023592
v 4.018757 -1.030680 0.023180
v 4.028726 -1.050083 0.022787
v 4.042652 -1.067428 0.022413
v 4.060536 -1.082716 0.022057
v 4.082379 -1.095946 0.021720
v 4.108180 -1.107117 0.021401
v 4.137938 -1.116231 0.021102
v 4.171654 -1.123287 0.020820
v 4.209329 -1.128285 0.020558
v 4.250960 -1.131225 0.020313
v 4.296551 -1.132107 0.020088
v 4.383683 -1.130677 0.019713
v 4.467590 -1.126934 0.019394
v 4.548271 -1.120879 0.019131
v 4.625728 -1.112510 0.018925
v 4.699959 -1.101829 0.018775
v 4.770966 -1.088835 0.018681
v 4.838747 -1.073528 0.018643
v 4.903304 -1.055909 0.018661
v 4.964634 -1.035976 0.018736
v 5.022739 -1.013731 0.018867
v 5.077620 -0.989173 0.019054
v 5.129276 -0.962303 0.019297
v 5.154328 -0.947852 0.019441
v 5.178419 -0.932787 0.019599
v 5.201550 -0.917106 0.019774
v 5.223720 -0.900811 0.019963
v 5.244928 -0.883900 0.020168
v 5.265175 -0.866375 0.020389
v 5.284462 -0.848234 0.020625
v 5.302788 -0.829479 0.020876
v 5.320152 -0.810108 0.021143
v 5.336556 -0.790123 0.021425
v 5.351999 -0.769522 0.021723
v 5.366481 -0.748307 0.022036
v 5.379165 -0.727960 0.022342
v 5.390740 -0.707403 0.022656
v 5.401206 -0.686637 0.022980
v 5.410563 -0.665661 0.023312
v 5.418811 -0.644475 0.023653
v 5.425951 -0.623080 0.024003
v 5.431981 -0.601475 0.024362
v 5.436903 -0.579660 0.024730
v 5.440716 -0.557636 0.025106
v 5.443419 -0.535402 0.025492
v 5.445014 -0.512958 0.025886
v 5.445500 -0.490305 0.026289
v 5.444731 -0.464704 0.026751
v 5.442577 -0.439555 0.027211
v 5.439040 -0.414858 0.027669
v 5.434118 -0.390612 0.028125
v 5.427813 -0.366819 0.028580
v 5.420124 -0.343477 0.029033
v 5.411050 -0.320587 0.029485
v 5.400593 -0.298148 0.029934
v 5.388752 -0.276161 0.030382
v 5.375526 -0.254626 0.030828
v 5.360917 -0.233543 0.031273
v 5.344924 -0.212912 0.031716
v 5.331257 -0.196865 0.032066
v 5.316953 -0.181375 0.032408
v 5.302011 -0.166441 0.032744
v 5.286430 -0.152062 0.033073
v 5.270213 -0.138240 0.033395
v 5.253357 -0.124974 0.033710
v 5.235864 -0.112263 0.034018
v 5.217733 -0.100109 0.034319
v 5.198965 -0.088511 0.034613
v 5.179558 -0.077468 0.034900
v 5.159514 -0.066982 0.035180
v 5.138833 -0.057052 0.035452
v 5.105370 -0.042206 0.035872
v 5.071059 -0.028664 0.036272
v 5.035899 -0.016423 0.036653
v 4.999891 -0.005486 0.037014
v 4.963033 0.004150 0.037356
v 4.925328 0.012483 0.037678
v 4.886774 0.019513 0.037982
v 4.847371 0.025241 0.038265
v 4.807119 0.029666 0.038530
v 4.766019 0.032789 0.038774
v 4.724071 0.034609 0.039000
v 4.681274 0.035127 0.039206
v 4.644841 0.034748 0.039367
v 4.608176 0.033836 0.039519
v 4.571278 0.032391 0.039663
v 4.534146 0.030412 0.039798
v 4.496783 0.027899 0.039925
v 4.459186 0.024853 0.040043
v 4.421356 0.021273 0.040153
v 4.383293 0.017160 0.040255
v 4.344998 0.012514 0.040348
v 4.306469 0.007334 0.040432
v 4.267709 0.001621 0.040508
v 4.228715 -0.004626 0.040576
v 4.250471 0.032168 0.041134
v 4.272478 0.070817 0.041725
v 4.294734 0.111320 0.042347
v 4.317241 0.153678 0.043001
v 4.339998 0.197890 0.043688
v 4.363005 0.243957 0.044406
v 4.386262 0.291879 0.045157
v 4.409769 0.341656 0.045940
v 4.433527 0.393287 0.046754
v 4.457534 0.446773 0.047601
v 4.481792 0.502114 0.048480
v 4.506300 0.559309 0.049391
v 4.558960 0.546483 0.048919
v 4.610465 0.534784 0.048473
v 4.660815 0.524210 0.048052
v 4.710012 0.514762 0.047657
v 4.758054 0.506440 0.047287
v 4.804942 0.499243 0.046942
v 4.850676 0.493173 0.046623
v 4.895255 0.488228 0.046330
v 4.938680 0.484409 0.046062
v 4.980951 0.481716 0.045819
v 5.022068 0.480149 0.045602
v 5.062030 0.479707 0.045411
v 5.091898 0.480108 0.045280
v 5.120635 0.481124 0.045166
v 5.148241 0.482754 0.045069
v 5.174715 0.484999 0.044987
v 5.200058 0.487858 0.044922
v 5.224269 0.491331 0.044873
v 5.247349 0.495419 0.044840
v 5.269297 0.500122 0.044823
v 5.290114 0.505439 0.044822
v 5.309800 0.511370 0.044838
v 5.328354 0.517916 0.044870
v 5.345777 0.525076 0.044918
v 5.367154 0.535467 0.045005
v 5.388378 0.547071 0.045115
v 5.409450 0.559890 0.045248
v 5.430368 0.573923 0.045403
v 5.451135 0.589170 0.045580
v 5.471747 0.605631 0.045780
v 5.492208 0.623306 0.046002
v 5.512515 0.642196 0.046247
v 5.532670 0.662299 0.046514
v 5.552671 0.683617 0.046803
v 5.572520 0.706149 0.047115
v 5.592216 0.729895 0.047449
v 5.597834 0.736422 0.047540
v 5.602962 0.742671 0.047629
v 5.607601 0.748641 0.047714
v 5.611751 0.754333 0.047797
v 5.615410 0.759746 0.047877
v 5.618581 0.764881 0.047954
v 5.621263 0.769737 0.048029
v 5.623455 0.774315 0.048101
v 5.625157 0.778614 0.048170
v 5.626371 0.782634 0.048236
v 5.627095 0.786377 0.048300
v 5.627330 0.789840 0.048361
v 5.627147 0.794250 0.048440
v 5.626623 0.798276 0.048515
v 5.625760 0.801917 0.048584
v 5.624557 0.805174 0.048648
v 5.623013 0.808046 0.048706
v 5.621130 0.810534 0.048759
v 5.618907 0.812637 0.048807
v 5.616344 0.814354 0.048850
v 5.613442 0.815688 0.048887
v 5.610200 0.816637 0.048919
v 5.606617 0.817201 0.048946
v 5.602695 0.817381 0.048967
v 5.601534 0.817089 0.048967
v 5.599587 0.816221 0.048960
v 5.596852 0.814774 0.048947
v 5.593332 0.812749 0.048927
v 5.589024 0.810147 0.048900
v 5.583929 0.806967 0.048867
v 5.578047 0.803209 0.048827
v 5.571379 0.798873 0.048780
v 5.563924 0.793959 0.048726
v 5.555681 0.788468 0.048666
v 5.546653 0.782399 0.048599
v 5.536837 0.775752 0.048525
v 5.511905 0.760237 0.048362
v 5.486116 0.746061 0.048227
v 5.459472 0.733225 0.048119
v 5.431971 0.721729 0.048040
v 5.403613 0.711573 0.047989
v 5.374399 0.702757 0.047965
v 5.344328 0.695280 0.047970
v 5.313400 0.689144 0.048002
v 5.281617 0.684347 0.048063
v 5.248977 0.680890 0.048151
v 5.215480 0.678773 0.048267
v 5.181126 0.677996 0.048411
v 5.141579 0.678502 0.048602
v 5.100174 0.680260 0.048824
v 5.056911 0.683270 0.049077
v 5.011790 0.687531 0.049361
v 4.964812 0.693044 0.049675
v 4.915975 0.699808 0.050021
v 4.865280 0.707824 0.050397
v 4.812727 0.717091 0.050805
v 4.758317 0.727610 0.051243
v 4.702048 0.739380 0.051713
v 4.643922 0.752402 0.052213
v 4.583938 0.766676 0.052744
v 4.586304 0.773374 0.052853
v 4.588840 0.780670 0.052972
v 4.591544 0.788562 0.053101
v 4.594417 0.797052 0.053240
v 4.597458 0.806140 0.053388
v 4.600669 0.815824 0.053547
v 4.604048 0.826106 0.053715
v 4.607596 0.836984 0.053894
v 4.611313 0.848460 0.054082
v 4.615198 0.860533 0.054280
v 4.619252 0.873204 0.054488
v 4.623475 0.886471 0.054706
v 4.633208 0.916930 0.055206
v 4.642647 0.946367 0.055690
v 4.651790 0.974779 0.056156
v 4.660637 1.002167 0.056606
v 4.669190 1.028532 0.057038
v 4.677447 1.053873 0.057454
v 4.685409 1.078190 0.057852
v 4.693075 1.101484 0.058234
v 4.700446 1.123754 0.058598
v 4.707522 1.145000 0.058946
v 4.714303 1.165222 0.059277
v 4.720788 1.184420 0.059590
v 4.725999 1.198287 0.059815
v 4.731492 1.211218 0.060021
v 4.737264 1.223212 0.060209
v 4.743315 1.234268 0.060379
v 4.749647 1.244389 0.060531
v 4.756258 1.253572 0.060665
v 4.763149 1.261819 0.060781
v 4.770320 1.269129 0.060878
v 4.777771 1.275502 0.060958
v 4.785502 1.280938 0.061020
v 4.793513 1.285438 0.061064
v 4.801803 1.289001 0.061089
v 4.809702 1.291476 0.061097
v 4.817559 1.293737 0.061102
v 4.825375 1.295786 0.061102
v 4.833148 1.297621 0.061099
v 4.840880 1.299243 0.061093
v 4.848569 1.300652 0.061083
v 4.856217 1.301847 0.061069
v 4.863823 1.302830 0.061051
v 4.871387 1.303599 0.061030
v 4.878908 1.304155 0.061006
v 4.886388 1.304498 0.060978
v 4.893826 1.304627 0.060946
v 4.953671 1.304812 0.060674
v 4.957102 1.304993 0.060661
v 4.960233 1.305514 0.060656
v 4.963065 1.306375 0.060659
v 4.965598 1.307576 0.060668
v 4.967831 1.309118 0.060686
v 4.969764 1.310999 0.060710
v 4.971398 1.313220 0.060743
v 4.972733 1.315781 0.060782
v 4.973769 1.318682 0.060830
v 4.974505 1.321924 0.060884
v 4.974942 1.325505 0.060946
v 4.975080 1.329426 0.061016
v 4.974710 1.335413 0.061125
v 4.973637 1.341611 0.061240
v 4.971859 1.348020 0.061363
v 4.969378 1.354639 0.061493
v 4.966193 1.361470 0.061630
v 4.962304 1.368511 0.061774
v 4.957711 1.375764 0.061925
v 4.952414 1.383227 0.062083
v 4.946412 1.390901 0.062248
v 4.939707 1.398786 0.062420
v 4.932299 1.406882 0.062599
v 4.924184 1.415189 0.062785
v 4.914927 1.424717 0.062998
v 4.905118 1.433413 0.063198
v 4.894757 1.441277 0.063387
v 4.883845 1.448307 0.063563
v 4.872382 1.454504 0.063726
v 4.860366 1.459869 0.063878
v 4.847800 1.464402 0.064016
v 4.834682 1.468101 0.064143
v 4.821012 1.470967 0.064257
v 4.806790 1.473001 0.064359
v 4.792017 1.474202 0.064448
v 4.776693 1.474570 0.064525
v 4.749862 1.473838 0.064636
v 4.723590 1.471807 0.064720
v 4.697876 1.468478 0.064779
v 4.672720 1.463851 0.064812
v 4.648121 1.457926 0.064819
v 4.624081 1.450702 0.064800
v 4.600599 1.442180 0.064756
v 4.577675 1.432361 0.064685
v 4.555309 1.421243 0.064589
v 4.533501 1.408827 0.064467
v 4.512251 1.395113 0.064320
v 4.491560 1.380100 0.064146
v 4.481535 1.371844 0.064044
v 4.472385 1.363505 0.063937
v 4.464109 1.355083 0.063825
v 4.456707 1.346580 0.063707
v 4.450179 1.337993 0.063583
v 4.444526 1.329324 0.063454
v 4.439746 1.320572 0.063319
v 4.435840 1.311738 0.063179
v 4.432808 1.302821 0.063033
v 4.430652 1.293822 0.062882
v 4.429368 1.284740 0.062726
v 4.428959 1.275576 0.062564
v 4.429076 1.272135 0.062501
v 4.429406 1.268460 0.062434
v 4.429950 1.264552 0.062362
v 4.430708 1.260410 0.062284
v 4.431681 1.256033 0.062201
v 4.432867 1.251424 0.062113
v 4.434266 1.246580 0.062020
v 4.435880 1.241503 0.061922
v 4.437707 1.236192 0.061819
v 4.439748 1.230647 0.061710
v 4.442004 1.224868 0.061596
v 4.444474 1.218856 0.061477
v 4.445958 1.214481 0.061392
v 4.447315 1.209531 0.061297
v 4.448547 1.204005 0.061193
v 4.449652 1.197903 0.061078
v 4.450631 1.191226 0.060954
v 4.451484 1.183973 0.060821
v 4.452211 1.176144 0.060677
v 4.452812 1.167739 0.060524
v 4.453286 1.158759 0.060361
v 4.453634 1.149203 0.060189
v 4.453856 1.139071 0.060006
v 4.453953 1.128363 0.059814
v 4.453564 1.112199 0.059527
v 4.452307 1.094391 0.059214
v 4.450181 1.074939 0.058876
v 4.447186 1.053845 0.058512
v 4.443322 1.031106 0.058123
v 4.438590 1.006724 0.057708
v 4.432988 0.980699 0.057268
v 4.426518 0.953030 0.056803
v 4.419178 0.923718 0.056312
v 4.410970 0.892762 0.055796
v 4.401893 0.860163 0.055254
v 7.840400 0.173752 0.027159
v 7.864450 0.117186 0.026036
v 7.887151 0.062918 0.024961
v 7.908503 0.010946 0.023932
v 7.928505 -0.038728 0.022952
v 7.947157 -0.086105 0.022018
v 7.964459 -0.131185 0.021132
v 7.980413 -0.173968 0.020293
v 7.995016 -0.214453 0.019501
v 8.008270 -0.252641 0.018757
v 8.020174 -0.288532 0.018060
v 8.030729 -0.322126 0.017410
v 8.039934 -0.353422 0.016808
v 8.046618 -0.375425 0.016383
v 8.052722 -0.395959 0.015988
v 8.058246 -0.415024 0.015621
v 8.063190 -0.432621 0.015284
v 8.067554 -0.448749 0.014975
v 8.071339 -0.463409 0.014695
v 8.074543 -0.476601 0.014444
v 8.077168 -0.488323 0.014223
v 8.079212 -0.498577 0.014030
v 8.080677 -0.507363 0.013866
v 8.081562 -0.514680 0.013731
v 8.081868 -0.520528 0.013625
v 8.081738 -0.527209 0.013506
v 8.081311 -0.533955 0.013387
v 8.080585 -0.540766 0.013268
v 8.079562 -0.547641 0.013150
v 8.078240 -0.554581 0.013032
v 8.076621 -0.561586 0.012914
v 8.074702 -0.568656 0.012796
v 8.072486 -0.575791 0.012679
v 8.069972 -0.582991 0.012562
v 8.067159 -0.590255 0.012445
v 8.064048 -0.597585 0.012328
v 8.060638 -0.604979 0.012211
v 8.052593 -0.619302 0.011992
v 8.045250 -0.633070 0.011779
v 8.038609 -0.646281 0.011573
v 8.032668 -0.658935 0.011374
v 8.027430 -0.671034 0.011182
v 8.022893 -0.682576 0.010996
v 8.019057 -0.693562 0.010817
v 8.015924 -0.703992 0.010645
v 8.013492 -0.713866 0.010479
v 8.011762 -0.723184 0.010321
v 8.010733 -0.731945 0.010169
v 8.010406 -0.740150 0.010023
v 8.010668 -0.749227 0.009860
v 8.011397 -0.758047 0.009698
v 8.012595 -0.766609 0.009540
v 8.014261 -0.774915 0.009383
v 8.016396 -0.782963 0.009230
v 8.018997 -0.790755 0.009078
v 8.022068 -0.798289 0.008929
v 8.025606 -0.805565 0.008783
v 8.029613 -0.812585 0.008639
v 8.034087 -0.819348 0.008497
v 8.039030 -0.825853 0.008358
v 8.044441 -0.832101 0.008221
v 8.050213 -0.837965 0.008090
v 8.056239 -0.843316 0.007966
v 8.062520 -0.848156 0.007851
v 8.069055 -0.852482 0.007743
v 8.075844 -0.856297 0.007644
v 8.082887 -0.859600 0.007552
v 8.090183 -0.862390 0.007469
v 8.097735 -0.864668 0.007393
v 8.105541 -0.866434 0.007326
v 8.113601 -0.867688 0.007266
v 8.121915 -0.868429 0.007215
v 8.130484 -0.868659 0.007171
v 8.155778 -0.867643 0.007073
v 8.181025 -0.864752 0.007009
v 8.206223 -0.859986 0.006978
v 8.231373 -0.853346 0.006982
v 8.256475 -0.844830 0.007018
v 8.281528 -0.834439 0.007089
v 8.306534 -0.822172 0.007194
v 8.331491 -0.808031 0.007332
v 8.356400 -0.792015 0.007504
v 8.381261 -0.774124 0.007710
v 8.406073 -0.754357 0.007950
v 8.430838 -0.732716 0.008223
v 8.472840 -0.692450 0.008750
v 8.512131 -0.650168 0.009326
v 8.548709 -0.605871 0.009951
v 8.582574 -0.559557 0.010624
v 8.613727 -0.511227 0.011345
v 8.642166 -0.460881 0.012115
v 8.667892 -0.408519 0.012934
v 8.690907 -0.354141 0.013801
v 8.711208 -0.297747 0.014717
v 8.728797 -0.239338 0.015681
v 8.743672 -0.178912 0.016694
v 8.755836 -0.116470 0.017756
v 8.762346 -0.080991 0.018361
v 8.768278 -0.044150 0.018993
v 8.773630 -0.005947 0.019652
v 8.778402 0.033618 0.020338
v 8.782595 0.074545 0.021051
v 8.786208 0.116834 0.021791
v 8.789242 0.160485 0.022558
v 8.791697 0.205498 0.023352
v 8.793571 0.251873 0.024174
v 8.794867 0.299610 0.025022
v 8.795582 0.348709 0.025897
v 8.795718 0.399170 0.026800
v 8.791792 0.684532 0.031924
v 8.791772 0.698469 0.032174
v 8.791795 0.712149 0.032418
v 8.791861 0.725574 0.032658
v 8.791970 0.738744 0.032893
v 8.792124 0.751658 0.033124
v 8.792319 0.764316 0.033349
v 8.792560 0.776719 0.033570
v 8.792843 0.788866 0.033786
v 8.793169 0.800758 0.033998
v 8.793539 0.812394 0.034204
v 8.793953 0.823774 0.034406
v 8.794410 0.834899 0.034603
v 8.795952 0.853656 0.034931
v 8.799155 0.872589 0.035255
v 8.804022 0.891697 0.035575
v 8.810549 0.910981 0.035890
v 8.818739 0.930440 0.036201
v 8.828589 0.950075 0.036507
v 8.840103 0.969886 0.036808
v 8.853278 0.989872 0.037105
v 8.868115 1.010034 0.037398
v 8.884614 1.030371 0.037686
v 8.902775 1.050884 0.037969
v 8.922597 1.071573 0.038248
v 8.926018 1.075099 0.038296
v 8.929140 1.078497 0.038342
v 8.931965 1.081766 0.038388
v 8.934492 1.084907 0.038432
v 8.936721 1.087918 0.038476
v 8.938651 1.090801 0.038519
v 8.940284 1.093555 0.038560
v 8.941619 1.096180 0.038601
v 8.942656 1.098676 0.038641
v 8.943395 1.101044 0.038680
v 8.943835 1.103283 0.038718
v 8.943978 1.105392 0.038755
v 8.943504 1.110537 0.038850
v 8.942116 1.115232 0.038940
v 8.939812 1.119476 0.039026
v 8.936593 1.123270 0.039109
v 8.932459 1.126613 0.039188
v 8.927410 1.129507 0.039263
v 8.921446 1.131949 0.039334
v 8.914566 1.133942 0.039401
v 8.906773 1.135484 0.039465
v 8.898063 1.136576 0.039524
v 8.888438 1.137218 0.039580
v 8.877898 1.137408 0.039632
v 8.861565 1.136570 0.039692
v 8.844789 1.134153 0.039726
v 8.827569 1.130157 0.039734
v 8.809908 1.124584 0.039715
v 8.791802 1.117432 0.039671
v 8.773255 1.108702 0.039600
v 8.754265 1.098393 0.039502
v 8.734831 1.086507 0.039379
v 8.714955 1.073042 0.039230
v 8.694636 1.057999 0.039054
v 8.673874 1.041377 0.038852
v 8.652670 1.023178 0.038624
v 8.624068 0.998434 0.038312
v 8.597959 0.973997 0.037995
v 8.574343 0.949866 0.037672
v 8.553219 0.926041 0.037343
v 8.534588 0.902522 0.037008
v 8.518449 0.879309 0.036666
v 8.504804 0.856401 0.036319
v 8.493650 0.833800 0.035966
v 8.484989 0.811505 0.035607
v 8.478822 0.789517 0.035242
v 8.475146 0.767834 0.034871
v 8.473964 0.746457 0.034494
v 8.474193 0.734130 0.034272
v 8.474804 0.722210 0.034056
v 8.475798 0.710695 0.033845
v 8.477174 0.699586 0.033640
v 8.478932 0.688884 0.033441
v 8.481073 0.678587 0.033247
v 8.483597 0.668697 0.033058
v 8.486502 0.659213 0.032875
v 8.489790 0.650134 0.032697
v 8.493461 0.641462 0.032525
v 8.497514 0.633196 0.032359
v 8.501949 0.625336 0.032198
v 8.510611 0.597607 0.031662
v 8.518532 0.568065 0.031097
v 8.525712 0.536709 0.030502
v 8.532152 0.503539 0.029879
v 8.537851 0.468556 0.029227
v 8.542811 0.431760 0.028546
v 8.547029 0.393149 0.027835
v 8.550508 0.352726 0.027096
v 8.553246 0.310488 0.026328
v 8.555243 0.266437 0.025530
v 8.556499 0.220573 0.024704
v 8.557015 0.172895 0.023848
v 8.556664 0.130222 0.023086
v 8.555350 0.088633 0.022348
v 8.553075 0.048127 0.021634
v 8.549836 0.008705 0.020943
v 8.545635 -0.029632 0.020276
v 8.540473 -0.066886 0.019633
v 8.534348 -0.103057 0.019014
v 8.527260 -0.138143 0.018419
v 8.519210 -0.172146 0.017848
v 8.510198 -0.205064 0.017300
v 8.500223 -0.236899 0.016776
v 8.489286 -0.267651 0.016276
v 8.479492 -0.292187 0.015882
v 8.469394 -0.314593 0.015528
v 8.458990 -0.334869 0.015213
v 8.448281 -0.353015 0.014937
v 8.437268 -0.369031 0.014701
v 8.425951 -0.382917 0.014505
v 8.414328 -0.394673 0.014348
v 8.402401 -0.404299 0.014231
v 8.390168 -0.411795 0.014153
v 8.377631 -0.417161 0.014114
v 8.364790 -0.420397 0.014115
v 8.351643 -0.421503 0.014156
v 8.345962 -0.421126 0.014189
v 8.340172 -0.419961 0.014236
v 8.334273 -0.418008 0.014299
v 8.328266 -0.415267 0.014375
v 8.322149 -0.411738 0.014466
v 8.315924 -0.407421 0.014572
v 8.309589 -0.402315 0.014693
v 8.303145 -0.396422 0.014828
v 8.296593 -0.389740 0.014978
v 8.289932 -0.382271 0.015142
v 8.283161 -0.374013 0.015321
v 8.276282 -0.364967 0.015514
v 8.273350 -0.360693 0.015604
v 8.265578 -0.348890 0.015851
v 8.252967 -0.329559 0.016255
v 8.235517 -0.302699 0.016816
v 8.213226 -0.268311 0.017534
v 8.186098 -0.226394 0.018409
v 8.154129 -0.176948 0.019441
v 8.117322 -0.119974 0.020629
v 8.075676 -0.055471 0.021975
v 8.029190 0.016560 0.023478
v 7.977864 0.096120 0.025138
v 7.921700 0.183209 0.026954
v 7.914914 0.193235 0.027165
v 7.908429 0.202389 0.027359
v 7.902245 0.210670 0.027535
v 7.896361 0.218078 0.027695
v 7.890779 0.224613 0.027837
v 7.885498 0.230276 0.027963
v 7.880517 0.235066 0.028072
v 7.875838 0.238983 0.028163
v 7.871460 0.242028 0.028238
v 7.867383 0.244199 0.028295
v 7.863606 0.245498 0.028336
v 7.860132 0.245924 0.028360
v 7.854985 0.245749 0.028380
v 7.850287 0.245255 0.028393
v 7.846038 0.244442 0.028398
v 7.842237 0.243312 0.028395
v 7.838885 0.241863 0.028385
v 7.835981 0.240096 0.028366
v 7.833525 0.238011 0.028340
v 7.831519 0.235608 0.028307
v 7.829960 0.232886 0.028265
v 7.828851 0.229846 0.028216
v 7.828189 0.226487 0.028159
v 7.827976 0.222811 0.028094
v 7.828074 0.218720 0.028020
v 7.828342 0.214629 0.027946
v 7.828781 0.210539 0.027871
v 7.829390 0.206450 0.027795
v 7.830169 0.202361 0.027718
v 7.831120 0.198273 0.027640
v 7.832240 0.194185 0.027562
v 7.833531 0.190097 0.027483
v 7.834992 0.186010 0.027403
v 7.836624 0.181924 0.027323
v 7.838427 0.177838 0.027241
v 7.223392 0.730324 0.039956
v 7.204351 0.729616 0.040031
v 7.184569 0.727605 0.040086
v 7.164044 0.724292 0.040121
v 7.142777 0.719677 0.040136
v 7.120769 0.713760 0.040131
v 7.098018 0.706540 0.040107
v 7.074525 0.698018 0.040062
v 7.050290 0.688195 0.039998
v 7.025313 0.677069 0.039914
v 6.999595 0.664641 0.039810
v 6.973133 0.650910 0.039686
v 6.945930 0.635878 0.039542
v 6.899958 0.607959 0.039254
v 6.855993 0.578705 0.038932
v 6.814035 0.548113 0.038578
v 6.774085 0.516186 0.038190
v 6.736142 0.482922 0.037769
v 6.700206 0.448322 0.037316
v 6.666278 0.412386 0.036829
v 6.634357 0.375113 0.036308
v 6.604444 0.336504 0.035755
v 6.576538 0.296559 0.035169
v 6.550639 0.255277 0.034549
v 6.526748 0.212659 0.033896
v 6.508718 0.177401 0.033348
v 6.492263 0.142317 0.032796
v 6.477385 0.107409 0.032240
v 6.464084 0.072677 0.031679
v 6.452359 0.038119 0.031115
v 6.442211 0.003737 0.030546
v 6.433640 -0.030469 0.029974
v 6.426645 -0.064501 0.029397
v 6.421227 -0.098357 0.028816
v 6.417386 -0.132037 0.028231
v 6.415121 -0.165543 0.027642
v 6.414432 -0.198872 0.027048
v 6.414840 -0.225050 0.026578
v 6.415906 -0.249882 0.026129
v 6.417628 -0.273371 0.025701
v 6.420007 -0.295514 0.025293
v 6.423043 -0.316314 0.024907
v 6.426735 -0.335768 0.024542
v 6.431084 -0.353879 0.024198
v 6.436090 -0.370644 0.023875
v 6.441751 -0.386065 0.023573
v 6.448071 -0.400142 0.023292
v 6.455046 -0.412874 0.023032
v 6.462678 -0.424262 0.022793
v 6.470499 -0.434775 0.022569
v 6.478552 -0.444371 0.022361
v 6.486836 -0.453051 0.022167
v 6.495353 -0.460813 0.021989
v 6.504101 -0.467658 0.021826
v 6.513081 -0.473587 0.021679
v 6.522292 -0.478598 0.021547
v 6.531735 -0.482692 0.021430
v 6.541410 -0.485869 0.021329
v 6.551317 -0.488129 0.021243
v 6.561455 -0.489473 0.021172
v 6.571825 -0.489899 0.021117
v 6.584824 -0.489443 0.021065
v 6.597224 -0.488158 0.021031
v 6.609025 -0.486044 0.021015
v 6.620226 -0.483101 0.021016
v 6.630828 -0.479328 0.021035
v 6.640832 -0.474727 0.021071
v 6.650235 -0.469296 0.021125
v 6.659040 -0.463036 0.021197
v 6.667245 -0.455946 0.021286
v 6.674851 -0.448028 0.021392
v 6.681858 -0.439280 0.021517
v 6.688266 -0.429703 0.021659
v 6.696572 -0.417190 0.021844
v 6.705200 -0.405273 0.022018
v 6.714149 -0.393951 0.022179
v 6.723420 -0.383225 0.022329
v 6.733012 -0.373095 0.022466
v 6.742926 -0.363560 0.022591
v 6.753161 -0.354621 0.022704
v 6.763718 -0.346278 0.022804
v 6.774596 -0.338531 0.022893
v 6.785795 -0.331379 0.022970
v 6.797317 -0.324823 0.023034
v 6.809159 -0.318862 0.023086
v 6.822078 -0.313111 0.023130
v 6.835809 -0.307699 0.023163
v 6.850350 -0.302625 0.023187
v 6.865702 -0.297890 0.023201
v 6.881865 -0.293493 0.023206
v 6.898839 -0.289434 0.023200
v 6.916623 -0.285714 0.023185
v 6.935219 -0.282333 0.023160
v 6.954626 -0.279289 0.023125
v 6.974843 -0.276585 0.023081
v 6.995872 -0.274218 0.023026
v 7.017711 -0.272191 0.022962
v 7.025306 -0.271240 0.022944
v 7.032239 -0.269972 0.022935
v 7.038511 -0.268387 0.022935
v 7.044122 -0.266483 0.022943
v 7.049070 -0.264263 0.022960
v 7.053357 -0.261724 0.022986
v 7.056982 -0.258868 0.023020
v 7.059946 -0.255695 0.023063
v 7.062248 -0.252204 0.023115
v 7.063888 -0.248395 0.023176
v 7.064867 -0.244268 0.023245
v 7.065184 -0.239824 0.023323
v 7.064759 -0.237013 0.023375
v 7.063504 -0.234204 0.023431
v 7.061418 -0.231398 0.023491
v 7.058500 -0.228594 0.023555
v 7.054751 -0.225792 0.023622
v 7.050172 -0.222994 0.023693
v 7.044761 -0.220198 0.023768
v 7.038518 -0.217404 0.023847
v 7.031445 -0.214613 0.023929
v 7.023540 -0.211825 0.024016
v 7.014804 -0.209039 0.024106
v 7.005237 -0.206255 0.024199
v 6.981185 -0.199010 0.024440
v 6.958179 -0.191953 0.024672
v 6.936216 -0.185084 0.024896
v 6.915299 -0.178405 0.025111
v 6.895428 -0.171913 0.025319
v 6.876600 -0.165610 0.025518
v 6.858818 -0.159496 0.025710
v 6.842081 -0.153571 0.025893
v 6.826388 -0.147833 0.026067
v 6.811740 -0.142285 0.026234
v 6.798138 -0.136925 0.026392
v 6.785579 -0.131754 0.026543
v 6.777479 -0.127740 0.026652
v 6.770081 -0.123320 0.026765
v 6.763385 -0.118493 0.026882
v 6.757391 -0.113259 0.027003
v 6.752100 -0.107617 0.027129
v 6.747510 -0.101569 0.027258
v 6.743622 -0.095114 0.027391
v 6.740437 -0.088251 0.027529
v 6.737953 -0.080982 0.027670
v 6.736172 -0.073305 0.027816
v 6.735092 -0.065222 0.027966
v 6.734715 -0.056731 0.028119
v 6.734987 -0.044392 0.028339
v 6.735875 -0.031412 0.028567
v 6.737380 -0.017791 0.028804
v 6.739500 -0.003528 0.029049
v 6.742237 0.011375 0.029303
v 6.745589 0.026920 0.029566
v 6.749558 0.043106 0.029837
v 6.754143 0.059933 0.030118
v 6.759344 0.077402 0.030406
v 6.765161 0.095511 0.030703
v 6.771595 0.114262 0.031009
v 6.778644 0.133654 0.031324
v 6.785653 0.152236 0.031624
v 6.792983 0.170606 0.031919
v 6.800632 0.188764 0.032209
v 6.808603 0.206710 0.032494
v 6.816894 0.224444 0.032773
v 6.825505 0.241965 0.033047
v 6.834436 0.259275 0.033315
v 6.843688 0.276372 0.033579
v 6.853259 0.293257 0.033837
v 6.863152 0.309930 0.034090
v 6.873364 0.326391 0.034337
v 6.883897 0.342640 0.034580
v 6.905997 0.374939 0.035056
v 6.929017 0.406239 0.035510
v 6.952955 0.436540 0.035942
v 6.977814 0.465842 0.036352
v 7.003592 0.494146 0.036740
v 7.030289 0.521451 0.037106
v 7.057905 0.547757 0.037450
v 7.086442 0.573065 0.037772
v 7.115897 0.597374 0.038071
v 7.146272 0.620684 0.038349
v 7.177567 0.642996 0.038604
v 7.209780 0.664309 0.038837
v 7.216383 0.669092 0.038892
v 7.222411 0.673681 0.038947
v 7.227865 0.678077 0.039000
v 7.232743 0.682280 0.039053
v 7.237047 0.686288 0.039105
v 7.240776 0.690103 0.039156
v 7.243930 0.693725 0.039207
v 7.246509 0.697153 0.039256
v 7.248513 0.700388 0.039305
v 7.249943 0.703429 0.039353
v 7.250797 0.706276 0.039400
v 7.251078 0.708930 0.039446
v 7.250875 0.712360 0.039508
v 7.250291 0.715491 0.039567
v 7.249323 0.718322 0.039622
v 7.247972 0.720854 0.039673
v 7.246240 0.723086 0.039721
v 7.244123 0.725018 0.039766
v 7.241625 0.726651 0.039806
v 7.238744 0.727985 0.039843
v 7.235480 0.729019 0.039877
v 7.231833 0.729754 0.039907
v 7.227804 0.730189 0.039933
vn -0.0046 0.0179 -0.9998
vt 1.000000 0.000000
vt 0.405858 0.000000
vt 0.401674 0.000000
vt 0.995816 0.000000
vt 0.410042 0.000000
vt 0.991632 0.000000
vt 0.414226 0.000000
vt 0.987448 0.000000
vt 0.418410 0.000000
vt 0.983264 0.000000
vt 0.422594 0.000000
vt 0.979079 0.000000
vt 0.426778 0.000000
vt 0.974895 0.000000
vt 0.430962 0.000000
vt 0.970711 0.000000
vt 0.435146 0.000000
vt 0.966527 0.000000
vt 0.439331 0.000000
vt 0.962343 0.000000
vt 0.443515 0.000000
vt 0.958159 0.000000
vt 0.447699 0.000000
vt 0.953975 0.000000
vt 0.451883 0.000000
vt 0.949791 0.000000
vt 0.456067 0.000000
vt 0.945607 0.000000
vt 0.460251 0.000000
vt 0.941423 0.000000
vt 0.464435 0.000000
vt 0.937239 0.000000
vt 0.468619 0.000000
vt 0.933054 0.000000
vt 0.472803 0.000000
vt 0.928870 0.000000
vt 0.476987 0.000000
vt 0.924686 0.000000
vt 0.481172 0.000000
vt 0.920502 0.000000
vt 0.485356 0.000000
vt 0.916318 0.000000
vt 0.489540 0.000000
vt 0.912134 0.000000
vt 0.493724 0.000000
vt 0.907950 0.000000
vt 0.497908 0.000000
vt 0.903766 0.000000
vt 0.502092 0.000000
vt 0.899582 0.000000
vt 0.506276 0.000000
vt 0.895397 0.000000
vt 0.510460 0.000000
vt 0.514644 0.000000
vt 0.891213 0.000000
vt 0.518828 0.000000
vt 0.887029 0.000000
vt 0.523013 0.000000
vt 0.882845 0.000000
vt 0.527197 0.000000
vt 0.531381 0.000000
vt 0.878661 0.000000
vt 0.535565 0.000000
vt 0.874477 0.000000
vt 0.539749 0.000000
vt 0.870293 0.000000
vt 0.543933 0.000000
vt 0.548117 0.000000
vt 0.866109 0.000000
vt 0.552301 0.000000
vt 0.861925 0.000000
vt 0.556485 0.000000
vt 0.857741 0.000000
vt 0.853557 0.000000
vt 0.849372 0.000000
vt 0.560669 0.000000
vt 0.845188 0.000000
vt 0.564854 0.000000
vt 0.841004 0.000000
vt 0.569038 0.000000
vt 0.836820 0.000000
vt 0.573222 0.000000
vt 0.832636 0.000000
vt 0.577406 0.000000
vt 0.828452 0.000000
vt 0.581590 0.000000
vt 0.824268 0.000000
vt 0.585774 0.000000
vt 0.820084 0.000000
vt 0.589958 0.000000
vt 0.815900 0.000000
vt 0.594142 0.000000
vt 0.811715 0.000000
vt 0.598326 0.000000
vt 0.807531 0.000000
vt 0.602510 0.000000
vt 0.803347 0.000000
vt 0.606695 0.000000
vt 0.799163 0.000000
vt 0.610879 0.000000
vt 0.615063 0.000000
vt 0.794979 0.000000
vt 0.619247 0.000000
vt 0.790795 0.000000
vt 0.623431 0.000000
vt 0.786611 0.000000
vt 0.627615 0.000000
vt 0.782427 0.000000
vt 0.631799 0.000000
vt 0.778243 0.000000
vt 0.635983 0.000000
vt 0.774059 0.000000
vt 0.640167 0.000000
vt 0.769874 0.000000
vt 0.644351 0.000000
vt 0.765690 0.000000
vt 0.648536 0.000000
vt 0.761506 0.000000
vt 0.652720 0.000000
vt 0.757322 0.000000
vt 0.656904 0.000000
vt 0.753138 0.000000
vt 0.661088 0.000000
vt 0.665272 0.000000
vt 0.748954 0.000000
vt 0.744770 0.000000
vt 0.669456 0.000000
vt 0.740586 0.000000
vt 0.673640 0.000000
vt 0.736402 0.000000
vt 0.677824 0.000000
vt 0.732218 0.000000
vt 0.682008 0.000000
vt 0.728033 0.000000
vt 0.686192 0.000000
vt 0.723849 0.000000
vt 0.719665 0.000000
vt 0.690377 0.000000
vt 0.715481 0.000000
vt 0.694561 0.000000
vt 0.711297 0.000000
vt 0.698745 0.000000
vt 0.707113 0.000000
vt 0.702929 0.000000
vt 0.397490 0.000000
vt 0.004184 0.000000
vt 0.000000 0.000000
vt 0.393305 0.000000
vt 0.008368 0.000000
vt 0.389121 0.000000
vt 0.012552 0.000000
vt 0.384937 0.000000
vt 0.016736 0.000000
vt 0.380753 0.000000
vt 0.020921 0.000000
vt 0.376569 0.000000
vt 0.025105 0.000000
vt 0.372385 0.000000
vt 0.029289 0.000000
vt 0.368201 0.000000
vt 0.033473 0.000000
vt 0.364017 0.000000
vt 0.359833 0.000000
vt 0.037657 0.000000
vt 0.355649 0.000000
vt 0.041841 0.000000
vt 0.351464 0.000000
vt 0.046025 0.000000
vt 0.347280 0.000000
vt 0.050209 0.000000
vt 0.343096 0.000000
vt 0.054393 0.000000
vt 0.338912 0.000000
vt 0.058577 0.000000
vt 0.334728 0.000000
vt 0.062762 0.000000
vt 0.330544 0.000000
vt 0.066946 0.000000
vt 0.326360 0.000000
vt 0.071130 0.000000
vt 0.075314 0.000000
vt 0.322176 0.000000
vt 0.079498 0.000000
vt 0.317992 0.000000
vt 0.083682 0.000000
vt 0.313808 0.000000
vt 0.087866 0.000000
vt 0.309623 0.000000
vt 0.092050 0.000000
vt 0.305439 0.000000
vt 0.096234 0.000000
vt 0.301255 0.000000
vt 0.100418 0.000000
vt 0.297071 0.000000
vt 0.104603 0.000000
vt 0.292887 0.000000
vt 0.108787 0.000000
vt 0.288703 0.000000
vt 0.112971 0.000000
vt 0.284519 0.000000
vt 0.117155 0.000000
vt 0.280335 0.000000
vt 0.121339 0.000000
vt 0.276151 0.000000
vt 0.125523 0.000000
vt 0.271967 0.000000
vt 0.129707 0.000000
vt 0.267782 0.000000
vt 0.133891 0.000000
vt 0.263598 0.000000
vt 0.259414 0.000000
vt 0.138075 0.000000
vt 0.255230 0.000000
vt 0.142259 0.000000
vt 0.251046 0.000000
vt 0.146444 0.000000
vt 0.246862 0.000000
vt 0.150628 0.000000
vt 0.242678 0.000000
vt 0.154812 0.000000
vt 0.238494 0.000000
vt 0.158996 0.000000
vt 0.234310 0.000000
vt 0.163180 0.000000
vt 0.167364 0.000000
vt 0.230126 0.000000
vt 0.171548 0.000000
vt 0.225941 0.000000
vt 0.175732 0.000000
vt 0.221757 0.000000
vt 0.179916 0.000000
vt 0.217573 0.000000
vt 0.184100 0.000000
vt 0.213389 0.000000
vt 0.188285 0.000000
vt 0.209205 0.000000
vt 0.192469 0.000000
vt 0.205021 0.000000
vt 0.196653 0.000000
vt 0.200837 0.000000
vt 0.496951 0.000000
vt 0.500000 0.000000
vt 0.498476 0.000000
vt 0.501524 0.000000
vt 0.495427 0.000000
vt 0.503049 0.000000
vt 0.493902 0.000000
vt 0.504573 0.000000
vt 0.506098 0.000000
vt 0.492378 0.000000
vt 0.507622 0.000000
vt 0.509146 0.000000
vt 0.490854 0.000000
vt 0.510671 0.000000
vt 0.512195 0.000000
vt 0.489329 0.000000
vt 0.513719 0.000000
vt 0.515244 0.000000
vt 0.516768 0.000000
vt 0.487805 0.000000
vt 0.518293 0.000000
vt 0.519817 0.000000
vt 0.521341 0.000000
vt 0.522866 0.000000
vt 0.486281 0.000000
vt 0.524390 0.000000
vt 0.525915 0.000000
vt 0.527439 0.000000
vt 0.484756 0.000000
vt 0.528963 0.000000
vt 0.530488 0.000000
vt 0.532012 0.000000
vt 0.483232 0.000000
vt 0.533537 0.000000
vt 0.535061 0.000000
vt 0.536585 0.000000
vt 0.481707 0.000000
vt 0.538110 0.000000
vt 0.539634 0.000000
vt 0.480183 0.000000
vt 0.541159 0.000000
vt 0.542683 0.000000
vt 0.478659 0.000000
vt 0.544207 0.000000
vt 0.477134 0.000000
vt 0.475610 0.000000
vt 0.545732 0.000000
vt 0.474085 0.000000
vt 0.547256 0.000000
vt 0.472561 0.000000
vt 0.548781 0.000000
vt 0.550305 0.000000
vt 0.471037 0.000000
vt 0.551829 0.000000
vt 0.553354 0.000000
vt 0.469512 0.000000
vt 0.554878 0.000000
vt 0.467988 0.000000
vt 0.466463 0.000000
vt 0.464939 0.000000
vt 0.556402 0.000000
vt 0.463415 0.000000
vt 0.422256 0.000000
vt 0.425305 0.000000
vt 0.423781 0.000000
vt 0.589939 0.000000
vt 0.592988 0.000000
vt 0.591463 0.000000
vt 0.594512 0.000000
vt 0.588415 0.000000
vt 0.461890 0.000000
vt 0.596037 0.000000
vt 0.557927 0.000000
vt 0.586890 0.000000
vt 0.597561 0.000000
vt 0.426829 0.000000
vt 0.585366 0.000000
vt 0.599085 0.000000
vt 0.460366 0.000000
vt 0.583841 0.000000
vt 0.428354 0.000000
vt 0.600610 0.000000
vt 0.582317 0.000000
vt 0.559451 0.000000
vt 0.458841 0.000000
vt 0.602134 0.000000
vt 0.429878 0.000000
vt 0.580793 0.000000
vt 0.457317 0.000000
vt 0.603659 0.000000
vt 0.431402 0.000000
vt 0.579268 0.000000
vt 0.560976 0.000000
vt 0.455793 0.000000
vt 0.605183 0.000000
vt 0.432927 0.000000
vt 0.454268 0.000000
vt 0.577744 0.000000
vt 0.434451 0.000000
vt 0.606707 0.000000
vt 0.562500 0.000000
vt 0.420732 0.000000
vt 0.452744 0.000000
vt 0.435976 0.000000
vt 0.576219 0.000000
vt 0.608232 0.000000
vt 0.451219 0.000000
vt 0.564024 0.000000
vt 0.437500 0.000000
vt 0.449695 0.000000
vt 0.609756 0.000000
vt 0.574695 0.000000
vt 0.565549 0.000000
vt 0.439024 0.000000
vt 0.448171 0.000000
vt 0.567073 0.000000
vt 0.446646 0.000000
vt 0.440549 0.000000
vt 0.611281 0.000000
vt 0.573171 0.000000
vt 0.568598 0.000000
vt 0.445122 0.000000
vt 0.612805 0.000000
vt 0.442073 0.000000
vt 0.570122 0.000000
vt 0.443598 0.000000
vt 0.614329 0.000000
vt 0.571646 0.000000
vt 0.615854 0.000000
vt 0.419207 0.000000
vt 0.992378 0.000000
vt 0.617378 0.000000
vt 0.618902 0.000000
vt 0.620427 0.000000
vt 0.621951 0.000000
vt 0.623476 0.000000
vt 0.625000 0.000000
vt 0.626524 0.000000
vt 0.628049 0.000000
vt 0.990854 0.000000
vt 0.629573 0.000000
vt 0.993902 0.000000
vt 0.989329 0.000000
vt 0.631098 0.000000
vt 0.632622 0.000000
vt 0.417683 0.000000
vt 0.634146 0.000000
vt 0.635671 0.000000
vt 0.646341 0.000000
vt 0.637195 0.000000
vt 0.638719 0.000000
vt 0.640244 0.000000
vt 0.641768 0.000000
vt 0.643293 0.000000
vt 0.644817 0.000000
vt 0.647866 0.000000
vt 0.416159 0.000000
vt 0.414634 0.000000
vt 0.649390 0.000000
vt 0.413110 0.000000
vt 0.411585 0.000000
vt 0.995427 0.000000
vt 0.996951 0.000000
vt 0.998476 0.000000
vt 0.410061 0.000000
vt 0.408537 0.000000
vt 0.407012 0.000000
vt 0.687500 0.000000
vt 0.405488 0.000000
vt 0.689024 0.000000
vt 0.690549 0.000000
vt 0.685976 0.000000
vt 0.650915 0.000000
vt 0.652439 0.000000
vt 0.403963 0.000000
vt 0.684451 0.000000
vt 0.653963 0.000000
vt 0.682927 0.000000
vt 0.655488 0.000000
vt 0.681402 0.000000
vt 0.708841 0.000000
vt 0.711890 0.000000
vt 0.710366 0.000000
vt 0.713415 0.000000
vt 0.707317 0.000000
vt 0.714939 0.000000
vt 0.705793 0.000000
vt 0.679878 0.000000
vt 0.657012 0.000000
vt 0.716463 0.000000
vt 0.704268 0.000000
vt 0.717988 0.000000
vt 0.678354 0.000000
vt 0.658537 0.000000
vt 0.702744 0.000000
vt 0.719512 0.000000
vt 0.676829 0.000000
vt 0.660061 0.000000
vt 0.721037 0.000000
vt 0.701219 0.000000
vt 0.675305 0.000000
vt 0.661585 0.000000
vt 0.673781 0.000000
vt 0.722561 0.000000
vt 0.663110 0.000000
vt 0.699695 0.000000
vt 0.672256 0.000000
vt 0.664634 0.000000
vt 0.670732 0.000000
vt 0.666159 0.000000
vt 0.669207 0.000000
vt 0.667683 0.000000
vt 0.724085 0.000000
vt 0.698171 0.000000
vt 0.725610 0.000000
vt 0.696646 0.000000
vt 0.727134 0.000000
vt 0.695122 0.000000
vt 0.728659 0.000000
vt 0.730183 0.000000
vt 0.693598 0.000000
vt 0.731707 0.000000
vt 0.733232 0.000000
vt 0.692073 0.000000
vt 0.734756 0.000000
vt 0.736281 0.000000
vt 0.737805 0.000000
vt 0.766768 0.000000
vt 0.739329 0.000000
vt 0.740854 0.000000
vt 0.742378 0.000000
vt 0.743902 0.000000
vt 0.745427 0.000000
vt 0.746951 0.000000
vt 0.748476 0.000000
vt 0.750000 0.000000
vt 0.751524 0.000000
vt 0.753049 0.000000
vt 0.754573 0.000000
vt 0.756098 0.000000
vt 0.757622 0.000000
vt 0.759146 0.000000
vt 0.760671 0.000000
vt 0.762195 0.000000
vt 0.763719 0.000000
vt 0.765244 0.000000
vt 0.768293 0.000000
vt 0.786585 0.000000
vt 0.789634 0.000000
vt 0.788110 0.000000
vt 0.791159 0.000000
vt 0.785061 0.000000
vt 0.792683 0.000000
vt 0.783537 0.000000
vt 0.794207 0.000000
vt 0.782012 0.000000
vt 0.795732 0.000000
vt 0.780488 0.000000
vt 0.797256 0.000000
vt 0.778963 0.000000
vt 0.798781 0.000000
vt 0.777439 0.000000
vt 0.800305 0.000000
vt 0.775915 0.000000
vt 0.801829 0.000000
vt 0.803354 0.000000
vt 0.774390 0.000000
vt 0.804878 0.000000
vt 0.772866 0.000000
vt 0.806402 0.000000
vt 0.771341 0.000000
vt 0.807927 0.000000
vt 0.809451 0.000000
vt 0.769817 0.000000
vt 0.810976 0.000000
vt 0.812500 0.000000
vt 0.814024 0.000000
vt 0.815549 0.000000
vt 0.817073 0.000000
vt 0.818598 0.000000
vt 0.820122 0.000000
vt 0.821646 0.000000
vt 0.823171 0.000000
vt 0.824695 0.000000
vt 0.826219 0.000000
vt 0.827744 0.000000
vt 0.402439 0.000000
vt 0.367378 0.000000
vt 0.829268 0.000000
vt 0.365854 0.000000
vt 0.830793 0.000000
vt 0.368902 0.000000
vt 0.364329 0.000000
vt 0.832317 0.000000
vt 0.400915 0.000000
vt 0.833841 0.000000
vt 0.370427 0.000000
vt 0.835366 0.000000
vt 0.836890 0.000000
vt 0.399390 0.000000
vt 0.371951 0.000000
vt 0.838415 0.000000
vt 0.397866 0.000000
vt 0.839939 0.000000
vt 0.373476 0.000000
vt 0.841463 0.000000
vt 0.396341 0.000000
vt 0.375000 0.000000
vt 0.842988 0.000000
vt 0.394817 0.000000
vt 0.173780 0.000000
vt 0.176829 0.000000
vt 0.175305 0.000000
vt 0.376524 0.000000
vt 0.178354 0.000000
vt 0.362805 0.000000
vt 0.844512 0.000000
vt 0.393293 0.000000
vt 0.179878 0.000000
vt 0.378049 0.000000
vt 0.172256 0.000000
vt 0.181402 0.000000
vt 0.391768 0.000000
vt 0.379573 0.000000
vt 0.182927 0.000000
vt 0.390244 0.000000
vt 0.381098 0.000000
vt 0.170732 0.000000
vt 0.388719 0.000000
vt 0.382622 0.000000
vt 0.184451 0.000000
vt 0.387195 0.000000
vt 0.384146 0.000000
vt 0.385671 0.000000
vt 0.185976 0.000000
vt 0.169207 0.000000
vt 0.187500 0.000000
vt 0.189024 0.000000
vt 0.167683 0.000000
vt 0.190549 0.000000
vt 0.846037 0.000000
vt 0.192073 0.000000
vt 0.361281 0.000000
vt 0.166159 0.000000
vt 0.193598 0.000000
vt 0.233232 0.000000
vt 0.236280 0.000000
vt 0.234756 0.000000
vt 0.237805 0.000000
vt 0.096037 0.000000
vt 0.099085 0.000000
vt 0.097561 0.000000
vt 0.195122 0.000000
vt 0.100610 0.000000
vt 0.239329 0.000000
vt 0.196646 0.000000
vt 0.164634 0.000000
vt 0.102134 0.000000
vt 0.240854 0.000000
vt 0.198171 0.000000
vt 0.103659 0.000000
vt 0.231707 0.000000
vt 0.242378 0.000000
vt 0.105183 0.000000
vt 0.199695 0.000000
vt 0.243902 0.000000
vt 0.106707 0.000000
vt 0.094512 0.000000
vt 0.245427 0.000000
vt 0.201220 0.000000
vt 0.108232 0.000000
vt 0.246951 0.000000
vt 0.109756 0.000000
vt 0.163110 0.000000
vt 0.847561 0.000000
vt 0.202744 0.000000
vt 0.248476 0.000000
vt 0.111280 0.000000
vt 0.230183 0.000000
vt 0.250000 0.000000
vt 0.112805 0.000000
vt 0.204268 0.000000
vt 0.251524 0.000000
vt 0.114329 0.000000
vt 0.253049 0.000000
vt 0.115854 0.000000
vt 0.254573 0.000000
vt 0.205793 0.000000
vt 0.117378 0.000000
vt 0.256098 0.000000
vt 0.092988 0.000000
vt 0.359756 0.000000
vt 0.118902 0.000000
vt 0.257622 0.000000
vt 0.207317 0.000000
vt 0.120427 0.000000
vt 0.259146 0.000000
vt 0.161585 0.000000
vt 0.121951 0.000000
vt 0.228659 0.000000
vt 0.260671 0.000000
vt 0.123476 0.000000
vt 0.208841 0.000000
vt 0.262195 0.000000
vt 0.125000 0.000000
vt 0.263719 0.000000
vt 0.210366 0.000000
vt 0.126524 0.000000
vt 0.265244 0.000000
vt 0.128049 0.000000
vt 0.266768 0.000000
vt 0.211890 0.000000
vt 0.129573 0.000000
vt 0.091463 0.000000
vt 0.268293 0.000000
vt 0.227134 0.000000
vt 0.131098 0.000000
vt 0.213415 0.000000
vt 0.160061 0.000000
vt 0.269817 0.000000
vt 0.132622 0.000000
vt 0.849085 0.000000
vt 0.271341 0.000000
vt 0.134146 0.000000
vt 0.272866 0.000000
vt 0.135671 0.000000
vt 0.225610 0.000000
vt 0.274390 0.000000
vt 0.137195 0.000000
vt 0.089939 0.000000
vt 0.275915 0.000000
vt 0.158537 0.000000
vt 0.138720 0.000000
vt 0.277439 0.000000
vt 0.358232 0.000000
vt 0.140244 0.000000
vt 0.278963 0.000000
vt 0.224085 0.000000
vt 0.141768 0.000000
vt 0.280488 0.000000
vt 0.143293 0.000000
vt 0.282012 0.000000
vt 0.088415 0.000000
vt 0.144817 0.000000
vt 0.157012 0.000000
vt 0.283537 0.000000
vt 0.850610 0.000000
vt 0.146341 0.000000
vt 0.285061 0.000000
vt 0.222561 0.000000
vt 0.147866 0.000000
vt 0.286585 0.000000
vt 0.288110 0.000000
vt 0.149390 0.000000
vt 0.289634 0.000000
vt 0.150915 0.000000
vt 0.221037 0.000000
vt 0.155488 0.000000
vt 0.291159 0.000000
vt 0.152439 0.000000
vt 0.086890 0.000000
vt 0.356707 0.000000
vt 0.153963 0.000000
vt 0.852134 0.000000
vt 0.219512 0.000000
vt 0.085366 0.000000
vt 0.217988 0.000000
vt 0.355183 0.000000
vt 0.292683 0.000000
vt 0.853659 0.000000
vt 0.216463 0.000000
vt 0.083841 0.000000
vt 0.214939 0.000000
vt 0.855183 0.000000
vt 0.353659 0.000000
vt 0.082317 0.000000
vt 0.856707 0.000000
vt 0.080793 0.000000
vt 0.352134 0.000000
vt 0.858232 0.000000
vt 0.079268 0.000000
vt 0.350610 0.000000
vt 0.859756 0.000000
vt 0.077744 0.000000
vt 0.349085 0.000000
vt 0.039634 0.000000
vt 0.038110 0.000000
vt 0.861281 0.000000
vt 0.347561 0.000000
vt 0.862805 0.000000
vt 0.864329 0.000000
vt 0.346037 0.000000
vt 0.344512 0.000000
vt 0.041159 0.000000
vt 0.036585 0.000000
vt 0.865854 0.000000
vt 0.342988 0.000000
vt 0.341463 0.000000
vt 0.339939 0.000000
vt 0.867378 0.000000
vt 0.338415 0.000000
vt 0.336890 0.000000
vt 0.335366 0.000000
vt 0.868902 0.000000
vt 0.333841 0.000000
vt 0.332317 0.000000
vt 0.330793 0.000000
vt 0.329268 0.000000
vt 0.870427 0.000000
vt 0.294207 0.000000
vt 0.327744 0.000000
vt 0.295732 0.000000
vt 0.326219 0.000000
vt 0.297256 0.000000
vt 0.324695 0.000000
vt 0.298781 0.000000
vt 0.323171 0.000000
vt 0.300305 0.000000
vt 0.321646 0.000000
vt 0.301829 0.000000
vt 0.320122 0.000000
vt 0.303354 0.000000
vt 0.318598 0.000000
vt 0.871951 0.000000
vt 0.304878 0.000000
vt 0.317073 0.000000
vt 0.306402 0.000000
vt 0.315549 0.000000
vt 0.307927 0.000000
vt 0.314024 0.000000
vt 0.309451 0.000000
vt 0.312500 0.000000
vt 0.310976 0.000000
vt 0.035061 0.000000
vt 0.873476 0.000000
vt 0.033537 0.000000
vt 0.032012 0.000000
vt 0.042683 0.000000
vt 0.875000 0.000000
vt 0.001524 0.000000
vt 0.987805 0.000000
vt 0.030488 0.000000
vt 0.076220 0.000000
vt 0.986281 0.000000
vt 0.044207 0.000000
vt 0.003049 0.000000
vt 0.028963 0.000000
vt 0.984756 0.000000
vt 0.004573 0.000000
vt 0.876524 0.000000
vt 0.074695 0.000000
vt 0.983232 0.000000
vt 0.027439 0.000000
vt 0.006098 0.000000
vt 0.045732 0.000000
vt 0.981707 0.000000
vt 0.007622 0.000000
vt 0.025915 0.000000
vt 0.073171 0.000000
vt 0.980183 0.000000
vt 0.009146 0.000000
vt 0.878049 0.000000
vt 0.024390 0.000000
vt 0.047256 0.000000
vt 0.010671 0.000000
vt 0.978659 0.000000
vt 0.022866 0.000000
vt 0.012195 0.000000
vt 0.071646 0.000000
vt 0.013720 0.000000
vt 0.021341 0.000000
vt 0.977134 0.000000
vt 0.015244 0.000000
vt 0.019817 0.000000
vt 0.048780 0.000000
vt 0.016768 0.000000
vt 0.018293 0.000000
vt 0.975610 0.000000
vt 0.879573 0.000000
vt 0.070122 0.000000
vt 0.974085 0.000000
vt 0.050305 0.000000
vt 0.068598 0.000000
vt 0.972561 0.000000
vt 0.051829 0.000000
vt 0.971037 0.000000
vt 0.881098 0.000000
vt 0.067073 0.000000
vt 0.969512 0.000000
vt 0.053354 0.000000
vt 0.065549 0.000000
vt 0.054878 0.000000
vt 0.967988 0.000000
vt 0.064024 0.000000
vt 0.882622 0.000000
vt 0.056402 0.000000
vt 0.062500 0.000000
vt 0.966463 0.000000
vt 0.057927 0.000000
vt 0.060976 0.000000
vt 0.059451 0.000000
vt 0.964939 0.000000
vt 0.884146 0.000000
vt 0.963415 0.000000
vt 0.885671 0.000000
vt 0.961890 0.000000
vt 0.960366 0.000000
vt 0.887195 0.000000
vt 0.958841 0.000000
vt 0.888719 0.000000
vt 0.957317 0.000000
vt 0.890244 0.000000
vt 0.955793 0.000000
vt 0.891768 0.000000
vt 0.954268 0.000000
vt 0.893293 0.000000
vt 0.952744 0.000000
vt 0.894817 0.000000
vt 0.951219 0.000000
vt 0.896341 0.000000
vt 0.949695 0.000000
vt 0.948171 0.000000
vt 0.897866 0.000000
vt 0.946646 0.000000
vt 0.899390 0.000000
vt 0.945122 0.000000
vt 0.943598 0.000000
vt 0.900915 0.000000
vt 0.942073 0.000000
vt 0.902439 0.000000
vt 0.940549 0.000000
vt 0.939024 0.000000
vt 0.903963 0.000000
vt 0.937500 0.000000
vt 0.935976 0.000000
vt 0.905488 0.000000
vt 0.934451 0.000000
vt 0.932927 0.000000
vt 0.907012 0.000000
vt 0.931402 0.000000
vt 0.908537 0.000000
vt 0.929878 0.000000
vt 0.928354 0.000000
vt 0.910061 0.000000
vt 0.926829 0.000000
vt 0.925305 0.000000
vt 0.911585 0.000000
vt 0.923781 0.000000
vt 0.913110 0.000000
vt 0.922256 0.000000
vt 0.920732 0.000000
vt 0.914634 0.000000
vt 0.919207 0.000000
vt 0.917683 0.000000
vt 0.916159 0.000000
vt 0.347573 0.000000
vt 0.351456 0.000000
vt 0.349515 0.000000
vt 0.345631 0.000000
vt 0.343689 0.000000
vt 0.353398 0.000000
vt 0.341748 0.000000
vt 0.339806 0.000000
vt 0.355340 0.000000
vt 0.337864 0.000000
vt 0.335922 0.000000
vt 0.357282 0.000000
vt 0.333981 0.000000
vt 0.332039 0.000000
vt 0.330097 0.000000
vt 0.359223 0.000000
vt 0.328155 0.000000
vt 0.326214 0.000000
vt 0.361165 0.000000
vt 0.324272 0.000000
vt 0.322330 0.000000
vt 0.363107 0.000000
vt 0.320388 0.000000
vt 0.318447 0.000000
vt 0.316505 0.000000
vt 0.365049 0.000000
vt 0.314563 0.000000
vt 0.312621 0.000000
vt 0.310680 0.000000
vt 0.366990 0.000000
vt 0.308738 0.000000
vt 0.306796 0.000000
vt 0.304854 0.000000
vt 0.302913 0.000000
vt 0.368932 0.000000
vt 0.300971 0.000000
vt 0.299029 0.000000
vt 0.297087 0.000000
vt 0.295146 0.000000
vt 0.293204 0.000000
vt 0.370874 0.000000
vt 0.291262 0.000000
vt 0.289320 0.000000
vt 0.287379 0.000000
vt 0.285437 0.000000
vt 0.283495 0.000000
vt 0.281553 0.000000
vt 0.372816 0.000000
vt 0.279612 0.000000
vt 0.277670 0.000000
vt 0.275728 0.000000
vt 0.374757 0.000000
vt 0.273786 0.000000
vt 0.376699 0.000000
vt 0.271845 0.000000
vt 0.269903 0.000000
vt 0.378641 0.000000
vt 0.267961 0.000000
vt 0.380583 0.000000
vt 0.266019 0.000000
vt 0.264078 0.000000
vt 0.382524 0.000000
vt 0.262136 0.000000
vt 0.384466 0.000000
vt 0.260194 0.000000
vt 0.386408 0.000000
vt 0.258252 0.000000
vt 0.388350 0.000000
vt 0.256311 0.000000
vt 0.390291 0.000000
vt 0.254369 0.000000
vt 0.252427 0.000000
vt 0.392233 0.000000
vt 0.250485 0.000000
vt 0.394175 0.000000
vt 0.248544 0.000000
vt 0.396116 0.000000
vt 0.246602 0.000000
vt 0.398058 0.000000
vt 0.244660 0.000000
vt 0.400000 0.000000
vt 0.242718 0.000000
vt 0.401942 0.000000
vt 0.240777 0.000000
vt 0.403883 0.000000
vt 0.405825 0.000000
vt 0.238835 0.000000
vt 0.407767 0.000000
vt 0.409709 0.000000
vt 0.236893 0.000000
vt 0.411650 0.000000
vt 0.234951 0.000000
vt 0.413592 0.000000
vt 0.415534 0.000000
vt 0.417476 0.000000
vt 0.233010 0.000000
vt 0.419417 0.000000
vt 0.421359 0.000000
vt 0.231068 0.000000
vt 0.423301 0.000000
vt 0.425243 0.000000
vt 0.427184 0.000000
vt 0.429126 0.000000
vt 0.431068 0.000000
vt 0.433010 0.000000
vt 0.229126 0.000000
vt 0.434951 0.000000
vt 0.436893 0.000000
vt 0.438835 0.000000
vt 0.440777 0.000000
vt 0.442718 0.000000
vt 0.444660 0.000000
vt 0.227184 0.000000
vt 0.446602 0.000000
vt 0.225243 0.000000
vt 0.448544 0.000000
vt 0.223301 0.000000
vt 0.450485 0.000000
vt 0.221359 0.000000
vt 0.452427 0.000000
vt 0.219417 0.000000
vt 0.580582 0.000000
vt 0.584466 0.000000
vt 0.582524 0.000000
vt 0.578641 0.000000
vt 0.586408 0.000000
vt 0.576699 0.000000
vt 0.588350 0.000000
vt 0.574757 0.000000
vt 0.590291 0.000000
vt 0.572816 0.000000
vt 0.592233 0.000000
vt 0.570874 0.000000
vt 0.454369 0.000000
vt 0.568932 0.000000
vt 0.594175 0.000000
vt 0.217476 0.000000
vt 0.566990 0.000000
vt 0.596116 0.000000
vt 0.565049 0.000000
vt 0.598058 0.000000
vt 0.563107 0.000000
vt 0.456311 0.000000
vt 0.600000 0.000000
vt 0.561165 0.000000
vt 0.215534 0.000000
vt 0.601942 0.000000
vt 0.559223 0.000000
vt 0.557282 0.000000
vt 0.603884 0.000000
vt 0.555340 0.000000
vt 0.458252 0.000000
vt 0.213592 0.000000
vt 0.553398 0.000000
vt 0.551456 0.000000
vt 0.605825 0.000000
vt 0.549515 0.000000
vt 0.547573 0.000000
vt 0.545631 0.000000
vt 0.607767 0.000000
vt 0.543689 0.000000
vt 0.211650 0.000000
vt 0.460194 0.000000
vt 0.609709 0.000000
vt 0.541748 0.000000
vt 0.539806 0.000000
vt 0.611650 0.000000
vt 0.537864 0.000000
vt 0.613592 0.000000
vt 0.535922 0.000000
vt 0.533981 0.000000
vt 0.615534 0.000000
vt 0.209709 0.000000
vt 0.462136 0.000000
vt 0.532039 0.000000
vt 0.617476 0.000000
vt 0.619417 0.000000
vt 0.530097 0.000000
vt 0.207767 0.000000
vt 0.621359 0.000000
vt 0.528155 0.000000
vt 0.464078 0.000000
vt 0.526214 0.000000
vt 0.623301 0.000000
vt 0.524272 0.000000
vt 0.625243 0.000000
vt 0.522330 0.000000
vt 0.627184 0.000000
vt 0.520388 0.000000
vt 0.466019 0.000000
vt 0.518447 0.000000
vt 0.629126 0.000000
vt 0.516505 0.000000
vt 0.631068 0.000000
vt 0.514563 0.000000
vt 0.205825 0.000000
vt 0.512621 0.000000
vt 0.510680 0.000000
vt 0.467961 0.000000
vt 0.508738 0.000000
vt 0.633010 0.000000
vt 0.469903 0.000000
vt 0.506796 0.000000
vt 0.471845 0.000000
vt 0.504854 0.000000
vt 0.473786 0.000000
vt 0.502913 0.000000
vt 0.475728 0.000000
vt 0.500971 0.000000
vt 0.477670 0.000000
vt 0.499029 0.000000
vt 0.479612 0.000000
vt 0.497087 0.000000
vt 0.481553 0.000000
vt 0.495146 0.000000
vt 0.483495 0.000000
vt 0.493204 0.000000
vt 0.485437 0.000000
vt 0.491262 0.000000
vt 0.487379 0.000000
vt 0.489320 0.000000
vt 0.634951 0.000000
vt 0.636893 0.000000
vt 0.638835 0.000000
vt 0.640777 0.000000
vt 0.203883 0.000000
vt 0.642718 0.000000
vt 0.644660 0.000000
vt 0.646602 0.000000
vt 0.648544 0.000000
vt 0.650485 0.000000
vt 0.658252 0.000000
vt 0.656311 0.000000
vt 0.654369 0.000000
vt 0.652427 0.000000
vt 0.660194 0.000000
vt 0.662136 0.000000
vt 0.664078 0.000000
vt 0.666019 0.000000
vt 0.667961 0.000000
vt 0.669903 0.000000
vt 0.671845 0.000000
vt 0.673786 0.000000
vt 0.675728 0.000000
vt 0.677670 0.000000
vt 0.679612 0.000000
vt 0.681553 0.000000
vt 0.683495 0.000000
vt 0.685437 0.000000
vt 0.687379 0.000000
vt 0.689320 0.000000
vt 0.691262 0.000000
vt 0.693204 0.000000
vt 0.201942 0.000000
vt 0.093204 0.000000
vt 0.095146 0.000000
vt 0.091262 0.000000
vt 0.695146 0.000000
vt 0.697087 0.000000
vt 0.699029 0.000000
vt 0.700971 0.000000
vt 0.089320 0.000000
vt 0.702913 0.000000
vt 0.087379 0.000000
vt 0.001942 0.000000
vt 0.003883 0.000000
vt 0.005825 0.000000
vt 0.704854 0.000000
vt 0.007767 0.000000
vt 0.009709 0.000000
vt 0.011650 0.000000
vt 0.998058 0.000000
vt 0.013592 0.000000
vt 0.085437 0.000000
vt 0.015534 0.000000
vt 0.017476 0.000000
vt 0.706796 0.000000
vt 0.019417 0.000000
vt 0.021359 0.000000
vt 0.023301 0.000000
vt 0.025243 0.000000
vt 0.027184 0.000000
vt 0.996117 0.000000
vt 0.029126 0.000000
vt 0.083495 0.000000
vt 0.708738 0.000000
vt 0.200000 0.000000
vt 0.031068 0.000000
vt 0.097087 0.000000
vt 0.033010 0.000000
vt 0.034951 0.000000
vt 0.036893 0.000000
vt 0.994175 0.000000
vt 0.038835 0.000000
vt 0.081553 0.000000
vt 0.710680 0.000000
vt 0.040777 0.000000
vt 0.042718 0.000000
vt 0.044660 0.000000
vt 0.046602 0.000000
vt 0.079612 0.000000
vt 0.992233 0.000000
vt 0.048544 0.000000
vt 0.712621 0.000000
vt 0.050485 0.000000
vt 0.077670 0.000000
vt 0.052427 0.000000
vt 0.990291 0.000000
vt 0.054369 0.000000
vt 0.714563 0.000000
vt 0.075728 0.000000
vt 0.056311 0.000000
vt 0.058252 0.000000
vt 0.073786 0.000000
vt 0.060194 0.000000
vt 0.988349 0.000000
vt 0.062136 0.000000
vt 0.071845 0.000000
vt 0.064078 0.000000
vt 0.066019 0.000000
vt 0.069903 0.000000
vt 0.067961 0.000000
vt 0.716505 0.000000
vt 0.986408 0.000000
vt 0.718447 0.000000
vt 0.198058 0.000000
vt 0.984466 0.000000
vt 0.099029 0.000000
vt 0.720388 0.000000
vt 0.982524 0.000000
vt 0.980583 0.000000
vt 0.722330 0.000000
vt 0.978641 0.000000
vt 0.724272 0.000000
vt 0.976699 0.000000
vt 0.726214 0.000000
vt 0.974757 0.000000
vt 0.728155 0.000000
vt 0.730097 0.000000
vt 0.972816 0.000000
vt 0.100971 0.000000
vt 0.732039 0.000000
vt 0.196117 0.000000
vt 0.970874 0.000000
vt 0.733981 0.000000
vt 0.735922 0.000000
vt 0.968932 0.000000
vt 0.737864 0.000000
vt 0.739806 0.000000
vt 0.966990 0.000000
vt 0.741748 0.000000
vt 0.965049 0.000000
vt 0.743689 0.000000
vt 0.102913 0.000000
vt 0.194175 0.000000
vt 0.745631 0.000000
vt 0.963107 0.000000
vt 0.747573 0.000000
vt 0.749515 0.000000
vt 0.961165 0.000000
vt 0.751456 0.000000
vt 0.753398 0.000000
vt 0.755340 0.000000
vt 0.104854 0.000000
vt 0.959223 0.000000
vt 0.757282 0.000000
vt 0.192233 0.000000
vt 0.759223 0.000000
vt 0.761165 0.000000
vt 0.957282 0.000000
vt 0.763107 0.000000
vt 0.765049 0.000000
vt 0.766990 0.000000
vt 0.955340 0.000000
vt 0.768932 0.000000
vt 0.106796 0.000000
vt 0.770874 0.000000
vt 0.190291 0.000000
vt 0.772816 0.000000
vt 0.774757 0.000000
vt 0.953398 0.000000
vt 0.776699 0.000000
vt 0.778641 0.000000
vt 0.780583 0.000000
vt 0.108738 0.000000
vt 0.782524 0.000000
vt 0.784466 0.000000
vt 0.188350 0.000000
vt 0.786408 0.000000
vt 0.788350 0.000000
vt 0.790291 0.000000
vt 0.110680 0.000000
vt 0.792233 0.000000
vt 0.951456 0.000000
vt 0.794175 0.000000
vt 0.186408 0.000000
vt 0.112621 0.000000
vt 0.184466 0.000000
vt 0.796117 0.000000
vt 0.114563 0.000000
vt 0.182524 0.000000
vt 0.949515 0.000000
vt 0.180583 0.000000
vt 0.178641 0.000000
vt 0.176699 0.000000
vt 0.174757 0.000000
vt 0.116505 0.000000
vt 0.172816 0.000000
vt 0.170874 0.000000
vt 0.168932 0.000000
vt 0.166990 0.000000
vt 0.165049 0.000000
vt 0.163107 0.000000
vt 0.798058 0.000000
vt 0.161165 0.000000
vt 0.159223 0.000000
vt 0.118447 0.000000
vt 0.120388 0.000000
vt 0.157282 0.000000
vt 0.122330 0.000000
vt 0.155340 0.000000
vt 0.124272 0.000000
vt 0.153398 0.000000
vt 0.947573 0.000000
vt 0.126214 0.000000
vt 0.151456 0.000000
vt 0.128155 0.000000
vt 0.149515 0.000000
vt 0.130097 0.000000
vt 0.147573 0.000000
vt 0.132039 0.000000
vt 0.145631 0.000000
vt 0.133981 0.000000
vt 0.143689 0.000000
vt 0.135922 0.000000
vt 0.141748 0.000000
vt 0.137864 0.000000
vt 0.139806 0.000000
vt 0.800000 0.000000
vt 0.945631 0.000000
vt 0.801942 0.000000
vt 0.943689 0.000000
vt 0.803883 0.000000
vt 0.941748 0.000000
vt 0.805825 0.000000
vt 0.939806 0.000000
vt 0.807767 0.000000
vt 0.809709 0.000000
vt 0.937864 0.000000
vt 0.811651 0.000000
vt 0.935922 0.000000
vt 0.813592 0.000000
vt 0.933981 0.000000
vt 0.815534 0.000000
vt 0.932039 0.000000
vt 0.817476 0.000000
vt 0.930097 0.000000
vt 0.819417 0.000000
vt 0.928155 0.000000
vt 0.821359 0.000000
vt 0.926214 0.000000
vt 0.924272 0.000000
vt 0.823301 0.000000
vt 0.922330 0.000000
vt 0.825243 0.000000
vt 0.920388 0.000000
vt 0.827184 0.000000
vt 0.918447 0.000000
vt 0.916505 0.000000
vt 0.829126 0.000000
vt 0.914563 0.000000
vt 0.831068 0.000000
vt 0.912621 0.000000
vt 0.833010 0.000000
vt 0.910680 0.000000
vt 0.834951 0.000000
vt 0.908738 0.000000
vt 0.836893 0.000000
vt 0.906796 0.000000
vt 0.904854 0.000000
vt 0.902913 0.000000
vt 0.900971 0.000000
vt 0.899029 0.000000
vt 0.897087 0.000000
vt 0.838835 0.000000
vt 0.895146 0.000000
vt 0.893204 0.000000
vt 0.891262 0.000000
vt 0.889320 0.000000
vt 0.887379 0.000000
vt 0.885437 0.000000
vt 0.883495 0.000000
vt 0.840777 0.000000
vt 0.881553 0.000000
vt 0.842718 0.000000
vt 0.879612 0.000000
vt 0.844660 0.000000
vt 0.877670 0.000000
vt 0.846602 0.000000
vt 0.875728 0.000000
vt 0.848544 0.000000
vt 0.873786 0.000000
vt 0.850485 0.000000
vt 0.871845 0.000000
vt 0.852427 0.000000
vt 0.869903 0.000000
vt 0.854369 0.000000
vt 0.867961 0.000000
vt 0.856311 0.000000
vt 0.866019 0.000000
vt 0.858252 0.000000
vt 0.864078 0.000000
vt 0.860194 0.000000
vt 0.862136 0.000000
vt 0.114187 0.000000
vt 0.116494 0.000000
vt 0.115340 0.000000
vt 0.117647 0.000000
vt 0.118800 0.000000
vt 0.113033 0.000000
vt 0.119954 0.000000
vt 0.121107 0.000000
vt 0.122261 0.000000
vt 0.123414 0.000000
vt 0.111880 0.000000
vt 0.124567 0.000000
vt 0.125721 0.000000
vt 0.126874 0.000000
vt 0.128028 0.000000
vt 0.110727 0.000000
vt 0.129181 0.000000
vt 0.130334 0.000000
vt 0.131488 0.000000
vt 0.132641 0.000000
vt 0.133795 0.000000
vt 0.134948 0.000000
vt 0.109573 0.000000
vt 0.136101 0.000000
vt 0.137255 0.000000
vt 0.138408 0.000000
vt 0.139562 0.000000
vt 0.108420 0.000000
vt 0.140715 0.000000
vt 0.141869 0.000000
vt 0.143022 0.000000
vt 0.144175 0.000000
vt 0.107266 0.000000
vt 0.145329 0.000000
vt 0.146482 0.000000
vt 0.147636 0.000000
vt 0.106113 0.000000
vt 0.148789 0.000000
vt 0.149942 0.000000
vt 0.151096 0.000000
vt 0.152249 0.000000
vt 0.153403 0.000000
vt 0.104960 0.000000
vt 0.154556 0.000000
vt 0.155709 0.000000
vt 0.156863 0.000000
vt 0.158016 0.000000
vt 0.159170 0.000000
vt 0.160323 0.000000
vt 0.161476 0.000000
vt 0.103806 0.000000
vt 0.162630 0.000000
vt 0.163783 0.000000
vt 0.164937 0.000000
vt 0.166090 0.000000
vt 0.167243 0.000000
vt 0.168397 0.000000
vt 0.102653 0.000000
vt 0.169550 0.000000
vt 0.170704 0.000000
vt 0.171857 0.000000
vt 0.101499 0.000000
vt 0.100346 0.000000
vt 0.173010 0.000000
vt 0.099193 0.000000
vt 0.174164 0.000000
vt 0.098039 0.000000
vt 0.071511 0.000000
vt 0.073818 0.000000
vt 0.072664 0.000000
vt 0.175317 0.000000
vt 0.074971 0.000000
vt 0.096886 0.000000
vt 0.198385 0.000000
vt 0.200692 0.000000
vt 0.199539 0.000000
vt 0.201845 0.000000
vt 0.197232 0.000000
vt 0.202999 0.000000
vt 0.196078 0.000000
vt 0.204152 0.000000
vt 0.194925 0.000000
vt 0.076125 0.000000
vt 0.205306 0.000000
vt 0.176471 0.000000
vt 0.193772 0.000000
vt 0.095732 0.000000
vt 0.206459 0.000000
vt 0.077278 0.000000
vt 0.192618 0.000000
vt 0.070358 0.000000
vt 0.207612 0.000000
vt 0.177624 0.000000
vt 0.094579 0.000000
vt 0.078431 0.000000
vt 0.191465 0.000000
vt 0.208766 0.000000
vt 0.079585 0.000000
vt 0.190311 0.000000
vt 0.178777 0.000000
vt 0.209919 0.000000
vt 0.093426 0.000000
vt 0.080738 0.000000
vt 0.211073 0.000000
vt 0.189158 0.000000
vt 0.092272 0.000000
vt 0.179931 0.000000
vt 0.069204 0.000000
vt 0.081892 0.000000
vt 0.212226 0.000000
vt 0.188005 0.000000
vt 0.091119 0.000000
vt 0.181084 0.000000
vt 0.083045 0.000000
vt 0.213379 0.000000
vt 0.089965 0.000000
vt 0.182238 0.000000
vt 0.186851 0.000000
vt 0.084198 0.000000
vt 0.068051 0.000000
vt 0.214533 0.000000
vt 0.088812 0.000000
vt 0.085352 0.000000
vt 0.183391 0.000000
vt 0.185698 0.000000
vt 0.215686 0.000000
vt 0.087659 0.000000
vt 0.086505 0.000000
vt 0.184544 0.000000
vt 0.216840 0.000000
vt 0.217993 0.000000
vt 0.219146 0.000000
vt 0.066897 0.000000
vt 0.220300 0.000000
vt 0.221453 0.000000
vt 0.222607 0.000000
vt 0.223760 0.000000
vt 0.224913 0.000000
vt 0.226067 0.000000
vt 0.227220 0.000000
vt 0.228374 0.000000
vt 0.065744 0.000000
vt 0.528258 0.000000
vt 0.527105 0.000000
vt 0.540946 0.000000
vt 0.539792 0.000000
vt 0.229527 0.000000
vt 0.524798 0.000000
vt 0.525952 0.000000
vt 0.542099 0.000000
vt 0.538639 0.000000
vt 0.241061 0.000000
vt 0.230681 0.000000
vt 0.231834 0.000000
vt 0.232987 0.000000
vt 0.234141 0.000000
vt 0.235294 0.000000
vt 0.236448 0.000000
vt 0.064591 0.000000
vt 0.237601 0.000000
vt 0.238754 0.000000
vt 0.239908 0.000000
vt 0.242215 0.000000
vt 0.063437 0.000000
vt 0.062284 0.000000
vt 0.061130 0.000000
vt 0.243368 0.000000
vt 0.059977 0.000000
vt 0.058824 0.000000
vt 0.057670 0.000000
vt 0.529412 0.000000
vt 0.532872 0.000000
vt 0.536332 0.000000
vt 0.535179 0.000000
vt 0.530565 0.000000
vt 0.531719 0.000000
vt 0.537486 0.000000
vt 0.534025 0.000000
vt 0.001153 0.000000
vt 0.244521 0.000000
vt 0.245675 0.000000
vt 0.246828 0.000000
vt 0.299885 0.000000
vt 0.298731 0.000000
vt 0.247982 0.000000
vt 0.002307 0.000000
vt 0.523645 0.000000
vt 0.301038 0.000000
vt 0.297578 0.000000
vt 0.249135 0.000000
vt 0.296424 0.000000
vt 0.003460 0.000000
vt 0.250288 0.000000
vt 0.295271 0.000000
vt 0.004614 0.000000
vt 0.251442 0.000000
vt 0.294118 0.000000
vt 0.292964 0.000000
vt 0.252595 0.000000
vt 0.005767 0.000000
vt 0.056517 0.000000
vt 0.291811 0.000000
vt 0.253749 0.000000
vt 0.290657 0.000000
vt 0.055363 0.000000
vt 0.006920 0.000000
vt 0.254902 0.000000
vt 0.289504 0.000000
vt 0.054210 0.000000
vt 0.986159 0.000000
vt 0.988466 0.000000
vt 0.987313 0.000000
vt 0.288351 0.000000
vt 0.256055 0.000000
vt 0.008074 0.000000
vt 0.985006 0.000000
vt 0.287197 0.000000
vt 0.053057 0.000000
vt 0.989619 0.000000
vt 0.257209 0.000000
vt 0.286044 0.000000
vt 0.983852 0.000000
vt 0.258362 0.000000
vt 0.009227 0.000000
vt 0.284890 0.000000
vt 0.051903 0.000000
vt 0.990773 0.000000
vt 0.982699 0.000000
vt 0.283737 0.000000
vt 0.259516 0.000000
vt 0.282584 0.000000
vt 0.260669 0.000000
vt 0.050750 0.000000
vt 0.010381 0.000000
vt 0.981546 0.000000
vt 0.991926 0.000000
vt 0.281430 0.000000
vt 0.261822 0.000000
vt 0.280277 0.000000
vt 0.262976 0.000000
vt 0.980392 0.000000
vt 0.049596 0.000000
vt 0.279123 0.000000
vt 0.264129 0.000000
vt 0.011534 0.000000
vt 0.993080 0.000000
vt 0.277970 0.000000
vt 0.265283 0.000000
vt 0.276817 0.000000
vt 0.266436 0.000000
vt 0.979239 0.000000
vt 0.048443 0.000000
vt 0.275663 0.000000
vt 0.267589 0.000000
vt 0.274510 0.000000
vt 0.268743 0.000000
vt 0.273356 0.000000
vt 0.269896 0.000000
vt 0.272203 0.000000
vt 0.012687 0.000000
vt 0.271050 0.000000
vt 0.994233 0.000000
vt 0.047290 0.000000
vt 0.978085 0.000000
vt 0.013841 0.000000
vt 0.046136 0.000000
vt 0.976932 0.000000
vt 0.995386 0.000000
vt 0.569781 0.000000
vt 0.572088 0.000000
vt 0.570934 0.000000
vt 0.044983 0.000000
vt 0.014994 0.000000
vt 0.975779 0.000000
vt 0.043829 0.000000
vt 0.996540 0.000000
vt 0.016148 0.000000
vt 0.573241 0.000000
vt 0.042676 0.000000
vt 0.974625 0.000000
vt 0.017301 0.000000
vt 0.041522 0.000000
vt 0.568627 0.000000
vt 0.997693 0.000000
vt 0.018454 0.000000
vt 0.574394 0.000000
vt 0.040369 0.000000
vt 0.973472 0.000000
vt 0.019608 0.000000
vt 0.039216 0.000000
vt 0.020761 0.000000
vt 0.998847 0.000000
vt 0.038062 0.000000
vt 0.972318 0.000000
vt 0.575548 0.000000
vt 0.021915 0.000000
vt 0.036909 0.000000
vt 0.023068 0.000000
vt 0.567474 0.000000
vt 0.035755 0.000000
vt 0.024221 0.000000
vt 0.034602 0.000000
vt 0.025375 0.000000
vt 0.576701 0.000000
vt 0.033449 0.000000
vt 0.026528 0.000000
vt 0.032295 0.000000
vt 0.027682 0.000000
vt 0.031142 0.000000
vt 0.028835 0.000000
vt 0.029988 0.000000
vt 0.577855 0.000000
vt 0.862745 0.000000
vt 0.566321 0.000000
vt 0.579008 0.000000
vt 0.863899 0.000000
vt 0.580161 0.000000
vt 0.865052 0.000000
vt 0.581315 0.000000
vt 0.565167 0.000000
vt 0.582468 0.000000
vt 0.866205 0.000000
vt 0.583622 0.000000
vt 0.867359 0.000000
vt 0.584775 0.000000
vt 0.564014 0.000000
vt 0.585928 0.000000
vt 0.868512 0.000000
vt 0.587082 0.000000
vt 0.588235 0.000000
vt 0.869666 0.000000
vt 0.589389 0.000000
vt 0.590542 0.000000
vt 0.870819 0.000000
vt 0.971165 0.000000
vt 0.562860 0.000000
vt 0.591695 0.000000
vt 0.871972 0.000000
vt 0.592849 0.000000
vt 0.594002 0.000000
vt 0.873126 0.000000
vt 0.595156 0.000000
vt 0.874279 0.000000
vt 0.596309 0.000000
vt 0.561707 0.000000
vt 0.875433 0.000000
vt 0.597463 0.000000
vt 0.876586 0.000000
vt 0.598616 0.000000
vt 0.877739 0.000000
vt 0.599769 0.000000
vt 0.560554 0.000000
vt 0.600923 0.000000
vt 0.602076 0.000000
vt 0.603230 0.000000
vt 0.559400 0.000000
vt 0.604383 0.000000
vt 0.605536 0.000000
vt 0.606690 0.000000
vt 0.970012 0.000000
vt 0.607843 0.000000
vt 0.558247 0.000000
vt 0.608997 0.000000
vt 0.610150 0.000000
vt 0.611303 0.000000
vt 0.612457 0.000000
vt 0.613610 0.000000
vt 0.557093 0.000000
vt 0.878893 0.000000
vt 0.555940 0.000000
vt 0.614764 0.000000
vt 0.968858 0.000000
vt 0.554787 0.000000
vt 0.615917 0.000000
vt 0.880046 0.000000
vt 0.553633 0.000000
vt 0.617070 0.000000
vt 0.967705 0.000000
vt 0.694348 0.000000
vt 0.696655 0.000000
vt 0.695502 0.000000
vt 0.697809 0.000000
vt 0.698962 0.000000
vt 0.693195 0.000000
vt 0.700115 0.000000
vt 0.701269 0.000000
vt 0.702422 0.000000
vt 0.692042 0.000000
vt 0.703576 0.000000
vt 0.704729 0.000000
vt 0.705882 0.000000
vt 0.690888 0.000000
vt 0.707036 0.000000
vt 0.708189 0.000000
vt 0.709343 0.000000
vt 0.689735 0.000000
vt 0.710496 0.000000
vt 0.688581 0.000000
vt 0.687428 0.000000
vt 0.686275 0.000000
vt 0.685121 0.000000
vt 0.683968 0.000000
vt 0.682814 0.000000
vt 0.681661 0.000000
vt 0.552480 0.000000
vt 0.680507 0.000000
vt 0.679354 0.000000
vt 0.678201 0.000000
vt 0.677047 0.000000
vt 0.675894 0.000000
vt 0.674740 0.000000
vt 0.618224 0.000000
vt 0.673587 0.000000
vt 0.672434 0.000000
vt 0.671280 0.000000
vt 0.670127 0.000000
vt 0.668973 0.000000
vt 0.667820 0.000000
vt 0.666667 0.000000
vt 0.711649 0.000000
vt 0.665513 0.000000
vt 0.551326 0.000000
vt 0.966551 0.000000
vt 0.881200 0.000000
vt 0.664360 0.000000
vt 0.619377 0.000000
vt 0.712803 0.000000
vt 0.663206 0.000000
vt 0.662053 0.000000
vt 0.713956 0.000000
vt 0.550173 0.000000
vt 0.620531 0.000000
vt 0.660900 0.000000
vt 0.715110 0.000000
vt 0.965398 0.000000
vt 0.659746 0.000000
vt 0.549020 0.000000
vt 0.621684 0.000000
vt 0.882353 0.000000
vt 0.658593 0.000000
vt 0.716263 0.000000
vt 0.382930 0.000000
vt 0.385236 0.000000
vt 0.384083 0.000000
vt 0.381776 0.000000
vt 0.386390 0.000000
vt 0.380623 0.000000
vt 0.387543 0.000000
vt 0.379469 0.000000
vt 0.388697 0.000000
vt 0.378316 0.000000
vt 0.389850 0.000000
vt 0.377163 0.000000
vt 0.391003 0.000000
vt 0.376009 0.000000
vt 0.392157 0.000000
vt 0.374856 0.000000
vt 0.393310 0.000000
vt 0.373702 0.000000
vt 0.394464 0.000000
vt 0.547866 0.000000
vt 0.372549 0.000000
vt 0.395617 0.000000
vt 0.371396 0.000000
vt 0.396770 0.000000
vt 0.657439 0.000000
vt 0.370242 0.000000
vt 0.397924 0.000000
vt 0.369089 0.000000
vt 0.399077 0.000000
vt 0.622837 0.000000
vt 0.717416 0.000000
vt 0.656286 0.000000
vt 0.964245 0.000000
vt 0.546713 0.000000
vt 0.623991 0.000000
vt 0.655133 0.000000
vt 0.718570 0.000000
vt 0.883506 0.000000
vt 0.400231 0.000000
vt 0.367935 0.000000
vt 0.545559 0.000000
vt 0.653979 0.000000
vt 0.625144 0.000000
vt 0.719723 0.000000
vt 0.544406 0.000000
vt 0.652826 0.000000
vt 0.401384 0.000000
vt 0.651672 0.000000
vt 0.650519 0.000000
vt 0.649366 0.000000
vt 0.963091 0.000000
vt 0.648212 0.000000
vt 0.647059 0.000000
vt 0.645905 0.000000
vt 0.644752 0.000000
vt 0.643599 0.000000
vt 0.642445 0.000000
vt 0.641292 0.000000
vt 0.640138 0.000000
vt 0.638985 0.000000
vt 0.626298 0.000000
vt 0.637832 0.000000
vt 0.720877 0.000000
vt 0.366782 0.000000
vt 0.636678 0.000000
vt 0.635525 0.000000
vt 0.634371 0.000000
vt 0.543253 0.000000
vt 0.633218 0.000000
vt 0.884660 0.000000
vt 0.632065 0.000000
vt 0.630911 0.000000
vt 0.629758 0.000000
vt 0.402537 0.000000
vt 0.628604 0.000000
vt 0.627451 0.000000
vt 0.522491 0.000000
vt 0.846597 0.000000
vt 0.848904 0.000000
vt 0.847751 0.000000
vt 0.722030 0.000000
vt 0.850058 0.000000
vt 0.851211 0.000000
vt 0.852364 0.000000
vt 0.853518 0.000000
vt 0.854671 0.000000
vt 0.855825 0.000000
vt 0.856978 0.000000
vt 0.858131 0.000000
vt 0.859285 0.000000
vt 0.860438 0.000000
vt 0.861592 0.000000
vt 0.365629 0.000000
vt 0.961938 0.000000
vt 0.403691 0.000000
vt 0.845444 0.000000
vt 0.778547 0.000000
vt 0.723183 0.000000
vt 0.779700 0.000000
vt 0.777393 0.000000
vt 0.885813 0.000000
vt 0.404844 0.000000
vt 0.844291 0.000000
vt 0.364475 0.000000
vt 0.776240 0.000000
vt 0.780854 0.000000
vt 0.724337 0.000000
vt 0.725490 0.000000
vt 0.775087 0.000000
vt 0.960784 0.000000
vt 0.782007 0.000000
vt 0.843137 0.000000
vt 0.405998 0.000000
vt 0.726644 0.000000
vt 0.773933 0.000000
vt 0.727797 0.000000
vt 0.783160 0.000000
vt 0.363322 0.000000
vt 0.728950 0.000000
vt 0.772780 0.000000
vt 0.841984 0.000000
vt 0.407151 0.000000
vt 0.886967 0.000000
vt 0.784314 0.000000
vt 0.730104 0.000000
vt 0.771626 0.000000
vt 0.731257 0.000000
vt 0.785467 0.000000
vt 0.840830 0.000000
vt 0.770473 0.000000
vt 0.732411 0.000000
vt 0.408305 0.000000
vt 0.362168 0.000000
vt 0.959631 0.000000
vt 0.769319 0.000000
vt 0.733564 0.000000
vt 0.786621 0.000000
vt 0.734717 0.000000
vt 0.768166 0.000000
vt 0.839677 0.000000
vt 0.409458 0.000000
vt 0.787774 0.000000
vt 0.735871 0.000000
vt 0.767013 0.000000
vt 0.737024 0.000000
vt 0.765859 0.000000
vt 0.361015 0.000000
vt 0.838524 0.000000
vt 0.788927 0.000000
vt 0.410611 0.000000
vt 0.764706 0.000000
vt 0.738178 0.000000
vt 0.888120 0.000000
vt 0.763552 0.000000
vt 0.739331 0.000000
vt 0.762399 0.000000
vt 0.790081 0.000000
vt 0.740484 0.000000
vt 0.411765 0.000000
vt 0.302191 0.000000
vt 0.837370 0.000000
vt 0.761246 0.000000
vt 0.741638 0.000000
vt 0.760092 0.000000
vt 0.742791 0.000000
vt 0.791234 0.000000
vt 0.412918 0.000000
vt 0.758939 0.000000
vt 0.359862 0.000000
vt 0.958477 0.000000
vt 0.743945 0.000000
vt 0.757785 0.000000
vt 0.745098 0.000000
vt 0.414072 0.000000
vt 0.756632 0.000000
vt 0.836217 0.000000
vt 0.746251 0.000000
vt 0.755479 0.000000
vt 0.303345 0.000000
vt 0.747405 0.000000
vt 0.792388 0.000000
vt 0.754325 0.000000
vt 0.748558 0.000000
vt 0.415225 0.000000
vt 0.753172 0.000000
vt 0.749712 0.000000
vt 0.752018 0.000000
vt 0.750865 0.000000
vt 0.416378 0.000000
vt 0.835063 0.000000
vt 0.793541 0.000000
vt 0.417532 0.000000
vt 0.957324 0.000000
vt 0.358708 0.000000
vt 0.418685 0.000000
vt 0.304498 0.000000
vt 0.794694 0.000000
vt 0.833910 0.000000
vt 0.419839 0.000000
vt 0.889273 0.000000
vt 0.420992 0.000000
vt 0.795848 0.000000
vt 0.422145 0.000000
vt 0.832757 0.000000
vt 0.956171 0.000000
vt 0.423299 0.000000
vt 0.305652 0.000000
vt 0.357555 0.000000
vt 0.797001 0.000000
vt 0.424452 0.000000
vt 0.425606 0.000000
vt 0.521338 0.000000
vt 0.831603 0.000000
vt 0.426759 0.000000
vt 0.798155 0.000000
vt 0.427912 0.000000
vt 0.429066 0.000000
vt 0.430219 0.000000
vt 0.306805 0.000000
vt 0.799308 0.000000
vt 0.356401 0.000000
vt 0.431373 0.000000
vt 0.830450 0.000000
vt 0.432526 0.000000
vt 0.955017 0.000000
vt 0.433679 0.000000
vt 0.800461 0.000000
vt 0.434833 0.000000
vt 0.829296 0.000000
vt 0.435986 0.000000
vt 0.801615 0.000000
vt 0.307958 0.000000
vt 0.437140 0.000000
vt 0.355248 0.000000
vt 0.802768 0.000000
vt 0.828143 0.000000
vt 0.438293 0.000000
vt 0.439446 0.000000
vt 0.803922 0.000000
vt 0.354095 0.000000
vt 0.953864 0.000000
vt 0.440600 0.000000
vt 0.826990 0.000000
vt 0.890427 0.000000
vt 0.805075 0.000000
vt 0.309112 0.000000
vt 0.520185 0.000000
vt 0.806228 0.000000
vt 0.825836 0.000000
vt 0.352941 0.000000
vt 0.441753 0.000000
vt 0.807382 0.000000
vt 0.808535 0.000000
vt 0.824683 0.000000
vt 0.809689 0.000000
vt 0.351788 0.000000
vt 0.310265 0.000000
vt 0.810842 0.000000
vt 0.823529 0.000000
vt 0.811995 0.000000
vt 0.442907 0.000000
vt 0.813149 0.000000
vt 0.822376 0.000000
vt 0.814302 0.000000
vt 0.952711 0.000000
vt 0.350634 0.000000
vt 0.815456 0.000000
vt 0.821223 0.000000
vt 0.816609 0.000000
vt 0.817762 0.000000
vt 0.820069 0.000000
vt 0.818916 0.000000
vt 0.311419 0.000000
vt 0.444060 0.000000
vt 0.349481 0.000000
vt 0.348328 0.000000
vt 0.312572 0.000000
vt 0.445213 0.000000
vt 0.347174 0.000000
vt 0.519031 0.000000
vt 0.951557 0.000000
vt 0.313726 0.000000
vt 0.346021 0.000000
vt 0.446367 0.000000
vt 0.344867 0.000000
vt 0.314879 0.000000
vt 0.891580 0.000000
vt 0.343714 0.000000
vt 0.316032 0.000000
vt 0.342561 0.000000
vt 0.447520 0.000000
vt 0.317186 0.000000
vt 0.341407 0.000000
vt 0.950404 0.000000
vt 0.318339 0.000000
vt 0.340254 0.000000
vt 0.319492 0.000000
vt 0.339100 0.000000
vt 0.448674 0.000000
vt 0.337947 0.000000
vt 0.320646 0.000000
vt 0.336794 0.000000
vt 0.321799 0.000000
vt 0.335640 0.000000
vt 0.517878 0.000000
vt 0.322953 0.000000
vt 0.334487 0.000000
vt 0.324106 0.000000
vt 0.333333 0.000000
vt 0.325260 0.000000
vt 0.332180 0.000000
vt 0.326413 0.000000
vt 0.331027 0.000000
vt 0.327566 0.000000
vt 0.449827 0.000000
vt 0.329873 0.000000
vt 0.328720 0.000000
vt 0.949250 0.000000
vt 0.450980 0.000000
vt 0.892734 0.000000
vt 0.948097 0.000000
vt 0.452134 0.000000
vt 0.516724 0.000000
vt 0.453287 0.000000
vt 0.946943 0.000000
vt 0.454441 0.000000
vt 0.945790 0.000000
vt 0.515571 0.000000
vt 0.893887 0.000000
vt 0.455594 0.000000
vt 0.944637 0.000000
vt 0.514418 0.000000
vt 0.456747 0.000000
vt 0.943483 0.000000
vt 0.895040 0.000000
vt 0.457901 0.000000
vt 0.513264 0.000000
vt 0.942330 0.000000
vt 0.459054 0.000000
vt 0.941176 0.000000
vt 0.512111 0.000000
vt 0.896194 0.000000
vt 0.460208 0.000000
vt 0.940023 0.000000
vt 0.510957 0.000000
vt 0.461361 0.000000
vt 0.938870 0.000000
vt 0.897347 0.000000
vt 0.462514 0.000000
vt 0.509804 0.000000
vt 0.463668 0.000000
vt 0.937716 0.000000
vt 0.508651 0.000000
vt 0.464821 0.000000
vt 0.898501 0.000000
vt 0.507497 0.000000
vt 0.936563 0.000000
vt 0.465975 0.000000
vt 0.506344 0.000000
vt 0.467128 0.000000
vt 0.935409 0.000000
vt 0.468281 0.000000
vt 0.505190 0.000000
vt 0.899654 0.000000
vt 0.469435 0.000000
vt 0.470588 0.000000
vt 0.504037 0.000000
vt 0.934256 0.000000
vt 0.471742 0.000000
vt 0.502883 0.000000
vt 0.472895 0.000000
vt 0.474048 0.000000
vt 0.900807 0.000000
vt 0.501730 0.000000
vt 0.475202 0.000000
vt 0.933103 0.000000
vt 0.476355 0.000000
vt 0.500577 0.000000
vt 0.477509 0.000000
vt 0.478662 0.000000
vt 0.499423 0.000000
vt 0.479815 0.000000
vt 0.480969 0.000000
vt 0.482122 0.000000
vt 0.498270 0.000000
vt 0.931949 0.000000
vt 0.483276 0.000000
vt 0.484429 0.000000
vt 0.485582 0.000000
vt 0.497117 0.000000
vt 0.901961 0.000000
vt 0.486736 0.000000
vt 0.487889 0.000000
vt 0.489043 0.000000
vt 0.495963 0.000000
vt 0.490196 0.000000
vt 0.491349 0.000000
vt 0.492503 0.000000
vt 0.494810 0.000000
vt 0.493656 0.000000
vt 0.930796 0.000000
vt 0.929642 0.000000
vt 0.928489 0.000000
vt 0.927336 0.000000
vt 0.926182 0.000000
vt 0.925029 0.000000
vt 0.923875 0.000000
vt 0.922722 0.000000
vt 0.921569 0.000000
vt 0.903114 0.000000
vt 0.920415 0.000000
vt 0.919262 0.000000
vt 0.918108 0.000000
vt 0.916955 0.000000
vt 0.915802 0.000000
vt 0.914648 0.000000
vt 0.904268 0.000000
vt 0.913495 0.000000
vt 0.912341 0.000000
vt 0.911188 0.000000
vt 0.910035 0.000000
vt 0.908881 0.000000
vt 0.907728 0.000000
vt 0.906574 0.000000
vt 0.905421 0.000000
vt 0.270238 0.000000
vt 0.272619 0.000000
vt 0.271429 0.000000
vt 0.273810 0.000000
vt 0.269048 0.000000
vt 0.275000 0.000000
vt 0.267857 0.000000
vt 0.276190 0.000000
vt 0.266667 0.000000
vt 0.277381 0.000000
vt 0.265476 0.000000
vt 0.278571 0.000000
vt 0.279762 0.000000
vt 0.264286 0.000000
vt 0.280952 0.000000
vt 0.263095 0.000000
vt 0.282143 0.000000
vt 0.261905 0.000000
vt 0.283333 0.000000
vt 0.260714 0.000000
vt 0.284524 0.000000
vt 0.142857 0.000000
vt 0.259524 0.000000
vt 0.144048 0.000000
vt 0.258333 0.000000
vt 0.257143 0.000000
vt 0.255952 0.000000
vt 0.254762 0.000000
vt 0.145238 0.000000
vt 0.253571 0.000000
vt 0.252381 0.000000
vt 0.251190 0.000000
vt 0.146429 0.000000
vt 0.248810 0.000000
vt 0.247619 0.000000
vt 0.246429 0.000000
vt 0.147619 0.000000
vt 0.245238 0.000000
vt 0.244048 0.000000
vt 0.242857 0.000000
vt 0.148810 0.000000
vt 0.241667 0.000000
vt 0.240476 0.000000
vt 0.239286 0.000000
vt 0.150000 0.000000
vt 0.238095 0.000000
vt 0.236905 0.000000
vt 0.235714 0.000000
vt 0.151190 0.000000
vt 0.234524 0.000000
vt 0.233333 0.000000
vt 0.232143 0.000000
vt 0.152381 0.000000
vt 0.230952 0.000000
vt 0.229762 0.000000
vt 0.153571 0.000000
vt 0.228571 0.000000
vt 0.227381 0.000000
vt 0.154762 0.000000
vt 0.155952 0.000000
vt 0.928571 0.000000
vt 0.930952 0.000000
vt 0.929762 0.000000
vt 0.226190 0.000000
vt 0.927381 0.000000
vt 0.932143 0.000000
vt 0.926190 0.000000
vt 0.933333 0.000000
vt 0.925000 0.000000
vt 0.934524 0.000000
vt 0.923810 0.000000
vt 0.157143 0.000000
vt 0.922619 0.000000
vt 0.935714 0.000000
vt 0.921429 0.000000
vt 0.936905 0.000000
vt 0.225000 0.000000
vt 0.920238 0.000000
vt 0.158333 0.000000
vt 0.938095 0.000000
vt 0.919048 0.000000
vt 0.939286 0.000000
vt 0.917857 0.000000
vt 0.159524 0.000000
vt 0.223810 0.000000
vt 0.916667 0.000000
vt 0.940476 0.000000
vt 0.160714 0.000000
vt 0.915476 0.000000
vt 0.941667 0.000000
vt 0.222619 0.000000
vt 0.914286 0.000000
vt 0.161905 0.000000
vt 0.942857 0.000000
vt 0.913095 0.000000
vt 0.163095 0.000000
vt 0.221429 0.000000
vt 0.911905 0.000000
vt 0.944048 0.000000
vt 0.910714 0.000000
vt 0.164286 0.000000
vt 0.909524 0.000000
vt 0.945238 0.000000
vt 0.220238 0.000000
vt 0.908333 0.000000
vt 0.165476 0.000000
vt 0.946429 0.000000
vt 0.907143 0.000000
vt 0.947619 0.000000
vt 0.166667 0.000000
vt 0.127381 0.000000
vt 0.129762 0.000000
vt 0.128571 0.000000
vt 0.126190 0.000000
vt 0.130952 0.000000
vt 0.132143 0.000000
vt 0.905952 0.000000
vt 0.123810 0.000000
vt 0.133333 0.000000
vt 0.122619 0.000000
vt 0.134524 0.000000
vt 0.121429 0.000000
vt 0.135714 0.000000
vt 0.120238 0.000000
vt 0.136905 0.000000
vt 0.119048 0.000000
vt 0.138095 0.000000
vt 0.117857 0.000000
vt 0.139286 0.000000
vt 0.116667 0.000000
vt 0.140476 0.000000
vt 0.115476 0.000000
vt 0.141667 0.000000
vt 0.114286 0.000000
vt 0.219048 0.000000
vt 0.113095 0.000000
vt 0.001190 0.000000
vt 0.111905 0.000000
vt 0.110714 0.000000
vt 0.948810 0.000000
vt 0.109524 0.000000
vt 0.904762 0.000000
vt 0.108333 0.000000
vt 0.002381 0.000000
vt 0.107143 0.000000
vt 0.105952 0.000000
vt 0.104762 0.000000
vt 0.167857 0.000000
vt 0.103571 0.000000
vt 0.950000 0.000000
vt 0.903571 0.000000
vt 0.003571 0.000000
vt 0.102381 0.000000
vt 0.101190 0.000000
vt 0.100000 0.000000
vt 0.902381 0.000000
vt 0.004762 0.000000
vt 0.098810 0.000000
vt 0.951190 0.000000
vt 0.097619 0.000000
vt 0.096429 0.000000
vt 0.217857 0.000000
vt 0.901190 0.000000
vt 0.095238 0.000000
vt 0.169048 0.000000
vt 0.005952 0.000000
vt 0.094048 0.000000
vt 0.952381 0.000000
vt 0.092857 0.000000
vt 0.900000 0.000000
vt 0.091667 0.000000
vt 0.898810 0.000000
vt 0.007143 0.000000
vt 0.090476 0.000000
vt 0.953571 0.000000
vt 0.897619 0.000000
vt 0.170238 0.000000
vt 0.089286 0.000000
vt 0.896429 0.000000
vt 0.008333 0.000000
vt 0.895238 0.000000
vt 0.088095 0.000000
vt 0.216667 0.000000
vt 0.954762 0.000000
vt 0.894048 0.000000
vt 0.892857 0.000000
vt 0.086905 0.000000
vt 0.891667 0.000000
vt 0.890476 0.000000
vt 0.171429 0.000000
vt 0.009524 0.000000
vt 0.889286 0.000000
vt 0.085714 0.000000
vt 0.888095 0.000000
vt 0.886905 0.000000
vt 0.885714 0.000000
vt 0.884524 0.000000
vt 0.883333 0.000000
vt 0.955952 0.000000
vt 0.882143 0.000000
vt 0.880952 0.000000
vt 0.879762 0.000000
vt 0.878571 0.000000
vt 0.877381 0.000000
vt 0.084524 0.000000
vt 0.876190 0.000000
vt 0.010714 0.000000
vt 0.873810 0.000000
vt 0.957143 0.000000
vt 0.872619 0.000000
vt 0.172619 0.000000
vt 0.215476 0.000000
vt 0.871429 0.000000
vt 0.870238 0.000000
vt 0.958333 0.000000
vt 0.869048 0.000000
vt 0.011905 0.000000
vt 0.173810 0.000000
vt 0.867857 0.000000
vt 0.083333 0.000000
vt 0.959524 0.000000
vt 0.866667 0.000000
vt 0.175000 0.000000
vt 0.960714 0.000000
vt 0.013095 0.000000
vt 0.961905 0.000000
vt 0.865476 0.000000
vt 0.214286 0.000000
vt 0.176190 0.000000
vt 0.963095 0.000000
vt 0.864286 0.000000
vt 0.964286 0.000000
vt 0.082143 0.000000
vt 0.014286 0.000000
vt 0.177381 0.000000
vt 0.965476 0.000000
vt 0.863095 0.000000
vt 0.966667 0.000000
vt 0.178571 0.000000
vt 0.967857 0.000000
vt 0.015476 0.000000
vt 0.861905 0.000000
vt 0.213095 0.000000
vt 0.969048 0.000000
vt 0.179762 0.000000
vt 0.080952 0.000000
vt 0.970238 0.000000
vt 0.180952 0.000000
vt 0.860714 0.000000
vt 0.211905 0.000000
vt 0.016667 0.000000
vt 0.971429 0.000000
vt 0.182143 0.000000
vt 0.972619 0.000000
vt 0.859524 0.000000
vt 0.210714 0.000000
vt 0.183333 0.000000
vt 0.973810 0.000000
vt 0.079762 0.000000
vt 0.017857 0.000000
vt 0.975000 0.000000
vt 0.184524 0.000000
vt 0.209524 0.000000
vt 0.858333 0.000000
vt 0.976190 0.000000
vt 0.185714 0.000000
vt 0.208333 0.000000
vt 0.977381 0.000000
vt 0.186905 0.000000
vt 0.019048 0.000000
vt 0.978571 0.000000
vt 0.207143 0.000000
vt 0.188095 0.000000
vt 0.857143 0.000000
vt 0.078571 0.000000
vt 0.189286 0.000000
vt 0.205952 0.000000
vt 0.979762 0.000000
vt 0.190476 0.000000
vt 0.191667 0.000000
vt 0.204762 0.000000
vt 0.020238 0.000000
vt 0.980952 0.000000
vt 0.192857 0.000000
vt 0.855952 0.000000
vt 0.203571 0.000000
vt 0.194048 0.000000
vt 0.195238 0.000000
vt 0.202381 0.000000
vt 0.196429 0.000000
vt 0.201190 0.000000
vt 0.982143 0.000000
vt 0.197619 0.000000
vt 0.198810 0.000000
vt 0.077381 0.000000
vt 0.021429 0.000000
vt 0.983333 0.000000
vt 0.854762 0.000000
vt 0.984524 0.000000
vt 0.022619 0.000000
vt 0.076190 0.000000
vt 0.985714 0.000000
vt 0.853571 0.000000
vt 0.986905 0.000000
vt 0.023810 0.000000
vt 0.988095 0.000000
vt 0.075000 0.000000
vt 0.025000 0.000000
vt 0.852381 0.000000
vt 0.989286 0.000000
vt 0.026190 0.000000
vt 0.073810 0.000000
vt 0.851190 0.000000
vt 0.990476 0.000000
vt 0.027381 0.000000
vt 0.850000 0.000000
vt 0.028571 0.000000
vt 0.072619 0.000000
vt 0.991667 0.000000
vt 0.029762 0.000000
vt 0.992857 0.000000
vt 0.848810 0.000000
vt 0.030952 0.000000
vt 0.327381 0.000000
vt 0.329762 0.000000
vt 0.328571 0.000000
vt 0.071429 0.000000
vt 0.326190 0.000000
vt 0.330952 0.000000
vt 0.325000 0.000000
vt 0.323810 0.000000
vt 0.332143 0.000000
vt 0.032143 0.000000
vt 0.322619 0.000000
vt 0.321429 0.000000
vt 0.033333 0.000000
vt 0.320238 0.000000
vt 0.334524 0.000000
vt 0.994048 0.000000
vt 0.034524 0.000000
vt 0.319048 0.000000
vt 0.847619 0.000000
vt 0.335714 0.000000
vt 0.035714 0.000000
vt 0.317857 0.000000
vt 0.070238 0.000000
vt 0.036905 0.000000
vt 0.316667 0.000000
vt 0.336905 0.000000
vt 0.038095 0.000000
vt 0.069048 0.000000
vt 0.315476 0.000000
vt 0.995238 0.000000
vt 0.338095 0.000000
vt 0.039286 0.000000
vt 0.846429 0.000000
vt 0.314286 0.000000
vt 0.067857 0.000000
vt 0.040476 0.000000
vt 0.041667 0.000000
vt 0.313095 0.000000
vt 0.339286 0.000000
vt 0.066667 0.000000
vt 0.042857 0.000000
vt 0.311905 0.000000
vt 0.044048 0.000000
vt 0.065476 0.000000
vt 0.996429 0.000000
vt 0.310714 0.000000
vt 0.340476 0.000000
vt 0.045238 0.000000
vt 0.845238 0.000000
vt 0.064286 0.000000
vt 0.309524 0.000000
vt 0.046429 0.000000
vt 0.308333 0.000000
vt 0.047619 0.000000
vt 0.063095 0.000000
vt 0.048810 0.000000
vt 0.061905 0.000000
vt 0.307143 0.000000
vt 0.050000 0.000000
vt 0.341667 0.000000
vt 0.051190 0.000000
vt 0.060714 0.000000
vt 0.305952 0.000000
vt 0.052381 0.000000
vt 0.059524 0.000000
vt 0.997619 0.000000
vt 0.053571 0.000000
vt 0.054762 0.000000
vt 0.058333 0.000000
vt 0.055952 0.000000
vt 0.057143 0.000000
vt 0.304762 0.000000
vt 0.844048 0.000000
vt 0.303571 0.000000
vt 0.342857 0.000000
vt 0.302381 0.000000
vt 0.301190 0.000000
vt 0.998810 0.000000
vt 0.300000 0.000000
vt 0.344048 0.000000
vt 0.298810 0.000000
vt 0.842857 0.000000
vt 0.297619 0.000000
vt 0.345238 0.000000
vt 0.296429 0.000000
vt 0.346429 0.000000
vt 0.295238 0.000000
vt 0.294048 0.000000
vt 0.841667 0.000000
vt 0.347619 0.000000
vt 0.292857 0.000000
vt 0.840476 0.000000
vt 0.291667 0.000000
vt 0.348810 0.000000
vt 0.290476 0.000000
vt 0.285714 0.000000
vt 0.839286 0.000000
vt 0.350000 0.000000
vt 0.289286 0.000000
vt 0.288095 0.000000
vt 0.838095 0.000000
vt 0.351190 0.000000
vt 0.286905 0.000000
vt 0.836905 0.000000
vt 0.352381 0.000000
vt 0.835714 0.000000
vt 0.353571 0.000000
vt 0.834524 0.000000
vt 0.784524 0.000000
vt 0.786905 0.000000
vt 0.785714 0.000000
vt 0.783333 0.000000
vt 0.788095 0.000000
vt 0.354762 0.000000
vt 0.782143 0.000000
vt 0.789286 0.000000
vt 0.780952 0.000000
vt 0.790476 0.000000
vt 0.779762 0.000000
vt 0.791667 0.000000
vt 0.778571 0.000000
vt 0.777381 0.000000
vt 0.792857 0.000000
vt 0.833333 0.000000
vt 0.776190 0.000000
vt 0.794048 0.000000
vt 0.355952 0.000000
vt 0.775000 0.000000
vt 0.795238 0.000000
vt 0.773810 0.000000
vt 0.832143 0.000000
vt 0.796429 0.000000
vt 0.772619 0.000000
vt 0.357143 0.000000
vt 0.771429 0.000000
vt 0.797619 0.000000
vt 0.830952 0.000000
vt 0.770238 0.000000
vt 0.798810 0.000000
vt 0.769048 0.000000
vt 0.358333 0.000000
vt 0.829762 0.000000
vt 0.767857 0.000000
vt 0.766667 0.000000
vt 0.828571 0.000000
vt 0.801190 0.000000
vt 0.765476 0.000000
vt 0.827381 0.000000
vt 0.764286 0.000000
vt 0.359524 0.000000
vt 0.763095 0.000000
vt 0.802381 0.000000
vt 0.761905 0.000000
vt 0.826190 0.000000
vt 0.760714 0.000000
vt 0.360714 0.000000
vt 0.759524 0.000000
vt 0.803571 0.000000
vt 0.758333 0.000000
vt 0.825000 0.000000
vt 0.757143 0.000000
vt 0.804762 0.000000
vt 0.361905 0.000000
vt 0.823810 0.000000
vt 0.755952 0.000000
vt 0.805952 0.000000
vt 0.822619 0.000000
vt 0.363095 0.000000
vt 0.807143 0.000000
vt 0.821429 0.000000
vt 0.754762 0.000000
vt 0.808333 0.000000
vt 0.820238 0.000000
vt 0.364286 0.000000
vt 0.809524 0.000000
vt 0.819048 0.000000
vt 0.810714 0.000000
vt 0.817857 0.000000
vt 0.365476 0.000000
vt 0.811905 0.000000
vt 0.816667 0.000000
vt 0.753571 0.000000
vt 0.813095 0.000000
vt 0.815476 0.000000
vt 0.814286 0.000000
vt 0.366667 0.000000
vt 0.752381 0.000000
vt 0.367857 0.000000
vt 0.369048 0.000000
vt 0.751190 0.000000
vt 0.370238 0.000000
vt 0.371429 0.000000
vt 0.372619 0.000000
vt 0.748810 0.000000
vt 0.747619 0.000000
vt 0.746429 0.000000
vt 0.714286 0.000000
vt 0.373810 0.000000
vt 0.715476 0.000000
vt 0.713095 0.000000
vt 0.745238 0.000000
vt 0.716667 0.000000
vt 0.744048 0.000000
vt 0.717857 0.000000
vt 0.742857 0.000000
vt 0.719048 0.000000
vt 0.741667 0.000000
vt 0.740476 0.000000
vt 0.720238 0.000000
vt 0.739286 0.000000
vt 0.721429 0.000000
vt 0.738095 0.000000
vt 0.711905 0.000000
vt 0.722619 0.000000
vt 0.736905 0.000000
vt 0.735714 0.000000
vt 0.723810 0.000000
vt 0.734524 0.000000
vt 0.725000 0.000000
vt 0.733333 0.000000
vt 0.376190 0.000000
vt 0.726190 0.000000
vt 0.732143 0.000000
vt 0.730952 0.000000
vt 0.727381 0.000000
vt 0.729762 0.000000
vt 0.728571 0.000000
vt 0.710714 0.000000
vt 0.377381 0.000000
vt 0.378571 0.000000
vt 0.709524 0.000000
vt 0.379762 0.000000
vt 0.708333 0.000000
vt 0.380952 0.000000
vt 0.707143 0.000000
vt 0.382143 0.000000
vt 0.383333 0.000000
vt 0.705952 0.000000
vt 0.384524 0.000000
vt 0.704762 0.000000
vt 0.385714 0.000000
vt 0.703571 0.000000
vt 0.386905 0.000000
vt 0.388095 0.000000
vt 0.389286 0.000000
vt 0.702381 0.000000
vt 0.390476 0.000000
vt 0.391667 0.000000
vt 0.701190 0.000000
vt 0.392857 0.000000
vt 0.394048 0.000000
vt 0.684524 0.000000
vt 0.686905 0.000000
vt 0.685714 0.000000
vt 0.688095 0.000000
vt 0.683333 0.000000
vt 0.689286 0.000000
vt 0.700000 0.000000
vt 0.690476 0.000000
vt 0.682143 0.000000
vt 0.395238 0.000000
vt 0.691667 0.000000
vt 0.680952 0.000000
vt 0.692857 0.000000
vt 0.694048 0.000000
vt 0.679762 0.000000
vt 0.695238 0.000000
vt 0.678571 0.000000
vt 0.696429 0.000000
vt 0.396429 0.000000
vt 0.697619 0.000000
vt 0.677381 0.000000
vt 0.698810 0.000000
vt 0.676190 0.000000
vt 0.397619 0.000000
vt 0.675000 0.000000
vt 0.398810 0.000000
vt 0.673810 0.000000
vt 0.672619 0.000000
vt 0.671429 0.000000
vt 0.401190 0.000000
vt 0.402381 0.000000
vt 0.670238 0.000000
vt 0.669048 0.000000
vt 0.403571 0.000000
vt 0.667857 0.000000
vt 0.471429 0.000000
vt 0.404762 0.000000
vt 0.472619 0.000000
vt 0.470238 0.000000
vt 0.469048 0.000000
vt 0.473810 0.000000
vt 0.467857 0.000000
vt 0.475000 0.000000
vt 0.466667 0.000000
vt 0.465476 0.000000
vt 0.476190 0.000000
vt 0.405952 0.000000
vt 0.665476 0.000000
vt 0.464286 0.000000
vt 0.477381 0.000000
vt 0.463095 0.000000
vt 0.461905 0.000000
vt 0.478571 0.000000
vt 0.664286 0.000000
vt 0.460714 0.000000
vt 0.407143 0.000000
vt 0.479762 0.000000
vt 0.459524 0.000000
vt 0.663095 0.000000
vt 0.480952 0.000000
vt 0.458333 0.000000
vt 0.408333 0.000000
vt 0.457143 0.000000
vt 0.661905 0.000000
vt 0.482143 0.000000
vt 0.455952 0.000000
vt 0.660714 0.000000
vt 0.483333 0.000000
vt 0.409524 0.000000
vt 0.454762 0.000000
vt 0.484524 0.000000
vt 0.659524 0.000000
vt 0.453571 0.000000
vt 0.410714 0.000000
vt 0.658333 0.000000
vt 0.485714 0.000000
vt 0.452381 0.000000
vt 0.451190 0.000000
vt 0.657143 0.000000
vt 0.486905 0.000000
vt 0.411905 0.000000
vt 0.450000 0.000000
vt 0.655952 0.000000
vt 0.488095 0.000000
vt 0.448810 0.000000
vt 0.413095 0.000000
vt 0.489286 0.000000
vt 0.654762 0.000000
vt 0.447619 0.000000
vt 0.490476 0.000000
vt 0.446429 0.000000
vt 0.653571 0.000000
vt 0.414286 0.000000
vt 0.491667 0.000000
vt 0.445238 0.000000
vt 0.652381 0.000000
vt 0.415476 0.000000
vt 0.444048 0.000000
vt 0.492857 0.000000
vt 0.651190 0.000000
vt 0.442857 0.000000
vt 0.494048 0.000000
vt 0.416667 0.000000
vt 0.441667 0.000000
vt 0.650000 0.000000
vt 0.495238 0.000000
vt 0.417857 0.000000
vt 0.440476 0.000000
vt 0.648810 0.000000
vt 0.496429 0.000000
vt 0.419048 0.000000
vt 0.439286 0.000000
vt 0.497619 0.000000
vt 0.420238 0.000000
vt 0.647619 0.000000
vt 0.438095 0.000000
vt 0.421429 0.000000
vt 0.436905 0.000000
vt 0.498810 0.000000
vt 0.646429 0.000000
vt 0.435714 0.000000
vt 0.422619 0.000000
vt 0.434524 0.000000
vt 0.423810 0.000000
vt 0.433333 0.000000
vt 0.645238 0.000000
vt 0.425000 0.000000
vt 0.432143 0.000000
vt 0.426190 0.000000
vt 0.430952 0.000000
vt 0.427381 0.000000
vt 0.429762 0.000000
vt 0.501190 0.000000
vt 0.428571 0.000000
vt 0.644048 0.000000
vt 0.502381 0.000000
vt 0.642857 0.000000
vt 0.641667 0.000000
vt 0.503571 0.000000
vt 0.640476 0.000000
vt 0.504762 0.000000
vt 0.639286 0.000000
vt 0.505952 0.000000
vt 0.638095 0.000000
vt 0.507143 0.000000
vt 0.636905 0.000000
vt 0.508333 0.000000
vt 0.635714 0.000000
vt 0.634524 0.000000
vt 0.509524 0.000000
vt 0.633333 0.000000
vt 0.510714 0.000000
vt 0.632143 0.000000
vt 0.511905 0.000000
vt 0.630952 0.000000
vt 0.513095 0.000000
vt 0.514286 0.000000
vt 0.629762 0.000000
vt 0.515476 0.000000
vt 0.628571 0.000000
vt 0.516667 0.000000
vt 0.517857 0.000000
vt 0.627381 0.000000
vt 0.519048 0.000000
vt 0.520238 0.000000
vt 0.626190 0.000000
vt 0.521429 0.000000
vt 0.522619 0.000000
vt 0.523810 0.000000
vt 0.555952 0.000000
vt 0.558333 0.000000
vt 0.557143 0.000000
vt 0.554762 0.000000
vt 0.553571 0.000000
vt 0.552381 0.000000
vt 0.559524 0.000000
vt 0.551190 0.000000
vt 0.550000 0.000000
vt 0.525000 0.000000
vt 0.548810 0.000000
vt 0.560714 0.000000
vt 0.547619 0.000000
vt 0.546429 0.000000
vt 0.545238 0.000000
vt 0.561905 0.000000
vt 0.544048 0.000000
vt 0.542857 0.000000
vt 0.526190 0.000000
vt 0.541667 0.000000
vt 0.563095 0.000000
vt 0.540476 0.000000
vt 0.539286 0.000000
vt 0.538095 0.000000
vt 0.527381 0.000000
vt 0.536905 0.000000
vt 0.535714 0.000000
vt 0.564286 0.000000
vt 0.534524 0.000000
vt 0.528571 0.000000
vt 0.533333 0.000000
vt 0.532143 0.000000
vt 0.530952 0.000000
vt 0.529762 0.000000
vt 0.565476 0.000000
vt 0.623810 0.000000
vt 0.566667 0.000000
vt 0.567857 0.000000
vt 0.569048 0.000000
vt 0.622619 0.000000
vt 0.570238 0.000000
vt 0.571429 0.000000
vt 0.621429 0.000000
vt 0.572619 0.000000
vt 0.573810 0.000000
vt 0.620238 0.000000
vt 0.575000 0.000000
vt 0.576190 0.000000
vt 0.619048 0.000000
vt 0.577381 0.000000
vt 0.578571 0.000000
vt 0.617857 0.000000
vt 0.579762 0.000000
vt 0.616667 0.000000
vt 0.580952 0.000000
vt 0.615476 0.000000
vt 0.582143 0.000000
vt 0.583333 0.000000
vt 0.614286 0.000000
vt 0.584524 0.000000
vt 0.613095 0.000000
vt 0.585714 0.000000
vt 0.586905 0.000000
vt 0.611905 0.000000
vt 0.588095 0.000000
vt 0.610714 0.000000
vt 0.589286 0.000000
vt 0.609524 0.000000
vt 0.590476 0.000000
vt 0.608333 0.000000
vt 0.591667 0.000000
vt 0.607143 0.000000
vt 0.592857 0.000000
vt 0.605952 0.000000
vt 0.594048 0.000000
vt 0.604762 0.000000
vt 0.595238 0.000000
vt 0.603571 0.000000
vt 0.596429 0.000000
vt 0.602381 0.000000
vt 0.597619 0.000000
vt 0.601190 0.000000
vt 0.598810 0.000000
vt 0.589431 0.000000
vt 0.587398 0.000000
vt 0.997967 0.000000
vt 0.995935 0.000000
vt 0.991870 0.000000
vt 0.593496 0.000000
vt 0.989837 0.000000
vt 0.595528 0.000000
vt 0.985772 0.000000
vt 0.983740 0.000000
vt 0.979675 0.000000
vt 0.599594 0.000000
vt 0.977642 0.000000
vt 0.601626 0.000000
vt 0.973577 0.000000
vt 0.971545 0.000000
vt 0.967480 0.000000
vt 0.965447 0.000000
vt 0.605691 0.000000
vt 0.961382 0.000000
vt 0.959350 0.000000
vt 0.607724 0.000000
vt 0.955285 0.000000
vt 0.953252 0.000000
vt 0.611789 0.000000
vt 0.949187 0.000000
vt 0.613821 0.000000
vt 0.947154 0.000000
vt 0.617886 0.000000
vt 0.943089 0.000000
vt 0.619919 0.000000
vt 0.941057 0.000000
vt 0.936992 0.000000
vt 0.623984 0.000000
vt 0.934959 0.000000
vt 0.626016 0.000000
vt 0.930894 0.000000
vt 0.630081 0.000000
vt 0.928862 0.000000
vt 0.632114 0.000000
vt 0.924797 0.000000
vt 0.922764 0.000000
vt 0.918699 0.000000
vt 0.636179 0.000000
vt 0.912602 0.000000
vt 0.638211 0.000000
vt 0.910569 0.000000
vt 0.906504 0.000000
vt 0.904472 0.000000
vt 0.642276 0.000000
vt 0.900406 0.000000
vt 0.644309 0.000000
vt 0.898374 0.000000
vt 0.894309 0.000000
vt 0.892276 0.000000
vt 0.648374 0.000000
vt 0.888211 0.000000
vt 0.650406 0.000000
vt 0.886179 0.000000
vt 0.882114 0.000000
vt 0.880081 0.000000
vt 0.654472 0.000000
vt 0.876016 0.000000
vt 0.873984 0.000000
vt 0.869919 0.000000
vt 0.867886 0.000000
vt 0.656504 0.000000
vt 0.863821 0.000000
vt 0.861789 0.000000
vt 0.857724 0.000000
vt 0.855691 0.000000
vt 0.851626 0.000000
vt 0.849594 0.000000
vt 0.845528 0.000000
vt 0.843496 0.000000
vt 0.660569 0.000000
vt 0.839431 0.000000
vt 0.837398 0.000000
vt 0.662602 0.000000
vt 0.831301 0.000000
vt 0.827236 0.000000
vt 0.825203 0.000000
vt 0.821138 0.000000
vt 0.819106 0.000000
vt 0.815041 0.000000
vt 0.813008 0.000000
vt 0.808943 0.000000
vt 0.806911 0.000000
vt 0.802846 0.000000
vt 0.800813 0.000000
vt 0.796748 0.000000
vt 0.794715 0.000000
vt 0.790650 0.000000
vt 0.788618 0.000000
vt 0.784553 0.000000
vt 0.782520 0.000000
vt 0.668699 0.000000
vt 0.778455 0.000000
vt 0.776423 0.000000
vt 0.772358 0.000000
vt 0.770325 0.000000
vt 0.766260 0.000000
vt 0.764228 0.000000
vt 0.760163 0.000000
vt 0.758130 0.000000
vt 0.672764 0.000000
vt 0.754065 0.000000
vt 0.752033 0.000000
vt 0.674797 0.000000
vt 0.747967 0.000000
vt 0.745935 0.000000
vt 0.678862 0.000000
vt 0.741870 0.000000
vt 0.739837 0.000000
vt 0.680894 0.000000
vt 0.735772 0.000000
vt 0.684959 0.000000
vt 0.733740 0.000000
vt 0.686992 0.000000
vt 0.729675 0.000000
vt 0.691057 0.000000
vt 0.727642 0.000000
vt 0.693089 0.000000
vt 0.723577 0.000000
vt 0.697154 0.000000
vt 0.721545 0.000000
vt 0.699187 0.000000
vt 0.717480 0.000000
vt 0.703252 0.000000
vt 0.715447 0.000000
vt 0.705285 0.000000
vt 0.711382 0.000000
vt 0.709350 0.000000
vt 0.321138 0.000000
vt 0.319106 0.000000
vt 0.315041 0.000000
vt 0.313008 0.000000
vt 0.325203 0.000000
vt 0.308943 0.000000
vt 0.306911 0.000000
vt 0.327236 0.000000
vt 0.302846 0.000000
vt 0.300813 0.000000
vt 0.331301 0.000000
vt 0.296748 0.000000
vt 0.294715 0.000000
vt 0.290650 0.000000
vt 0.288618 0.000000
vt 0.284553 0.000000
vt 0.282520 0.000000
vt 0.278455 0.000000
vt 0.337398 0.000000
vt 0.276423 0.000000
vt 0.272358 0.000000
vt 0.270325 0.000000
vt 0.339431 0.000000
vt 0.266260 0.000000
vt 0.343496 0.000000
vt 0.264228 0.000000
vt 0.345528 0.000000
vt 0.260163 0.000000
vt 0.349593 0.000000
vt 0.258130 0.000000
vt 0.351626 0.000000
vt 0.254065 0.000000
vt 0.252033 0.000000
vt 0.355691 0.000000
vt 0.357724 0.000000
vt 0.247967 0.000000
vt 0.245935 0.000000
vt 0.361789 0.000000
vt 0.241870 0.000000
vt 0.363821 0.000000
vt 0.239837 0.000000
vt 0.235772 0.000000
vt 0.233740 0.000000
vt 0.367886 0.000000
vt 0.229675 0.000000
vt 0.369919 0.000000
vt 0.227642 0.000000
vt 0.373984 0.000000
vt 0.223577 0.000000
vt 0.376016 0.000000
vt 0.221545 0.000000
vt 0.380081 0.000000
vt 0.382114 0.000000
vt 0.386179 0.000000
vt 0.388211 0.000000
vt 0.392276 0.000000
vt 0.394309 0.000000
vt 0.398374 0.000000
vt 0.400407 0.000000
vt 0.404472 0.000000
vt 0.406504 0.000000
vt 0.217480 0.000000
vt 0.410569 0.000000
vt 0.215447 0.000000
vt 0.412602 0.000000
vt 0.211382 0.000000
vt 0.540650 0.000000
vt 0.538618 0.000000
vt 0.534553 0.000000
vt 0.544715 0.000000
vt 0.546748 0.000000
vt 0.532520 0.000000
vt 0.550813 0.000000
vt 0.552846 0.000000
vt 0.528455 0.000000
vt 0.556911 0.000000
vt 0.526423 0.000000
vt 0.558943 0.000000
vt 0.563008 0.000000
vt 0.522358 0.000000
vt 0.565041 0.000000
vt 0.520325 0.000000
vt 0.569106 0.000000
vt 0.571138 0.000000
vt 0.209350 0.000000
vt 0.575203 0.000000
vt 0.516260 0.000000
vt 0.577236 0.000000
vt 0.514228 0.000000
vt 0.581301 0.000000
vt 0.002033 0.000000
vt 0.418699 0.000000
vt 0.004065 0.000000
vt 0.205285 0.000000
vt 0.510163 0.000000
vt 0.422764 0.000000
vt 0.203252 0.000000
vt 0.424797 0.000000
vt 0.508130 0.000000
vt 0.008130 0.000000
vt 0.199187 0.000000
vt 0.428862 0.000000
vt 0.010163 0.000000
vt 0.197154 0.000000
vt 0.430894 0.000000
vt 0.193089 0.000000
vt 0.504065 0.000000
vt 0.014228 0.000000
vt 0.434959 0.000000
vt 0.436992 0.000000
vt 0.016260 0.000000
vt 0.502033 0.000000
vt 0.191057 0.000000
vt 0.441057 0.000000
vt 0.020325 0.000000
vt 0.497967 0.000000
vt 0.443089 0.000000
vt 0.022358 0.000000
vt 0.186992 0.000000
vt 0.495935 0.000000
vt 0.447154 0.000000
vt 0.449187 0.000000
vt 0.491870 0.000000
vt 0.026423 0.000000
vt 0.184959 0.000000
vt 0.489837 0.000000
vt 0.453252 0.000000
vt 0.485772 0.000000
vt 0.028455 0.000000
vt 0.483740 0.000000
vt 0.455285 0.000000
vt 0.479675 0.000000
vt 0.477642 0.000000
vt 0.459350 0.000000
vt 0.473577 0.000000
vt 0.461382 0.000000
vt 0.032520 0.000000
vt 0.471545 0.000000
vt 0.467480 0.000000
vt 0.465447 0.000000
vt 0.034553 0.000000
vt 0.180894 0.000000
vt 0.038618 0.000000
vt 0.040650 0.000000
vt 0.044715 0.000000
vt 0.046748 0.000000
vt 0.178862 0.000000
vt 0.050813 0.000000
vt 0.052846 0.000000
vt 0.056911 0.000000
vt 0.058943 0.000000
vt 0.063008 0.000000
vt 0.065041 0.000000
vt 0.069106 0.000000
vt 0.071138 0.000000
vt 0.075203 0.000000
vt 0.174797 0.000000
vt 0.077236 0.000000
vt 0.081301 0.000000
vt 0.172764 0.000000
vt 0.087398 0.000000
vt 0.089431 0.000000
vt 0.093496 0.000000
vt 0.095528 0.000000
vt 0.168699 0.000000
vt 0.099593 0.000000
vt 0.101626 0.000000
vt 0.105691 0.000000
vt 0.107724 0.000000
vt 0.111789 0.000000
vt 0.162602 0.000000
vt 0.113821 0.000000
vt 0.160569 0.000000
vt 0.117886 0.000000
vt 0.119919 0.000000
vt 0.123984 0.000000
vt 0.156504 0.000000
vt 0.126016 0.000000
vt 0.154472 0.000000
vt 0.130081 0.000000
vt 0.132114 0.000000
vt 0.136179 0.000000
vt 0.150407 0.000000
vt 0.138211 0.000000
vt 0.148374 0.000000
vt 0.142276 0.000000
vt 0.144309 0.000000
s 0
usemtl マテリアル
f 240/1/1 98/2/1 97/3/1
f 239/4/1 98/2/1 240/1/1
f 239/4/1 99/5/1 98/2/1
f 238/6/1 99/5/1 239/4/1
f 238/6/1 100/7/1 99/5/1
f 237/8/1 100/7/1 238/6/1
f 237/8/1 101/9/1 100/7/1
f 236/10/1 101/9/1 237/8/1
f 236/10/1 102/11/1 101/9/1
f 235/12/1 102/11/1 236/10/1
f 235/12/1 103/13/1 102/11/1
f 234/14/1 103/13/1 235/12/1
f 234/14/1 104/15/1 103/13/1
f 233/16/1 104/15/1 234/14/1
f 233/16/1 105/17/1 104/15/1
f 232/18/1 105/17/1 233/16/1
f 232/18/1 106/19/1 105/17/1
f 231/20/1 106/19/1 232/18/1
f 231/20/1 107/21/1 106/19/1
f 230/22/1 107/21/1 231/20/1
f 230/22/1 108/23/1 107/21/1
f 229/24/1 108/23/1 230/22/1
f 229/24/1 109/25/1 108/23/1
f 228/26/1 109/25/1 229/24/1
f 228/26/1 110/27/1 109/25/1
f 227/28/1 110/27/1 228/26/1
f 227/28/1 111/29/1 110/27/1
f 226/30/1 111/29/1 227/28/1
f 226/30/1 112/31/1 111/29/1
f 225/32/1 112/31/1 226/30/1
f 225/32/1 113/33/1 112/31/1
f 224/34/1 113/33/1 225/32/1
f 224/34/1 114/35/1 113/33/1
f 223/36/1 114/35/1 224/34/1
f 223/36/1 115/37/1 114/35/1
f 222/38/1 115/37/1 223/36/1
f 222/38/1 116/39/1 115/37/1
f 221/40/1 116/39/1 222/38/1
f 221/40/1 117/41/1 116/39/1
f 220/42/1 117/41/1 221/40/1
f 220/42/1 118/43/1 117/41/1
f 219/44/1 118/43/1 220/42/1
f 219/44/1 119/45/1 118/43/1
f 218/46/1 119/45/1 219/44/1
f 218/46/1 120/47/1 119/45/1
f 217/48/1 120/47/1 218/46/1
f 217/48/1 121/49/1 120/47/1
f 216/50/1 121/49/1 217/48/1
f 216/50/1 122/51/1 121/49/1
f 215/52/1 122/51/1 216/50/1
f 215/52/1 123/53/1 122/51/1
f 215/52/1 124/54/1 123/53/1
f 214/55/1 124/54/1 215/52/1
f 214/55/1 125/56/1 124/54/1
f 213/57/1 125/56/1 214/55/1
f 213/57/1 126/58/1 125/56/1
f 212/59/1 126/58/1 213/57/1
f 212/59/1 127/60/1 126/58/1
f 212/59/1 128/61/1 127/60/1
f 211/62/1 128/61/1 212/59/1
f 211/62/1 129/63/1 128/61/1
f 210/64/1 129/63/1 211/62/1
f 210/64/1 130/65/1 129/63/1
f 209/66/1 130/65/1 210/64/1
f 209/66/1 131/67/1 130/65/1
f 209/66/1 132/68/1 131/67/1
f 208/69/1 132/68/1 209/66/1
f 208/69/1 133/70/1 132/68/1
f 207/71/1 133/70/1 208/69/1
f 207/71/1 134/72/1 133/70/1
f 206/73/1 134/72/1 207/71/1
f 205/74/1 134/72/1 206/73/1
f 204/75/1 134/72/1 205/74/1
f 204/75/1 135/76/1 134/72/1
f 203/77/1 135/76/1 204/75/1
f 203/77/1 136/78/1 135/76/1
f 202/79/1 136/78/1 203/77/1
f 202/79/1 137/80/1 136/78/1
f 201/81/1 137/80/1 202/79/1
f 201/81/1 138/82/1 137/80/1
f 200/83/1 138/82/1 201/81/1
f 200/83/1 139/84/1 138/82/1
f 199/85/1 139/84/1 200/83/1
f 199/85/1 140/86/1 139/84/1
f 198/87/1 140/86/1 199/85/1
f 198/87/1 141/88/1 140/86/1
f 197/89/1 141/88/1 198/87/1
f 197/89/1 142/90/1 141/88/1
f 196/91/1 142/90/1 197/89/1
f 196/91/1 143/92/1 142/90/1
f 195/93/1 143/92/1 196/91/1
f 195/93/1 144/94/1 143/92/1
f 194/95/1 144/94/1 195/93/1
f 194/95/1 145/96/1 144/94/1
f 193/97/1 145/96/1 194/95/1
f 193/97/1 146/98/1 145/96/1
f 192/99/1 146/98/1 193/97/1
f 192/99/1 147/100/1 146/98/1
f 192/99/1 148/101/1 147/100/1
f 191/102/1 148/101/1 192/99/1
f 191/102/1 149/103/1 148/101/1
f 190/104/1 149/103/1 191/102/1
f 190/104/1 150/105/1 149/103/1
f 189/106/1 150/105/1 190/104/1
f 189/106/1 151/107/1 150/105/1
f 188/108/1 151/107/1 189/106/1
f 188/108/1 152/109/1 151/107/1
f 187/110/1 152/109/1 188/108/1
f 187/110/1 153/111/1 152/109/1
f 186/112/1 153/111/1 187/110/1
f 186/112/1 154/113/1 153/111/1
f 185/114/1 154/113/1 186/112/1
f 185/114/1 155/115/1 154/113/1
f 184/116/1 155/115/1 185/114/1
f 184/116/1 156/117/1 155/115/1
f 183/118/1 156/117/1 184/116/1
f 183/118/1 157/119/1 156/117/1
f 182/120/1 157/119/1 183/118/1
f 182/120/1 158/121/1 157/119/1
f 181/122/1 158/121/1 182/120/1
f 181/122/1 159/123/1 158/121/1
f 181/122/1 160/124/1 159/123/1
f 180/125/1 160/124/1 181/122/1
f 179/126/1 160/124/1 180/125/1
f 179/126/1 161/127/1 160/124/1
f 178/128/1 161/127/1 179/126/1
f 178/128/1 162/129/1 161/127/1
f 177/130/1 162/129/1 178/128/1
f 177/130/1 163/131/1 162/129/1
f 176/132/1 163/131/1 177/130/1
f 176/132/1 164/133/1 163/131/1
f 175/134/1 164/133/1 176/132/1
f 175/134/1 165/135/1 164/133/1
f 174/136/1 165/135/1 175/134/1
f 173/137/1 165/135/1 174/136/1
f 173/137/1 166/138/1 165/135/1
f 172/139/1 166/138/1 173/137/1
f 172/139/1 167/140/1 166/138/1
f 171/141/1 167/140/1 172/139/1
f 171/141/1 168/142/1 167/140/1
f 170/143/1 168/142/1 171/141/1
f 170/143/1 169/144/1 168/142/1
f 96/145/1 2/146/1 1/147/1
f 95/148/1 2/146/1 96/145/1
f 95/148/1 3/149/1 2/146/1
f 94/150/1 3/149/1 95/148/1
f 94/150/1 4/151/1 3/149/1
f 93/152/1 4/151/1 94/150/1
f 93/152/1 5/153/1 4/151/1
f 92/154/1 5/153/1 93/152/1
f 92/154/1 6/155/1 5/153/1
f 91/156/1 6/155/1 92/154/1
f 91/156/1 7/157/1 6/155/1
f 90/158/1 7/157/1 91/156/1
f 90/158/1 8/159/1 7/157/1
f 89/160/1 8/159/1 90/158/1
f 89/160/1 9/161/1 8/159/1
f 88/162/1 9/161/1 89/160/1
f 87/163/1 9/161/1 88/162/1
f 87/163/1 10/164/1 9/161/1
f 86/165/1 10/164/1 87/163/1
f 86/165/1 11/166/1 10/164/1
f 85/167/1 11/166/1 86/165/1
f 85/167/1 12/168/1 11/166/1
f 84/169/1 12/168/1 85/167/1
f 84/169/1 13/170/1 12/168/1
f 83/171/1 13/170/1 84/169/1
f 83/171/1 14/172/1 13/170/1
f 82/173/1 14/172/1 83/171/1
f 82/173/1 15/174/1 14/172/1
f 81/175/1 15/174/1 82/173/1
f 81/175/1 16/176/1 15/174/1
f 80/177/1 16/176/1 81/175/1
f 80/177/1 17/178/1 16/176/1
f 79/179/1 17/178/1 80/177/1
f 79/179/1 18/180/1 17/178/1
f 79/179/1 19/181/1 18/180/1
f 78/182/1 19/181/1 79/179/1
f 78/182/1 20/183/1 19/181/1
f 77/184/1 20/183/1 78/182/1
f 77/184/1 21/185/1 20/183/1
f 76/186/1 21/185/1 77/184/1
f 76/186/1 22/187/1 21/185/1
f 75/188/1 22/187/1 76/186/1
f 75/188/1 23/189/1 22/187/1
f 74/190/1 23/189/1 75/188/1
f 74/190/1 24/191/1 23/189/1
f 73/192/1 24/191/1 74/190/1
f 73/192/1 25/193/1 24/191/1
f 72/194/1 25/193/1 73/192/1
f 72/194/1 26/195/1 25/193/1
f 71/196/1 26/195/1 72/194/1
f 71/196/1 27/197/1 26/195/1
f 70/198/1 27/197/1 71/196/1
f 70/198/1 28/199/1 27/197/1
f 69/200/1 28/199/1 70/198/1
f 69/200/1 29/201/1 28/199/1
f 68/202/1 29/201/1 69/200/1
f 68/202/1 30/203/1 29/201/1
f 67/204/1 30/203/1 68/202/1
f 67/204/1 31/205/1 30/203/1
f 66/206/1 31/205/1 67/204/1
f 66/206/1 32/207/1 31/205/1
f 65/208/1 32/207/1 66/206/1
f 65/208/1 33/209/1 32/207/1
f 64/210/1 33/209/1 65/208/1
f 63/211/1 33/209/1 64/210/1
f 63/211/1 34/212/1 33/209/1
f 62/213/1 34/212/1 63/211/1
f 62/213/1 35/214/1 34/212/1
f 61/215/1 35/214/1 62/213/1
f 61/215/1 36/216/1 35/214/1
f 60/217/1 36/216/1 61/215/1
f 60/217/1 37/218/1 36/216/1
f 59/219/1 37/218/1 60/217/1
f 59/219/1 38/220/1 37/218/1
f 58/221/1 38/220/1 59/219/1
f 58/221/1 39/222/1 38/220/1
f 57/223/1 39/222/1 58/221/1
f 57/223/1 40/224/1 39/222/1
f 57/223/1 41/225/1 40/224/1
f 56/226/1 41/225/1 57/223/1
f 56/226/1 42/227/1 41/225/1
f 55/228/1 42/227/1 56/226/1
f 55/228/1 43/229/1 42/227/1
f 54/230/1 43/229/1 55/228/1
f 54/230/1 44/231/1 43/229/1
f 53/232/1 44/231/1 54/230/1
f 53/232/1 45/233/1 44/231/1
f 52/234/1 45/233/1 53/232/1
f 52/234/1 46/235/1 45/233/1
f 51/236/1 46/235/1 52/234/1
f 51/236/1 47/237/1 46/235/1
f 50/238/1 47/237/1 51/236/1
f 50/238/1 48/239/1 47/237/1
f 49/240/1 48/239/1 50/238/1
f 567/241/1 569/242/1 568/243/1
f 567/241/1 570/244/1 569/242/1
f 566/245/1 570/244/1 567/241/1
f 566/245/1 571/246/1 570/244/1
f 565/247/1 571/246/1 566/245/1
f 565/247/1 572/248/1 571/246/1
f 565/247/1 573/249/1 572/248/1
f 564/250/1 573/249/1 565/247/1
f 564/250/1 574/251/1 573/249/1
f 564/250/1 575/252/1 574/251/1
f 563/253/1 575/252/1 564/250/1
f 563/253/1 576/254/1 575/252/1
f 563/253/1 577/255/1 576/254/1
f 562/256/1 577/255/1 563/253/1
f 562/256/1 578/257/1 577/255/1
f 562/256/1 579/258/1 578/257/1
f 562/256/1 580/259/1 579/258/1
f 561/260/1 580/259/1 562/256/1
f 561/260/1 581/261/1 580/259/1
f 561/260/1 582/262/1 581/261/1
f 561/260/1 583/263/1 582/262/1
f 561/260/1 584/264/1 583/263/1
f 560/265/1 584/264/1 561/260/1
f 560/265/1 585/266/1 584/264/1
f 560/265/1 586/267/1 585/266/1
f 560/265/1 587/268/1 586/267/1
f 559/269/1 587/268/1 560/265/1
f 559/269/1 588/270/1 587/268/1
f 559/269/1 589/271/1 588/270/1
f 559/269/1 590/272/1 589/271/1
f 558/273/1 590/272/1 559/269/1
f 558/273/1 591/274/1 590/272/1
f 558/273/1 592/275/1 591/274/1
f 558/273/1 593/276/1 592/275/1
f 557/277/1 593/276/1 558/273/1
f 557/277/1 594/278/1 593/276/1
f 557/277/1 595/279/1 594/278/1
f 556/280/1 595/279/1 557/277/1
f 556/280/1 596/281/1 595/279/1
f 556/280/1 597/282/1 596/281/1
f 555/283/1 597/282/1 556/280/1
f 555/283/1 598/284/1 597/282/1
f 554/285/1 598/284/1 555/283/1
f 553/286/1 598/284/1 554/285/1
f 553/286/1 599/287/1 598/284/1
f 552/288/1 599/287/1 553/286/1
f 552/288/1 600/289/1 599/287/1
f 551/290/1 600/289/1 552/288/1
f 551/290/1 601/291/1 600/289/1
f 551/290/1 602/292/1 601/291/1
f 550/293/1 602/292/1 551/290/1
f 550/293/1 603/294/1 602/292/1
f 550/293/1 604/295/1 603/294/1
f 549/296/1 604/295/1 550/293/1
f 549/296/1 605/297/1 604/295/1
f 548/298/1 605/297/1 549/296/1
f 547/299/1 605/297/1 548/298/1
f 546/300/1 605/297/1 547/299/1
f 546/300/1 606/301/1 605/297/1
f 545/302/1 606/301/1 546/300/1
f 518/303/1 520/304/1 519/305/1
f 628/306/1 630/307/1 629/308/1
f 628/306/1 631/309/1 630/307/1
f 627/310/1 631/309/1 628/306/1
f 544/311/1 606/301/1 545/302/1
f 627/310/1 632/312/1 631/309/1
f 544/311/1 607/313/1 606/301/1
f 626/314/1 632/312/1 627/310/1
f 626/314/1 633/315/1 632/312/1
f 518/303/1 521/316/1 520/304/1
f 625/317/1 633/315/1 626/314/1
f 625/317/1 634/318/1 633/315/1
f 543/319/1 607/313/1 544/311/1
f 624/320/1 634/318/1 625/317/1
f 518/303/1 522/321/1 521/316/1
f 624/320/1 635/322/1 634/318/1
f 623/323/1 635/322/1 624/320/1
f 543/319/1 608/324/1 607/313/1
f 542/325/1 608/324/1 543/319/1
f 623/323/1 636/326/1 635/322/1
f 518/303/1 523/327/1 522/321/1
f 622/328/1 636/326/1 623/323/1
f 541/329/1 608/324/1 542/325/1
f 622/328/1 637/330/1 636/326/1
f 518/303/1 524/331/1 523/327/1
f 621/332/1 637/330/1 622/328/1
f 541/329/1 609/333/1 608/324/1
f 540/334/1 609/333/1 541/329/1
f 621/332/1 638/335/1 637/330/1
f 518/303/1 525/336/1 524/331/1
f 539/337/1 609/333/1 540/334/1
f 620/338/1 638/335/1 621/332/1
f 518/303/1 526/339/1 525/336/1
f 620/338/1 639/340/1 638/335/1
f 539/337/1 610/341/1 609/333/1
f 517/342/1 526/339/1 518/303/1
f 538/343/1 610/341/1 539/337/1
f 517/342/1 527/344/1 526/339/1
f 619/345/1 639/340/1 620/338/1
f 619/345/1 640/346/1 639/340/1
f 537/347/1 610/341/1 538/343/1
f 537/347/1 611/348/1 610/341/1
f 517/342/1 528/349/1 527/344/1
f 536/350/1 611/348/1 537/347/1
f 619/345/1 641/351/1 640/346/1
f 618/352/1 641/351/1 619/345/1
f 536/350/1 612/353/1 611/348/1
f 517/342/1 529/354/1 528/349/1
f 535/355/1 612/353/1 536/350/1
f 535/355/1 613/356/1 612/353/1
f 534/357/1 613/356/1 535/355/1
f 517/342/1 530/358/1 529/354/1
f 618/352/1 642/359/1 641/351/1
f 617/360/1 642/359/1 618/352/1
f 534/357/1 614/361/1 613/356/1
f 533/362/1 614/361/1 534/357/1
f 617/360/1 643/363/1 642/359/1
f 517/342/1 531/364/1 530/358/1
f 533/362/1 615/365/1 614/361/1
f 532/366/1 615/365/1 533/362/1
f 617/360/1 644/367/1 643/363/1
f 532/366/1 616/368/1 615/365/1
f 517/342/1 532/366/1 531/364/1
f 517/342/1 616/368/1 532/366/1
f 517/342/1 617/360/1 616/368/1
f 517/342/1 644/367/1 617/360/1
f 517/342/1 645/369/1 644/367/1
f 516/370/1 892/371/1 517/342/1
f 892/371/1 645/369/1 517/342/1
f 892/371/1 646/372/1 645/369/1
f 892/371/1 647/373/1 646/372/1
f 892/371/1 648/374/1 647/373/1
f 892/371/1 649/375/1 648/374/1
f 892/371/1 650/376/1 649/375/1
f 892/371/1 651/377/1 650/376/1
f 892/371/1 652/378/1 651/377/1
f 892/371/1 653/379/1 652/378/1
f 892/371/1 891/380/1 653/379/1
f 891/380/1 654/381/1 653/379/1
f 516/370/1 893/382/1 892/371/1
f 890/383/1 654/381/1 891/380/1
f 890/383/1 655/384/1 654/381/1
f 890/383/1 656/385/1 655/384/1
f 515/386/1 893/382/1 516/370/1
f 890/383/1 657/387/1 656/385/1
f 890/383/1 658/388/1 657/387/1
f 890/383/1 665/389/1 658/388/1
f 665/389/1 659/390/1 658/388/1
f 665/389/1 660/391/1 659/390/1
f 665/389/1 661/392/1 660/391/1
f 665/389/1 662/393/1 661/392/1
f 665/389/1 663/394/1 662/393/1
f 665/389/1 664/395/1 663/394/1
f 890/383/1 666/396/1 665/389/1
f 514/397/1 893/382/1 515/386/1
f 513/398/1 893/382/1 514/397/1
f 890/383/1 667/399/1 666/396/1
f 512/400/1 893/382/1 513/398/1
f 512/400/1 890/383/1 893/382/1
f 512/400/1 897/1/1 890/383/1
f 897/1/1 667/399/1 890/383/1
f 511/401/1 894/402/1 512/400/1
f 894/402/1 897/1/1 512/400/1
f 511/401/1 895/403/1 894/402/1
f 896/404/1 667/399/1 897/1/1
f 510/405/1 895/403/1 511/401/1
f 509/406/1 895/403/1 510/405/1
f 508/407/1 895/403/1 509/406/1
f 508/407/1 896/404/1 895/403/1
f 508/407/1 692/408/1 896/404/1
f 692/408/1 667/399/1 896/404/1
f 507/409/1 693/410/1 508/407/1
f 693/410/1 692/408/1 508/407/1
f 507/409/1 694/411/1 693/410/1
f 691/412/1 667/399/1 692/408/1
f 691/412/1 668/413/1 667/399/1
f 691/412/1 669/414/1 668/413/1
f 506/415/1 694/411/1 507/409/1
f 690/416/1 669/414/1 691/412/1
f 690/416/1 670/417/1 669/414/1
f 689/418/1 670/417/1 690/416/1
f 689/418/1 671/419/1 670/417/1
f 688/420/1 671/419/1 689/418/1
f 706/421/1 708/422/1 707/423/1
f 706/421/1 709/424/1 708/422/1
f 705/425/1 709/424/1 706/421/1
f 705/425/1 710/426/1 709/424/1
f 704/427/1 710/426/1 705/425/1
f 687/428/1 671/419/1 688/420/1
f 687/428/1 672/429/1 671/419/1
f 704/427/1 711/430/1 710/426/1
f 703/431/1 711/430/1 704/427/1
f 703/431/1 712/432/1 711/430/1
f 686/433/1 672/429/1 687/428/1
f 686/433/1 673/434/1 672/429/1
f 702/435/1 712/432/1 703/431/1
f 702/435/1 713/436/1 712/432/1
f 685/437/1 673/434/1 686/433/1
f 685/437/1 674/438/1 673/434/1
f 702/435/1 714/439/1 713/436/1
f 701/440/1 714/439/1 702/435/1
f 684/441/1 674/438/1 685/437/1
f 684/441/1 675/442/1 674/438/1
f 683/443/1 675/442/1 684/441/1
f 701/440/1 715/444/1 714/439/1
f 683/443/1 676/445/1 675/442/1
f 700/446/1 715/444/1 701/440/1
f 682/447/1 676/445/1 683/443/1
f 682/447/1 677/448/1 676/445/1
f 681/449/1 677/448/1 682/447/1
f 681/449/1 678/450/1 677/448/1
f 680/451/1 678/450/1 681/449/1
f 680/451/1 679/452/1 678/450/1
f 700/446/1 716/453/1 715/444/1
f 699/454/1 716/453/1 700/446/1
f 699/454/1 717/455/1 716/453/1
f 698/456/1 717/455/1 699/454/1
f 698/456/1 718/457/1 717/455/1
f 697/458/1 718/457/1 698/456/1
f 697/458/1 719/459/1 718/457/1
f 697/458/1 720/460/1 719/459/1
f 696/461/1 720/460/1 697/458/1
f 696/461/1 721/462/1 720/460/1
f 696/461/1 722/463/1 721/462/1
f 695/464/1 722/463/1 696/461/1
f 695/464/1 723/465/1 722/463/1
f 695/464/1 724/466/1 723/465/1
f 695/464/1 725/467/1 724/466/1
f 506/415/1 744/468/1 694/411/1
f 744/468/1 695/464/1 694/411/1
f 744/468/1 725/467/1 695/464/1
f 744/468/1 726/469/1 725/467/1
f 744/468/1 727/470/1 726/469/1
f 744/468/1 728/471/1 727/470/1
f 744/468/1 729/472/1 728/471/1
f 744/468/1 730/473/1 729/472/1
f 744/468/1 731/474/1 730/473/1
f 744/468/1 732/475/1 731/474/1
f 744/468/1 733/476/1 732/475/1
f 744/468/1 734/477/1 733/476/1
f 744/468/1 735/478/1 734/477/1
f 744/468/1 736/479/1 735/478/1
f 744/468/1 737/480/1 736/479/1
f 744/468/1 738/481/1 737/480/1
f 744/468/1 739/482/1 738/481/1
f 744/468/1 740/483/1 739/482/1
f 744/468/1 741/484/1 740/483/1
f 744/468/1 742/485/1 741/484/1
f 744/468/1 743/486/1 742/485/1
f 506/415/1 745/487/1 744/468/1
f 757/488/1 759/489/1 758/490/1
f 757/488/1 760/491/1 759/489/1
f 756/492/1 760/491/1 757/488/1
f 756/492/1 761/493/1 760/491/1
f 755/494/1 761/493/1 756/492/1
f 755/494/1 762/495/1 761/493/1
f 754/496/1 762/495/1 755/494/1
f 754/496/1 763/497/1 762/495/1
f 753/498/1 763/497/1 754/496/1
f 753/498/1 764/499/1 763/497/1
f 752/500/1 764/499/1 753/498/1
f 752/500/1 765/501/1 764/499/1
f 751/502/1 765/501/1 752/500/1
f 751/502/1 766/503/1 765/501/1
f 750/504/1 766/503/1 751/502/1
f 750/504/1 767/505/1 766/503/1
f 750/504/1 768/506/1 767/505/1
f 749/507/1 768/506/1 750/504/1
f 749/507/1 769/508/1 768/506/1
f 748/509/1 769/508/1 749/507/1
f 748/509/1 770/510/1 769/508/1
f 747/511/1 770/510/1 748/509/1
f 747/511/1 771/512/1 770/510/1
f 747/511/1 772/513/1 771/512/1
f 746/514/1 772/513/1 747/511/1
f 746/514/1 773/515/1 772/513/1
f 746/514/1 774/516/1 773/515/1
f 506/415/1 746/514/1 745/487/1
f 506/415/1 774/516/1 746/514/1
f 506/415/1 775/517/1 774/516/1
f 506/415/1 776/518/1 775/517/1
f 506/415/1 777/519/1 776/518/1
f 506/415/1 778/520/1 777/519/1
f 506/415/1 779/521/1 778/520/1
f 506/415/1 780/522/1 779/521/1
f 506/415/1 781/523/1 780/522/1
f 506/415/1 782/524/1 781/523/1
f 506/415/1 783/525/1 782/524/1
f 506/415/1 784/526/1 783/525/1
f 505/527/1 482/528/1 506/415/1
f 482/528/1 784/526/1 506/415/1
f 482/528/1 785/529/1 784/526/1
f 482/528/1 481/530/1 785/529/1
f 481/530/1 786/531/1 785/529/1
f 505/527/1 483/532/1 482/528/1
f 480/533/1 786/531/1 481/530/1
f 480/533/1 787/534/1 786/531/1
f 504/535/1 483/532/1 505/527/1
f 480/533/1 788/536/1 787/534/1
f 504/535/1 484/537/1 483/532/1
f 480/533/1 789/538/1 788/536/1
f 480/533/1 790/539/1 789/538/1
f 503/540/1 484/537/1 504/535/1
f 503/540/1 485/541/1 484/537/1
f 480/533/1 791/542/1 790/539/1
f 502/543/1 485/541/1 503/540/1
f 480/533/1 792/544/1 791/542/1
f 502/543/1 486/545/1 485/541/1
f 480/533/1 793/546/1 792/544/1
f 501/547/1 486/545/1 502/543/1
f 501/547/1 487/548/1 486/545/1
f 480/533/1 794/549/1 793/546/1
f 500/550/1 487/548/1 501/547/1
f 355/551/1 357/552/1 356/553/1
f 500/550/1 488/554/1 487/548/1
f 355/551/1 358/555/1 357/552/1
f 479/556/1 794/549/1 480/533/1
f 479/556/1 795/557/1 794/549/1
f 499/558/1 488/554/1 500/550/1
f 355/551/1 359/559/1 358/555/1
f 499/558/1 489/560/1 488/554/1
f 354/561/1 359/559/1 355/551/1
f 354/561/1 360/562/1 359/559/1
f 498/563/1 489/560/1 499/558/1
f 498/563/1 490/564/1 489/560/1
f 354/561/1 361/565/1 360/562/1
f 497/566/1 490/564/1 498/563/1
f 497/566/1 491/567/1 490/564/1
f 353/568/1 361/565/1 354/561/1
f 496/569/1 491/567/1 497/566/1
f 496/569/1 492/570/1 491/567/1
f 353/568/1 362/571/1 361/565/1
f 495/572/1 492/570/1 496/569/1
f 495/572/1 493/573/1 492/570/1
f 494/574/1 493/573/1 495/572/1
f 353/568/1 363/575/1 362/571/1
f 352/576/1 363/575/1 353/568/1
f 352/576/1 364/577/1 363/575/1
f 352/576/1 365/578/1 364/577/1
f 351/579/1 365/578/1 352/576/1
f 351/579/1 366/580/1 365/578/1
f 479/556/1 796/581/1 795/557/1
f 351/579/1 367/582/1 366/580/1
f 478/583/1 796/581/1 479/556/1
f 350/584/1 367/582/1 351/579/1
f 350/584/1 368/585/1 367/582/1
f 394/586/1 396/587/1 395/588/1
f 394/586/1 397/589/1 396/587/1
f 304/590/1 306/591/1 305/592/1
f 350/584/1 369/593/1 368/585/1
f 304/590/1 307/594/1 306/591/1
f 394/586/1 398/595/1 397/589/1
f 350/584/1 370/596/1 369/593/1
f 349/597/1 370/596/1 350/584/1
f 304/590/1 308/598/1 307/594/1
f 394/586/1 399/599/1 398/595/1
f 349/597/1 371/600/1 370/596/1
f 304/590/1 309/601/1 308/598/1
f 393/602/1 399/599/1 394/586/1
f 393/602/1 400/603/1 399/599/1
f 304/590/1 310/604/1 309/601/1
f 349/597/1 372/605/1 371/600/1
f 393/602/1 401/606/1 400/603/1
f 304/590/1 311/607/1 310/604/1
f 303/608/1 311/607/1 304/590/1
f 393/602/1 402/609/1 401/606/1
f 349/597/1 373/610/1 372/605/1
f 303/608/1 312/611/1 311/607/1
f 393/602/1 403/612/1 402/609/1
f 303/608/1 313/613/1 312/611/1
f 348/614/1 373/610/1 349/597/1
f 478/583/1 797/615/1 796/581/1
f 348/614/1 374/616/1 373/610/1
f 393/602/1 404/617/1 403/612/1
f 303/608/1 314/618/1 313/613/1
f 392/619/1 404/617/1 393/602/1
f 392/619/1 405/620/1 404/617/1
f 303/608/1 315/621/1 314/618/1
f 348/614/1 375/622/1 374/616/1
f 392/619/1 406/623/1 405/620/1
f 303/608/1 316/624/1 315/621/1
f 392/619/1 407/625/1 406/623/1
f 303/608/1 317/626/1 316/624/1
f 392/619/1 408/627/1 407/625/1
f 348/614/1 376/628/1 375/622/1
f 303/608/1 318/629/1 317/626/1
f 392/619/1 409/630/1 408/627/1
f 302/631/1 318/629/1 303/608/1
f 477/632/1 797/615/1 478/583/1
f 302/631/1 319/633/1 318/629/1
f 392/619/1 410/634/1 409/630/1
f 348/614/1 377/635/1 376/628/1
f 302/631/1 320/636/1 319/633/1
f 392/619/1 411/637/1 410/634/1
f 347/638/1 377/635/1 348/614/1
f 302/631/1 321/639/1 320/636/1
f 391/640/1 411/637/1 392/619/1
f 391/640/1 412/641/1 411/637/1
f 302/631/1 322/642/1 321/639/1
f 347/638/1 378/643/1 377/635/1
f 391/640/1 413/644/1 412/641/1
f 302/631/1 323/645/1 322/642/1
f 391/640/1 414/646/1 413/644/1
f 347/638/1 379/647/1 378/643/1
f 302/631/1 324/648/1 323/645/1
f 391/640/1 415/649/1 414/646/1
f 302/631/1 325/650/1 324/648/1
f 391/640/1 416/651/1 415/649/1
f 347/638/1 380/652/1 379/647/1
f 302/631/1 326/653/1 325/650/1
f 301/654/1 326/653/1 302/631/1
f 391/640/1 417/655/1 416/651/1
f 390/656/1 417/655/1 391/640/1
f 301/654/1 327/657/1 326/653/1
f 347/638/1 381/658/1 380/652/1
f 346/659/1 381/658/1 347/638/1
f 390/656/1 418/660/1 417/655/1
f 301/654/1 328/661/1 327/657/1
f 477/632/1 798/662/1 797/615/1
f 390/656/1 419/663/1 418/660/1
f 301/654/1 329/664/1 328/661/1
f 390/656/1 420/665/1 419/663/1
f 301/654/1 330/666/1 329/664/1
f 389/667/1 420/665/1 390/656/1
f 389/667/1 421/668/1 420/665/1
f 301/654/1 331/669/1 330/666/1
f 300/670/1 331/669/1 301/654/1
f 389/667/1 422/671/1 421/668/1
f 345/672/1 381/658/1 346/659/1
f 300/670/1 332/673/1 331/669/1
f 389/667/1 423/674/1 422/671/1
f 476/675/1 798/662/1 477/632/1
f 300/670/1 333/676/1 332/673/1
f 389/667/1 424/677/1 423/674/1
f 388/678/1 424/677/1 389/667/1
f 300/670/1 334/679/1 333/676/1
f 388/678/1 425/680/1 424/677/1
f 300/670/1 335/681/1 334/679/1
f 388/678/1 426/682/1 425/680/1
f 299/683/1 335/681/1 300/670/1
f 299/683/1 336/684/1 335/681/1
f 344/685/1 381/658/1 345/672/1
f 388/678/1 427/686/1 426/682/1
f 476/675/1 799/687/1 798/662/1
f 299/683/1 337/688/1 336/684/1
f 388/678/1 428/689/1 427/686/1
f 387/690/1 428/689/1 388/678/1
f 299/683/1 338/691/1 337/688/1
f 387/690/1 429/692/1 428/689/1
f 387/690/1 430/693/1 429/692/1
f 299/683/1 339/694/1 338/691/1
f 387/690/1 431/695/1 430/693/1
f 299/683/1 340/696/1 339/694/1
f 386/697/1 431/695/1 387/690/1
f 343/698/1 381/658/1 344/685/1
f 386/697/1 432/699/1 431/695/1
f 299/683/1 341/700/1 340/696/1
f 298/701/1 341/700/1 299/683/1
f 475/702/1 799/687/1 476/675/1
f 298/701/1 342/703/1 341/700/1
f 475/702/1 800/704/1 799/687/1
f 385/705/1 432/699/1 386/697/1
f 297/706/1 342/703/1 298/701/1
f 384/707/1 432/699/1 385/705/1
f 474/708/1 800/704/1 475/702/1
f 384/707/1 433/709/1 432/699/1
f 474/708/1 801/710/1 800/704/1
f 383/711/1 433/709/1 384/707/1
f 296/712/1 342/703/1 297/706/1
f 382/713/1 433/709/1 383/711/1
f 474/708/1 802/714/1 801/710/1
f 473/715/1 802/714/1 474/708/1
f 295/716/1 342/703/1 296/712/1
f 473/715/1 803/717/1 802/714/1
f 294/718/1 342/703/1 295/716/1
f 472/719/1 803/717/1 473/715/1
f 472/719/1 804/720/1 803/717/1
f 293/721/1 342/703/1 294/718/1
f 471/722/1 804/720/1 472/719/1
f 471/722/1 805/723/1 804/720/1
f 292/724/1 342/703/1 293/721/1
f 470/725/1 805/723/1 471/722/1
f 292/724/1 267/726/1 342/703/1
f 267/726/1 343/698/1 342/703/1
f 267/726/1 381/658/1 343/698/1
f 267/726/1 382/713/1 381/658/1
f 267/726/1 266/727/1 382/713/1
f 266/727/1 433/709/1 382/713/1
f 470/725/1 806/728/1 805/723/1
f 469/729/1 806/728/1 470/725/1
f 469/729/1 807/730/1 806/728/1
f 469/729/1 808/731/1 807/730/1
f 468/732/1 808/731/1 469/729/1
f 467/733/1 808/731/1 468/732/1
f 292/724/1 268/734/1 267/726/1
f 265/735/1 433/709/1 266/727/1
f 467/733/1 809/736/1 808/731/1
f 466/737/1 809/736/1 467/733/1
f 465/738/1 809/736/1 466/737/1
f 464/739/1 809/736/1 465/738/1
f 464/739/1 810/740/1 809/736/1
f 463/741/1 810/740/1 464/739/1
f 462/742/1 810/740/1 463/741/1
f 461/743/1 810/740/1 462/742/1
f 461/743/1 811/744/1 810/740/1
f 460/745/1 811/744/1 461/743/1
f 459/746/1 811/744/1 460/745/1
f 458/747/1 811/744/1 459/746/1
f 457/748/1 811/744/1 458/747/1
f 457/748/1 812/749/1 811/744/1
f 265/735/1 434/750/1 433/709/1
f 456/751/1 812/749/1 457/748/1
f 265/735/1 435/752/1 434/750/1
f 455/753/1 812/749/1 456/751/1
f 265/735/1 436/754/1 435/752/1
f 454/755/1 812/749/1 455/753/1
f 265/735/1 437/756/1 436/754/1
f 453/757/1 812/749/1 454/755/1
f 265/735/1 438/758/1 437/756/1
f 452/759/1 812/749/1 453/757/1
f 265/735/1 439/760/1 438/758/1
f 451/761/1 812/749/1 452/759/1
f 265/735/1 440/762/1 439/760/1
f 450/763/1 812/749/1 451/761/1
f 450/763/1 813/764/1 812/749/1
f 265/735/1 441/765/1 440/762/1
f 449/766/1 813/764/1 450/763/1
f 265/735/1 442/767/1 441/765/1
f 448/768/1 813/764/1 449/766/1
f 265/735/1 443/769/1 442/767/1
f 447/770/1 813/764/1 448/768/1
f 265/735/1 444/771/1 443/769/1
f 446/772/1 813/764/1 447/770/1
f 265/735/1 445/773/1 444/771/1
f 445/773/1 813/764/1 446/772/1
f 265/735/1 813/764/1 445/773/1
f 264/774/1 813/764/1 265/735/1
f 264/774/1 814/775/1 813/764/1
f 263/776/1 814/775/1 264/774/1
f 262/777/1 814/775/1 263/776/1
f 292/724/1 269/778/1 268/734/1
f 262/777/1 241/147/1 814/775/1
f 241/147/1 815/779/1 814/775/1
f 262/777/1 242/780/1 241/147/1
f 889/781/1 815/779/1 241/147/1
f 261/782/1 242/780/1 262/777/1
f 291/783/1 269/778/1 292/724/1
f 888/784/1 815/779/1 889/781/1
f 291/783/1 270/785/1 269/778/1
f 261/782/1 243/786/1 242/780/1
f 260/787/1 243/786/1 261/782/1
f 887/788/1 815/779/1 888/784/1
f 260/787/1 244/789/1 243/786/1
f 887/788/1 816/790/1 815/779/1
f 290/791/1 270/785/1 291/783/1
f 886/792/1 816/790/1 887/788/1
f 259/793/1 244/789/1 260/787/1
f 259/793/1 245/794/1 244/789/1
f 290/791/1 271/795/1 270/785/1
f 885/796/1 816/790/1 886/792/1
f 259/793/1 246/797/1 245/794/1
f 258/798/1 246/797/1 259/793/1
f 289/799/1 271/795/1 290/791/1
f 884/800/1 816/790/1 885/796/1
f 258/798/1 247/801/1 246/797/1
f 884/800/1 817/802/1 816/790/1
f 257/803/1 247/801/1 258/798/1
f 289/799/1 272/804/1 271/795/1
f 257/803/1 248/805/1 247/801/1
f 883/806/1 817/802/1 884/800/1
f 256/807/1 248/805/1 257/803/1
f 256/807/1 249/808/1 248/805/1
f 288/809/1 272/804/1 289/799/1
f 256/807/1 250/810/1 249/808/1
f 255/811/1 250/810/1 256/807/1
f 882/812/1 817/802/1 883/806/1
f 255/811/1 251/813/1 250/810/1
f 254/814/1 251/813/1 255/811/1
f 288/809/1 273/815/1 272/804/1
f 254/814/1 252/816/1 251/813/1
f 253/817/1 252/816/1 254/814/1
f 881/818/1 817/802/1 882/812/1
f 881/818/1 818/819/1 817/802/1
f 287/820/1 273/815/1 288/809/1
f 880/821/1 818/819/1 881/818/1
f 287/820/1 274/822/1 273/815/1
f 286/823/1 274/822/1 287/820/1
f 879/824/1 818/819/1 880/821/1
f 286/823/1 275/825/1 274/822/1
f 878/826/1 818/819/1 879/824/1
f 878/826/1 819/827/1 818/819/1
f 285/828/1 275/825/1 286/823/1
f 877/829/1 819/827/1 878/826/1
f 285/828/1 276/830/1 275/825/1
f 284/831/1 276/830/1 285/828/1
f 284/831/1 277/832/1 276/830/1
f 876/833/1 819/827/1 877/829/1
f 283/834/1 277/832/1 284/831/1
f 876/833/1 820/835/1 819/827/1
f 283/834/1 278/836/1 277/832/1
f 282/837/1 278/836/1 283/834/1
f 875/838/1 820/835/1 876/833/1
f 282/837/1 279/839/1 278/836/1
f 281/840/1 279/839/1 282/837/1
f 281/840/1 280/841/1 279/839/1
f 874/842/1 820/835/1 875/838/1
f 874/842/1 821/843/1 820/835/1
f 873/844/1 821/843/1 874/842/1
f 873/844/1 822/845/1 821/843/1
f 872/846/1 822/845/1 873/844/1
f 871/847/1 822/845/1 872/846/1
f 871/847/1 823/848/1 822/845/1
f 870/849/1 823/848/1 871/847/1
f 870/849/1 824/850/1 823/848/1
f 869/851/1 824/850/1 870/849/1
f 869/851/1 825/852/1 824/850/1
f 868/853/1 825/852/1 869/851/1
f 868/853/1 826/854/1 825/852/1
f 867/855/1 826/854/1 868/853/1
f 867/855/1 827/856/1 826/854/1
f 866/857/1 827/856/1 867/855/1
f 866/857/1 828/858/1 827/856/1
f 865/859/1 828/858/1 866/857/1
f 865/859/1 829/860/1 828/858/1
f 864/861/1 829/860/1 865/859/1
f 863/862/1 829/860/1 864/861/1
f 863/862/1 830/863/1 829/860/1
f 862/864/1 830/863/1 863/862/1
f 862/864/1 831/865/1 830/863/1
f 861/866/1 831/865/1 862/864/1
f 860/867/1 831/865/1 861/866/1
f 860/867/1 832/868/1 831/865/1
f 859/869/1 832/868/1 860/867/1
f 859/869/1 833/870/1 832/868/1
f 858/871/1 833/870/1 859/869/1
f 857/872/1 833/870/1 858/871/1
f 857/872/1 834/873/1 833/870/1
f 856/874/1 834/873/1 857/872/1
f 855/875/1 834/873/1 856/874/1
f 855/875/1 835/876/1 834/873/1
f 854/877/1 835/876/1 855/875/1
f 853/878/1 835/876/1 854/877/1
f 853/878/1 836/879/1 835/876/1
f 852/880/1 836/879/1 853/878/1
f 852/880/1 837/881/1 836/879/1
f 851/882/1 837/881/1 852/880/1
f 850/883/1 837/881/1 851/882/1
f 850/883/1 838/884/1 837/881/1
f 849/885/1 838/884/1 850/883/1
f 848/886/1 838/884/1 849/885/1
f 848/886/1 839/887/1 838/884/1
f 847/888/1 839/887/1 848/886/1
f 847/888/1 840/889/1 839/887/1
f 846/890/1 840/889/1 847/888/1
f 845/891/1 840/889/1 846/890/1
f 845/891/1 841/892/1 840/889/1
f 844/893/1 841/892/1 845/891/1
f 843/894/1 841/892/1 844/893/1
f 843/894/1 842/895/1 841/892/1
f 1077/896/1 1079/897/1 1078/898/1
f 1076/899/1 1079/897/1 1077/896/1
f 1075/900/1 1079/897/1 1076/899/1
f 1075/900/1 1080/901/1 1079/897/1
f 1074/902/1 1080/901/1 1075/900/1
f 1073/903/1 1080/901/1 1074/902/1
f 1073/903/1 1081/904/1 1080/901/1
f 1072/905/1 1081/904/1 1073/903/1
f 1071/906/1 1081/904/1 1072/905/1
f 1071/906/1 1082/907/1 1081/904/1
f 1070/908/1 1082/907/1 1071/906/1
f 1069/909/1 1082/907/1 1070/908/1
f 1068/910/1 1082/907/1 1069/909/1
f 1068/910/1 1083/911/1 1082/907/1
f 1067/912/1 1083/911/1 1068/910/1
f 1066/913/1 1083/911/1 1067/912/1
f 1066/913/1 1084/914/1 1083/911/1
f 1065/915/1 1084/914/1 1066/913/1
f 1064/916/1 1084/914/1 1065/915/1
f 1064/916/1 1085/917/1 1084/914/1
f 1063/918/1 1085/917/1 1064/916/1
f 1062/919/1 1085/917/1 1063/918/1
f 1061/920/1 1085/917/1 1062/919/1
f 1061/920/1 1086/921/1 1085/917/1
f 1060/922/1 1086/921/1 1061/920/1
f 1059/923/1 1086/921/1 1060/922/1
f 1058/924/1 1086/921/1 1059/923/1
f 1058/924/1 1087/925/1 1086/921/1
f 1057/926/1 1087/925/1 1058/924/1
f 1056/927/1 1087/925/1 1057/926/1
f 1055/928/1 1087/925/1 1056/927/1
f 1054/929/1 1087/925/1 1055/928/1
f 1054/929/1 1088/930/1 1087/925/1
f 1053/931/1 1088/930/1 1054/929/1
f 1052/932/1 1088/930/1 1053/931/1
f 1051/933/1 1088/930/1 1052/932/1
f 1050/934/1 1088/930/1 1051/933/1
f 1049/935/1 1088/930/1 1050/934/1
f 1049/935/1 1089/936/1 1088/930/1
f 1048/937/1 1089/936/1 1049/935/1
f 1047/938/1 1089/936/1 1048/937/1
f 1046/939/1 1089/936/1 1047/938/1
f 1045/940/1 1089/936/1 1046/939/1
f 1044/941/1 1089/936/1 1045/940/1
f 1043/942/1 1089/936/1 1044/941/1
f 1043/942/1 1090/943/1 1089/936/1
f 1042/944/1 1090/943/1 1043/942/1
f 1041/945/1 1090/943/1 1042/944/1
f 1040/946/1 1090/943/1 1041/945/1
f 1040/946/1 1091/947/1 1090/943/1
f 1039/948/1 1091/947/1 1040/946/1
f 1039/948/1 1092/949/1 1091/947/1
f 1038/950/1 1092/949/1 1039/948/1
f 1037/951/1 1092/949/1 1038/950/1
f 1037/951/1 1093/952/1 1092/949/1
f 1036/953/1 1093/952/1 1037/951/1
f 1036/953/1 1094/954/1 1093/952/1
f 1035/955/1 1094/954/1 1036/953/1
f 1034/956/1 1094/954/1 1035/955/1
f 1034/956/1 1095/957/1 1094/954/1
f 1033/958/1 1095/957/1 1034/956/1
f 1033/958/1 1096/959/1 1095/957/1
f 1032/960/1 1096/959/1 1033/958/1
f 1032/960/1 1097/961/1 1096/959/1
f 1031/962/1 1097/961/1 1032/960/1
f 1031/962/1 1098/963/1 1097/961/1
f 1030/964/1 1098/963/1 1031/962/1
f 1030/964/1 1099/965/1 1098/963/1
f 1029/966/1 1099/965/1 1030/964/1
f 1028/967/1 1099/965/1 1029/966/1
f 1028/967/1 1100/968/1 1099/965/1
f 1027/969/1 1100/968/1 1028/967/1
f 1027/969/1 1101/970/1 1100/968/1
f 1026/971/1 1101/970/1 1027/969/1
f 1026/971/1 1102/972/1 1101/970/1
f 1025/973/1 1102/972/1 1026/971/1
f 1025/973/1 1103/974/1 1102/972/1
f 1024/975/1 1103/974/1 1025/973/1
f 1024/975/1 1104/976/1 1103/974/1
f 1023/977/1 1104/976/1 1024/975/1
f 1023/977/1 1105/978/1 1104/976/1
f 1022/979/1 1105/978/1 1023/977/1
f 1022/979/1 1106/980/1 1105/978/1
f 1022/979/1 1107/981/1 1106/980/1
f 1021/982/1 1107/981/1 1022/979/1
f 1021/982/1 1108/983/1 1107/981/1
f 1021/982/1 1109/984/1 1108/983/1
f 1020/985/1 1109/984/1 1021/982/1
f 1020/985/1 1110/986/1 1109/984/1
f 1019/987/1 1110/986/1 1020/985/1
f 1019/987/1 1111/988/1 1110/986/1
f 1019/987/1 1112/989/1 1111/988/1
f 1019/987/1 1113/990/1 1112/989/1
f 1018/991/1 1113/990/1 1019/987/1
f 1018/991/1 1114/992/1 1113/990/1
f 1018/991/1 1115/993/1 1114/992/1
f 1017/994/1 1115/993/1 1018/991/1
f 1017/994/1 1116/995/1 1115/993/1
f 1017/994/1 1117/996/1 1116/995/1
f 1017/994/1 1118/997/1 1117/996/1
f 1017/994/1 1119/998/1 1118/997/1
f 1017/994/1 1120/999/1 1119/998/1
f 1017/994/1 1121/1000/1 1120/999/1
f 1016/1001/1 1121/1000/1 1017/994/1
f 1016/1001/1 1122/1002/1 1121/1000/1
f 1016/1001/1 1123/1003/1 1122/1002/1
f 1016/1001/1 1124/1004/1 1123/1003/1
f 1016/1001/1 1125/1005/1 1124/1004/1
f 1016/1001/1 1126/1006/1 1125/1005/1
f 1016/1001/1 1127/1007/1 1126/1006/1
f 1015/1008/1 1127/1007/1 1016/1001/1
f 1015/1008/1 1128/1009/1 1127/1007/1
f 1014/1010/1 1128/1009/1 1015/1008/1
f 1014/1010/1 1129/1011/1 1128/1009/1
f 1013/1012/1 1129/1011/1 1014/1010/1
f 1013/1012/1 1130/1013/1 1129/1011/1
f 1012/1014/1 1130/1013/1 1013/1012/1
f 1012/1014/1 1131/1015/1 1130/1013/1
f 1011/1016/1 1131/1015/1 1012/1014/1
f 1197/1017/1 1199/1018/1 1198/1019/1
f 1196/1020/1 1199/1018/1 1197/1017/1
f 1196/1020/1 1200/1021/1 1199/1018/1
f 1195/1022/1 1200/1021/1 1196/1020/1
f 1195/1022/1 1201/1023/1 1200/1021/1
f 1194/1024/1 1201/1023/1 1195/1022/1
f 1194/1024/1 1202/1025/1 1201/1023/1
f 1193/1026/1 1202/1025/1 1194/1024/1
f 1193/1026/1 1203/1027/1 1202/1025/1
f 1192/1028/1 1203/1027/1 1193/1026/1
f 1011/1016/1 1132/1029/1 1131/1015/1
f 1191/1030/1 1203/1027/1 1192/1028/1
f 1191/1030/1 1204/1031/1 1203/1027/1
f 1010/1032/1 1132/1029/1 1011/1016/1
f 1190/1033/1 1204/1031/1 1191/1030/1
f 1190/1033/1 1205/1034/1 1204/1031/1
f 1189/1035/1 1205/1034/1 1190/1033/1
f 1189/1035/1 1206/1036/1 1205/1034/1
f 1188/1037/1 1206/1036/1 1189/1035/1
f 1010/1032/1 1133/1038/1 1132/1029/1
f 1188/1037/1 1207/1039/1 1206/1036/1
f 1187/1040/1 1207/1039/1 1188/1037/1
f 1009/1041/1 1133/1038/1 1010/1032/1
f 1187/1040/1 1208/1042/1 1207/1039/1
f 1186/1043/1 1208/1042/1 1187/1040/1
f 1185/1044/1 1208/1042/1 1186/1043/1
f 1185/1044/1 1209/1045/1 1208/1042/1
f 1184/1046/1 1209/1045/1 1185/1044/1
f 1009/1041/1 1134/1047/1 1133/1038/1
f 1008/1048/1 1134/1047/1 1009/1041/1
f 1183/1049/1 1209/1045/1 1184/1046/1
f 1182/1050/1 1209/1045/1 1183/1049/1
f 1182/1050/1 1210/1051/1 1209/1045/1
f 1181/1052/1 1210/1051/1 1182/1050/1
f 1180/1053/1 1210/1051/1 1181/1052/1
f 1179/1054/1 1210/1051/1 1180/1053/1
f 1179/1054/1 1211/1055/1 1210/1051/1
f 1178/1056/1 1211/1055/1 1179/1054/1
f 1007/1057/1 1134/1047/1 1008/1048/1
f 1007/1057/1 1135/1058/1 1134/1047/1
f 1178/1056/1 1212/1059/1 1211/1055/1
f 1177/1060/1 1212/1059/1 1178/1056/1
f 1176/1061/1 1212/1059/1 1177/1060/1
f 1176/1061/1 1213/1062/1 1212/1059/1
f 1175/1063/1 1213/1062/1 1176/1061/1
f 1175/1063/1 1214/1064/1 1213/1062/1
f 1174/1065/1 1214/1064/1 1175/1063/1
f 1173/1066/1 1214/1064/1 1174/1065/1
f 1173/1066/1 1215/1067/1 1214/1064/1
f 1006/1068/1 1135/1058/1 1007/1057/1
f 1006/1068/1 1136/1069/1 1135/1058/1
f 1172/1070/1 1215/1067/1 1173/1066/1
f 1172/1070/1 1216/1071/1 1215/1067/1
f 1172/1070/1 1217/1072/1 1216/1071/1
f 1171/1073/1 1217/1072/1 1172/1070/1
f 1005/1074/1 1136/1069/1 1006/1068/1
f 1171/1073/1 1218/1075/1 1217/1072/1
f 1170/1076/1 1218/1075/1 1171/1073/1
f 1005/1074/1 1137/1077/1 1136/1069/1
f 1169/1078/1 1218/1075/1 1170/1076/1
f 1169/1078/1 1219/1079/1 1218/1075/1
f 1168/1080/1 1219/1079/1 1169/1078/1
f 1168/1080/1 1220/1081/1 1219/1079/1
f 1167/1082/1 1220/1081/1 1168/1080/1
f 1167/1082/1 1221/1083/1 1220/1081/1
f 1166/1084/1 1221/1083/1 1167/1082/1
f 1005/1074/1 1138/1085/1 1137/1077/1
f 1165/1086/1 1221/1083/1 1166/1084/1
f 1165/1086/1 1222/1087/1 1221/1083/1
f 1164/1088/1 1222/1087/1 1165/1086/1
f 1164/1088/1 1223/1089/1 1222/1087/1
f 1163/1090/1 1223/1089/1 1164/1088/1
f 1004/1091/1 1138/1085/1 1005/1074/1
f 1162/1092/1 1223/1089/1 1163/1090/1
f 1161/1093/1 1223/1089/1 1162/1092/1
f 1004/1091/1 1139/1094/1 1138/1085/1
f 1160/1095/1 1223/1089/1 1161/1093/1
f 1160/1095/1 1224/1096/1 1223/1089/1
f 1004/1091/1 1140/1097/1 1139/1094/1
f 1159/1098/1 1224/1096/1 1160/1095/1
f 1004/1091/1 1141/1099/1 1140/1097/1
f 1158/1100/1 1224/1096/1 1159/1098/1
f 1004/1091/1 1142/1101/1 1141/1099/1
f 1157/1102/1 1224/1096/1 1158/1100/1
f 1004/1091/1 1143/1103/1 1142/1101/1
f 1156/1104/1 1224/1096/1 1157/1102/1
f 1004/1091/1 1144/1105/1 1143/1103/1
f 1155/1106/1 1224/1096/1 1156/1104/1
f 1004/1091/1 1145/1107/1 1144/1105/1
f 1154/1108/1 1224/1096/1 1155/1106/1
f 1004/1091/1 1146/1109/1 1145/1107/1
f 1153/1110/1 1224/1096/1 1154/1108/1
f 1004/1091/1 1147/1111/1 1146/1109/1
f 1152/1112/1 1224/1096/1 1153/1110/1
f 1004/1091/1 1148/1113/1 1147/1111/1
f 1151/1114/1 1224/1096/1 1152/1112/1
f 1004/1091/1 1149/1115/1 1148/1113/1
f 1150/1116/1 1224/1096/1 1151/1114/1
f 1004/1091/1 1150/1116/1 1149/1115/1
f 1004/1091/1 1224/1096/1 1150/1116/1
f 1004/1091/1 1225/1117/1 1224/1096/1
f 1004/1091/1 1226/1118/1 1225/1117/1
f 1004/1091/1 1227/1119/1 1226/1118/1
f 1004/1091/1 1228/1120/1 1227/1119/1
f 1003/1121/1 1228/1120/1 1004/1091/1
f 1003/1121/1 1229/1122/1 1228/1120/1
f 1003/1121/1 1230/1123/1 1229/1122/1
f 1003/1121/1 1231/1124/1 1230/1123/1
f 1003/1121/1 1232/1125/1 1231/1124/1
f 1003/1121/1 1233/1126/1 1232/1125/1
f 1003/1121/1 1237/1127/1 1233/1126/1
f 1237/1127/1 1236/1128/1 1233/1126/1
f 1236/1128/1 1235/1129/1 1233/1126/1
f 1235/1129/1 1234/1130/1 1233/1126/1
f 1003/1121/1 1238/1131/1 1237/1127/1
f 1003/1121/1 1239/1132/1 1238/1131/1
f 1003/1121/1 1240/1133/1 1239/1132/1
f 1003/1121/1 1241/1134/1 1240/1133/1
f 1003/1121/1 1242/1135/1 1241/1134/1
f 1003/1121/1 1243/1136/1 1242/1135/1
f 1003/1121/1 1244/1137/1 1243/1136/1
f 1003/1121/1 1245/1138/1 1244/1137/1
f 1003/1121/1 1246/1139/1 1245/1138/1
f 1003/1121/1 1247/1140/1 1246/1139/1
f 1003/1121/1 1248/1141/1 1247/1140/1
f 1003/1121/1 1249/1142/1 1248/1141/1
f 1003/1121/1 1250/1143/1 1249/1142/1
f 1003/1121/1 1251/1144/1 1250/1143/1
f 1003/1121/1 1252/1145/1 1251/1144/1
f 1003/1121/1 1253/1146/1 1252/1145/1
f 1003/1121/1 1254/1147/1 1253/1146/1
f 1003/1121/1 1255/1148/1 1254/1147/1
f 1002/1149/1 946/1150/1 1003/1121/1
f 946/1150/1 1255/1148/1 1003/1121/1
f 1002/1149/1 947/1151/1 946/1150/1
f 945/1152/1 1255/1148/1 946/1150/1
f 945/1152/1 1256/1153/1 1255/1148/1
f 945/1152/1 1257/1154/1 1256/1153/1
f 945/1152/1 1258/1155/1 1257/1154/1
f 945/1152/1 1259/1156/1 1258/1155/1
f 944/1157/1 1259/1156/1 945/1152/1
f 944/1157/1 898/147/1 1259/1156/1
f 898/147/1 1260/1158/1 1259/1156/1
f 943/1159/1 898/147/1 944/1157/1
f 943/1159/1 899/1160/1 898/147/1
f 1413/1/1 1260/1158/1 898/147/1
f 943/1159/1 900/1161/1 899/1160/1
f 943/1159/1 901/1162/1 900/1161/1
f 1413/1/1 1261/1163/1 1260/1158/1
f 943/1159/1 902/1164/1 901/1162/1
f 943/1159/1 903/1165/1 902/1164/1
f 943/1159/1 904/1166/1 903/1165/1
f 1412/1167/1 1261/1163/1 1413/1/1
f 943/1159/1 905/1168/1 904/1166/1
f 942/1169/1 905/1168/1 943/1159/1
f 942/1169/1 906/1170/1 905/1168/1
f 942/1169/1 907/1171/1 906/1170/1
f 1412/1167/1 1262/1172/1 1261/1163/1
f 942/1169/1 908/1173/1 907/1171/1
f 942/1169/1 909/1174/1 908/1173/1
f 942/1169/1 910/1175/1 909/1174/1
f 942/1169/1 911/1176/1 910/1175/1
f 942/1169/1 912/1177/1 911/1176/1
f 1411/1178/1 1262/1172/1 1412/1167/1
f 942/1169/1 913/1179/1 912/1177/1
f 941/1180/1 913/1179/1 942/1169/1
f 1411/1178/1 1263/1181/1 1262/1172/1
f 1001/1182/1 947/1151/1 1002/1149/1
f 941/1180/1 914/1183/1 913/1179/1
f 1001/1182/1 948/1184/1 947/1151/1
f 941/1180/1 915/1185/1 914/1183/1
f 941/1180/1 916/1186/1 915/1185/1
f 941/1180/1 917/1187/1 916/1186/1
f 1410/1188/1 1263/1181/1 1411/1178/1
f 941/1180/1 918/1189/1 917/1187/1
f 940/1190/1 918/1189/1 941/1180/1
f 1410/1188/1 1264/1191/1 1263/1181/1
f 940/1190/1 919/1192/1 918/1189/1
f 940/1190/1 920/1193/1 919/1192/1
f 940/1190/1 921/1194/1 920/1193/1
f 940/1190/1 922/1195/1 921/1194/1
f 939/1196/1 922/1195/1 940/1190/1
f 1409/1197/1 1264/1191/1 1410/1188/1
f 939/1196/1 923/1198/1 922/1195/1
f 1409/1197/1 1265/1199/1 1264/1191/1
f 939/1196/1 924/1200/1 923/1198/1
f 938/1201/1 924/1200/1 939/1196/1
f 938/1201/1 925/1202/1 924/1200/1
f 1408/1203/1 1265/1199/1 1409/1197/1
f 938/1201/1 926/1204/1 925/1202/1
f 1408/1203/1 1266/1205/1 1265/1199/1
f 937/1206/1 926/1204/1 938/1201/1
f 937/1206/1 927/1207/1 926/1204/1
f 937/1206/1 928/1208/1 927/1207/1
f 936/1209/1 928/1208/1 937/1206/1
f 936/1209/1 929/1210/1 928/1208/1
f 1407/1211/1 1266/1205/1 1408/1203/1
f 936/1209/1 930/1212/1 929/1210/1
f 935/1213/1 930/1212/1 936/1209/1
f 935/1213/1 931/1214/1 930/1212/1
f 935/1213/1 932/1215/1 931/1214/1
f 934/1216/1 932/1215/1 935/1213/1
f 934/1216/1 933/1217/1 932/1215/1
f 1407/1211/1 1267/1218/1 1266/1205/1
f 1406/1219/1 1267/1218/1 1407/1211/1
f 1406/1219/1 1268/1220/1 1267/1218/1
f 1000/1221/1 948/1184/1 1001/1182/1
f 1405/1222/1 1268/1220/1 1406/1219/1
f 1000/1221/1 949/1223/1 948/1184/1
f 1405/1222/1 1269/1224/1 1268/1220/1
f 1404/1225/1 1269/1224/1 1405/1222/1
f 1403/1226/1 1269/1224/1 1404/1225/1
f 1403/1226/1 1270/1227/1 1269/1224/1
f 1402/1228/1 1270/1227/1 1403/1226/1
f 1402/1228/1 1271/1229/1 1270/1227/1
f 1401/1230/1 1271/1229/1 1402/1228/1
f 1401/1230/1 1272/1231/1 1271/1229/1
f 1400/1232/1 1272/1231/1 1401/1230/1
f 1400/1232/1 1273/1233/1 1272/1231/1
f 1400/1232/1 1274/1234/1 1273/1233/1
f 1399/1235/1 1274/1234/1 1400/1232/1
f 1000/1221/1 950/1236/1 949/1223/1
f 1399/1235/1 1275/1237/1 1274/1234/1
f 999/1238/1 950/1236/1 1000/1221/1
f 1398/1239/1 1275/1237/1 1399/1235/1
f 1398/1239/1 1276/1240/1 1275/1237/1
f 1398/1239/1 1277/1241/1 1276/1240/1
f 1397/1242/1 1277/1241/1 1398/1239/1
f 1397/1242/1 1278/1243/1 1277/1241/1
f 1397/1242/1 1279/1244/1 1278/1243/1
f 1396/1245/1 1279/1244/1 1397/1242/1
f 1396/1245/1 1280/1246/1 1279/1244/1
f 1395/1247/1 1280/1246/1 1396/1245/1
f 1395/1247/1 1281/1248/1 1280/1246/1
f 999/1238/1 951/1249/1 950/1236/1
f 998/1250/1 951/1249/1 999/1238/1
f 1395/1247/1 1282/1251/1 1281/1248/1
f 1394/1252/1 1282/1251/1 1395/1247/1
f 1394/1252/1 1283/1253/1 1282/1251/1
f 1394/1252/1 1284/1254/1 1283/1253/1
f 1393/1255/1 1284/1254/1 1394/1252/1
f 1393/1255/1 1285/1256/1 1284/1254/1
f 1393/1255/1 1286/1257/1 1285/1256/1
f 1393/1255/1 1287/1258/1 1286/1257/1
f 998/1250/1 952/1259/1 951/1249/1
f 1392/1260/1 1287/1258/1 1393/1255/1
f 1392/1260/1 1288/1261/1 1287/1258/1
f 997/1262/1 952/1259/1 998/1250/1
f 1392/1260/1 1289/1263/1 1288/1261/1
f 1392/1260/1 1290/1264/1 1289/1263/1
f 1391/1265/1 1290/1264/1 1392/1260/1
f 1391/1265/1 1291/1266/1 1290/1264/1
f 1391/1265/1 1292/1267/1 1291/1266/1
f 1391/1265/1 1293/1268/1 1292/1267/1
f 1390/1269/1 1293/1268/1 1391/1265/1
f 1390/1269/1 1294/1270/1 1293/1268/1
f 997/1262/1 953/1271/1 952/1259/1
f 1390/1269/1 1295/1272/1 1294/1270/1
f 996/1273/1 953/1271/1 997/1262/1
f 1390/1269/1 1296/1274/1 1295/1272/1
f 1390/1269/1 1297/1275/1 1296/1274/1
f 1389/1276/1 1297/1275/1 1390/1269/1
f 1389/1276/1 1298/1277/1 1297/1275/1
f 1389/1276/1 1299/1278/1 1298/1277/1
f 1389/1276/1 1300/1279/1 1299/1278/1
f 996/1273/1 954/1280/1 953/1271/1
f 1389/1276/1 1301/1281/1 1300/1279/1
f 1389/1276/1 1302/1282/1 1301/1281/1
f 995/1283/1 954/1280/1 996/1273/1
f 1389/1276/1 1303/1284/1 1302/1282/1
f 1389/1276/1 1304/1285/1 1303/1284/1
f 1389/1276/1 1305/1286/1 1304/1285/1
f 995/1283/1 955/1287/1 954/1280/1
f 1389/1276/1 1306/1288/1 1305/1286/1
f 1388/1289/1 1306/1288/1 1389/1276/1
f 1388/1289/1 1307/1290/1 1306/1288/1
f 994/1291/1 955/1287/1 995/1283/1
f 994/1291/1 956/1292/1 955/1287/1
f 993/1293/1 956/1292/1 994/1291/1
f 1388/1289/1 1308/1294/1 1307/1290/1
f 993/1293/1 957/1295/1 956/1292/1
f 992/1296/1 957/1295/1 993/1293/1
f 1387/1297/1 1308/1294/1 1388/1289/1
f 991/1298/1 957/1295/1 992/1296/1
f 990/1299/1 957/1295/1 991/1298/1
f 989/1300/1 957/1295/1 990/1299/1
f 988/1301/1 957/1295/1 989/1300/1
f 988/1301/1 958/1302/1 957/1295/1
f 987/1303/1 958/1302/1 988/1301/1
f 986/1304/1 958/1302/1 987/1303/1
f 985/1305/1 958/1302/1 986/1304/1
f 984/1306/1 958/1302/1 985/1305/1
f 983/1307/1 958/1302/1 984/1306/1
f 982/1308/1 958/1302/1 983/1307/1
f 1387/1297/1 1309/1309/1 1308/1294/1
f 981/1310/1 958/1302/1 982/1308/1
f 980/1311/1 958/1302/1 981/1310/1
f 980/1311/1 959/1312/1 958/1302/1
f 980/1311/1 960/1313/1 959/1312/1
f 979/1314/1 960/1313/1 980/1311/1
f 979/1314/1 961/1315/1 960/1313/1
f 978/1316/1 961/1315/1 979/1314/1
f 978/1316/1 962/1317/1 961/1315/1
f 977/1318/1 962/1317/1 978/1316/1
f 1386/1319/1 1309/1309/1 1387/1297/1
f 977/1318/1 963/1320/1 962/1317/1
f 976/1321/1 963/1320/1 977/1318/1
f 976/1321/1 964/1322/1 963/1320/1
f 975/1323/1 964/1322/1 976/1321/1
f 975/1323/1 965/1324/1 964/1322/1
f 974/1325/1 965/1324/1 975/1323/1
f 974/1325/1 966/1326/1 965/1324/1
f 973/1327/1 966/1326/1 974/1325/1
f 973/1327/1 967/1328/1 966/1326/1
f 972/1329/1 967/1328/1 973/1327/1
f 972/1329/1 968/1330/1 967/1328/1
f 971/1331/1 968/1330/1 972/1329/1
f 971/1331/1 969/1332/1 968/1330/1
f 970/1333/1 969/1332/1 971/1331/1
f 1386/1319/1 1310/1334/1 1309/1309/1
f 1385/1335/1 1310/1334/1 1386/1319/1
f 1385/1335/1 1311/1336/1 1310/1334/1
f 1384/1337/1 1311/1336/1 1385/1335/1
f 1384/1337/1 1312/1338/1 1311/1336/1
f 1383/1339/1 1312/1338/1 1384/1337/1
f 1383/1339/1 1313/1340/1 1312/1338/1
f 1382/1341/1 1313/1340/1 1383/1339/1
f 1382/1341/1 1314/1342/1 1313/1340/1
f 1382/1341/1 1315/1343/1 1314/1342/1
f 1381/1344/1 1315/1343/1 1382/1341/1
f 1381/1344/1 1316/1345/1 1315/1343/1
f 1380/1346/1 1316/1345/1 1381/1344/1
f 1380/1346/1 1317/1347/1 1316/1345/1
f 1379/1348/1 1317/1347/1 1380/1346/1
f 1379/1348/1 1318/1349/1 1317/1347/1
f 1378/1350/1 1318/1349/1 1379/1348/1
f 1378/1350/1 1319/1351/1 1318/1349/1
f 1377/1352/1 1319/1351/1 1378/1350/1
f 1377/1352/1 1320/1353/1 1319/1351/1
f 1376/1354/1 1320/1353/1 1377/1352/1
f 1376/1354/1 1321/1355/1 1320/1353/1
f 1375/1356/1 1321/1355/1 1376/1354/1
f 1374/1357/1 1321/1355/1 1375/1356/1
f 1374/1357/1 1322/1358/1 1321/1355/1
f 1373/1359/1 1322/1358/1 1374/1357/1
f 1373/1359/1 1323/1360/1 1322/1358/1
f 1372/1361/1 1323/1360/1 1373/1359/1
f 1372/1361/1 1324/1362/1 1323/1360/1
f 1371/1363/1 1324/1362/1 1372/1361/1
f 1370/1364/1 1324/1362/1 1371/1363/1
f 1370/1364/1 1325/1365/1 1324/1362/1
f 1369/1366/1 1325/1365/1 1370/1364/1
f 1369/1366/1 1326/1367/1 1325/1365/1
f 1368/1368/1 1326/1367/1 1369/1366/1
f 1368/1368/1 1327/1369/1 1326/1367/1
f 1367/1370/1 1327/1369/1 1368/1368/1
f 1367/1370/1 1328/1371/1 1327/1369/1
f 1366/1372/1 1328/1371/1 1367/1370/1
f 1366/1372/1 1329/1373/1 1328/1371/1
f 1365/1374/1 1329/1373/1 1366/1372/1
f 1364/1375/1 1329/1373/1 1365/1374/1
f 1363/1376/1 1329/1373/1 1364/1375/1
f 1362/1377/1 1329/1373/1 1363/1376/1
f 1361/1378/1 1329/1373/1 1362/1377/1
f 1360/1379/1 1329/1373/1 1361/1378/1
f 1360/1379/1 1330/1380/1 1329/1373/1
f 1359/1381/1 1330/1380/1 1360/1379/1
f 1358/1382/1 1330/1380/1 1359/1381/1
f 1357/1383/1 1330/1380/1 1358/1382/1
f 1356/1384/1 1330/1380/1 1357/1383/1
f 1355/1385/1 1330/1380/1 1356/1384/1
f 1354/1386/1 1330/1380/1 1355/1385/1
f 1353/1387/1 1330/1380/1 1354/1386/1
f 1353/1387/1 1331/1388/1 1330/1380/1
f 1352/1389/1 1331/1388/1 1353/1387/1
f 1352/1389/1 1332/1390/1 1331/1388/1
f 1351/1391/1 1332/1390/1 1352/1389/1
f 1351/1391/1 1333/1392/1 1332/1390/1
f 1350/1393/1 1333/1392/1 1351/1391/1
f 1350/1393/1 1334/1394/1 1333/1392/1
f 1349/1395/1 1334/1394/1 1350/1393/1
f 1349/1395/1 1335/1396/1 1334/1394/1
f 1348/1397/1 1335/1396/1 1349/1395/1
f 1348/1397/1 1336/1398/1 1335/1396/1
f 1347/1399/1 1336/1398/1 1348/1397/1
f 1347/1399/1 1337/1400/1 1336/1398/1
f 1346/1401/1 1337/1400/1 1347/1399/1
f 1346/1401/1 1338/1402/1 1337/1400/1
f 1345/1403/1 1338/1402/1 1346/1401/1
f 1345/1403/1 1339/1404/1 1338/1402/1
f 1344/1405/1 1339/1404/1 1345/1403/1
f 1344/1405/1 1340/1406/1 1339/1404/1
f 1343/1407/1 1340/1406/1 1344/1405/1
f 1343/1407/1 1341/1408/1 1340/1406/1
f 1342/1409/1 1341/1408/1 1343/1407/1
f 1513/1410/1 1515/1411/1 1514/1412/1
f 1513/1410/1 1516/1413/1 1515/1411/1
f 1513/1410/1 1517/1414/1 1516/1413/1
f 1512/1415/1 1517/1414/1 1513/1410/1
f 1512/1415/1 1518/1416/1 1517/1414/1
f 1512/1415/1 1519/1417/1 1518/1416/1
f 1512/1415/1 1520/1418/1 1519/1417/1
f 1512/1415/1 1521/1419/1 1520/1418/1
f 1511/1420/1 1521/1419/1 1512/1415/1
f 1511/1420/1 1522/1421/1 1521/1419/1
f 1511/1420/1 1523/1422/1 1522/1421/1
f 1511/1420/1 1524/1423/1 1523/1422/1
f 1511/1420/1 1525/1424/1 1524/1423/1
f 1510/1425/1 1525/1424/1 1511/1420/1
f 1510/1425/1 1526/1426/1 1525/1424/1
f 1510/1425/1 1527/1427/1 1526/1426/1
f 1510/1425/1 1528/1428/1 1527/1427/1
f 1510/1425/1 1529/1429/1 1528/1428/1
f 1510/1425/1 1530/1430/1 1529/1429/1
f 1510/1425/1 1531/1431/1 1530/1430/1
f 1509/1432/1 1531/1431/1 1510/1425/1
f 1509/1432/1 1532/1433/1 1531/1431/1
f 1509/1432/1 1533/1434/1 1532/1433/1
f 1509/1432/1 1534/1435/1 1533/1434/1
f 1509/1432/1 1535/1436/1 1534/1435/1
f 1508/1437/1 1535/1436/1 1509/1432/1
f 1508/1437/1 1536/1438/1 1535/1436/1
f 1508/1437/1 1537/1439/1 1536/1438/1
f 1508/1437/1 1538/1440/1 1537/1439/1
f 1508/1437/1 1539/1441/1 1538/1440/1
f 1507/1442/1 1539/1441/1 1508/1437/1
f 1507/1442/1 1540/1443/1 1539/1441/1
f 1507/1442/1 1541/1444/1 1540/1443/1
f 1507/1442/1 1542/1445/1 1541/1444/1
f 1506/1446/1 1542/1445/1 1507/1442/1
f 1506/1446/1 1543/1447/1 1542/1445/1
f 1506/1446/1 1544/1448/1 1543/1447/1
f 1506/1446/1 1545/1449/1 1544/1448/1
f 1506/1446/1 1546/1450/1 1545/1449/1
f 1506/1446/1 1547/1451/1 1546/1450/1
f 1505/1452/1 1547/1451/1 1506/1446/1
f 1505/1452/1 1548/1453/1 1547/1451/1
f 1505/1452/1 1549/1454/1 1548/1453/1
f 1505/1452/1 1550/1455/1 1549/1454/1
f 1505/1452/1 1551/1456/1 1550/1455/1
f 1505/1452/1 1552/1457/1 1551/1456/1
f 1505/1452/1 1553/1458/1 1552/1457/1
f 1505/1452/1 1554/1459/1 1553/1458/1
f 1504/1460/1 1554/1459/1 1505/1452/1
f 1504/1460/1 1555/1461/1 1554/1459/1
f 1504/1460/1 1556/1462/1 1555/1461/1
f 1504/1460/1 1557/1463/1 1556/1462/1
f 1504/1460/1 1558/1464/1 1557/1463/1
f 1504/1460/1 1559/1465/1 1558/1464/1
f 1504/1460/1 1560/1466/1 1559/1465/1
f 1503/1467/1 1560/1466/1 1504/1460/1
f 1503/1467/1 1561/1468/1 1560/1466/1
f 1503/1467/1 1562/1469/1 1561/1468/1
f 1503/1467/1 1563/1470/1 1562/1469/1
f 1502/1471/1 1563/1470/1 1503/1467/1
f 1501/1472/1 1563/1470/1 1502/1471/1
f 1501/1472/1 1564/1473/1 1563/1470/1
f 1500/1474/1 1564/1473/1 1501/1472/1
f 1500/1474/1 1565/1475/1 1564/1473/1
f 1499/1476/1 1565/1475/1 1500/1474/1
f 1476/1477/1 1478/1478/1 1477/1479/1
f 1499/1476/1 1566/1480/1 1565/1475/1
f 1476/1477/1 1479/1481/1 1478/1478/1
f 1498/1482/1 1566/1480/1 1499/1476/1
f 1586/1483/1 1588/1484/1 1587/1485/1
f 1586/1483/1 1589/1486/1 1588/1484/1
f 1585/1487/1 1589/1486/1 1586/1483/1
f 1585/1487/1 1590/1488/1 1589/1486/1
f 1584/1489/1 1590/1488/1 1585/1487/1
f 1584/1489/1 1591/1490/1 1590/1488/1
f 1583/1491/1 1591/1490/1 1584/1489/1
f 1476/1477/1 1480/1492/1 1479/1481/1
f 1583/1491/1 1592/1493/1 1591/1490/1
f 1498/1482/1 1567/1494/1 1566/1480/1
f 1582/1495/1 1592/1493/1 1583/1491/1
f 1497/1496/1 1567/1494/1 1498/1482/1
f 1582/1495/1 1593/1497/1 1592/1493/1
f 1476/1477/1 1481/1498/1 1480/1492/1
f 1581/1499/1 1593/1497/1 1582/1495/1
f 1475/1500/1 1481/1498/1 1476/1477/1
f 1581/1499/1 1594/1501/1 1593/1497/1
f 1497/1496/1 1568/1502/1 1567/1494/1
f 1496/1503/1 1568/1502/1 1497/1496/1
f 1475/1500/1 1482/1504/1 1481/1498/1
f 1580/1505/1 1594/1501/1 1581/1499/1
f 1580/1505/1 1595/1506/1 1594/1501/1
f 1475/1500/1 1483/1507/1 1482/1504/1
f 1579/1508/1 1595/1506/1 1580/1505/1
f 1496/1503/1 1569/1509/1 1568/1502/1
f 1579/1508/1 1596/1510/1 1595/1506/1
f 1495/1511/1 1569/1509/1 1496/1503/1
f 1475/1500/1 1484/1512/1 1483/1507/1
f 1579/1508/1 1597/1513/1 1596/1510/1
f 1578/1514/1 1597/1513/1 1579/1508/1
f 1494/1515/1 1569/1509/1 1495/1511/1
f 1494/1515/1 1570/1516/1 1569/1509/1
f 1474/1517/1 1484/1512/1 1475/1500/1
f 1474/1517/1 1485/1518/1 1484/1512/1
f 1578/1514/1 1598/1519/1 1597/1513/1
f 1577/1520/1 1598/1519/1 1578/1514/1
f 1493/1521/1 1570/1516/1 1494/1515/1
f 1493/1521/1 1571/1522/1 1570/1516/1
f 1474/1517/1 1486/1523/1 1485/1518/1
f 1577/1520/1 1599/1524/1 1598/1519/1
f 1492/1525/1 1571/1522/1 1493/1521/1
f 1492/1525/1 1572/1526/1 1571/1522/1
f 1576/1527/1 1599/1524/1 1577/1520/1
f 1474/1517/1 1487/1528/1 1486/1523/1
f 1473/1529/1 1487/1528/1 1474/1517/1
f 1576/1527/1 1600/1530/1 1599/1524/1
f 1491/1531/1 1572/1526/1 1492/1525/1
f 1473/1529/1 1488/1532/1 1487/1528/1
f 1491/1531/1 1573/1533/1 1572/1526/1
f 1575/1534/1 1600/1530/1 1576/1527/1
f 1575/1534/1 1601/1535/1 1600/1530/1
f 1490/1536/1 1573/1533/1 1491/1531/1
f 1473/1529/1 1489/1537/1 1488/1532/1
f 1490/1536/1 1574/1538/1 1573/1533/1
f 1575/1534/1 1602/1539/1 1601/1535/1
f 1575/1534/1 1603/1540/1 1602/1539/1
f 1473/1529/1 1490/1536/1 1489/1537/1
f 1473/1529/1 1574/1538/1 1490/1536/1
f 1473/1529/1 1575/1534/1 1574/1538/1
f 1473/1529/1 1603/1540/1 1575/1534/1
f 1473/1529/1 1604/1541/1 1603/1540/1
f 1472/1542/1 1604/1541/1 1473/1529/1
f 1472/1542/1 1605/1543/1 1604/1541/1
f 1472/1542/1 1606/1544/1 1605/1543/1
f 1472/1542/1 1607/1545/1 1606/1544/1
f 1472/1542/1 1608/1546/1 1607/1545/1
f 1472/1542/1 1609/1547/1 1608/1546/1
f 1472/1542/1 1610/1548/1 1609/1547/1
f 1472/1542/1 1611/1549/1 1610/1548/1
f 1472/1542/1 1612/1550/1 1611/1549/1
f 1471/1551/1 1872/1552/1 1472/1542/1
f 1872/1552/1 1612/1550/1 1472/1542/1
f 1872/1552/1 1871/1553/1 1612/1550/1
f 1871/1553/1 1883/1554/1 1612/1550/1
f 1883/1554/1 1882/1555/1 1612/1550/1
f 1882/1555/1 1613/1556/1 1612/1550/1
f 1471/1551/1 1869/1557/1 1872/1552/1
f 1870/1558/1 1883/1554/1 1871/1553/1
f 1870/1558/1 1884/1559/1 1883/1554/1
f 1881/1560/1 1623/1561/1 1882/1555/1
f 1623/1561/1 1613/1556/1 1882/1555/1
f 1623/1561/1 1614/1562/1 1613/1556/1
f 1623/1561/1 1615/1563/1 1614/1562/1
f 1623/1561/1 1616/1564/1 1615/1563/1
f 1623/1561/1 1617/1565/1 1616/1564/1
f 1623/1561/1 1618/1566/1 1617/1565/1
f 1623/1561/1 1619/1567/1 1618/1566/1
f 1470/1568/1 1869/1557/1 1471/1551/1
f 1623/1561/1 1620/1569/1 1619/1567/1
f 1623/1561/1 1621/1570/1 1620/1569/1
f 1623/1561/1 1622/1571/1 1621/1570/1
f 1881/1560/1 1624/1572/1 1623/1561/1
f 1469/1573/1 1869/1557/1 1470/1568/1
f 1468/1574/1 1869/1557/1 1469/1573/1
f 1467/1575/1 1869/1557/1 1468/1574/1
f 1881/1560/1 1625/1576/1 1624/1572/1
f 1466/1577/1 1869/1557/1 1467/1575/1
f 1465/1578/1 1869/1557/1 1466/1577/1
f 1464/1579/1 1869/1557/1 1465/1578/1
f 1464/1579/1 1873/1580/1 1869/1557/1
f 1873/1580/1 1870/1558/1 1869/1557/1
f 1873/1580/1 1884/1559/1 1870/1558/1
f 1873/1580/1 1881/1560/1 1884/1559/1
f 1873/1580/1 1876/1581/1 1881/1560/1
f 1876/1581/1 1879/1582/1 1881/1560/1
f 1879/1582/1 1878/1583/1 1881/1560/1
f 1878/1583/1 1625/1576/1 1881/1560/1
f 1464/1579/1 1874/1584/1 1873/1580/1
f 1875/1585/1 1879/1582/1 1876/1581/1
f 1875/1585/1 1880/1586/1 1879/1582/1
f 1877/1587/1 1625/1576/1 1878/1583/1
f 1464/1579/1 1875/1585/1 1874/1584/1
f 1464/1579/1 1415/1588/1 1875/1585/1
f 1415/1588/1 1880/1586/1 1875/1585/1
f 1415/1588/1 1877/1587/1 1880/1586/1
f 1415/1588/1 1625/1576/1 1877/1587/1
f 1415/1588/1 1626/1589/1 1625/1576/1
f 1415/1588/1 1627/1590/1 1626/1589/1
f 1415/1588/1 1628/1591/1 1627/1590/1
f 1415/1588/1 1414/147/1 1628/1591/1
f 1414/147/1 1674/1592/1 1628/1591/1
f 1674/1592/1 1673/1593/1 1628/1591/1
f 1673/1593/1 1629/1594/1 1628/1591/1
f 1464/1579/1 1416/1595/1 1415/1588/1
f 1868/1596/1 1674/1592/1 1414/147/1
f 1868/1596/1 1675/1597/1 1674/1592/1
f 1672/1598/1 1629/1594/1 1673/1593/1
f 1672/1598/1 1630/1599/1 1629/1594/1
f 1671/1600/1 1630/1599/1 1672/1598/1
f 1464/1579/1 1417/1601/1 1416/1595/1
f 1671/1600/1 1631/1602/1 1630/1599/1
f 1670/1603/1 1631/1602/1 1671/1600/1
f 1464/1579/1 1418/1604/1 1417/1601/1
f 1670/1603/1 1632/1605/1 1631/1602/1
f 1669/1606/1 1632/1605/1 1670/1603/1
f 1668/1607/1 1632/1605/1 1669/1606/1
f 1668/1607/1 1633/1608/1 1632/1605/1
f 1464/1579/1 1419/1609/1 1418/1604/1
f 1463/1610/1 1419/1609/1 1464/1579/1
f 1667/1611/1 1633/1608/1 1668/1607/1
f 1667/1611/1 1634/1612/1 1633/1608/1
f 1666/1613/1 1634/1612/1 1667/1611/1
f 1462/1614/1 1419/1609/1 1463/1610/1
f 1462/1614/1 1420/1615/1 1419/1609/1
f 1666/1613/1 1635/1616/1 1634/1612/1
f 1665/1617/1 1635/1616/1 1666/1613/1
f 1461/1618/1 1420/1615/1 1462/1614/1
f 2269/1619/1 2271/1620/1 2270/1621/1
f 1664/1622/1 1635/1616/1 1665/1617/1
f 1664/1622/1 1636/1623/1 1635/1616/1
f 1461/1618/1 1421/1624/1 1420/1615/1
f 2268/1625/1 2271/1620/1 2269/1619/1
f 1663/1626/1 1636/1623/1 1664/1622/1
f 1460/1627/1 1421/1624/1 1461/1618/1
f 2268/1625/1 2272/1628/1 2271/1620/1
f 1663/1626/1 1637/1629/1 1636/1623/1
f 1662/1630/1 1637/1629/1 1663/1626/1
f 2267/1631/1 2272/1628/1 2268/1625/1
f 1662/1630/1 1638/1632/1 1637/1629/1
f 1460/1627/1 1422/1633/1 1421/1624/1
f 1661/1634/1 1638/1632/1 1662/1630/1
f 1459/1635/1 1422/1633/1 1460/1627/1
f 2267/1631/1 2273/1636/1 2272/1628/1
f 2266/1637/1 2273/1636/1 2267/1631/1
f 1660/1638/1 1638/1632/1 1661/1634/1
f 1660/1638/1 1639/1639/1 1638/1632/1
f 1659/1640/1 1639/1639/1 1660/1638/1
f 1659/1640/1 1640/1641/1 1639/1639/1
f 1458/1642/1 1422/1633/1 1459/1635/1
f 1458/1642/1 1423/1643/1 1422/1633/1
f 2265/1644/1 2273/1636/1 2266/1637/1
f 2265/1644/1 2274/1645/1 2273/1636/1
f 1658/1646/1 1640/1641/1 1659/1640/1
f 1658/1646/1 1641/1647/1 1640/1641/1
f 1657/1648/1 1641/1647/1 1658/1646/1
f 1657/1648/1 1642/1649/1 1641/1647/1
f 2264/1650/1 2274/1645/1 2265/1644/1
f 1457/1651/1 1423/1643/1 1458/1642/1
f 1656/1652/1 1642/1649/1 1657/1648/1
f 1656/1652/1 1643/1653/1 1642/1649/1
f 1457/1651/1 1424/1654/1 1423/1643/1
f 2264/1650/1 2275/1655/1 2274/1645/1
f 1655/1656/1 1643/1653/1 1656/1652/1
f 1655/1656/1 1644/1657/1 1643/1653/1
f 1654/1658/1 1644/1657/1 1655/1656/1
f 1654/1658/1 1645/1659/1 1644/1657/1
f 2263/1660/1 2275/1655/1 2264/1650/1
f 1456/1661/1 1424/1654/1 1457/1651/1
f 1653/1662/1 1645/1659/1 1654/1658/1
f 1653/1662/1 1646/1663/1 1645/1659/1
f 1652/1664/1 1646/1663/1 1653/1662/1
f 1652/1664/1 1647/1665/1 1646/1663/1
f 1651/1666/1 1647/1665/1 1652/1664/1
f 1651/1666/1 1648/1667/1 1647/1665/1
f 1650/1668/1 1648/1667/1 1651/1666/1
f 1456/1661/1 1425/1669/1 1424/1654/1
f 1650/1668/1 1649/1670/1 1648/1667/1
f 2263/1660/1 2276/1671/1 2275/1655/1
f 1455/1672/1 1425/1669/1 1456/1661/1
f 2262/1673/1 2276/1671/1 2263/1660/1
f 1455/1672/1 1426/1674/1 1425/1669/1
f 1454/1675/1 1426/1674/1 1455/1672/1
f 2261/1676/1 2276/1671/1 2262/1673/1
f 2261/1676/1 2277/1677/1 2276/1671/1
f 1908/1678/1 1910/1679/1 1909/1680/1
f 1453/1681/1 1426/1674/1 1454/1675/1
f 1453/1681/1 1427/1682/1 1426/1674/1
f 2260/1683/1 2277/1677/1 2261/1676/1
f 1452/1684/1 1427/1682/1 1453/1681/1
f 2260/1683/1 2278/1685/1 2277/1677/1
f 1452/1684/1 1428/1686/1 1427/1682/1
f 1908/1678/1 1911/1687/1 1910/1679/1
f 1451/1688/1 1428/1686/1 1452/1684/1
f 2259/1689/1 2278/1685/1 2260/1683/1
f 1451/1688/1 1429/1690/1 1428/1686/1
f 1450/1691/1 1429/1690/1 1451/1688/1
f 1907/1692/1 1911/1687/1 1908/1678/1
f 2259/1689/1 2279/1693/1 2278/1685/1
f 1450/1691/1 1430/1694/1 1429/1690/1
f 1907/1692/1 1912/1695/1 1911/1687/1
f 1449/1696/1 1430/1694/1 1450/1691/1
f 2258/1697/1 2279/1693/1 2259/1689/1
f 1449/1696/1 1431/1698/1 1430/1694/1
f 1448/1699/1 1431/1698/1 1449/1696/1
f 1448/1699/1 1432/1700/1 1431/1698/1
f 2258/1697/1 2280/1701/1 2279/1693/1
f 1447/1702/1 1432/1700/1 1448/1699/1
f 2257/1703/1 2280/1701/1 2258/1697/1
f 1907/1692/1 1913/1704/1 1912/1695/1
f 1447/1702/1 1433/1705/1 1432/1700/1
f 1446/1706/1 1433/1705/1 1447/1702/1
f 1446/1706/1 1434/1707/1 1433/1705/1
f 1906/1708/1 1913/1704/1 1907/1692/1
f 1445/1709/1 1434/1707/1 1446/1706/1
f 1445/1709/1 1435/1710/1 1434/1707/1
f 1444/1711/1 1435/1710/1 1445/1709/1
f 1444/1711/1 1436/1712/1 1435/1710/1
f 1906/1708/1 1914/1713/1 1913/1704/1
f 2257/1703/1 2281/1/1 2280/1701/1
f 1443/1714/1 1436/1712/1 1444/1711/1
f 1443/1714/1 1437/1715/1 1436/1712/1
f 1442/1716/1 1437/1715/1 1443/1714/1
f 1442/1716/1 1438/1717/1 1437/1715/1
f 1441/1718/1 1438/1717/1 1442/1716/1
f 1441/1718/1 1439/1719/1 1438/1717/1
f 1440/1720/1 1439/1719/1 1441/1718/1
f 1906/1708/1 1915/1721/1 1914/1713/1
f 2257/1703/1 2162/1722/1 2281/1/1
f 1905/1723/1 1915/1721/1 1906/1708/1
f 1905/1723/1 1916/1724/1 1915/1721/1
f 2257/1703/1 2163/1725/1 2162/1722/1
f 1905/1723/1 1917/1726/1 1916/1724/1
f 2257/1703/1 2164/1727/1 2163/1725/1
f 1905/1723/1 1918/1728/1 1917/1726/1
f 1904/1729/1 1918/1728/1 1905/1723/1
f 1904/1729/1 1919/1730/1 1918/1728/1
f 2257/1703/1 2165/1731/1 2164/1727/1
f 1904/1729/1 1920/1732/1 1919/1730/1
f 2257/1703/1 2166/1733/1 2165/1731/1
f 1904/1729/1 1921/1734/1 1920/1732/1
f 1903/1735/1 1921/1734/1 1904/1729/1
f 1903/1735/1 1922/1736/1 1921/1734/1
f 2257/1703/1 2167/1737/1 2166/1733/1
f 1903/1735/1 1923/1738/1 1922/1736/1
f 1903/1735/1 1924/1739/1 1923/1738/1
f 2257/1703/1 2168/1740/1 2167/1737/1
f 1903/1735/1 1925/1741/1 1924/1739/1
f 1903/1735/1 1926/1742/1 1925/1741/1
f 2257/1703/1 2169/1743/1 2168/1740/1
f 2256/1744/1 2169/1743/1 2257/1703/1
f 1902/1745/1 1926/1742/1 1903/1735/1
f 1902/1745/1 1927/1746/1 1926/1742/1
f 2256/1744/1 2170/1747/1 2169/1743/1
f 1902/1745/1 1928/1748/1 1927/1746/1
f 1902/1745/1 1929/1749/1 1928/1748/1
f 2256/1744/1 2171/1750/1 2170/1747/1
f 1902/1745/1 1930/1751/1 1929/1749/1
f 2256/1744/1 2172/1752/1 2171/1750/1
f 1902/1745/1 1931/1753/1 1930/1751/1
f 1901/1754/1 1931/1753/1 1902/1745/1
f 2256/1744/1 2173/1755/1 2172/1752/1
f 1901/1754/1 1932/1756/1 1931/1753/1
f 2256/1744/1 2174/1757/1 2173/1755/1
f 1901/1754/1 1933/1758/1 1932/1756/1
f 2256/1744/1 2175/1759/1 2174/1757/1
f 1901/1754/1 1934/1760/1 1933/1758/1
f 1900/1761/1 1934/1760/1 1901/1754/1
f 1900/1761/1 1935/1762/1 1934/1760/1
f 1900/1761/1 1936/1763/1 1935/1762/1
f 1900/1761/1 1937/1764/1 1936/1763/1
f 1899/1765/1 1937/1764/1 1900/1761/1
f 1899/1765/1 1938/1766/1 1937/1764/1
f 1899/1765/1 1939/1767/1 1938/1766/1
f 1899/1765/1 1940/1768/1 1939/1767/1
f 2255/1769/1 2175/1759/1 2256/1744/1
f 1899/1765/1 1941/1770/1 1940/1768/1
f 1898/1771/1 1941/1770/1 1899/1765/1
f 1898/1771/1 1942/1772/1 1941/1770/1
f 1898/1771/1 1943/1773/1 1942/1772/1
f 1898/1771/1 1944/1774/1 1943/1773/1
f 1898/1771/1 1945/1775/1 1944/1774/1
f 1898/1771/1 1946/1776/1 1945/1775/1
f 1897/1777/1 1946/1776/1 1898/1771/1
f 2255/1769/1 2176/1778/1 2175/1759/1
f 1896/1779/1 1946/1776/1 1897/1777/1
f 1896/1779/1 1947/1780/1 1946/1776/1
f 2254/1781/1 2176/1778/1 2255/1769/1
f 1895/1782/1 1947/1780/1 1896/1779/1
f 1895/1782/1 1948/1783/1 1947/1780/1
f 2254/1781/1 2177/1784/1 2176/1778/1
f 1894/1785/1 1948/1783/1 1895/1782/1
f 1894/1785/1 1949/1786/1 1948/1783/1
f 2253/1787/1 2177/1784/1 2254/1781/1
f 2016/1788/1 2018/1789/1 2017/1790/1
f 2016/1788/1 2019/1791/1 2018/1789/1
f 2016/1788/1 2020/1792/1 2019/1791/1
f 2015/1793/1 2020/1792/1 2016/1788/1
f 2015/1793/1 2021/1794/1 2020/1792/1
f 2015/1793/1 2022/1795/1 2021/1794/1
f 2015/1793/1 2023/1796/1 2022/1795/1
f 2014/1797/1 2023/1796/1 2015/1793/1
f 2014/1797/1 2024/1798/1 2023/1796/1
f 2014/1797/1 2025/1799/1 2024/1798/1
f 2014/1797/1 2026/1800/1 2025/1799/1
f 2013/1801/1 2026/1800/1 2014/1797/1
f 2013/1801/1 2027/1802/1 2026/1800/1
f 2013/1801/1 2028/1803/1 2027/1802/1
f 2013/1801/1 2029/1804/1 2028/1803/1
f 2012/1805/1 2029/1804/1 2013/1801/1
f 2012/1805/1 2030/1806/1 2029/1804/1
f 2011/1807/1 2030/1806/1 2012/1805/1
f 2010/1808/1 2030/1806/1 2011/1807/1
f 2009/1809/1 2030/1806/1 2010/1808/1
f 2008/1810/1 2030/1806/1 2009/1809/1
f 2007/1811/1 2030/1806/1 2008/1810/1
f 2006/1812/1 2030/1806/1 2007/1811/1
f 2005/1813/1 2030/1806/1 2006/1812/1
f 1893/1814/1 1949/1786/1 1894/1785/1
f 2004/1815/1 2030/1806/1 2005/1813/1
f 2003/1816/1 2030/1806/1 2004/1815/1
f 2002/1817/1 2030/1806/1 2003/1816/1
f 2001/1818/1 2030/1806/1 2002/1817/1
f 2000/1819/1 2030/1806/1 2001/1818/1
f 1999/1820/1 2030/1806/1 2000/1819/1
f 1893/1814/1 1950/1821/1 1949/1786/1
f 1998/1822/1 2030/1806/1 1999/1820/1
f 1997/1823/1 2030/1806/1 1998/1822/1
f 1996/1824/1 2030/1806/1 1997/1823/1
f 1995/1825/1 2030/1806/1 1996/1824/1
f 1994/1826/1 2030/1806/1 1995/1825/1
f 1993/1827/1 2030/1806/1 1994/1826/1
f 1992/1828/1 2030/1806/1 1993/1827/1
f 1992/1828/1 2031/1829/1 2030/1806/1
f 1991/1830/1 2031/1829/1 1992/1828/1
f 1892/1831/1 1950/1821/1 1893/1814/1
f 2252/1832/1 2177/1784/1 2253/1787/1
f 2252/1832/1 2178/1833/1 2177/1784/1
f 1990/1834/1 2031/1829/1 1991/1830/1
f 1892/1831/1 1951/1835/1 1950/1821/1
f 1990/1834/1 2032/1836/1 2031/1829/1
f 1989/1837/1 2032/1836/1 1990/1834/1
f 1988/1838/1 2032/1836/1 1989/1837/1
f 1988/1838/1 2033/1839/1 2032/1836/1
f 1891/1840/1 1951/1835/1 1892/1831/1
f 1891/1840/1 1952/1841/1 1951/1835/1
f 1987/1842/1 2033/1839/1 1988/1838/1
f 1987/1842/1 2034/1843/1 2033/1839/1
f 2251/1844/1 2178/1833/1 2252/1832/1
f 1986/1845/1 2034/1843/1 1987/1842/1
f 1890/1846/1 1952/1841/1 1891/1840/1
f 1890/1846/1 1953/1847/1 1952/1841/1
f 2251/1844/1 2179/1848/1 2178/1833/1
f 1985/1849/1 2034/1843/1 1986/1845/1
f 1985/1849/1 2035/1850/1 2034/1843/1
f 1746/1851/1 1748/1852/1 1747/1853/1
f 1745/1854/1 1748/1852/1 1746/1851/1
f 1745/1854/1 1749/1855/1 1748/1852/1
f 1744/1856/1 1749/1855/1 1745/1854/1
f 1744/1856/1 1750/1857/1 1749/1855/1
f 1743/1858/1 1750/1857/1 1744/1856/1
f 1743/1858/1 1751/1859/1 1750/1857/1
f 1742/1860/1 1751/1859/1 1743/1858/1
f 1742/1860/1 1752/1861/1 1751/1859/1
f 1741/1862/1 1752/1861/1 1742/1860/1
f 1741/1862/1 1753/1863/1 1752/1861/1
f 1740/1864/1 1753/1863/1 1741/1862/1
f 1740/1864/1 1754/1865/1 1753/1863/1
f 1739/1866/1 1754/1865/1 1740/1864/1
f 1739/1866/1 1755/1867/1 1754/1865/1
f 1738/1868/1 1755/1867/1 1739/1866/1
f 1738/1868/1 1756/1869/1 1755/1867/1
f 1889/1870/1 1953/1847/1 1890/1846/1
f 1737/1871/1 1756/1869/1 1738/1868/1
f 1737/1871/1 1757/1872/1 1756/1869/1
f 1736/1873/1 1757/1872/1 1737/1871/1
f 1736/1873/1 1758/1874/1 1757/1872/1
f 1984/1875/1 2035/1850/1 1985/1849/1
f 1735/1876/1 1758/1874/1 1736/1873/1
f 1735/1876/1 1759/1877/1 1758/1874/1
f 1734/1878/1 1759/1877/1 1735/1876/1
f 1734/1878/1 1760/1879/1 1759/1877/1
f 1889/1870/1 1954/1880/1 1953/1847/1
f 1984/1875/1 2036/1881/1 2035/1850/1
f 1983/1882/1 2036/1881/1 1984/1875/1
f 2250/1883/1 2179/1848/1 2251/1844/1
f 1888/1884/1 1954/1880/1 1889/1870/1
f 1888/1884/1 1955/1885/1 1954/1880/1
f 1982/1886/1 2036/1881/1 1983/1882/1
f 1982/1886/1 2037/1887/1 2036/1881/1
f 2250/1883/1 2180/1888/1 2179/1848/1
f 1734/1878/1 1761/1889/1 1760/1879/1
f 1733/1890/1 1761/1889/1 1734/1878/1
f 1887/1891/1 1955/1885/1 1888/1884/1
f 1981/1892/1 2037/1887/1 1982/1886/1
f 1887/1891/1 1956/1893/1 1955/1885/1
f 1981/1892/1 2038/1894/1 2037/1887/1
f 1886/1895/1 1956/1893/1 1887/1891/1
f 1980/1896/1 2038/1894/1 1981/1892/1
f 1733/1890/1 1762/1897/1 1761/1889/1
f 1979/1898/1 2038/1894/1 1980/1896/1
f 1978/1899/1 2038/1894/1 1979/1898/1
f 1977/1900/1 2038/1894/1 1978/1899/1
f 2249/1901/1 2180/1888/1 2250/1883/1
f 1976/1902/1 2038/1894/1 1977/1900/1
f 1975/1903/1 2038/1894/1 1976/1902/1
f 1974/1904/1 2038/1894/1 1975/1903/1
f 1973/1905/1 2038/1894/1 1974/1904/1
f 1972/1906/1 2038/1894/1 1973/1905/1
f 1971/1907/1 2038/1894/1 1972/1906/1
f 1970/1908/1 2038/1894/1 1971/1907/1
f 1969/1909/1 2038/1894/1 1970/1908/1
f 1968/1910/1 2038/1894/1 1969/1909/1
f 1886/1895/1 1957/1911/1 1956/1893/1
f 1967/1912/1 2038/1894/1 1968/1910/1
f 1967/1912/1 2039/1913/1 2038/1894/1
f 1732/1914/1 1762/1897/1 1733/1890/1
f 1966/1915/1 2039/1913/1 1967/1912/1
f 1965/1916/1 2039/1913/1 1966/1915/1
f 1964/1917/1 2039/1913/1 1965/1916/1
f 1885/1918/1 1957/1911/1 1886/1895/1
f 1963/1919/1 2039/1913/1 1964/1917/1
f 2249/1901/1 2181/1920/1 2180/1888/1
f 1962/1921/1 2039/1913/1 1963/1919/1
f 1961/1922/1 2039/1913/1 1962/1921/1
f 1960/1923/1 2039/1913/1 1961/1922/1
f 1732/1914/1 1763/1924/1 1762/1897/1
f 1959/1925/1 2039/1913/1 1960/1923/1
f 1958/1926/1 2039/1913/1 1959/1925/1
f 1957/1911/1 2039/1913/1 1958/1926/1
f 1867/1927/1 1675/1597/1 1868/1596/1
f 1885/1918/1 2039/1913/1 1957/1911/1
f 2148/1928/1 2150/1929/1 2149/1930/1
f 1885/1918/1 2040/1931/1 2039/1913/1
f 2148/1928/1 2151/1932/1 2150/1929/1
f 2148/1928/1 2152/1933/1 2151/1932/1
f 2148/1928/1 2153/1934/1 2152/1933/1
f 2148/1928/1 2154/1935/1 2153/1934/1
f 2148/1928/1 2155/1936/1 2154/1935/1
f 2148/1928/1 2156/1937/1 2155/1936/1
f 2148/1928/1 2157/1938/1 2156/1937/1
f 2148/1928/1 2158/1939/1 2157/1938/1
f 2148/1928/1 2159/1940/1 2158/1939/1
f 2148/1928/1 2160/1941/1 2159/1940/1
f 2148/1928/1 2161/1942/1 2160/1941/1
f 2148/1928/1 1885/1918/1 2161/1942/1
f 2148/1928/1 2040/1931/1 1885/1918/1
f 1731/1943/1 1763/1924/1 1732/1914/1
f 2248/1944/1 2181/1920/1 2249/1901/1
f 1731/1943/1 1764/1945/1 1763/1924/1
f 2147/1946/1 2040/1931/1 2148/1928/1
f 2147/1946/1 2089/1947/1 2040/1931/1
f 2089/1947/1 2041/1948/1 2040/1931/1
f 2147/1946/1 2090/1949/1 2089/1947/1
f 2088/1950/1 2041/1948/1 2089/1947/1
f 2248/1944/1 2182/1951/1 2181/1920/1
f 1731/1943/1 1765/1952/1 1764/1945/1
f 2146/1953/1 2090/1949/1 2147/1946/1
f 1730/1954/1 1765/1952/1 1731/1943/1
f 2087/1955/1 2041/1948/1 2088/1950/1
f 2146/1953/1 2091/1956/1 2090/1949/1
f 2087/1955/1 2042/1957/1 2041/1948/1
f 2087/1955/1 2043/1958/1 2042/1957/1
f 2086/1959/1 2043/1958/1 2087/1955/1
f 2247/1960/1 2182/1951/1 2248/1944/1
f 2146/1953/1 2092/1961/1 2091/1956/1
f 2145/1962/1 2092/1961/1 2146/1953/1
f 1730/1954/1 1766/1963/1 1765/1952/1
f 2086/1959/1 2044/1964/1 2043/1958/1
f 2085/1965/1 2044/1964/1 2086/1959/1
f 2085/1965/1 2045/1966/1 2044/1964/1
f 2145/1962/1 2093/1967/1 2092/1961/1
f 1729/1968/1 1766/1963/1 1730/1954/1
f 2085/1965/1 2046/1969/1 2045/1966/1
f 2084/1970/1 2046/1969/1 2085/1965/1
f 2144/1971/1 2093/1967/1 2145/1962/1
f 1729/1968/1 1767/1972/1 1766/1963/1
f 2247/1960/1 2183/1973/1 2182/1951/1
f 2144/1971/1 2094/1974/1 2093/1967/1
f 2084/1970/1 2047/1975/1 2046/1969/1
f 2083/1976/1 2047/1975/1 2084/1970/1
f 2083/1976/1 2048/1977/1 2047/1975/1
f 2144/1971/1 2095/1978/1 2094/1974/1
f 2143/1979/1 2095/1978/1 2144/1971/1
f 2082/1980/1 2048/1977/1 2083/1976/1
f 2082/1980/1 2049/1981/1 2048/1977/1
f 1729/1968/1 1768/1982/1 1767/1972/1
f 1728/1983/1 1768/1982/1 1729/1968/1
f 2246/1984/1 2183/1973/1 2247/1960/1
f 2081/1985/1 2049/1981/1 2082/1980/1
f 2081/1985/1 2050/1986/1 2049/1981/1
f 2143/1979/1 2096/1987/1 2095/1978/1
f 2081/1985/1 2051/1988/1 2050/1986/1
f 2080/1989/1 2051/1988/1 2081/1985/1
f 2142/1990/1 2096/1987/1 2143/1979/1
f 1728/1983/1 1769/1991/1 1768/1982/1
f 2142/1990/1 2097/1992/1 2096/1987/1
f 2080/1989/1 2052/1993/1 2051/1988/1
f 2079/1994/1 2052/1993/1 2080/1989/1
f 2079/1994/1 2053/1995/1 2052/1993/1
f 2078/1996/1 2053/1995/1 2079/1994/1
f 1727/1997/1 1769/1991/1 1728/1983/1
f 2141/1998/1 2097/1992/1 2142/1990/1
f 2141/1998/1 2098/1999/1 2097/1992/1
f 1727/1997/1 1770/2000/1 1769/1991/1
f 2077/2001/1 2053/1995/1 2078/1996/1
f 2077/2001/1 2054/2002/1 2053/1995/1
f 2246/1984/1 2184/2003/1 2183/1973/1
f 2076/2004/1 2054/2002/1 2077/2001/1
f 2076/2004/1 2055/2005/1 2054/2002/1
f 2075/2006/1 2055/2005/1 2076/2004/1
f 2141/1998/1 2099/2007/1 2098/1999/1
f 2075/2006/1 2056/2008/1 2055/2005/1
f 1727/1997/1 1771/2009/1 1770/2000/1
f 1867/1927/1 1676/2010/1 1675/1597/1
f 2140/2011/1 2099/2007/1 2141/1998/1
f 2074/2012/1 2056/2008/1 2075/2006/1
f 2074/2012/1 2057/2013/1 2056/2008/1
f 2073/2014/1 2057/2013/1 2074/2012/1
f 2073/2014/1 2058/2015/1 2057/2013/1
f 2140/2011/1 2100/2016/1 2099/2007/1
f 1727/1997/1 1772/2017/1 1771/2009/1
f 2072/2018/1 2058/2015/1 2073/2014/1
f 1726/2019/1 1772/2017/1 1727/1997/1
f 2245/2020/1 2184/2003/1 2246/1984/1
f 2072/2018/1 2059/2021/1 2058/2015/1
f 2071/2022/1 2059/2021/1 2072/2018/1
f 2071/2022/1 2060/2023/1 2059/2021/1
f 1726/2019/1 1773/2024/1 1772/2017/1
f 2070/2025/1 2060/2023/1 2071/2022/1
f 2139/2026/1 2100/2016/1 2140/2011/1
f 2070/2025/1 2061/2027/1 2060/2023/1
f 2069/2028/1 2061/2027/1 2070/2025/1
f 1867/1927/1 1677/2029/1 1676/2010/1
f 2069/2028/1 2062/2030/1 2061/2027/1
f 2139/2026/1 2101/2031/1 2100/2016/1
f 2068/2032/1 2062/2030/1 2069/2028/1
f 2068/2032/1 2063/2033/1 2062/2030/1
f 1726/2019/1 1774/2034/1 1773/2024/1
f 2067/2035/1 2063/2033/1 2068/2032/1
f 2067/2035/1 2064/2036/1 2063/2033/1
f 2066/2037/1 2064/2036/1 2067/2035/1
f 2066/2037/1 2065/2038/1 2064/2036/1
f 1726/2019/1 1775/2039/1 1774/2034/1
f 2138/2040/1 2101/2031/1 2139/2026/1
f 2138/2040/1 2102/2041/1 2101/2031/1
f 1726/2019/1 1776/2042/1 1775/2039/1
f 2244/2043/1 2184/2003/1 2245/2020/1
f 1725/2044/1 1776/2042/1 1726/2019/1
f 1725/2044/1 1777/2045/1 1776/2042/1
f 1867/1927/1 1678/2046/1 1677/2029/1
f 2138/2040/1 2103/2047/1 2102/2041/1
f 2137/2048/1 2103/2047/1 2138/2040/1
f 1725/2044/1 1778/2049/1 1777/2045/1
f 2244/2043/1 2185/2050/1 2184/2003/1
f 1725/2044/1 1779/2051/1 1778/2049/1
f 2137/2048/1 2104/2052/1 2103/2047/1
f 1725/2044/1 1780/2053/1 1779/2051/1
f 2136/2054/1 2104/2052/1 2137/2048/1
f 2243/2055/1 2185/2050/1 2244/2043/1
f 1725/2044/1 1781/2056/1 1780/2053/1
f 1867/1927/1 1679/2057/1 1678/2046/1
f 1724/2058/1 1781/2056/1 1725/2044/1
f 2136/2054/1 2105/2059/1 2104/2052/1
f 1724/2058/1 1782/2060/1 1781/2056/1
f 1724/2058/1 1783/2061/1 1782/2060/1
f 1866/2062/1 1679/2057/1 1867/1927/1
f 2135/2063/1 2105/2059/1 2136/2054/1
f 1724/2058/1 1784/2064/1 1783/2061/1
f 2135/2063/1 2106/2065/1 2105/2059/1
f 1724/2058/1 1785/2066/1 1784/2064/1
f 1724/2058/1 1786/2067/1 1785/2066/1
f 1724/2058/1 1787/2068/1 1786/2067/1
f 1866/2062/1 1680/2069/1 1679/2057/1
f 2135/2063/1 2107/2070/1 2106/2065/1
f 1723/2071/1 1787/2068/1 1724/2058/1
f 1723/2071/1 1788/2072/1 1787/2068/1
f 2134/2073/1 2107/2070/1 2135/2063/1
f 1723/2071/1 1789/2074/1 1788/2072/1
f 2242/2075/1 2185/2050/1 2243/2055/1
f 1723/2071/1 1790/2076/1 1789/2074/1
f 2134/2073/1 2108/2077/1 2107/2070/1
f 1723/2071/1 1791/2078/1 1790/2076/1
f 2133/2079/1 2108/2077/1 2134/2073/1
f 1723/2071/1 1792/2080/1 1791/2078/1
f 2133/2079/1 2109/2081/1 2108/2077/1
f 1866/2062/1 1681/2082/1 1680/2069/1
f 1723/2071/1 1793/2083/1 1792/2080/1
f 1722/2084/1 1793/2083/1 1723/2071/1
f 2133/2079/1 2110/2085/1 2109/2081/1
f 2132/2086/1 2110/2085/1 2133/2079/1
f 1722/2084/1 1794/2087/1 1793/2083/1
f 1722/2084/1 1795/2088/1 1794/2087/1
f 2132/2086/1 2111/2089/1 2110/2085/1
f 1721/2090/1 1795/2088/1 1722/2084/1
f 2241/2091/1 2185/2050/1 2242/2075/1
f 1721/2090/1 1796/2092/1 1795/2088/1
f 2131/2093/1 2111/2089/1 2132/2086/1
f 2241/2091/1 2186/2094/1 2185/2050/1
f 2131/2093/1 2112/2095/1 2111/2089/1
f 1866/2062/1 1682/2096/1 1681/2082/1
f 1865/2097/1 1682/2096/1 1866/2062/1
f 2131/2093/1 2113/2098/1 2112/2095/1
f 2130/2099/1 2113/2098/1 2131/2093/1
f 1720/2100/1 1796/2092/1 1721/2090/1
f 1720/2100/1 1797/2101/1 1796/2092/1
f 2130/2099/1 2114/2102/1 2113/2098/1
f 2130/2099/1 2115/2103/1 2114/2102/1
f 2129/2104/1 2115/2103/1 2130/2099/1
f 2129/2104/1 2116/2105/1 2115/2103/1
f 1719/2106/1 1797/2101/1 1720/2100/1
f 1865/2097/1 1683/2107/1 1682/2096/1
f 2129/2104/1 2117/2108/1 2116/2105/1
f 2128/2109/1 2117/2108/1 2129/2104/1
f 2128/2109/1 2118/2110/1 2117/2108/1
f 1719/2106/1 1798/2111/1 1797/2101/1
f 2128/2109/1 2119/2112/1 2118/2110/1
f 2127/2113/1 2119/2112/1 2128/2109/1
f 2127/2113/1 2120/2114/1 2119/2112/1
f 2240/2115/1 2186/2094/1 2241/2091/1
f 1718/2116/1 1798/2111/1 1719/2106/1
f 2127/2113/1 2121/2117/1 2120/2114/1
f 2126/2118/1 2121/2117/1 2127/2113/1
f 2126/2118/1 2122/2119/1 2121/2117/1
f 2126/2118/1 2123/2120/1 2122/2119/1
f 2125/2121/1 2123/2120/1 2126/2118/1
f 2125/2121/1 2124/2122/1 2123/2120/1
f 1865/2097/1 1684/2123/1 1683/2107/1
f 1718/2116/1 1799/2124/1 1798/2111/1
f 1717/2125/1 1799/2124/1 1718/2116/1
f 1716/2126/1 1799/2124/1 1717/2125/1
f 1865/2097/1 1685/2127/1 1684/2123/1
f 1716/2126/1 1800/2128/1 1799/2124/1
f 1715/2129/1 1800/2128/1 1716/2126/1
f 1864/2130/1 1685/2127/1 1865/2097/1
f 2239/2131/1 2186/2094/1 2240/2115/1
f 1864/2130/1 1686/2132/1 1685/2127/1
f 1714/2133/1 1800/2128/1 1715/2129/1
f 1714/2133/1 1801/2134/1 1800/2128/1
f 1713/2135/1 1801/2134/1 1714/2133/1
f 1864/2130/1 1687/2136/1 1686/2132/1
f 2239/2131/1 2187/2137/1 2186/2094/1
f 1712/2138/1 1801/2134/1 1713/2135/1
f 1864/2130/1 1688/2139/1 1687/2136/1
f 1711/2140/1 1801/2134/1 1712/2138/1
f 1711/2140/1 1802/2141/1 1801/2134/1
f 1864/2130/1 1689/2142/1 1688/2139/1
f 1710/2143/1 1802/2141/1 1711/2140/1
f 2238/2144/1 2187/2137/1 2239/2131/1
f 1864/2130/1 1690/2145/1 1689/2142/1
f 1709/2146/1 1802/2141/1 1710/2143/1
f 1864/2130/1 1691/2147/1 1690/2145/1
f 1708/2148/1 1802/2141/1 1709/2146/1
f 1708/2148/1 1803/2149/1 1802/2141/1
f 1707/2150/1 1803/2149/1 1708/2148/1
f 1864/2130/1 1692/2151/1 1691/2147/1
f 1706/2152/1 1803/2149/1 1707/2150/1
f 1864/2130/1 1693/2153/1 1692/2151/1
f 1705/2154/1 1803/2149/1 1706/2152/1
f 1863/2155/1 1693/2153/1 1864/2130/1
f 1863/2155/1 1694/2156/1 1693/2153/1
f 1704/2157/1 1803/2149/1 1705/2154/1
f 1863/2155/1 1695/2158/1 1694/2156/1
f 1703/2159/1 1803/2149/1 1704/2157/1
f 1863/2155/1 1696/2160/1 1695/2158/1
f 1702/2161/1 1803/2149/1 1703/2159/1
f 1863/2155/1 1697/2162/1 1696/2160/1
f 1701/2163/1 1803/2149/1 1702/2161/1
f 1863/2155/1 1698/2164/1 1697/2162/1
f 1701/2163/1 1804/2165/1 1803/2149/1
f 1700/2166/1 1804/2165/1 1701/2163/1
f 1863/2155/1 1699/2167/1 1698/2164/1
f 1699/2167/1 1804/2165/1 1700/2166/1
f 2237/2168/1 2187/2137/1 2238/2144/1
f 1863/2155/1 1804/2165/1 1699/2167/1
f 1863/2155/1 1805/2169/1 1804/2165/1
f 2237/2168/1 2188/2170/1 2187/2137/1
f 2236/2171/1 2188/2170/1 2237/2168/1
f 1863/2155/1 1806/2172/1 1805/2169/1
f 1862/2173/1 1806/2172/1 1863/2155/1
f 1862/2173/1 1807/2174/1 1806/2172/1
f 2235/2175/1 2188/2170/1 2236/2171/1
f 1862/2173/1 1808/2176/1 1807/2174/1
f 2234/2177/1 2188/2170/1 2235/2175/1
f 1861/2178/1 1808/2176/1 1862/2173/1
f 2234/2177/1 2189/2179/1 2188/2170/1
f 1861/2178/1 1809/2180/1 1808/2176/1
f 2233/2181/1 2189/2179/1 2234/2177/1
f 1860/2182/1 1809/2180/1 1861/2178/1
f 1860/2182/1 1810/2183/1 1809/2180/1
f 2232/2184/1 2189/2179/1 2233/2181/1
f 2232/2184/1 2190/2185/1 2189/2179/1
f 1860/2182/1 1811/2186/1 1810/2183/1
f 1859/2187/1 1811/2186/1 1860/2182/1
f 2231/2188/1 2190/2185/1 2232/2184/1
f 1859/2187/1 1812/2189/1 1811/2186/1
f 2230/2190/1 2190/2185/1 2231/2188/1
f 1858/2191/1 1812/2189/1 1859/2187/1
f 2230/2190/1 2191/2192/1 2190/2185/1
f 1858/2191/1 1813/2193/1 1812/2189/1
f 2229/2194/1 2191/2192/1 2230/2190/1
f 1857/2195/1 1813/2193/1 1858/2191/1
f 1857/2195/1 1814/2196/1 1813/2193/1
f 2228/2197/1 2191/2192/1 2229/2194/1
f 2228/2197/1 2192/2198/1 2191/2192/1
f 1857/2195/1 1815/2199/1 1814/2196/1
f 1856/2200/1 1815/2199/1 1857/2195/1
f 1856/2200/1 1816/2201/1 1815/2199/1
f 2227/2202/1 2192/2198/1 2228/2197/1
f 1855/2203/1 1816/2201/1 1856/2200/1
f 1855/2203/1 1817/2204/1 1816/2201/1
f 2227/2202/1 2193/2205/1 2192/2198/1
f 1854/2206/1 1817/2204/1 1855/2203/1
f 2226/2207/1 2193/2205/1 2227/2202/1
f 1854/2206/1 1818/2208/1 1817/2204/1
f 1853/2209/1 1818/2208/1 1854/2206/1
f 1853/2209/1 1819/2210/1 1818/2208/1
f 2225/2211/1 2193/2205/1 2226/2207/1
f 1853/2209/1 1820/2212/1 1819/2210/1
f 1852/2213/1 1820/2212/1 1853/2209/1
f 2225/2211/1 2194/2214/1 2193/2205/1
f 1852/2213/1 1821/2215/1 1820/2212/1
f 1852/2213/1 1822/2216/1 1821/2215/1
f 1851/2217/1 1822/2216/1 1852/2213/1
f 2224/2218/1 2194/2214/1 2225/2211/1
f 1851/2217/1 1823/2219/1 1822/2216/1
f 1850/2220/1 1823/2219/1 1851/2217/1
f 1850/2220/1 1824/2221/1 1823/2219/1
f 1850/2220/1 1825/2222/1 1824/2221/1
f 2224/2218/1 2195/2223/1 2194/2214/1
f 1849/2224/1 1825/2222/1 1850/2220/1
f 1849/2224/1 1826/2225/1 1825/2222/1
f 2223/2226/1 2195/2223/1 2224/2218/1
f 1849/2224/1 1827/2227/1 1826/2225/1
f 1848/2228/1 1827/2227/1 1849/2224/1
f 1848/2228/1 1828/2229/1 1827/2227/1
f 1848/2228/1 1829/2230/1 1828/2229/1
f 1847/2231/1 1829/2230/1 1848/2228/1
f 1847/2231/1 1830/2232/1 1829/2230/1
f 1847/2231/1 1831/2233/1 1830/2232/1
f 1847/2231/1 1832/2234/1 1831/2233/1
f 1846/2235/1 1832/2234/1 1847/2231/1
f 2222/2236/1 2195/2223/1 2223/2226/1
f 1846/2235/1 1833/2237/1 1832/2234/1
f 1846/2235/1 1834/2238/1 1833/2237/1
f 1846/2235/1 1835/2239/1 1834/2238/1
f 1845/2240/1 1835/2239/1 1846/2235/1
f 2222/2236/1 2196/2241/1 2195/2223/1
f 1845/2240/1 1836/2242/1 1835/2239/1
f 1845/2240/1 1837/2243/1 1836/2242/1
f 1845/2240/1 1838/2244/1 1837/2243/1
f 1844/2245/1 1838/2244/1 1845/2240/1
f 1844/2245/1 1839/2246/1 1838/2244/1
f 1844/2245/1 1840/2247/1 1839/2246/1
f 1844/2245/1 1841/2248/1 1840/2247/1
f 1843/2249/1 1841/2248/1 1844/2245/1
f 1843/2249/1 1842/2250/1 1841/2248/1
f 2221/2251/1 2196/2241/1 2222/2236/1
f 2220/2252/1 2196/2241/1 2221/2251/1
f 2219/2253/1 2196/2241/1 2220/2252/1
f 2218/2254/1 2196/2241/1 2219/2253/1
f 2217/2255/1 2196/2241/1 2218/2254/1
f 2216/2256/1 2196/2241/1 2217/2255/1
f 2215/2257/1 2196/2241/1 2216/2256/1
f 2214/2258/1 2196/2241/1 2215/2257/1
f 2213/2259/1 2196/2241/1 2214/2258/1
f 2213/2259/1 2197/2260/1 2196/2241/1
f 2212/2261/1 2197/2260/1 2213/2259/1
f 2211/2262/1 2197/2260/1 2212/2261/1
f 2210/2263/1 2197/2260/1 2211/2262/1
f 2209/2264/1 2197/2260/1 2210/2263/1
f 2208/2265/1 2197/2260/1 2209/2264/1
f 2207/2266/1 2197/2260/1 2208/2265/1
f 2207/2266/1 2198/2267/1 2197/2260/1
f 2206/2268/1 2198/2267/1 2207/2266/1
f 2205/2269/1 2198/2267/1 2206/2268/1
f 2204/2270/1 2198/2267/1 2205/2269/1
f 2203/2271/1 2198/2267/1 2204/2270/1
f 2202/2272/1 2198/2267/1 2203/2271/1
f 2201/2273/1 2198/2267/1 2202/2272/1
f 2200/2274/1 2198/2267/1 2201/2273/1
f 2200/2274/1 2199/2275/1 2198/2267/1
f 2509/2276/1 2511/2277/1 2510/2278/1
f 2509/2276/1 2512/2279/1 2511/2277/1
f 2508/2280/1 2512/2279/1 2509/2276/1
f 2508/2280/1 2513/2281/1 2512/2279/1
f 2507/2282/1 2513/2281/1 2508/2280/1
f 2507/2282/1 2514/2283/1 2513/2281/1
f 2506/2284/1 2514/2283/1 2507/2282/1
f 2506/2284/1 2515/2285/1 2514/2283/1
f 2505/2286/1 2515/2285/1 2506/2284/1
f 2505/2286/1 2516/2287/1 2515/2285/1
f 2505/2286/1 2517/2288/1 2516/2287/1
f 2504/2289/1 2517/2288/1 2505/2286/1
f 2504/2289/1 2518/2290/1 2517/2288/1
f 2503/2291/1 2518/2290/1 2504/2289/1
f 2503/2291/1 2519/2292/1 2518/2290/1
f 2502/2293/1 2519/2292/1 2503/2291/1
f 2502/2293/1 2520/2294/1 2519/2292/1
f 2501/2295/1 2520/2294/1 2502/2293/1
f 2501/2295/1 2521/2296/1 2520/2294/1
f 2501/2295/1 2402/2297/1 2521/2296/1
f 2500/2298/1 2402/2297/1 2501/2295/1
f 2500/2298/1 2403/2299/1 2402/2297/1
f 2499/2300/1 2403/2299/1 2500/2298/1
f 2498/2301/1 2403/2299/1 2499/2300/1
f 2497/2302/1 2403/2299/1 2498/2301/1
f 2496/2303/1 2403/2299/1 2497/2302/1
f 2496/2303/1 2404/2304/1 2403/2299/1
f 2495/2305/1 2404/2304/1 2496/2303/1
f 2494/2306/1 2404/2304/1 2495/2305/1
f 2493/2307/1 2404/2304/1 2494/2306/1
f 2492/620/1 2404/2304/1 2493/2307/1
f 2492/620/1 2405/2308/1 2404/2304/1
f 2491/2309/1 2405/2308/1 2492/620/1
f 2490/2310/1 2405/2308/1 2491/2309/1
f 2489/2311/1 2405/2308/1 2490/2310/1
f 2489/2311/1 2406/2312/1 2405/2308/1
f 2488/2313/1 2406/2312/1 2489/2311/1
f 2487/2314/1 2406/2312/1 2488/2313/1
f 2486/2315/1 2406/2312/1 2487/2314/1
f 2486/2315/1 2407/2316/1 2406/2312/1
f 2485/2317/1 2407/2316/1 2486/2315/1
f 2484/2318/1 2407/2316/1 2485/2317/1
f 2483/2319/1 2407/2316/1 2484/2318/1
f 2483/2319/1 2408/2320/1 2407/2316/1
f 2482/2321/1 2408/2320/1 2483/2319/1
f 2481/2322/1 2408/2320/1 2482/2321/1
f 2480/2323/1 2408/2320/1 2481/2322/1
f 2480/2323/1 2409/2324/1 2408/2320/1
f 2479/2325/1 2409/2324/1 2480/2323/1
f 2478/2326/1 2409/2324/1 2479/2325/1
f 2477/2327/1 2409/2324/1 2478/2326/1
f 2477/2327/1 2410/2328/1 2409/2324/1
f 2476/2329/1 2410/2328/1 2477/2327/1
f 2475/2330/1 2410/2328/1 2476/2329/1
f 2475/2330/1 2411/2331/1 2410/2328/1
f 2474/2332/1 2411/2331/1 2475/2330/1
f 2473/2333/1 2411/2331/1 2474/2332/1
f 2473/2333/1 2412/2334/1 2411/2331/1
f 2473/2333/1 2413/2335/1 2412/2334/1
f 3062/2336/1 3064/2337/1 3063/2338/1
f 2472/2339/1 2413/2335/1 2473/2333/1
f 3061/2340/1 3064/2337/1 3062/2336/1
f 3061/2340/1 3065/2341/1 3064/2337/1
f 3060/2342/1 3065/2341/1 3061/2340/1
f 3060/2342/1 3066/2343/1 3065/2341/1
f 3059/2344/1 3066/2343/1 3060/2342/1
f 3059/2344/1 3067/2345/1 3066/2343/1
f 3058/2346/1 3067/2345/1 3059/2344/1
f 2472/2339/1 2414/2347/1 2413/2335/1
f 3057/2348/1 3067/2345/1 3058/2346/1
f 3057/2348/1 3068/2349/1 3067/2345/1
f 3056/2350/1 3068/2349/1 3057/2348/1
f 3056/2350/1 3069/2351/1 3068/2349/1
f 2471/2352/1 2414/2347/1 2472/2339/1
f 3055/2353/1 3069/2351/1 3056/2350/1
f 2471/2352/1 2415/2354/1 2414/2347/1
f 3055/2353/1 3070/2355/1 3069/2351/1
f 3054/2356/1 3070/2355/1 3055/2353/1
f 3054/2356/1 3071/2357/1 3070/2355/1
f 3053/2358/1 3071/2357/1 3054/2356/1
f 2471/2352/1 2416/2359/1 2415/2354/1
f 2470/2360/1 2416/2359/1 2471/2352/1
f 3052/2361/1 3071/2357/1 3053/2358/1
f 3052/2361/1 3072/2362/1 3071/2357/1
f 2470/2360/1 2417/2363/1 2416/2359/1
f 3051/2364/1 3072/2362/1 3052/2361/1
f 3051/2364/1 3073/2365/1 3072/2362/1
f 2469/2366/1 2417/2363/1 2470/2360/1
f 3050/2367/1 3073/2365/1 3051/2364/1
f 2469/2366/1 2418/2368/1 2417/2363/1
f 3050/2367/1 3074/2369/1 3073/2365/1
f 3049/2370/1 3074/2369/1 3050/2367/1
f 2469/2366/1 2419/2371/1 2418/2368/1
f 2468/2372/1 2419/2371/1 2469/2366/1
f 3048/2373/1 3074/2369/1 3049/2370/1
f 3048/2373/1 3075/2374/1 3074/2369/1
f 3047/2375/1 3075/2374/1 3048/2373/1
f 2468/2372/1 2420/2376/1 2419/2371/1
f 3046/2377/1 3075/2374/1 3047/2375/1
f 3046/2377/1 3076/2378/1 3075/2374/1
f 2467/2379/1 2420/2376/1 2468/2372/1
f 3045/2380/1 3076/2378/1 3046/2377/1
f 2467/2379/1 2421/2381/1 2420/2376/1
f 3045/2380/1 3077/2382/1 3076/2378/1
f 3044/2383/1 3077/2382/1 3045/2380/1
f 3044/2383/1 3078/2384/1 3077/2382/1
f 2467/2379/1 2422/2385/1 2421/2381/1
f 2389/2386/1 2391/2387/1 2390/2388/1
f 2388/2389/1 2391/2387/1 2389/2386/1
f 2388/2389/1 2392/2390/1 2391/2387/1
f 2387/645/1 2392/2390/1 2388/2389/1
f 2387/645/1 2393/2391/1 2392/2390/1
f 3043/2392/1 3078/2384/1 3044/2383/1
f 2386/2393/1 2393/2391/1 2387/645/1
f 2386/2393/1 2394/2394/1 2393/2391/1
f 2385/2395/1 2394/2394/1 2386/2393/1
f 2385/2395/1 2395/2396/1 2394/2394/1
f 2384/2397/1 2395/2396/1 2385/2395/1
f 2384/2397/1 2396/2398/1 2395/2396/1
f 2383/2399/1 2396/2398/1 2384/2397/1
f 2383/2399/1 2397/2400/1 2396/2398/1
f 2382/2401/1 2397/2400/1 2383/2399/1
f 2382/2401/1 2398/2402/1 2397/2400/1
f 2381/2403/1 2398/2402/1 2382/2401/1
f 2381/2403/1 2399/2404/1 2398/2402/1
f 2380/2405/1 2399/2404/1 2381/2403/1
f 2380/2405/1 2400/2406/1 2399/2404/1
f 2379/2407/1 2400/2406/1 2380/2405/1
f 2379/2407/1 2401/2408/1 2400/2406/1
f 2378/2409/1 2401/2408/1 2379/2407/1
f 2378/2409/1 2282/147/1 2401/2408/1
f 2466/2410/1 2422/2385/1 2467/2379/1
f 2377/2411/1 2282/147/1 2378/2409/1
f 2377/2411/1 2283/2412/1 2282/147/1
f 2376/2413/1 2283/2412/1 2377/2411/1
f 2375/2414/1 2283/2412/1 2376/2413/1
f 3043/2392/1 3079/2415/1 3078/2384/1
f 2374/2416/1 2283/2412/1 2375/2414/1
f 3042/2417/1 3079/2415/1 3043/2392/1
f 2373/2418/1 2283/2412/1 2374/2416/1
f 2373/2418/1 2284/2419/1 2283/2412/1
f 2372/2420/1 2284/2419/1 2373/2418/1
f 2371/2421/1 2284/2419/1 2372/2420/1
f 2370/2422/1 2284/2419/1 2371/2421/1
f 2466/2410/1 2423/2423/1 2422/2385/1
f 2369/2424/1 2284/2419/1 2370/2422/1
f 3042/2417/1 3080/2425/1 3079/2415/1
f 3041/2426/1 3080/2425/1 3042/2417/1
f 2369/2424/1 2285/2427/1 2284/2419/1
f 2368/2428/1 2285/2427/1 2369/2424/1
f 2367/2429/1 2285/2427/1 2368/2428/1
f 2366/2430/1 2285/2427/1 2367/2429/1
f 3040/2431/1 3080/2425/1 3041/2426/1
f 2366/2430/1 2286/2432/1 2285/2427/1
f 2365/2433/1 2286/2432/1 2366/2430/1
f 3040/2431/1 3081/2434/1 3080/2425/1
f 2364/2435/1 2286/2432/1 2365/2433/1
f 2363/2436/1 2286/2432/1 2364/2435/1
f 2465/2437/1 2423/2423/1 2466/2410/1
f 3039/2438/1 3081/2434/1 3040/2431/1
f 2362/2439/1 2286/2432/1 2363/2436/1
f 2465/2437/1 2424/2440/1 2423/2423/1
f 2362/2439/1 2287/2441/1 2286/2432/1
f 2361/2442/1 2287/2441/1 2362/2439/1
f 3039/2438/1 3082/2443/1 3081/2434/1
f 2360/2444/1 2287/2441/1 2361/2442/1
f 3038/2445/1 3082/2443/1 3039/2438/1
f 2359/2446/1 2287/2441/1 2360/2444/1
f 3037/2447/1 3082/2443/1 3038/2445/1
f 2359/2446/1 2288/2448/1 2287/2441/1
f 2358/2449/1 2288/2448/1 2359/2446/1
f 3037/2447/1 3083/2450/1 3082/2443/1
f 3036/2451/1 3083/2450/1 3037/2447/1
f 2465/2437/1 2425/2452/1 2424/2440/1
f 2357/2453/1 2288/2448/1 2358/2449/1
f 3035/2454/1 3083/2450/1 3036/2451/1
f 2357/2453/1 2289/2455/1 2288/2448/1
f 3034/2456/1 3083/2450/1 3035/2454/1
f 2356/2457/1 2289/2455/1 2357/2453/1
f 2464/2458/1 2425/2452/1 2465/2437/1
f 3034/2456/1 3084/2459/1 3083/2450/1
f 3033/2460/1 3084/2459/1 3034/2456/1
f 3032/2461/1 3084/2459/1 3033/2460/1
f 2355/2462/1 2289/2455/1 2356/2457/1
f 3031/2463/1 3084/2459/1 3032/2461/1
f 3030/2464/1 3084/2459/1 3031/2463/1
f 2464/2458/1 2426/2465/1 2425/2452/1
f 2355/2462/1 2290/2466/1 2289/2455/1
f 3029/2467/1 3084/2459/1 3030/2464/1
f 2354/2468/1 2290/2466/1 2355/2462/1
f 3028/2469/1 3084/2459/1 3029/2467/1
f 3027/2470/1 3026/2471/1 3028/2469/1
f 3026/2471/1 3084/2459/1 3028/2469/1
f 3025/2472/1 3084/2459/1 3026/2471/1
f 3024/2473/1 3084/2459/1 3025/2472/1
f 3024/2473/1 3085/2474/1 3084/2459/1
f 3023/2475/1 3085/2474/1 3024/2473/1
f 3022/2476/1 3085/2474/1 3023/2475/1
f 3021/2477/1 3085/2474/1 3022/2476/1
f 3020/2478/1 3085/2474/1 3021/2477/1
f 3019/2479/1 3085/2474/1 3020/2478/1
f 2353/2480/1 2290/2466/1 2354/2468/1
f 3018/2481/1 3085/2474/1 3019/2479/1
f 3017/779/1 3085/2474/1 3018/2481/1
f 2353/2480/1 2291/2482/1 2290/2466/1
f 3016/2483/1 3085/2474/1 3017/779/1
f 3016/2483/1 3086/2484/1 3085/2474/1
f 3015/2485/1 3086/2484/1 3016/2483/1
f 2464/2458/1 2427/2486/1 2426/2465/1
f 2463/2487/1 2427/2486/1 2464/2458/1
f 3014/2488/1 3086/2484/1 3015/2485/1
f 3013/2489/1 3086/2484/1 3014/2488/1
f 3013/2489/1 3087/2490/1 3086/2484/1
f 3012/2491/1 3087/2490/1 3013/2489/1
f 2353/2480/1 2292/2492/1 2291/2482/1
f 2463/2487/1 2428/2493/1 2427/2486/1
f 3011/2494/1 3087/2490/1 3012/2491/1
f 2352/2495/1 2292/2492/1 2353/2480/1
f 3011/2494/1 3088/2496/1 3087/2490/1
f 3010/2497/1 3088/2496/1 3011/2494/1
f 2463/2487/1 2429/2498/1 2428/2493/1
f 3010/2497/1 3089/2499/1 3088/2496/1
f 2352/2495/1 2293/2500/1 2292/2492/1
f 3010/2497/1 3090/2501/1 3089/2499/1
f 3009/2502/1 3090/2501/1 3010/2497/1
f 2462/2503/1 2429/2498/1 2463/2487/1
f 2462/2503/1 2430/2504/1 2429/2498/1
f 3009/2502/1 3091/2505/1 3090/2501/1
f 3008/2506/1 3091/2505/1 3009/2502/1
f 3008/2506/1 3092/2507/1 3091/2505/1
f 2351/2508/1 2293/2500/1 2352/2495/1
f 2351/2508/1 2294/2509/1 2293/2500/1
f 2462/2503/1 2431/2510/1 2430/2504/1
f 3008/2506/1 3093/2511/1 3092/2507/1
f 3007/2512/1 3093/2511/1 3008/2506/1
f 3007/2512/1 3094/2513/1 3093/2511/1
f 2462/2503/1 2432/2514/1 2431/2510/1
f 3007/2512/1 3095/2515/1 3094/2513/1
f 2351/2508/1 2295/2516/1 2294/2509/1
f 3006/2517/1 3095/2515/1 3007/2512/1
f 2461/2518/1 2432/2514/1 2462/2503/1
f 3006/2517/1 3096/2519/1 3095/2515/1
f 2461/2518/1 2433/2520/1 2432/2514/1
f 2350/2521/1 2295/2516/1 2351/2508/1
f 3006/2517/1 3097/2522/1 3096/2519/1
f 2461/2518/1 2434/2523/1 2433/2520/1
f 3005/2524/1 3097/2522/1 3006/2517/1
f 2460/2525/1 2434/2523/1 2461/2518/1
f 2350/2521/1 2296/2526/1 2295/2516/1
f 3005/2524/1 3098/2527/1 3097/2522/1
f 2460/2525/1 2435/2528/1 2434/2523/1
f 3005/2524/1 3099/2529/1 3098/2527/1
f 3004/2530/1 3099/2529/1 3005/2524/1
f 2459/2531/1 2435/2528/1 2460/2525/1
f 2459/2531/1 2436/2532/1 2435/2528/1
f 3004/2530/1 3100/2533/1 3099/2529/1
f 2349/2534/1 2296/2526/1 2350/2521/1
f 2349/2534/1 2297/2535/1 2296/2526/1
f 3004/2530/1 3101/2536/1 3100/2533/1
f 2459/2531/1 2437/2537/1 2436/2532/1
f 2458/2538/1 2437/2537/1 2459/2531/1
f 3003/2539/1 3101/2536/1 3004/2530/1
f 3003/2539/1 3102/2540/1 3101/2536/1
f 2458/2538/1 2438/2541/1 2437/2537/1
f 2457/2542/1 2438/2541/1 2458/2538/1
f 3003/2539/1 3103/2543/1 3102/2540/1
f 2457/2542/1 2439/2544/1 2438/2541/1
f 2349/2534/1 2298/2545/1 2297/2535/1
f 3003/2539/1 3104/2546/1 3103/2543/1
f 2456/2547/1 2439/2544/1 2457/2542/1
f 2456/2547/1 2440/2548/1 2439/2544/1
f 3002/2549/1 3104/2546/1 3003/2539/1
f 2348/2550/1 2298/2545/1 2349/2534/1
f 2456/2547/1 2441/2551/1 2440/2548/1
f 2455/2552/1 2441/2551/1 2456/2547/1
f 3002/2549/1 3105/2553/1 3104/2546/1
f 2455/2552/1 2442/2554/1 2441/2551/1
f 2455/2552/1 2443/2555/1 2442/2554/1
f 2454/2556/1 2443/2555/1 2455/2552/1
f 2348/2550/1 2299/2557/1 2298/2545/1
f 3002/2549/1 3106/2558/1 3105/2553/1
f 2454/2556/1 2444/2559/1 2443/2555/1
f 3001/2560/1 3106/2558/1 3002/2549/1
f 2453/2561/1 2444/2559/1 2454/2556/1
f 2453/2561/1 2445/2562/1 2444/2559/1
f 2453/2561/1 2446/2563/1 2445/2562/1
f 2452/2564/1 2446/2563/1 2453/2561/1
f 2452/2564/1 2447/2565/1 2446/2563/1
f 2451/2566/1 2447/2565/1 2452/2564/1
f 3001/2560/1 3107/2567/1 3106/2558/1
f 2451/2566/1 2448/2568/1 2447/2565/1
f 2451/2566/1 2449/2569/1 2448/2568/1
f 2450/1182/1 2449/2569/1 2451/2566/1
f 2347/2570/1 2299/2557/1 2348/2550/1
f 2347/2570/1 2300/2571/1 2299/2557/1
f 3001/2560/1 3108/2572/1 3107/2567/1
f 3000/2573/1 3108/2572/1 3001/2560/1
f 3000/2573/1 3109/2574/1 3108/2572/1
f 2347/2570/1 2301/2575/1 2300/2571/1
f 2346/2576/1 2301/2575/1 2347/2570/1
f 3000/2573/1 3110/2577/1 3109/2574/1
f 2999/2578/1 3110/2577/1 3000/2573/1
f 2999/2578/1 3111/2579/1 3110/2577/1
f 2346/2576/1 2302/2580/1 2301/2575/1
f 2999/2578/1 3112/2581/1 3111/2579/1
f 2345/2582/1 2302/2580/1 2346/2576/1
f 2345/2582/1 2303/2583/1 2302/2580/1
f 2998/2584/1 3112/2581/1 2999/2578/1
f 2998/2584/1 3113/2585/1 3112/2581/1
f 2345/2582/1 2304/2586/1 2303/2583/1
f 2344/2587/1 2304/2586/1 2345/2582/1
f 2997/2588/1 3113/2585/1 2998/2584/1
f 2997/2588/1 3114/2589/1 3113/2585/1
f 2344/2587/1 2305/2590/1 2304/2586/1
f 2996/2591/1 3114/2589/1 2997/2588/1
f 2344/2587/1 2306/2592/1 2305/2590/1
f 2343/2593/1 2306/2592/1 2344/2587/1
f 2996/2591/1 3115/2594/1 3114/2589/1
f 2343/2593/1 2307/2595/1 2306/2592/1
f 2996/2591/1 3116/2596/1 3115/2594/1
f 2995/2597/1 3116/2596/1 2996/2591/1
f 2343/2593/1 2308/2598/1 2307/2595/1
f 2557/2599/1 2559/2600/1 2558/2601/1
f 2342/2602/1 2308/2598/1 2343/2593/1
f 2556/2603/1 2559/2600/1 2557/2599/1
f 2556/2603/1 2560/2604/1 2559/2600/1
f 2555/2605/1 2560/2604/1 2556/2603/1
f 2554/2606/1 2560/2604/1 2555/2605/1
f 2554/2606/1 2561/2607/1 2560/2604/1
f 2342/2602/1 2309/2608/1 2308/2598/1
f 2553/2609/1 2561/2607/1 2554/2606/1
f 2553/2609/1 2562/2159/1 2561/2607/1
f 2552/2610/1 2562/2159/1 2553/2609/1
f 2342/2602/1 2310/2611/1 2309/2608/1
f 2551/2612/1 2562/2159/1 2552/2610/1
f 2551/2612/1 2563/2613/1 2562/2159/1
f 2995/2597/1 3117/2614/1 3116/2596/1
f 2342/2602/1 2311/2615/1 2310/2611/1
f 2550/2616/1 2563/2613/1 2551/2612/1
f 2994/2617/1 3117/2614/1 2995/2597/1
f 2550/2616/1 2564/2618/1 2563/2613/1
f 2342/2602/1 2312/2619/1 2311/2615/1
f 2549/2620/1 2564/2618/1 2550/2616/1
f 2341/2621/1 2312/2619/1 2342/2602/1
f 2341/2621/1 2313/2622/1 2312/2619/1
f 2548/2623/1 2564/2618/1 2549/2620/1
f 2548/2623/1 2565/2624/1 2564/2618/1
f 2341/2621/1 2314/2625/1 2313/2622/1
f 2340/2626/1 2314/2625/1 2341/2621/1
f 2547/2627/1 2565/2624/1 2548/2623/1
f 2994/2617/1 3118/2628/1 3117/2614/1
f 2547/2627/1 2566/2629/1 2565/2624/1
f 2340/2626/1 2315/2630/1 2314/2625/1
f 2993/2631/1 3118/2628/1 2994/2617/1
f 2546/2632/1 2566/2629/1 2547/2627/1
f 2339/2633/1 2315/2630/1 2340/2626/1
f 2339/2633/1 2316/2634/1 2315/2630/1
f 2339/2633/1 2317/2635/1 2316/2634/1
f 2545/2636/1 2566/2629/1 2546/2632/1
f 2545/2636/1 2567/2637/1 2566/2629/1
f 2338/2638/1 2317/2635/1 2339/2633/1
f 2338/2638/1 2318/2639/1 2317/2635/1
f 2544/2640/1 2567/2637/1 2545/2636/1
f 2338/2638/1 2319/2641/1 2318/2639/1
f 2337/2642/1 2319/2641/1 2338/2638/1
f 2993/2631/1 3119/2643/1 3118/2628/1
f 2543/2644/1 2567/2637/1 2544/2640/1
f 2543/2644/1 2568/2645/1 2567/2637/1
f 2337/2642/1 2320/2646/1 2319/2641/1
f 2992/2647/1 3119/2643/1 2993/2631/1
f 2336/2648/1 2320/2646/1 2337/2642/1
f 2542/2649/1 2568/2645/1 2543/2644/1
f 2336/2648/1 2321/2650/1 2320/2646/1
f 2541/2651/1 2568/2645/1 2542/2649/1
f 2336/2648/1 2322/2652/1 2321/2650/1
f 2335/2653/1 2322/2652/1 2336/2648/1
f 2335/2653/1 2323/2654/1 2322/2652/1
f 2334/2655/1 2323/2654/1 2335/2653/1
f 2540/2656/1 2568/2645/1 2541/2651/1
f 2334/2655/1 2324/2657/1 2323/2654/1
f 2540/2656/1 2569/2658/1 2568/2645/1
f 2334/2655/1 2325/2659/1 2324/2657/1
f 2333/2660/1 2325/2659/1 2334/2655/1
f 2539/2661/1 2569/2658/1 2540/2656/1
f 2333/2660/1 2326/2662/1 2325/2659/1
f 2332/2663/1 2326/2662/1 2333/2660/1
f 2992/2647/1 3120/2664/1 3119/2643/1
f 2332/2663/1 2327/2665/1 2326/2662/1
f 2332/2663/1 2328/2666/1 2327/2665/1
f 2331/2667/1 2328/2666/1 2332/2663/1
f 2331/2667/1 2329/2668/1 2328/2666/1
f 2330/2669/1 2329/2668/1 2331/2667/1
f 2538/2670/1 2569/2658/1 2539/2661/1
f 2991/2671/1 3120/2664/1 2992/2647/1
f 2537/2672/1 2569/2658/1 2538/2670/1
f 2537/2672/1 2570/2673/1 2569/2658/1
f 2536/2674/1 2570/2673/1 2537/2672/1
f 2535/2675/1 2570/2673/1 2536/2674/1
f 2991/2671/1 3121/2676/1 3120/2664/1
f 2534/2677/1 2570/2673/1 2535/2675/1
f 2534/2677/1 2571/2678/1 2570/2673/1
f 2533/2679/1 2571/2678/1 2534/2677/1
f 2990/2680/1 3121/2676/1 2991/2671/1
f 2532/2681/1 2571/2678/1 2533/2679/1
f 2532/2681/1 2572/2682/1 2571/2678/1
f 2531/2683/1 2572/2682/1 2532/2681/1
f 2531/2683/1 2573/2684/1 2572/2682/1
f 2530/2685/1 2573/2684/1 2531/2683/1
f 2990/2680/1 3122/1/1 3121/2676/1
f 2529/2686/1 2573/2684/1 2530/2685/1
f 2989/2687/1 3122/1/1 2990/2680/1
f 2529/2686/1 2574/2688/1 2573/2684/1
f 2528/2689/1 2574/2688/1 2529/2686/1
f 2988/2690/1 3122/1/1 2989/2687/1
f 2527/2691/1 2574/2688/1 2528/2689/1
f 2527/2691/1 2575/2692/1 2574/2688/1
f 2526/2693/1 2575/2692/1 2527/2691/1
f 2988/2690/1 2522/2694/1 3122/1/1
f 2987/2695/1 2522/2694/1 2988/2690/1
f 2526/2693/1 2576/2696/1 2575/2692/1
f 2525/2697/1 2576/2696/1 2526/2693/1
f 2524/2698/1 2576/2696/1 2525/2697/1
f 2986/2699/1 2522/2694/1 2987/2695/1
f 2524/2698/1 2577/2700/1 2576/2696/1
f 2523/2701/1 2577/2700/1 2524/2698/1
f 2985/2702/1 2522/2694/1 2986/2699/1
f 2523/2701/1 2578/2703/1 2577/2700/1
f 2522/2694/1 2578/2703/1 2523/2701/1
f 2985/2702/1 2578/2703/1 2522/2694/1
f 2984/2704/1 2578/2703/1 2985/2702/1
f 2984/2704/1 2579/2705/1 2578/2703/1
f 2983/2706/1 2579/2705/1 2984/2704/1
f 2941/2707/1 2943/2708/1 2942/2709/1
f 2940/2710/1 2943/2708/1 2941/2707/1
f 2940/2710/1 2944/2711/1 2943/2708/1
f 2983/2706/1 2580/2712/1 2579/2705/1
f 2939/2713/1 2944/2711/1 2940/2710/1
f 2939/2713/1 2945/2714/1 2944/2711/1
f 2938/2715/1 2945/2714/1 2939/2713/1
f 2938/2715/1 2946/2716/1 2945/2714/1
f 2937/2717/1 2946/2716/1 2938/2715/1
f 2937/2717/1 2947/2718/1 2946/2716/1
f 2936/2719/1 2947/2718/1 2937/2717/1
f 2935/2720/1 2947/2718/1 2936/2719/1
f 2935/2720/1 2948/2721/1 2947/2718/1
f 2982/2722/1 2580/2712/1 2983/2706/1
f 2934/2723/1 2948/2721/1 2935/2720/1
f 2934/2723/1 2949/2724/1 2948/2721/1
f 2982/2722/1 2581/2725/1 2580/2712/1
f 2933/2726/1 2949/2724/1 2934/2723/1
f 2933/2726/1 2950/2727/1 2949/2724/1
f 2932/2728/1 2950/2727/1 2933/2726/1
f 2981/2729/1 2581/2725/1 2982/2722/1
f 2932/2728/1 2951/2730/1 2950/2727/1
f 2931/2731/1 2951/2730/1 2932/2728/1
f 2981/2729/1 2582/2732/1 2581/2725/1
f 2930/2733/1 2951/2730/1 2931/2731/1
f 2930/2733/1 2952/2734/1 2951/2730/1
f 2980/2735/1 2582/2732/1 2981/2729/1
f 2929/2736/1 2952/2734/1 2930/2733/1
f 2929/2736/1 2953/2737/1 2952/2734/1
f 2928/2738/1 2953/2737/1 2929/2736/1
f 2980/2735/1 2583/2739/1 2582/2732/1
f 2979/2740/1 2583/2739/1 2980/2735/1
f 2928/2738/1 2954/1334/1 2953/2737/1
f 2927/2741/1 2954/1334/1 2928/2738/1
f 2926/2742/1 2954/1334/1 2927/2741/1
f 2978/2743/1 2583/2739/1 2979/2740/1
f 2926/2742/1 2955/2744/1 2954/1334/1
f 2925/2745/1 2955/2744/1 2926/2742/1
f 2977/2746/1 2583/2739/1 2978/2743/1
f 2924/2747/1 2955/2744/1 2925/2745/1
f 2977/2746/1 2584/2748/1 2583/2739/1
f 2923/2749/1 2955/2744/1 2924/2747/1
f 2923/2749/1 2956/2750/1 2955/2744/1
f 2922/2751/1 2956/2750/1 2923/2749/1
f 2976/2752/1 2584/2748/1 2977/2746/1
f 2921/2753/1 2956/2750/1 2922/2751/1
f 2976/2752/1 2585/2754/1 2584/2748/1
f 2920/2755/1 2956/2750/1 2921/2753/1
f 2920/2755/1 2957/2756/1 2956/2750/1
f 2919/2757/1 2957/2756/1 2920/2755/1
f 2975/2758/1 2585/2754/1 2976/2752/1
f 2918/2759/1 2957/2756/1 2919/2757/1
f 2918/2759/1 2958/2760/1 2957/2756/1
f 2975/2758/1 2586/2761/1 2585/2754/1
f 2974/2762/1 2586/2761/1 2975/2758/1
f 2917/2763/1 2958/2760/1 2918/2759/1
f 2917/2763/1 2959/2764/1 2958/2760/1
f 2973/2765/1 2586/2761/1 2974/2762/1
f 2973/2765/1 2587/2766/1 2586/2761/1
f 2917/2763/1 2960/2767/1 2959/2764/1
f 2972/2768/1 2587/2766/1 2973/2765/1
f 2916/2769/1 2960/2767/1 2917/2763/1
f 2916/2769/1 2961/2770/1 2960/2767/1
f 2971/2771/1 2587/2766/1 2972/2768/1
f 2971/2771/1 2588/2772/1 2587/2766/1
f 2916/2769/1 2962/2773/1 2961/2770/1
f 2970/2774/1 2588/2772/1 2971/2771/1
f 2916/2769/1 2963/2775/1 2962/2773/1
f 2969/2776/1 2588/2772/1 2970/2774/1
f 2969/2776/1 2589/2777/1 2588/2772/1
f 2916/2769/1 2964/2778/1 2963/2775/1
f 2968/2779/1 2589/2777/1 2969/2776/1
f 2915/2780/1 2964/2778/1 2916/2769/1
f 2915/2780/1 2965/2781/1 2964/2778/1
f 2967/2782/1 2589/2777/1 2968/2779/1
f 2915/2780/1 2966/2783/1 2965/2781/1
f 2966/2783/1 2589/2777/1 2967/2782/1
f 2915/2780/1 2589/2777/1 2966/2783/1
f 2915/2780/1 2590/2784/1 2589/2777/1
f 2914/2785/1 2590/2784/1 2915/2780/1
f 2914/2785/1 2591/2786/1 2590/2784/1
f 2914/2785/1 2592/2787/1 2591/2786/1
f 2913/2788/1 2592/2787/1 2914/2785/1
f 2913/2788/1 2593/2789/1 2592/2787/1
f 2913/2788/1 2594/2790/1 2593/2789/1
f 2912/476/1 2594/2790/1 2913/2788/1
f 2912/476/1 2595/2791/1 2594/2790/1
f 2911/2792/1 2595/2791/1 2912/476/1
f 2910/2793/1 2595/2791/1 2911/2792/1
f 2909/2794/1 2595/2791/1 2910/2793/1
f 2909/2794/1 2882/2795/1 2595/2791/1
f 2882/2795/1 2596/2796/1 2595/2791/1
f 2909/2794/1 2883/2797/1 2882/2795/1
f 2881/2798/1 2596/2796/1 2882/2795/1
f 2908/2799/1 2883/2797/1 2909/2794/1
f 2908/2799/1 2884/2800/1 2883/2797/1
f 2907/2801/1 2884/2800/1 2908/2799/1
f 2907/2801/1 2885/2802/1 2884/2800/1
f 2906/2803/1 2885/2802/1 2907/2801/1
f 2881/2798/1 2597/548/1 2596/2796/1
f 2906/2803/1 2886/2804/1 2885/2802/1
f 2905/2805/1 2886/2804/1 2906/2803/1
f 2904/2806/1 2886/2804/1 2905/2805/1
f 2904/2806/1 2887/2807/1 2886/2804/1
f 2903/2808/1 2887/2807/1 2904/2806/1
f 2903/2808/1 2888/2809/1 2887/2807/1
f 2902/2810/1 2888/2809/1 2903/2808/1
f 2880/2811/1 2597/548/1 2881/2798/1
f 2902/2810/1 2889/2812/1 2888/2809/1
f 2901/2813/1 2889/2812/1 2902/2810/1
f 2900/2814/1 2889/2812/1 2901/2813/1
f 2900/2814/1 2890/2815/1 2889/2812/1
f 2899/2816/1 2890/2815/1 2900/2814/1
f 2899/2816/1 2891/2817/1 2890/2815/1
f 2898/2818/1 2891/2817/1 2899/2816/1
f 2880/2811/1 2598/2819/1 2597/548/1
f 2898/2818/1 2892/2820/1 2891/2817/1
f 2897/2821/1 2892/2820/1 2898/2818/1
f 2896/2822/1 2892/2820/1 2897/2821/1
f 2896/2822/1 2893/2823/1 2892/2820/1
f 2895/2824/1 2893/2823/1 2896/2822/1
f 2895/2824/1 2894/2825/1 2893/2823/1
f 2879/2826/1 2598/2819/1 2880/2811/1
f 2879/2826/1 2599/2827/1 2598/2819/1
f 2879/2826/1 2600/2828/1 2599/2827/1
f 2878/2829/1 2600/2828/1 2879/2826/1
f 2878/2829/1 2601/2830/1 2600/2828/1
f 2877/2831/1 2601/2830/1 2878/2829/1
f 2877/2831/1 2602/2832/1 2601/2830/1
f 2876/2833/1 2602/2832/1 2877/2831/1
f 2876/2833/1 2603/2834/1 2602/2832/1
f 2876/2833/1 2604/2835/1 2603/2834/1
f 2875/2836/1 2604/2835/1 2876/2833/1
f 2875/2836/1 2605/2837/1 2604/2835/1
f 2874/2838/1 2605/2837/1 2875/2836/1
f 2874/2838/1 2606/2839/1 2605/2837/1
f 2873/2840/1 2606/2839/1 2874/2838/1
f 2873/2840/1 2607/2841/1 2606/2839/1
f 2873/2840/1 2608/2842/1 2607/2841/1
f 2873/2840/1 2609/2843/1 2608/2842/1
f 2872/2844/1 2609/2843/1 2873/2840/1
f 2872/2844/1 2610/2845/1 2609/2843/1
f 2872/2844/1 2611/2846/1 2610/2845/1
f 2871/2847/1 2611/2846/1 2872/2844/1
f 2871/2847/1 2612/2848/1 2611/2846/1
f 2871/2847/1 2613/2849/1 2612/2848/1
f 2857/2850/1 2859/2851/1 2858/2852/1
f 2857/2850/1 2860/2853/1 2859/2851/1
f 2856/2854/1 2860/2853/1 2857/2850/1
f 2856/2854/1 2861/2855/1 2860/2853/1
f 2870/2856/1 2613/2849/1 2871/2847/1
f 2856/2854/1 2862/2857/1 2861/2855/1
f 2855/2858/1 2862/2857/1 2856/2854/1
f 2870/2856/1 2614/2859/1 2613/2849/1
f 2855/2858/1 2863/2860/1 2862/2857/1
f 2854/2861/1 2863/2860/1 2855/2858/1
f 2854/2861/1 2864/2862/1 2863/2860/1
f 2854/2861/1 2865/2863/1 2864/2862/1
f 2853/2864/1 2865/2863/1 2854/2861/1
f 2853/2864/1 2866/2865/1 2865/2863/1
f 2852/2866/1 2866/2865/1 2853/2864/1
f 2852/2866/1 2867/2867/1 2866/2865/1
f 2870/2856/1 2615/2868/1 2614/2859/1
f 2852/2866/1 2868/2869/1 2867/2867/1
f 2851/2870/1 2868/2869/1 2852/2866/1
f 2851/2870/1 2869/2871/1 2868/2869/1
f 2850/2872/1 2869/2871/1 2851/2870/1
f 2850/2872/1 2870/2856/1 2869/2871/1
f 2870/2856/1 2616/2873/1 2615/2868/1
f 2850/2872/1 2616/2873/1 2870/2856/1
f 2849/2874/1 2616/2873/1 2850/2872/1
f 2849/2874/1 2617/2875/1 2616/2873/1
f 2848/2876/1 2617/2875/1 2849/2874/1
f 2847/2877/1 2617/2875/1 2848/2876/1
f 2847/2877/1 2618/976/1 2617/2875/1
f 2846/2878/1 2618/976/1 2847/2877/1
f 2846/2878/1 2619/2879/1 2618/976/1
f 2846/2878/1 2620/2880/1 2619/2879/1
f 2845/2881/1 2620/2880/1 2846/2878/1
f 2844/2882/1 2620/2880/1 2845/2881/1
f 2844/2882/1 2621/2883/1 2620/2880/1
f 2843/2884/1 2621/2883/1 2844/2882/1
f 2843/2884/1 2678/2885/1 2621/2883/1
f 2678/2885/1 2622/2886/1 2621/2883/1
f 2842/1828/1 2678/2885/1 2843/2884/1
f 2842/1828/1 2679/2887/1 2678/2885/1
f 2677/2888/1 2622/2886/1 2678/2885/1
f 2676/2889/1 2622/2886/1 2677/2888/1
f 2842/1828/1 2680/2890/1 2679/2887/1
f 2675/2891/1 2622/2886/1 2676/2889/1
f 2842/1828/1 2681/2892/1 2680/2890/1
f 2674/2893/1 2622/2886/1 2675/2891/1
f 2673/2894/1 2622/2886/1 2674/2893/1
f 2842/1828/1 2682/2895/1 2681/2892/1
f 2673/2894/1 2623/2896/1 2622/2886/1
f 2841/2897/1 2682/2895/1 2842/1828/1
f 2672/2898/1 2623/2896/1 2673/2894/1
f 2841/2897/1 2683/2899/1 2682/2895/1
f 2671/2900/1 2623/2896/1 2672/2898/1
f 2670/2901/1 2623/2896/1 2671/2900/1
f 2841/2897/1 2684/2902/1 2683/2899/1
f 2840/2903/1 2684/2902/1 2841/2897/1
f 2669/2904/1 2623/2896/1 2670/2901/1
f 2669/2904/1 2624/2905/1 2623/2896/1
f 2840/2903/1 2685/2906/1 2684/2902/1
f 2668/2907/1 2624/2905/1 2669/2904/1
f 2839/2908/1 2685/2906/1 2840/2903/1
f 2839/2908/1 2686/2909/1 2685/2906/1
f 2667/2910/1 2624/2905/1 2668/2907/1
f 2667/2910/1 2625/2911/1 2624/2905/1
f 2666/2912/1 2625/2911/1 2667/2910/1
f 2838/2913/1 2686/2909/1 2839/2908/1
f 2838/2913/1 2687/2914/1 2686/2909/1
f 2665/2915/1 2625/2911/1 2666/2912/1
f 2837/2916/1 2687/2914/1 2838/2913/1
f 2837/2916/1 2688/2917/1 2687/2914/1
f 2665/2915/1 2626/2918/1 2625/2911/1
f 2664/2919/1 2626/2918/1 2665/2915/1
f 2837/2916/1 2689/2920/1 2688/2917/1
f 2836/2921/1 2689/2920/1 2837/2916/1
f 2663/2922/1 2626/2918/1 2664/2919/1
f 2663/2922/1 2627/2923/1 2626/2918/1
f 2835/2924/1 2689/2920/1 2836/2921/1
f 2835/2924/1 2690/2925/1 2689/2920/1
f 2662/2926/1 2627/2923/1 2663/2922/1
f 2661/2927/1 2627/2923/1 2662/2926/1
f 2834/2928/1 2690/2925/1 2835/2924/1
f 2834/2928/1 2691/2929/1 2690/2925/1
f 2661/2927/1 2628/2930/1 2627/2923/1
f 2660/2931/1 2628/2930/1 2661/2927/1
f 2833/2932/1 2691/2929/1 2834/2928/1
f 2833/2932/1 2692/2933/1 2691/2929/1
f 2659/2934/1 2628/2930/1 2660/2931/1
f 2659/2934/1 2629/2935/1 2628/2930/1
f 2833/2932/1 2693/2936/1 2692/2933/1
f 2832/2937/1 2693/2936/1 2833/2932/1
f 2658/2938/1 2629/2935/1 2659/2934/1
f 2832/2937/1 2694/2939/1 2693/2936/1
f 2657/2940/1 2629/2935/1 2658/2938/1
f 2831/2941/1 2694/2939/1 2832/2937/1
f 2657/2940/1 2630/2942/1 2629/2935/1
f 2831/2941/1 2695/2943/1 2694/2939/1
f 2656/2944/1 2630/2942/1 2657/2940/1
f 2830/2945/1 2695/2943/1 2831/2941/1
f 2656/2944/1 2631/2946/1 2630/2942/1
f 2655/2947/1 2631/2946/1 2656/2944/1
f 2830/2945/1 2696/2948/1 2695/2943/1
f 2829/2949/1 2696/2948/1 2830/2945/1
f 2654/2950/1 2631/2946/1 2655/2947/1
f 2829/2949/1 2697/2951/1 2696/2948/1
f 2654/2950/1 2632/2952/1 2631/2946/1
f 2653/2953/1 2632/2952/1 2654/2950/1
f 2828/2954/1 2697/2951/1 2829/2949/1
f 2828/2954/1 2698/2955/1 2697/2951/1
f 2653/2953/1 2633/2956/1 2632/2952/1
f 2652/2957/1 2633/2956/1 2653/2953/1
f 2827/2958/1 2698/2955/1 2828/2954/1
f 2827/2958/1 2699/2959/1 2698/2955/1
f 2652/2957/1 2634/2960/1 2633/2956/1
f 2651/2961/1 2634/2960/1 2652/2957/1
f 2827/2958/1 2700/2962/1 2699/2959/1
f 2651/2961/1 2635/2963/1 2634/2960/1
f 2826/2964/1 2700/2962/1 2827/2958/1
f 2650/2965/1 2635/2963/1 2651/2961/1
f 2650/2965/1 2636/2966/1 2635/2963/1
f 2649/2967/1 2636/2966/1 2650/2965/1
f 2826/2964/1 2701/2968/1 2700/2962/1
f 2825/2969/1 2701/2968/1 2826/2964/1
f 2648/2970/1 2636/2966/1 2649/2967/1
f 2648/2970/1 2637/2971/1 2636/2966/1
f 2647/2972/1 2637/2971/1 2648/2970/1
f 2647/2972/1 2638/2973/1 2637/2971/1
f 2825/2969/1 2702/242/1 2701/2968/1
f 2646/2974/1 2638/2973/1 2647/2972/1
f 2824/2975/1 2702/242/1 2825/2969/1
f 2646/2974/1 2639/2976/1 2638/2973/1
f 2645/2977/1 2639/2976/1 2646/2974/1
f 2645/2977/1 2640/2978/1 2639/2976/1
f 2644/2979/1 2640/2978/1 2645/2977/1
f 2644/2979/1 2641/2980/1 2640/2978/1
f 2643/2981/1 2641/2980/1 2644/2979/1
f 2824/2975/1 2703/2982/1 2702/242/1
f 2643/2981/1 2642/2983/1 2641/2980/1
f 2823/2984/1 2703/2982/1 2824/2975/1
f 2823/2984/1 2704/2985/1 2703/2982/1
f 2822/2986/1 2704/2985/1 2823/2984/1
f 2821/2987/1 2704/2985/1 2822/2986/1
f 2821/2987/1 2705/2988/1 2704/2985/1
f 2820/2989/1 2705/2988/1 2821/2987/1
f 2820/2989/1 2706/2990/1 2705/2988/1
f 2819/2991/1 2706/2990/1 2820/2989/1
f 2819/2991/1 2707/2992/1 2706/2990/1
f 2818/2993/1 2707/2992/1 2819/2991/1
f 2818/2993/1 2708/2994/1 2707/2992/1
f 2817/2995/1 2708/2994/1 2818/2993/1
f 2817/2995/1 2709/2996/1 2708/2994/1
f 2816/2997/1 2709/2996/1 2817/2995/1
f 2815/2998/1 2709/2996/1 2816/2997/1
f 2815/2998/1 2710/2999/1 2709/2996/1
f 2814/3000/1 2710/2999/1 2815/2998/1
f 2814/3000/1 2711/3001/1 2710/2999/1
f 2813/3002/1 2711/3001/1 2814/3000/1
f 2813/3002/1 2712/3003/1 2711/3001/1
f 2812/3004/1 2712/3003/1 2813/3002/1
f 2812/3004/1 2713/3005/1 2712/3003/1
f 2812/3004/1 2714/3006/1 2713/3005/1
f 2811/3007/1 2714/3006/1 2812/3004/1
f 2811/3007/1 2715/3008/1 2714/3006/1
f 2810/3009/1 2715/3008/1 2811/3007/1
f 2810/3009/1 2716/3010/1 2715/3008/1
f 2810/3009/1 2717/3011/1 2716/3010/1
f 2809/3012/1 2717/3011/1 2810/3009/1
f 2809/3012/1 2718/3013/1 2717/3011/1
f 2809/3012/1 2719/3014/1 2718/3013/1
f 2808/3015/1 2719/3014/1 2809/3012/1
f 2808/3015/1 2720/3016/1 2719/3014/1
f 2808/3015/1 2721/3017/1 2720/3016/1
f 2808/3015/1 2722/3018/1 2721/3017/1
f 2749/3019/1 2751/3020/1 2750/3021/1
f 2748/3022/1 2751/3020/1 2749/3019/1
f 2747/3023/1 2751/3020/1 2748/3022/1
f 2807/377/1 2722/3018/1 2808/3015/1
f 2746/3024/1 2751/3020/1 2747/3023/1
f 2746/3024/1 2752/3025/1 2751/3020/1
f 2745/3026/1 2752/3025/1 2746/3024/1
f 2744/3027/1 2752/3025/1 2745/3026/1
f 2807/377/1 2723/3028/1 2722/3018/1
f 2743/3029/1 2752/3025/1 2744/3027/1
f 2743/3029/1 2753/3030/1 2752/3025/1
f 2742/3031/1 2753/3030/1 2743/3029/1
f 2741/3032/1 2753/3030/1 2742/3031/1
f 2740/3033/1 2753/3030/1 2741/3032/1
f 2740/3033/1 2754/3034/1 2753/3030/1
f 2739/3035/1 2754/3034/1 2740/3033/1
f 2738/3036/1 2754/3034/1 2739/3035/1
f 2807/377/1 2724/3037/1 2723/3028/1
f 2737/3038/1 2754/3034/1 2738/3036/1
f 2737/3038/1 2755/3039/1 2754/3034/1
f 2736/3040/1 2755/3039/1 2737/3038/1
f 2735/3041/1 2755/3039/1 2736/3040/1
f 2734/3042/1 2755/3039/1 2735/3041/1
f 2807/377/1 2725/3043/1 2724/3037/1
f 2733/3044/1 2755/3039/1 2734/3042/1
f 2732/3045/1 2755/3039/1 2733/3044/1
f 2732/3045/1 2756/3046/1 2755/3039/1
f 2731/3047/1 2756/3046/1 2732/3045/1
f 2807/377/1 2726/3048/1 2725/3043/1
f 2730/3049/1 2756/3046/1 2731/3047/1
f 2729/3050/1 2756/3046/1 2730/3049/1
f 2728/3051/1 2756/3046/1 2729/3050/1
f 2727/3052/1 2756/3046/1 2728/3051/1
f 2726/3048/1 2756/3046/1 2727/3052/1
f 2807/377/1 2756/3046/1 2726/3048/1
f 2807/377/1 2757/3053/1 2756/3046/1
f 2806/3054/1 2757/3053/1 2807/377/1
f 2806/3054/1 2758/3055/1 2757/3053/1
f 2806/3054/1 2759/3056/1 2758/3055/1
f 2806/3054/1 2760/3057/1 2759/3056/1
f 2805/3058/1 2760/3057/1 2806/3054/1
f 2805/3058/1 2761/3059/1 2760/3057/1
f 2805/3058/1 2762/3060/1 2761/3059/1
f 2804/3061/1 2762/3060/1 2805/3058/1
f 2804/3061/1 2763/3062/1 2762/3060/1
f 2804/3061/1 2764/3063/1 2763/3062/1
f 2803/3064/1 2764/3063/1 2804/3061/1
f 2803/3064/1 2765/3065/1 2764/3063/1
f 2803/3064/1 2766/3066/1 2765/3065/1
f 2802/3067/1 2766/3066/1 2803/3064/1
f 2802/3067/1 2767/3068/1 2766/3066/1
f 2802/3067/1 2768/3069/1 2767/3068/1
f 2801/3070/1 2768/3069/1 2802/3067/1
f 2801/3070/1 2769/3071/1 2768/3069/1
f 2800/3072/1 2769/3071/1 2801/3070/1
f 2800/3072/1 2770/3073/1 2769/3071/1
f 2799/3074/1 2770/3073/1 2800/3072/1
f 2799/3074/1 2771/3075/1 2770/3073/1
f 2799/3074/1 2772/3076/1 2771/3075/1
f 2798/3077/1 2772/3076/1 2799/3074/1
f 2798/3077/1 2773/3078/1 2772/3076/1
f 2797/3079/1 2773/3078/1 2798/3077/1
f 2797/3079/1 2774/3080/1 2773/3078/1
f 2797/3079/1 2775/3081/1 2774/3080/1
f 2796/3082/1 2775/3081/1 2797/3079/1
f 2796/3082/1 2776/3083/1 2775/3081/1
f 2795/3084/1 2776/3083/1 2796/3082/1
f 2795/3084/1 2777/3085/1 2776/3083/1
f 2794/3086/1 2777/3085/1 2795/3084/1
f 2794/3086/1 2778/3087/1 2777/3085/1
f 2793/3088/1 2778/3087/1 2794/3086/1
f 2793/3088/1 2779/3089/1 2778/3087/1
f 2792/3090/1 2779/3089/1 2793/3088/1
f 2792/3090/1 2780/3091/1 2779/3089/1
f 2791/3092/1 2780/3091/1 2792/3090/1
f 2791/3092/1 2781/3093/1 2780/3091/1
f 2790/3094/1 2781/3093/1 2791/3092/1
f 2790/3094/1 2782/3095/1 2781/3093/1
f 2789/3096/1 2782/3095/1 2790/3094/1
f 2789/3096/1 2783/3097/1 2782/3095/1
f 2788/3098/1 2783/3097/1 2789/3096/1
f 2788/3098/1 2784/3099/1 2783/3097/1
f 2787/3100/1 2784/3099/1 2788/3098/1
f 2787/3100/1 2785/3101/1 2784/3099/1
f 2786/1039/1 2785/3101/1 2787/3100/1
f 3615/1/1 3413/3102/1 3412/3103/1
f 3614/3104/1 3413/3102/1 3615/1/1
f 3613/3105/1 3413/3102/1 3614/3104/1
f 3613/3105/1 3414/308/1 3413/3102/1
f 3612/382/1 3414/308/1 3613/3105/1
f 3611/3106/1 3414/308/1 3612/382/1
f 3611/3106/1 3415/3107/1 3414/308/1
f 3610/3108/1 3415/3107/1 3611/3106/1
f 3609/781/1 3415/3107/1 3610/3108/1
f 3609/781/1 3416/3109/1 3415/3107/1
f 3608/3110/1 3416/3109/1 3609/781/1
f 3607/3111/1 3416/3109/1 3608/3110/1
f 3607/3111/1 3417/315/1 3416/3109/1
f 3606/796/1 3417/315/1 3607/3111/1
f 3605/3112/1 3417/315/1 3606/796/1
f 3605/3112/1 3418/3113/1 3417/315/1
f 3604/3114/1 3418/3113/1 3605/3112/1
f 3603/818/1 3418/3113/1 3604/3114/1
f 3603/818/1 3419/3115/1 3418/3113/1
f 3602/3116/1 3419/3115/1 3603/818/1
f 3601/3117/1 3419/3115/1 3602/3116/1
f 3600/829/1 3419/3115/1 3601/3117/1
f 3600/829/1 3420/330/1 3419/3115/1
f 3599/3118/1 3420/330/1 3600/829/1
f 3598/3119/1 3420/330/1 3599/3118/1
f 3597/844/1 3420/330/1 3598/3119/1
f 3597/844/1 3421/3120/1 3420/330/1
f 3596/3121/1 3421/3120/1 3597/844/1
f 3595/3122/1 3421/3120/1 3596/3121/1
f 3594/851/1 3421/3120/1 3595/3122/1
f 3594/851/1 3422/3123/1 3421/3120/1
f 3593/3124/1 3422/3123/1 3594/851/1
f 3592/3125/1 3422/3123/1 3593/3124/1
f 3592/3125/1 3423/351/1 3422/3123/1
f 3591/859/1 3423/351/1 3592/3125/1
f 3591/859/1 3424/3126/1 3423/351/1
f 3590/3127/1 3424/3126/1 3591/859/1
f 3590/3127/1 3425/3128/1 3424/3126/1
f 3589/3129/1 3425/3128/1 3590/3127/1
f 3589/3129/1 3426/369/1 3425/3128/1
f 3588/866/1 3426/369/1 3589/3129/1
f 3588/866/1 3427/3130/1 3426/369/1
f 3587/3131/1 3427/3130/1 3588/866/1
f 3587/3131/1 3428/3132/1 3427/3130/1
f 3586/3133/1 3428/3132/1 3587/3131/1
f 3585/872/1 3428/3132/1 3586/3133/1
f 3585/872/1 3429/375/1 3428/3132/1
f 3584/3134/1 3429/375/1 3585/872/1
f 3584/3134/1 3430/3135/1 3429/375/1
f 3583/3136/1 3430/3135/1 3584/3134/1
f 3583/3136/1 3431/3137/1 3430/3135/1
f 3582/878/1 3431/3137/1 3583/3136/1
f 3582/878/1 3432/379/1 3431/3137/1
f 3581/3138/1 3432/379/1 3582/878/1
f 3581/3138/1 3433/3139/1 3432/379/1
f 3580/3140/1 3433/3139/1 3581/3138/1
f 3579/885/1 3433/3139/1 3580/3140/1
f 3579/885/1 3434/3141/1 3433/3139/1
f 3578/3142/1 3434/3141/1 3579/885/1
f 3577/3143/1 3434/3141/1 3578/3142/1
f 3577/3143/1 3435/387/1 3434/3141/1
f 3576/891/1 3435/387/1 3577/3143/1
f 3575/3144/1 3435/387/1 3576/891/1
f 3574/2361/1 3435/387/1 3575/3144/1
f 3574/2361/1 3436/3145/1 3435/387/1
f 3573/892/1 3436/3145/1 3574/2361/1
f 3572/3146/1 3436/3145/1 3573/892/1
f 3572/3146/1 3437/3147/1 3436/3145/1
f 3571/3148/1 3437/3147/1 3572/3146/1
f 3570/881/1 3437/3147/1 3571/3148/1
f 3570/881/1 3438/392/1 3437/3147/1
f 3569/3149/1 3438/392/1 3570/881/1
f 3568/3150/1 3438/392/1 3569/3149/1
f 3568/3150/1 3439/3151/1 3438/392/1
f 3567/870/1 3439/3151/1 3568/3150/1
f 3566/3152/1 3439/3151/1 3567/870/1
f 3566/3152/1 3440/3153/1 3439/3151/1
f 3565/3154/1 3440/3153/1 3566/3152/1
f 3564/860/1 3440/3153/1 3565/3154/1
f 3564/860/1 3441/389/1 3440/3153/1
f 3563/3155/1 3441/389/1 3564/860/1
f 3562/3156/1 3441/389/1 3563/3155/1
f 3562/3156/1 3442/3157/1 3441/389/1
f 3561/852/1 3442/3157/1 3562/3156/1
f 3560/3158/1 3442/3157/1 3561/852/1
f 3560/3158/1 3443/3159/1 3442/3157/1
f 3559/3160/1 3443/3159/1 3560/3158/1
f 3558/843/1 3443/3159/1 3559/3160/1
f 3558/843/1 3444/414/1 3443/3159/1
f 3557/3161/1 3444/414/1 3558/843/1
f 3556/3162/1 3444/414/1 3557/3161/1
f 3555/802/1 3444/414/1 3556/3162/1
f 3555/802/1 3445/3163/1 3444/414/1
f 3554/3164/1 3445/3163/1 3555/802/1
f 3553/3165/1 3445/3163/1 3554/3164/1
f 3552/764/1 3445/3163/1 3553/3165/1
f 3551/3166/1 3445/3163/1 3552/764/1
f 3550/3167/1 3445/3163/1 3551/3166/1
f 3550/3167/1 3446/3168/1 3445/3163/1
f 3549/736/1 3446/3168/1 3550/3167/1
f 3548/3169/1 3446/3168/1 3549/736/1
f 3547/3170/1 3446/3168/1 3548/3169/1
f 3546/723/1 3446/3168/1 3547/3170/1
f 3545/3171/1 3446/3168/1 3546/723/1
f 3544/3172/1 3446/3168/1 3545/3171/1
f 3544/3172/1 3447/434/1 3446/3168/1
f 3543/710/1 3447/434/1 3544/3172/1
f 3542/3173/1 3447/434/1 3543/710/1
f 3541/3174/1 3447/434/1 3542/3173/1
f 3540/615/1 3447/434/1 3541/3174/1
f 3539/3175/1 3447/434/1 3540/615/1
f 3538/3176/1 3447/434/1 3539/3175/1
f 3538/3176/1 3448/3177/1 3447/434/1
f 3537/546/1 3448/3177/1 3538/3176/1
f 3536/3178/1 3448/3177/1 3537/546/1
f 3535/3179/1 3448/3177/1 3536/3178/1
f 3534/538/1 3448/3177/1 3535/3179/1
f 3533/2722/1 3448/3177/1 3534/538/1
f 3533/2722/1 3449/3180/1 3448/3177/1
f 3532/3181/1 3449/3180/1 3533/2722/1
f 3531/529/1 3449/3180/1 3532/3181/1
f 3530/3182/1 3449/3180/1 3531/529/1
f 3529/3183/1 3449/3180/1 3530/3182/1
f 3528/523/1 3449/3180/1 3529/3183/1
f 3527/3184/1 3449/3180/1 3528/523/1
f 3526/3185/1 3449/3180/1 3527/3184/1
f 3525/519/1 3449/3180/1 3526/3185/1
f 3525/519/1 3450/448/1 3449/3180/1
f 3524/3186/1 3450/448/1 3525/519/1
f 3523/3187/1 3450/448/1 3524/3186/1
f 3522/515/1 3450/448/1 3523/3187/1
f 3521/3188/1 3450/448/1 3522/515/1
f 3520/3189/1 3450/448/1 3521/3188/1
f 3519/508/1 3450/448/1 3520/3189/1
f 3518/3190/1 3450/448/1 3519/508/1
f 3518/3190/1 3451/1828/1 3450/448/1
f 3517/3191/1 3451/1828/1 3518/3190/1
f 3516/501/1 3451/1828/1 3517/3191/1
f 3515/3192/1 3451/1828/1 3516/501/1
f 3514/3193/1 3451/1828/1 3515/3192/1
f 3513/493/1 3451/1828/1 3514/3193/1
f 3512/3194/1 3451/1828/1 3513/493/1
f 3511/3195/1 3451/1828/1 3512/3194/1
f 3510/488/1 3451/1828/1 3511/3195/1
f 3509/3196/1 3451/1828/1 3510/488/1
f 3508/3197/1 3451/1828/1 3509/3196/1
f 3508/3197/1 3452/3198/1 3451/1828/1
f 3507/498/1 3452/3198/1 3508/3197/1
f 3506/3199/1 3452/3198/1 3507/498/1
f 3505/3200/1 3452/3198/1 3506/3199/1
f 3504/507/1 3452/3198/1 3505/3200/1
f 3503/3201/1 3452/3198/1 3504/507/1
f 3502/3202/1 3452/3198/1 3503/3201/1
f 3501/487/1 3452/3198/1 3502/3202/1
f 3500/3203/1 3452/3198/1 3501/487/1
f 3500/3203/1 3453/449/1 3452/3198/1
f 3499/3204/1 3453/449/1 3500/3203/1
f 3498/484/1 3453/449/1 3499/3204/1
f 3497/3205/1 3453/449/1 3498/484/1
f 3496/3206/1 3453/449/1 3497/3205/1
f 3496/3206/1 3454/3207/1 3453/449/1
f 3495/480/1 3454/3207/1 3496/3206/1
f 3494/3208/1 3454/3207/1 3495/480/1
f 3493/3209/1 3454/3207/1 3494/3208/1
f 3493/3209/1 3455/3210/1 3454/3207/1
f 3492/476/1 3455/3210/1 3493/3209/1
f 3491/3211/1 3455/3210/1 3492/476/1
f 3491/3211/1 3456/437/1 3455/3210/1
f 3490/3212/1 3456/437/1 3491/3211/1
f 3489/472/1 3456/437/1 3490/3212/1
f 3489/472/1 3457/3213/1 3456/437/1
f 3488/3214/1 3457/3213/1 3489/472/1
f 3487/3215/1 3457/3213/1 3488/3214/1
f 3487/3215/1 3458/3216/1 3457/3213/1
f 3486/467/1 3458/3216/1 3487/3215/1
f 3486/467/1 3459/418/1 3458/3216/1
f 3485/3217/1 3459/418/1 3486/467/1
f 3485/3217/1 3460/3218/1 3459/418/1
f 3484/3219/1 3460/3218/1 3485/3217/1
f 3484/3219/1 3461/3220/1 3460/3218/1
f 3483/462/1 3461/3220/1 3484/3219/1
f 3483/462/1 3462/410/1 3461/3220/1
f 3482/3221/1 3462/410/1 3483/462/1
f 3482/3221/1 3463/3222/1 3462/410/1
f 3481/3223/1 3463/3222/1 3482/3221/1
f 3481/3223/1 3464/3224/1 3463/3222/1
f 3480/455/1 3464/3224/1 3481/3223/1
f 3480/455/1 3465/458/1 3464/3224/1
f 3479/3225/1 3465/458/1 3480/455/1
f 3479/3225/1 3466/3226/1 3465/458/1
f 3478/3227/1 3466/3226/1 3479/3225/1
f 3478/3227/1 3467/3228/1 3466/3226/1
f 3477/436/1 3467/3228/1 3478/3227/1
f 3477/436/1 3468/440/1 3467/3228/1
f 3476/3229/1 3468/440/1 3477/436/1
f 3476/3229/1 3469/3230/1 3468/440/1
f 3475/3231/1 3469/3230/1 3476/3229/1
f 3475/3231/1 3470/3232/1 3469/3230/1
f 3474/424/1 3470/3232/1 3475/3231/1
f 3474/424/1 3471/425/1 3470/3232/1
f 3473/3233/1 3471/425/1 3474/424/1
f 3473/3233/1 3472/3234/1 3471/425/1
f 3279/766/1 3281/3235/1 3280/3236/1
f 3278/3237/1 3281/3235/1 3279/766/1
f 3278/3237/1 3282/757/1 3281/3235/1
f 3277/3238/1 3282/757/1 3278/3237/1
f 3276/773/1 3282/757/1 3277/3238/1
f 3276/773/1 3283/3239/1 3282/757/1
f 3275/3240/1 3283/3239/1 3276/773/1
f 3274/3241/1 3283/3239/1 3275/3240/1
f 3274/3241/1 3284/3242/1 3283/3239/1
f 3273/765/1 3284/3242/1 3274/3241/1
f 3272/3243/1 3284/3242/1 3273/765/1
f 3272/3243/1 3285/748/1 3284/3242/1
f 3271/3244/1 3285/748/1 3272/3243/1
f 3270/756/1 3285/748/1 3271/3244/1
f 3270/756/1 3286/3245/1 3285/748/1
f 3269/3246/1 3286/3245/1 3270/756/1
f 3268/3247/1 3286/3245/1 3269/3246/1
f 3268/3247/1 3287/2159/1 3286/3245/1
f 3267/709/1 3287/2159/1 3268/3247/1
f 3266/3248/1 3287/2159/1 3267/709/1
f 3265/3249/1 3287/2159/1 3266/3248/1
f 3265/3249/1 3288/743/1 3287/2159/1
f 3264/692/1 3288/743/1 3265/3249/1
f 3263/3250/1 3288/743/1 3264/692/1
f 3262/3251/1 3288/743/1 3263/3250/1
f 3261/680/1 3288/743/1 3262/3251/1
f 3260/3252/1 3288/743/1 3261/680/1
f 3260/3252/1 3289/3253/1 3288/743/1
f 3259/3254/1 3289/3253/1 3260/3252/1
f 3258/668/1 3289/3253/1 3259/3254/1
f 3257/3255/1 3289/3253/1 3258/668/1
f 3256/3256/1 3289/3253/1 3257/3255/1
f 3256/3256/1 3290/3257/1 3289/3253/1
f 3255/655/1 3290/3257/1 3256/3256/1
f 3255/655/1 3291/738/1 3290/3257/1
f 3254/3258/1 3291/738/1 3255/655/1
f 3254/3258/1 3292/3259/1 3291/738/1
f 3253/3260/1 3292/3259/1 3254/3258/1
f 3253/3260/1 3293/3261/1 3292/3259/1
f 3252/644/1 3293/3261/1 3253/3260/1
f 3252/644/1 3294/729/1 3293/3261/1
f 3251/3262/1 3294/729/1 3252/644/1
f 3251/3262/1 3295/3263/1 3294/729/1
f 3250/3264/1 3295/3263/1 3251/3262/1
f 3250/3264/1 3296/3265/1 3295/3263/1
f 3249/630/1 3296/3265/1 3250/3264/1
f 3248/3266/1 3296/3265/1 3249/630/1
f 3248/3266/1 3297/715/1 3296/3265/1
f 3247/3267/1 3297/715/1 3248/3266/1
f 3247/3267/1 3298/3268/1 3297/715/1
f 3246/620/1 3298/3268/1 3247/3267/1
f 3246/620/1 3299/3269/1 3298/3268/1
f 3245/3270/1 3299/3269/1 3246/620/1
f 3245/3270/1 3300/632/1 3299/3269/1
f 3244/3271/1 3300/632/1 3245/3270/1
f 3243/606/1 3300/632/1 3244/3271/1
f 3243/606/1 3301/3272/1 3300/632/1
f 3242/3273/1 3301/3272/1 3243/606/1
f 3242/3273/1 3302/3274/1 3301/3272/1
f 3241/3275/1 3302/3274/1 3242/3273/1
f 3240/589/1 3302/3274/1 3241/3275/1
f 3240/589/1 3303/530/1 3302/3274/1
f 3239/3276/1 3303/530/1 3240/589/1
f 3238/3277/1 3303/530/1 3239/3276/1
f 3238/3277/1 3304/3278/1 3303/530/1
f 3237/602/1 3304/3278/1 3238/3277/1
f 3236/3279/1 3304/3278/1 3237/602/1
f 3236/3279/1 3305/3280/1 3304/3278/1
f 3235/3281/1 3305/3280/1 3236/3279/1
f 3235/3281/1 3306/541/1 3305/3280/1
f 3234/667/1 3306/541/1 3235/3281/1
f 3234/667/1 3307/3282/1 3306/541/1
f 3233/3283/1 3307/3282/1 3234/667/1
f 3233/3283/1 3308/3284/1 3307/3282/1
f 3233/3283/1 3309/560/1 3308/3284/1
f 3232/3285/1 3309/560/1 3233/3283/1
f 3232/3285/1 3310/3286/1 3309/560/1
f 3231/705/1 3310/3286/1 3232/3285/1
f 3231/705/1 3311/3287/1 3310/3286/1
f 3231/705/1 3312/573/1 3311/3287/1
f 3231/705/1 3313/3288/1 3312/573/1
f 3231/705/1 3314/3289/1 3313/3288/1
f 3231/705/1 3315/566/1 3314/3289/1
f 3231/705/1 3316/3290/1 3315/566/1
f 3231/705/1 3317/3291/1 3316/3290/1
f 3231/705/1 3318/547/1 3317/3291/1
f 3231/705/1 3319/3292/1 3318/547/1
f 3231/705/1 3320/3293/1 3319/3292/1
f 3231/705/1 3321/527/1 3320/3293/1
f 3231/705/1 3322/3294/1 3321/527/1
f 3231/705/1 3323/3295/1 3322/3294/1
f 3230/3296/1 3323/3295/1 3231/705/1
f 3230/3296/1 3324/406/1 3323/3295/1
f 3230/3296/1 3325/3297/1 3324/406/1
f 3229/3298/1 3325/3297/1 3230/3296/1
f 3229/3298/1 3326/3299/1 3325/3297/1
f 3228/658/1 3326/3299/1 3229/3298/1
f 3228/658/1 3327/398/1 3326/3299/1
f 3227/3300/1 3327/398/1 3228/658/1
f 3387/276/1 3389/3301/1 3388/3302/1
f 3387/276/1 3390/282/1 3389/3301/1
f 3386/3303/1 3390/282/1 3387/276/1
f 3386/3303/1 3391/3304/1 3390/282/1
f 3386/3303/1 3392/3305/1 3391/3304/1
f 3385/3306/1 3392/3305/1 3386/3303/1
f 3385/3306/1 3393/291/1 3392/3305/1
f 3384/271/1 3393/291/1 3385/3306/1
f 3384/271/1 3394/3307/1 3393/291/1
f 3384/271/1 3395/3308/1 3394/3307/1
f 3383/3309/1 3395/3308/1 3384/271/1
f 3383/3309/1 3396/297/1 3395/3308/1
f 3383/3309/1 3397/3310/1 3396/297/1
f 3382/3311/1 3397/3310/1 3383/3309/1
f 3382/3311/1 3398/3312/1 3397/3310/1
f 3381/266/1 3398/3312/1 3382/3311/1
f 3381/266/1 3399/333/1 3398/3312/1
f 3381/266/1 3400/3313/1 3399/333/1
f 3380/3314/1 3400/3313/1 3381/266/1
f 3380/3314/1 3401/3315/1 3400/3313/1
f 3380/3314/1 3402/356/1 3401/3315/1
f 3227/3300/1 3328/2952/1 3327/398/1
f 3379/3316/1 3402/356/1 3380/3314/1
f 3379/3316/1 3403/3317/1 3402/356/1
f 3379/3316/1 3404/3318/1 3403/3317/1
f 3378/261/1 3404/3318/1 3379/3316/1
f 3378/261/1 3405/360/1 3404/3318/1
f 3226/3319/1 3328/2952/1 3227/3300/1
f 3378/261/1 3406/3320/1 3405/360/1
f 3377/3321/1 3406/3320/1 3378/261/1
f 3377/3321/1 3407/3322/1 3406/3320/1
f 3377/3321/1 3408/332/1 3407/3322/1
f 3376/3323/1 3408/332/1 3377/3321/1
f 3376/3323/1 3409/3324/1 3408/332/1
f 3376/3323/1 3410/3076/1 3409/3324/1
f 3375/255/1 3410/3076/1 3376/3323/1
f 3375/255/1 3411/317/1 3410/3076/1
f 3375/255/1 3123/147/1 3411/317/1
f 3375/255/1 3124/3325/1 3123/147/1
f 3226/3319/1 3329/3326/1 3328/2952/1
f 3225/635/1 3329/3326/1 3226/3319/1
f 3225/635/1 3330/342/1 3329/3326/1
f 3375/255/1 3125/3327/1 3124/3325/1
f 3224/3328/1 3330/342/1 3225/635/1
f 3374/3329/1 3125/3327/1 3375/255/1
f 3224/3328/1 3331/3330/1 3330/342/1
f 3223/3331/1 3331/3330/1 3224/3328/1
f 3374/3329/1 3126/794/1 3125/3327/1
f 3223/3331/1 3332/3332/1 3331/3330/1
f 3222/610/1 3332/3332/1 3223/3331/1
f 3373/3333/1 3126/794/1 3374/3329/1
f 3373/3333/1 3127/3334/1 3126/794/1
f 3222/610/1 3333/316/1 3332/3332/1
f 3221/3335/1 3333/316/1 3222/610/1
f 3221/3335/1 3334/3336/1 3333/316/1
f 3373/3333/1 3128/3337/1 3127/3334/1
f 3220/3338/1 3334/3336/1 3221/3335/1
f 3372/249/1 3128/3337/1 3373/3333/1
f 3220/3338/1 3335/3339/1 3334/3336/1
f 3219/593/1 3335/3339/1 3220/3338/1
f 3372/249/1 3129/808/1 3128/3337/1
f 3219/593/1 3336/336/1 3335/3339/1
f 3218/3340/1 3336/336/1 3219/593/1
f 3371/3341/1 3129/808/1 3372/249/1
f 3371/3341/1 3130/3342/1 3129/808/1
f 3218/3340/1 3337/3343/1 3336/336/1
f 3218/3340/1 3338/3344/1 3337/3343/1
f 3371/3341/1 3131/3345/1 3130/3342/1
f 3370/3346/1 3131/3345/1 3371/3341/1
f 3217/3347/1 3338/3344/1 3218/3340/1
f 3217/3347/1 3339/354/1 3338/3344/1
f 3370/3346/1 3132/817/1 3131/3345/1
f 3369/242/1 3132/817/1 3370/3346/1
f 3217/3347/1 3340/3348/1 3339/354/1
f 3216/578/1 3340/3348/1 3217/3347/1
f 3369/242/1 3133/3349/1 3132/817/1
f 3368/3350/1 3133/3349/1 3369/242/1
f 3216/578/1 3341/3351/1 3340/3348/1
f 3368/3350/1 3134/3352/1 3133/3349/1
f 3216/578/1 3342/362/1 3341/3351/1
f 3215/3353/1 3342/362/1 3216/578/1
f 3367/3354/1 3134/3352/1 3368/3350/1
f 3215/3353/1 3343/3355/1 3342/362/1
f 3367/3354/1 3135/803/1 3134/3352/1
f 3366/247/1 3135/803/1 3367/3354/1
f 3215/3353/1 3344/3356/1 3343/3355/1
f 3365/3357/1 3135/803/1 3366/247/1
f 3365/3357/1 3136/3358/1 3135/803/1
f 3215/3353/1 3345/347/1 3344/3356/1
f 3214/3359/1 3345/347/1 3215/3353/1
f 3364/3360/1 3136/3358/1 3365/3357/1
f 3363/260/1 3136/3358/1 3364/3360/1
f 3214/3359/1 3346/3361/1 3345/347/1
f 3362/3362/1 3136/3358/1 3363/260/1
f 3362/3362/1 3137/3363/1 3136/3358/1
f 3361/3364/1 3137/3363/1 3362/3362/1
f 3214/3359/1 3347/3365/1 3346/3361/1
f 3360/277/1 3137/3363/1 3361/3364/1
f 3214/3359/1 3348/329/1 3347/3365/1
f 3360/277/1 3138/782/1 3137/3363/1
f 3359/3366/1 3138/782/1 3360/277/1
f 3358/3367/1 3138/782/1 3359/3366/1
f 3214/3359/1 3349/3368/1 3348/329/1
f 3357/286/1 3138/782/1 3358/3367/1
f 3213/565/1 3349/3368/1 3214/3359/1
f 3356/3369/1 3138/782/1 3357/286/1
f 3213/565/1 3350/3370/1 3349/3368/1
f 3356/3369/1 3139/3371/1 3138/782/1
f 3355/3372/1 3139/3371/1 3356/3369/1
f 3213/565/1 3351/302/1 3350/3370/1
f 3354/296/1 3139/3371/1 3355/3372/1
f 3353/3373/1 3139/3371/1 3354/296/1
f 3213/565/1 3352/3374/1 3351/302/1
f 3352/3374/1 3139/3371/1 3353/3373/1
f 3213/565/1 3139/3371/1 3352/3374/1
f 3213/565/1 3140/3375/1 3139/3371/1
f 3213/565/1 3141/735/1 3140/3375/1
f 3212/3376/1 3141/735/1 3213/565/1
f 3212/3376/1 3142/3377/1 3141/735/1
f 3212/3376/1 3143/3378/1 3142/3377/1
f 3212/3376/1 3144/778/1 3143/3378/1
f 3212/3376/1 3145/3379/1 3144/778/1
f 3212/3376/1 3146/3380/1 3145/3379/1
f 3211/3381/1 3146/3380/1 3212/3376/1
f 3211/3381/1 3147/815/1 3146/3380/1
f 3211/3381/1 3148/3382/1 3147/815/1
f 3211/3381/1 3149/3383/1 3148/3382/1
f 3211/3381/1 3150/832/1 3149/3383/1
f 3211/3381/1 3151/3384/1 3150/832/1
f 3211/3381/1 3152/3385/1 3151/3384/1
f 3211/3381/1 3153/840/1 3152/3385/1
f 3210/552/1 3153/840/1 3211/3381/1
f 3210/552/1 3154/3386/1 3153/840/1
f 3210/552/1 3155/3387/1 3154/3386/1
f 3210/552/1 3156/828/1 3155/3387/1
f 3210/552/1 3157/3388/1 3156/828/1
f 3210/552/1 3158/3389/1 3157/3388/1
f 3210/552/1 3159/799/1 3158/3389/1
f 3210/552/1 3160/3390/1 3159/799/1
f 3209/3391/1 3160/3390/1 3210/552/1
f 3209/3391/1 3161/3392/1 3160/3390/1
f 3209/3391/1 3162/721/1 3161/3392/1
f 3209/3391/1 3163/3393/1 3162/721/1
f 3208/3394/1 3163/3393/1 3209/3391/1
f 3208/3394/1 3164/2495/1 3163/3393/1
f 3208/3394/1 3165/706/1 3164/2495/1
f 3208/3394/1 3166/3395/1 3165/706/1
f 3208/3394/1 3167/3396/1 3166/3395/1
f 3207/568/1 3167/3396/1 3208/3394/1
f 3207/568/1 3168/654/1 3167/3396/1
f 3207/568/1 3169/3397/1 3168/654/1
f 3207/568/1 3170/3398/1 3169/3397/1
f 3207/568/1 3171/592/1 3170/3398/1
f 3206/3399/1 3171/592/1 3207/568/1
f 3206/3399/1 3172/3400/1 3171/592/1
f 3206/3399/1 3173/3401/1 3172/3400/1
f 3205/2385/1 3173/3401/1 3206/3399/1
f 3205/2385/1 3174/601/1 3173/3401/1
f 3205/2385/1 3175/3402/1 3174/601/1
f 3205/2385/1 3176/3403/1 3175/3402/1
f 3204/597/1 3176/3403/1 3205/2385/1
f 3204/597/1 3177/613/1 3176/3403/1
f 3204/597/1 3178/3404/1 3177/613/1
f 3203/3405/1 3178/3404/1 3204/597/1
f 3203/3405/1 3179/3406/1 3178/3404/1
f 3203/3405/1 3180/626/1 3179/3406/1
f 3202/3407/1 3180/626/1 3203/3405/1
f 3202/3407/1 3181/3408/1 3180/626/1
f 3202/3407/1 3182/3409/1 3181/3408/1
f 3201/672/1 3182/3409/1 3202/3407/1
f 3201/672/1 3183/639/1 3182/3409/1
f 3201/672/1 3184/3410/1 3183/639/1
f 3200/3411/1 3184/3410/1 3201/672/1
f 3200/3411/1 3185/3412/1 3184/3410/1
f 3200/3411/1 3186/650/1 3185/3412/1
f 3199/3413/1 3186/650/1 3200/3411/1
f 3199/3413/1 3187/3414/1 3186/650/1
f 3199/3413/1 3188/3415/1 3187/3414/1
f 3198/700/1 3188/3415/1 3199/3413/1
f 3198/700/1 3189/664/1 3188/3415/1
f 3198/700/1 3190/3416/1 3189/664/1
f 3197/3417/1 3190/3416/1 3198/700/1
f 3197/3417/1 3191/3418/1 3190/3416/1
f 3197/3417/1 3192/676/1 3191/3418/1
f 3196/3419/1 3192/676/1 3197/3417/1
f 3196/3419/1 3193/3420/1 3192/676/1
f 3196/3419/1 3194/3421/1 3193/3420/1
f 3195/688/1 3194/3421/1 3196/3419/1
