# Blender 4.4.1
# www.blender.org
mtllib clearFont.mtl
o テキスト
v -11.201592 -3.306742 -0.209999
v -11.205858 -3.309861 -0.209999
v -11.209755 -3.313268 -0.209999
v -11.213283 -3.316964 -0.209999
v -11.216437 -3.320950 -0.209999
v -11.219221 -3.325224 -0.209999
v -11.221633 -3.329789 -0.209999
v -11.223676 -3.334641 -0.209999
v -11.225344 -3.339784 -0.209999
v -11.226643 -3.345214 -0.209999
v -11.227572 -3.350935 -0.209999
v -11.228127 -3.356945 -0.209999
v -11.228315 -3.363242 -0.209999
v -11.228252 -3.366939 -0.209999
v -11.228066 -3.371089 -0.209999
v -11.227758 -3.375695 -0.209999
v -11.227325 -3.380754 -0.209999
v -11.226768 -3.386268 -0.209999
v -11.226087 -3.392235 -0.209999
v -11.225283 -3.398658 -0.209999
v -11.224355 -3.405535 -0.209999
v -11.223304 -3.412866 -0.209999
v -11.222128 -3.420651 -0.209999
v -11.220829 -3.428891 -0.209999
v -11.219405 -3.437584 -0.209999
v -11.217859 -3.446629 -0.209999
v -11.216188 -3.455921 -0.209999
v -11.214395 -3.465462 -0.209999
v -11.212478 -3.475251 -0.209999
v -11.210436 -3.485286 -0.209999
v -11.208271 -3.495570 -0.209999
v -11.205983 -3.506102 -0.209999
v -11.203568 -3.516881 -0.209999
v -11.201033 -3.527909 -0.209999
v -11.198373 -3.539185 -0.209999
v -11.195590 -3.550707 -0.209999
v -11.192683 -3.562478 -0.209999
v -11.189652 -3.574404 -0.209999
v -11.186496 -3.586392 -0.209999
v -11.183217 -3.598441 -0.209999
v -11.179815 -3.610553 -0.209999
v -11.176288 -3.622727 -0.209999
v -11.172639 -3.634962 -0.209999
v -11.168866 -3.647258 -0.209999
v -11.164969 -3.659618 -0.209999
v -11.160948 -3.672040 -0.209999
v -11.156804 -3.684522 -0.209999
v -11.152536 -3.697067 -0.209999
v -11.148146 -3.709674 -0.209999
v -11.143643 -3.722240 -0.209999
v -11.139051 -3.734663 -0.209999
v -11.134365 -3.746938 -0.209999
v -11.129586 -3.759071 -0.209999
v -11.124715 -3.771058 -0.209999
v -11.119751 -3.782902 -0.209999
v -11.114694 -3.794600 -0.209999
v -11.109544 -3.806153 -0.209999
v -11.104300 -3.817563 -0.209999
v -11.098967 -3.828828 -0.209999
v -11.093537 -3.839948 -0.209999
v -11.088016 -3.850924 -0.209999
v -11.082387 -3.861662 -0.209999
v -11.076633 -3.872070 -0.209999
v -11.070759 -3.882148 -0.209999
v -11.064758 -3.891895 -0.209999
v -11.058634 -3.901311 -0.209999
v -11.052385 -3.910398 -0.209999
v -11.046014 -3.919153 -0.209999
v -11.039517 -3.927578 -0.209999
v -11.032898 -3.935674 -0.209999
v -11.026156 -3.943438 -0.209999
v -11.019290 -3.950872 -0.209999
v -11.012300 -3.957976 -0.209999
v -11.005201 -3.964626 -0.209999
v -10.998012 -3.970697 -0.209999
v -10.990726 -3.976190 -0.209999
v -10.983350 -3.981105 -0.209999
v -10.975881 -3.985442 -0.209999
v -10.968319 -3.989200 -0.209999
v -10.960664 -3.992380 -0.209999
v -10.952913 -3.994982 -0.209999
v -10.945073 -3.997006 -0.209999
v -10.937140 -3.998451 -0.209999
v -10.929114 -3.999319 -0.209999
v -10.920995 -3.999608 -0.209999
v -10.914312 -3.999535 -0.209999
v -10.907632 -3.999319 -0.209999
v -10.900949 -3.998957 -0.209999
v -10.894269 -3.998451 -0.209999
v -10.887589 -3.997801 -0.209999
v -10.880907 -3.997006 -0.209999
v -10.874227 -3.996066 -0.209999
v -10.867546 -3.994982 -0.209999
v -10.860864 -3.993754 -0.209999
v -10.854183 -3.992380 -0.209999
v -10.847501 -3.990862 -0.209999
v -10.840824 -3.989200 -0.209999
v -10.834081 -3.987465 -0.209999
v -10.827214 -3.985731 -0.209999
v -10.820225 -3.983995 -0.209999
v -10.813110 -3.982261 -0.209999
v -10.805874 -3.980526 -0.209999
v -10.798512 -3.978792 -0.209999
v -10.791027 -3.977057 -0.209999
v -10.783420 -3.975323 -0.209999
v -10.775685 -3.973588 -0.209999
v -10.767828 -3.971853 -0.209999
v -10.759850 -3.970119 -0.209999
v -10.751745 -3.968384 -0.209999
v -10.743517 -3.966650 -0.209999
v -10.735166 -3.964915 -0.209999
v -10.726693 -3.963181 -0.209999
v -10.718095 -3.961446 -0.209999
v -10.709373 -3.959711 -0.209999
v -10.700526 -3.957976 -0.209999
v -10.691557 -3.956242 -0.209999
v -10.682463 -3.954507 -0.209999
v -10.673245 -3.952773 -0.209999
v -10.663906 -3.951037 -0.209999
v -10.654440 -3.949303 -0.209999
v -10.644852 -3.947568 -0.209999
v -10.635077 -3.945906 -0.209999
v -10.625056 -3.944388 -0.209999
v -10.614787 -3.943014 -0.209999
v -10.604272 -3.941787 -0.209999
v -10.593507 -3.940702 -0.209999
v -10.582497 -3.939762 -0.209999
v -10.571239 -3.938967 -0.209999
v -10.559732 -3.938317 -0.209999
v -10.547979 -3.937811 -0.209999
v -10.535979 -3.937449 -0.209999
v -10.523731 -3.937233 -0.209999
v -10.511234 -3.937160 -0.209999
v -10.485857 -3.937697 -0.209999
v -10.460201 -3.939308 -0.209999
v -10.434264 -3.941993 -0.210000
v -10.408053 -3.945751 -0.210000
v -10.381561 -3.950583 -0.210000
v -10.354791 -3.956490 -0.210000
v -10.327743 -3.963470 -0.210000
v -10.300416 -3.971523 -0.210000
v -10.272811 -3.980650 -0.210000
v -10.244928 -3.990851 -0.210000
v -10.216766 -4.002127 -0.210000
v -10.188327 -4.014476 -0.210000
v -10.159855 -4.027702 -0.210000
v -10.131599 -4.041611 -0.210000
v -10.103561 -4.056200 -0.210000
v -10.075739 -4.071471 -0.210000
v -10.048134 -4.087424 -0.210000
v -10.020746 -4.104058 -0.210000
v -9.993574 -4.121374 -0.210000
v -9.966617 -4.139370 -0.210000
v -9.939878 -4.158049 -0.210000
v -9.913356 -4.177409 -0.210000
v -9.887050 -4.197450 -0.210000
v -9.860963 -4.218172 -0.210000
v -9.835215 -4.239525 -0.210000
v -9.809928 -4.261456 -0.210000
v -9.785109 -4.283965 -0.210000
v -9.760752 -4.307052 -0.210000
v -9.736856 -4.330718 -0.210000
v -9.713429 -4.354962 -0.210000
v -9.690462 -4.379784 -0.210000
v -9.667961 -4.405183 -0.210000
v -9.645924 -4.431162 -0.210000
v -9.624351 -4.457718 -0.210000
v -9.603240 -4.484853 -0.210000
v -9.582594 -4.512566 -0.210000
v -9.562659 -4.540681 -0.210000
v -9.543683 -4.569024 -0.210000
v -9.525667 -4.597594 -0.210000
v -9.508609 -4.626391 -0.210000
v -9.492509 -4.655416 -0.210000
v -9.477370 -4.684667 -0.210000
v -9.463189 -4.714146 -0.210000
v -9.449965 -4.743851 -0.210000
v -9.437701 -4.773784 -0.210000
v -9.426396 -4.803944 -0.210000
v -9.416051 -4.834332 -0.210000
v -9.406664 -4.864946 -0.210000
v -9.050350 -6.057388 -0.209999
v -9.048696 -6.062292 -0.209999
v -9.046700 -6.067093 -0.209999
v -9.044366 -6.071791 -0.209999
v -9.041692 -6.076386 -0.209999
v -9.038674 -6.080876 -0.209999
v -9.035318 -6.085266 -0.209999
v -9.031622 -6.089550 -0.209999
v -9.027587 -6.093732 -0.209999
v -9.023210 -6.097811 -0.209999
v -9.018493 -6.101786 -0.209999
v -9.013437 -6.105658 -0.209999
v -9.008038 -6.109426 -0.209999
v -9.002224 -6.113092 -0.209999
v -8.995914 -6.116654 -0.209999
v -8.989108 -6.120113 -0.209999
v -8.981811 -6.123469 -0.209999
v -8.974016 -6.126722 -0.209999
v -8.965726 -6.129870 -0.209999
v -8.956943 -6.132916 -0.209999
v -8.947663 -6.135859 -0.209999
v -8.937890 -6.138699 -0.209999
v -8.927620 -6.141434 -0.209999
v -8.916858 -6.144068 -0.209999
v -8.905599 -6.146598 -0.209999
v -8.893800 -6.149024 -0.209999
v -8.881412 -6.151347 -0.209999
v -8.868436 -6.153567 -0.209999
v -8.854875 -6.155684 -0.209999
v -8.840722 -6.157697 -0.209999
v -8.825983 -6.159607 -0.209999
v -8.810658 -6.161415 -0.209999
v -8.794744 -6.163117 -0.209999
v -8.778245 -6.164719 -0.209999
v -8.761155 -6.166215 -0.210000
v -8.743479 -6.167609 -0.210000
v -8.725215 -6.168900 -0.210000
v -8.706316 -6.170087 -0.210000
v -8.686738 -6.171172 -0.210000
v -8.666479 -6.172153 -0.210000
v -8.645540 -6.173030 -0.210000
v -8.623920 -6.173805 -0.210000
v -8.601620 -6.174476 -0.210000
v -8.578638 -6.175043 -0.210000
v -8.554977 -6.175508 -0.210000
v -8.530634 -6.175869 -0.210000
v -8.505613 -6.176128 -0.210000
v -8.479909 -6.176282 -0.210000
v -8.453527 -6.176334 -0.210000
v -8.426480 -6.176282 -0.210000
v -8.400265 -6.176128 -0.210000
v -8.374888 -6.175869 -0.210000
v -8.350345 -6.175508 -0.210000
v -8.326636 -6.175043 -0.210000
v -8.303764 -6.174476 -0.210000
v -8.281726 -6.173804 -0.210000
v -8.260523 -6.173030 -0.210000
v -8.240155 -6.172153 -0.210000
v -8.220624 -6.171172 -0.210000
v -8.201928 -6.170087 -0.210000
v -8.184066 -6.168900 -0.210000
v -8.166930 -6.167609 -0.210000
v -8.150413 -6.166215 -0.210000
v -8.134516 -6.164719 -0.210000
v -8.119235 -6.163117 -0.210000
v -8.104575 -6.161415 -0.210000
v -8.090532 -6.159607 -0.210000
v -8.077108 -6.157697 -0.210000
v -8.064302 -6.155684 -0.210000
v -8.052118 -6.153567 -0.210000
v -8.040549 -6.151347 -0.210000
v -8.029600 -6.149024 -0.210000
v -8.019270 -6.146598 -0.210000
v -8.009542 -6.144068 -0.210000
v -8.000403 -6.141434 -0.210000
v -7.991851 -6.138698 -0.210000
v -7.983885 -6.135859 -0.210000
v -7.976509 -6.132916 -0.210000
v -7.969720 -6.129870 -0.210000
v -7.963518 -6.126722 -0.210000
v -7.957903 -6.123468 -0.210000
v -7.952878 -6.120113 -0.210000
v -7.948440 -6.116654 -0.210000
v -7.944588 -6.113092 -0.210000
v -7.941328 -6.109426 -0.210000
v -7.938542 -6.105658 -0.210000
v -7.936131 -6.101786 -0.210000
v -7.934090 -6.097811 -0.210000
v -7.932419 -6.093732 -0.210000
v -7.931120 -6.089550 -0.210000
v -7.930191 -6.085266 -0.210000
v -7.929636 -6.080876 -0.210000
v -7.929450 -6.076386 -0.210000
v -7.929636 -6.071791 -0.210000
v -7.930191 -6.067093 -0.210000
v -7.931120 -6.062292 -0.210000
v -7.932419 -6.057388 -0.210000
v -8.725215 -3.401900 -0.210000
v -8.726853 -3.396995 -0.210000
v -8.728803 -3.392194 -0.210000
v -8.731061 -3.387496 -0.210000
v -8.733629 -3.382902 -0.210000
v -8.736504 -3.378410 -0.210000
v -8.739691 -3.374022 -0.210000
v -8.743186 -3.369736 -0.210000
v -8.746989 -3.365555 -0.210000
v -8.751103 -3.361477 -0.210000
v -8.755527 -3.357502 -0.210000
v -8.760260 -3.353630 -0.210000
v -8.765301 -3.349862 -0.210000
v -8.770698 -3.346206 -0.210000
v -8.776497 -3.342674 -0.210000
v -8.782699 -3.339267 -0.210000
v -8.789302 -3.335984 -0.210000
v -8.796309 -3.332825 -0.210000
v -8.803715 -3.329789 -0.210000
v -8.811523 -3.326877 -0.210000
v -8.819736 -3.324089 -0.210000
v -8.828352 -3.321425 -0.210000
v -8.837367 -3.318885 -0.210000
v -8.846786 -3.316469 -0.210000
v -8.856606 -3.314178 -0.210000
v -8.866875 -3.311988 -0.210000
v -8.877637 -3.309881 -0.210000
v -8.888896 -3.307858 -0.210000
v -8.900650 -3.305917 -0.210000
v -8.912900 -3.304059 -0.210000
v -8.925642 -3.302282 -0.210000
v -8.938879 -3.300589 -0.210000
v -8.952613 -3.298978 -0.210000
v -8.966839 -3.297450 -0.210000
v -8.981562 -3.296004 -0.210000
v -8.996780 -3.294642 -0.210000
v -9.012492 -3.293362 -0.210000
v -9.028715 -3.292174 -0.210000
v -9.045465 -3.291090 -0.210000
v -9.062738 -3.290109 -0.210000
v -9.080540 -3.289231 -0.210000
v -9.098865 -3.288457 -0.210000
v -9.117718 -3.287786 -0.210000
v -9.137094 -3.287217 -0.210000
v -9.156999 -3.286753 -0.210000
v -9.177427 -3.286392 -0.210000
v -9.198382 -3.286133 -0.210000
v -9.219862 -3.285979 -0.210000
v -9.241869 -3.285928 -0.210000
v -9.264526 -3.285979 -0.210000
v -9.286470 -3.286133 -0.210000
v -9.307704 -3.286392 -0.210000
v -9.328225 -3.286753 -0.210000
v -9.348037 -3.287217 -0.210000
v -9.367135 -3.287786 -0.210000
v -9.385524 -3.288457 -0.210000
v -9.403200 -3.289231 -0.210000
v -9.420165 -3.290109 -0.210000
v -9.436418 -3.291090 -0.210000
v -9.451962 -3.292174 -0.210000
v -9.466791 -3.293362 -0.210000
v -9.481004 -3.294642 -0.210000
v -9.494691 -3.296004 -0.210000
v -9.507850 -3.297450 -0.210000
v -9.520486 -3.298978 -0.210000
v -9.532595 -3.300589 -0.210000
v -9.544178 -3.302282 -0.210000
v -9.555235 -3.304059 -0.210000
v -9.565767 -3.305917 -0.210000
v -9.575773 -3.307858 -0.210000
v -9.585253 -3.309881 -0.210000
v -9.594207 -3.311988 -0.210000
v -9.602637 -3.314178 -0.210000
v -9.610568 -3.316469 -0.210000
v -9.618038 -3.318885 -0.210000
v -9.625044 -3.321425 -0.210000
v -9.631586 -3.324089 -0.210000
v -9.637664 -3.326877 -0.210000
v -9.643278 -3.329789 -0.210000
v -9.648428 -3.332825 -0.210000
v -9.653114 -3.335984 -0.210000
v -9.657335 -3.339267 -0.210000
v -9.661093 -3.342674 -0.210000
v -9.664389 -3.346206 -0.210000
v -9.667218 -3.349862 -0.210000
v -9.669645 -3.353630 -0.210000
v -9.671734 -3.357502 -0.210000
v -9.673481 -3.361477 -0.210000
v -9.674889 -3.365556 -0.210000
v -9.675955 -3.369736 -0.210000
v -9.676682 -3.374022 -0.210000
v -9.677070 -3.378410 -0.210000
v -9.677114 -3.382902 -0.210000
v -9.676821 -3.387496 -0.210000
v -9.676188 -3.392194 -0.210000
v -9.675213 -3.396995 -0.210000
v -9.673899 -3.401900 -0.210000
v -9.549190 -3.824162 -0.210000
v -9.567237 -3.802995 -0.210000
v -9.585750 -3.782117 -0.210000
v -9.604724 -3.761528 -0.210000
v -9.624165 -3.741229 -0.210000
v -9.644068 -3.721219 -0.210000
v -9.664434 -3.701497 -0.210000
v -9.685266 -3.682066 -0.210000
v -9.706561 -3.662922 -0.210000
v -9.728320 -3.644068 -0.210000
v -9.750544 -3.625504 -0.210000
v -9.773230 -3.607228 -0.210000
v -9.796381 -3.589242 -0.210000
v -9.819888 -3.571595 -0.210000
v -9.843642 -3.554342 -0.210000
v -9.867645 -3.537481 -0.210000
v -9.891893 -3.521013 -0.210000
v -9.916389 -3.504935 -0.210000
v -9.941133 -3.489252 -0.210000
v -9.966125 -3.473960 -0.210000
v -9.991364 -3.459061 -0.210000
v -10.016850 -3.444553 -0.210000
v -10.042584 -3.430439 -0.210000
v -10.068564 -3.416717 -0.210000
v -10.094793 -3.403386 -0.210000
v -10.121224 -3.390490 -0.210000
v -10.147807 -3.378069 -0.210000
v -10.174546 -3.366124 -0.210000
v -10.201441 -3.354652 -0.210000
v -10.228490 -3.343655 -0.210000
v -10.255692 -3.333134 -0.210000
v -10.283050 -3.323087 -0.210000
v -10.310562 -3.313516 -0.210000
v -10.338228 -3.304419 -0.210000
v -10.366050 -3.295798 -0.210000
v -10.394026 -3.287652 -0.210000
v -10.422155 -3.279980 -0.210000
v -10.450332 -3.272855 -0.210000
v -10.478449 -3.266350 -0.210000
v -10.506501 -3.260465 -0.210000
v -10.534493 -3.255199 -0.210000
v -10.562423 -3.250553 -0.210000
v -10.590292 -3.246525 -0.210000
v -10.618098 -3.243118 -0.210000
v -10.645843 -3.240331 -0.210000
v -10.673525 -3.238162 -0.210000
v -10.701145 -3.236614 -0.210000
v -10.728703 -3.235684 -0.210000
v -10.756200 -3.235374 -0.210000
v -10.767350 -3.235416 -0.210000
v -10.778532 -3.235539 -0.210000
v -10.789743 -3.235746 -0.210000
v -10.800985 -3.236035 -0.210000
v -10.812261 -3.236408 -0.210000
v -10.823565 -3.236862 -0.210000
v -10.834901 -3.237398 -0.210000
v -10.846268 -3.238018 -0.210000
v -10.857664 -3.238720 -0.210000
v -10.869094 -3.239504 -0.210000
v -10.880553 -3.240372 -0.210000
v -10.892045 -3.241322 -0.210000
v -10.903488 -3.242334 -0.210000
v -10.914808 -3.243386 -0.210000
v -10.926004 -3.244482 -0.210000
v -10.937078 -3.245617 -0.210000
v -10.948027 -3.246794 -0.210000
v -10.958853 -3.248013 -0.210000
v -10.969555 -3.249272 -0.209999
v -10.980133 -3.250574 -0.209999
v -10.990587 -3.251916 -0.209999
v -11.000918 -3.253299 -0.209999
v -11.011126 -3.254724 -0.209999
v -11.021208 -3.256190 -0.209999
v -11.031137 -3.257708 -0.209999
v -11.040880 -3.259288 -0.209999
v -11.050436 -3.260930 -0.209999
v -11.059810 -3.262633 -0.209999
v -11.068995 -3.264399 -0.209999
v -11.077996 -3.266227 -0.209999
v -11.086810 -3.268116 -0.209999
v -11.095439 -3.270067 -0.209999
v -11.103883 -3.272081 -0.209999
v -11.112142 -3.274156 -0.209999
v -11.120215 -3.276293 -0.209999
v -11.128102 -3.278492 -0.209999
v -11.135757 -3.280734 -0.209999
v -11.143133 -3.282995 -0.209999
v -11.150230 -3.285277 -0.209999
v -11.157051 -3.287579 -0.209999
v -11.163593 -3.289902 -0.209999
v -11.169857 -3.292246 -0.209999
v -11.175841 -3.294611 -0.209999
v -11.181549 -3.296996 -0.209999
v -11.186977 -3.299402 -0.209999
v -11.192126 -3.301828 -0.209999
v -11.196998 -3.304275 -0.209999
v -6.989303 -3.401900 -0.210000
v -6.192051 -6.060360 -0.210000
v -6.188356 -6.070521 -0.210000
v -6.183206 -6.080185 -0.210000
v -6.176603 -6.089355 -0.210000
v -6.168545 -6.098027 -0.210000
v -6.159035 -6.106205 -0.210000
v -6.148068 -6.113886 -0.210000
v -6.135651 -6.121074 -0.210000
v -6.121780 -6.127765 -0.210000
v -6.106454 -6.133959 -0.210000
v -6.089673 -6.139659 -0.210000
v -6.071441 -6.144862 -0.210000
v -6.051754 -6.149570 -0.210000
v -6.030303 -6.153846 -0.210000
v -6.006781 -6.157749 -0.210000
v -5.981186 -6.161280 -0.210000
v -5.953519 -6.164440 -0.210000
v -5.923781 -6.167228 -0.210000
v -5.891969 -6.169643 -0.210000
v -5.858086 -6.171688 -0.210000
v -5.822128 -6.173360 -0.210000
v -5.784100 -6.174662 -0.210000
v -5.744000 -6.175591 -0.210000
v -5.701828 -6.176148 -0.210000
v -5.657582 -6.176334 -0.210000
v -5.634926 -6.176293 -0.210000
v -5.612980 -6.176169 -0.210000
v -5.591747 -6.175962 -0.210000
v -5.571226 -6.175673 -0.210000
v -5.551414 -6.175302 -0.210000
v -5.532316 -6.174848 -0.210000
v -5.513927 -6.174311 -0.210000
v -5.496251 -6.173690 -0.210000
v -5.479286 -6.172989 -0.210000
v -5.463031 -6.172204 -0.210000
v -5.447489 -6.171337 -0.210000
v -5.432660 -6.170386 -0.210000
v -5.418416 -6.169343 -0.210000
v -5.404638 -6.168198 -0.210000
v -5.391323 -6.166948 -0.210000
v -5.378470 -6.165596 -0.210000
v -5.366084 -6.164140 -0.210000
v -5.354158 -6.162581 -0.210000
v -5.342700 -6.160918 -0.210000
v -5.331703 -6.159153 -0.210000
v -5.321173 -6.157284 -0.210000
v -5.311105 -6.155312 -0.210000
v -5.301500 -6.153236 -0.210000
v -5.292360 -6.151058 -0.210000
v -5.283717 -6.148765 -0.210000
v -5.275597 -6.146350 -0.210000
v -5.268003 -6.143810 -0.210000
v -5.260937 -6.141145 -0.210000
v -5.254395 -6.138357 -0.210000
v -5.248379 -6.135446 -0.210000
v -5.242889 -6.132411 -0.210000
v -5.237925 -6.129251 -0.210000
v -5.233486 -6.125967 -0.210000
v -5.229574 -6.122560 -0.210000
v -5.226187 -6.119029 -0.210000
v -5.223326 -6.115374 -0.210000
v -5.220897 -6.111585 -0.210000
v -5.218809 -6.107651 -0.210000
v -5.217062 -6.103572 -0.210000
v -5.215656 -6.099349 -0.210000
v -5.214588 -6.094982 -0.210000
v -5.213861 -6.090469 -0.210000
v -5.213475 -6.085812 -0.210000
v -5.213428 -6.081011 -0.210000
v -5.213722 -6.076066 -0.210000
v -5.214357 -6.070975 -0.210000
v -5.215330 -6.065741 -0.210000
v -5.216644 -6.060360 -0.210000
v -5.341355 -5.635126 -0.210000
v -5.329663 -5.651058 -0.210000
v -5.316858 -5.667134 -0.210000
v -5.302939 -5.683355 -0.210000
v -5.287906 -5.699721 -0.210000
v -5.271762 -5.716230 -0.210000
v -5.254502 -5.732885 -0.210000
v -5.236130 -5.749685 -0.210000
v -5.216644 -5.766628 -0.210000
v -5.196045 -5.783716 -0.210000
v -5.174332 -5.800950 -0.210000
v -5.151505 -5.818327 -0.210000
v -5.127565 -5.835848 -0.210000
v -5.102698 -5.853309 -0.210000
v -5.077088 -5.870500 -0.210000
v -5.050736 -5.887424 -0.210000
v -5.023641 -5.904078 -0.210000
v -4.995804 -5.920464 -0.210000
v -4.967225 -5.936582 -0.210000
v -4.937903 -5.952432 -0.210000
v -4.907841 -5.968011 -0.210000
v -4.877033 -5.983325 -0.210000
v -4.845485 -5.998368 -0.210000
v -4.813194 -6.013144 -0.210000
v -4.780160 -6.027650 -0.210000
v -4.746462 -6.041816 -0.210000
v -4.712176 -6.055570 -0.210000
v -4.677303 -6.068910 -0.210000
v -4.641841 -6.081838 -0.210000
v -4.605793 -6.094352 -0.210000
v -4.569157 -6.106452 -0.210000
v -4.531933 -6.118141 -0.210000
v -4.494120 -6.129416 -0.210000
v -4.455721 -6.140278 -0.210000
v -4.416733 -6.150728 -0.210000
v -4.377160 -6.160764 -0.210000
v -4.336998 -6.170386 -0.210000
v -4.296432 -6.179411 -0.210000
v -4.255651 -6.187650 -0.210000
v -4.214654 -6.195106 -0.210000
v -4.173439 -6.201775 -0.210000
v -4.132008 -6.207661 -0.210000
v -4.090360 -6.212761 -0.210000
v -4.048497 -6.217077 -0.210000
v -4.006418 -6.220609 -0.210000
v -3.964119 -6.223355 -0.210000
v -3.921607 -6.225317 -0.210000
v -3.878876 -6.226494 -0.210000
v -3.835931 -6.226886 -0.210000
v -3.777381 -6.226308 -0.210000
v -3.720500 -6.224574 -0.210000
v -3.665292 -6.221683 -0.210000
v -3.611752 -6.217635 -0.210000
v -3.559882 -6.212431 -0.210000
v -3.509682 -6.206070 -0.210000
v -3.461154 -6.198555 -0.210000
v -3.414294 -6.189881 -0.210000
v -3.369106 -6.180051 -0.210000
v -3.325587 -6.169065 -0.210000
v -3.283740 -6.156922 -0.210000
v -3.243560 -6.143624 -0.210000
v -3.204868 -6.129344 -0.210000
v -3.167473 -6.114259 -0.210000
v -3.131378 -6.098368 -0.210000
v -3.096582 -6.081673 -0.210000
v -3.063086 -6.064171 -0.210000
v -3.030888 -6.045865 -0.210000
v -2.999989 -6.026752 -0.210000
v -2.970389 -6.006835 -0.210000
v -2.942088 -5.986112 -0.210000
v -2.915085 -5.964583 -0.210000
v -2.889382 -5.942251 -0.210000
v -2.864978 -5.919112 -0.210000
v -2.841797 -5.895292 -0.210000
v -2.819759 -5.870914 -0.210000
v -2.798866 -5.845978 -0.210000
v -2.779117 -5.820485 -0.210000
v -2.760514 -5.794435 -0.210000
v -2.743052 -5.767827 -0.210000
v -2.726738 -5.740660 -0.210000
v -2.711566 -5.712937 -0.210000
v -2.697539 -5.684657 -0.210000
v -2.684657 -5.655818 -0.210000
v -2.672920 -5.626422 -0.210000
v -2.662327 -5.596468 -0.210000
v -2.652722 -5.566112 -0.210000
v -2.643954 -5.535508 -0.210000
v -2.636020 -5.504656 -0.210000
v -2.628921 -5.473557 -0.210000
v -2.622658 -5.442209 -0.210000
v -2.617230 -5.410614 -0.210000
v -2.612636 -5.378771 -0.210000
v -2.608880 -5.346680 -0.210000
v -2.605956 -5.314341 -0.210000
v -2.603868 -5.281755 -0.210000
v -2.602615 -5.248920 -0.210000
v -2.602197 -5.215838 -0.210000
v -2.602569 -5.184378 -0.210000
v -2.603682 -5.152442 -0.210000
v -2.605538 -5.120031 -0.210000
v -2.608136 -5.087145 -0.210000
v -2.611477 -5.053784 -0.210000
v -2.615560 -5.019948 -0.210000
v -2.620384 -4.985637 -0.210000
v -2.625952 -4.950852 -0.210000
v -2.632262 -4.915590 -0.210000
v -2.639314 -4.879855 -0.210000
v -2.647108 -4.843644 -0.210000
v -2.655644 -4.806960 -0.210000
v -2.664954 -4.770047 -0.210000
v -2.675068 -4.733154 -0.210000
v -2.685987 -4.696283 -0.210000
v -2.697710 -4.659432 -0.210000
v -2.710236 -4.622602 -0.210000
v -2.723567 -4.585793 -0.210000
v -2.737703 -4.549004 -0.210000
v -2.752641 -4.512236 -0.210000
v -2.768384 -4.475488 -0.210000
v -2.784932 -4.438761 -0.210000
v -2.802284 -4.402054 -0.210000
v -2.820439 -4.365370 -0.210000
v -2.839431 -4.328808 -0.210000
v -2.859288 -4.292473 -0.210000
v -2.880011 -4.256365 -0.210000
v -2.901600 -4.220485 -0.210000
v -2.924055 -4.184833 -0.210000
v -2.947376 -4.149406 -0.210000
v -2.971563 -4.114208 -0.210000
v -2.996616 -4.079236 -0.210000
v -3.022537 -4.044492 -0.210000
v -3.049321 -4.009975 -0.210000
v -3.076972 -3.975685 -0.210000
v -3.105491 -3.941622 -0.210000
v -3.134919 -3.907992 -0.210000
v -3.165308 -3.875003 -0.210000
v -3.196656 -3.842654 -0.210000
v -3.228962 -3.810945 -0.210000
v -3.262228 -3.779877 -0.210000
v -3.296450 -3.749448 -0.210000
v -3.331633 -3.719660 -0.210000
v -3.367775 -3.690511 -0.210000
v -3.404876 -3.662004 -0.210000
v -3.442934 -3.634135 -0.210000
v -3.481952 -3.606908 -0.210000
v -3.521931 -3.580320 -0.210000
v -3.562882 -3.554496 -0.210000
v -3.604822 -3.529562 -0.210000
v -3.647754 -3.505514 -0.210000
v -3.691675 -3.482355 -0.210000
v -3.736585 -3.460083 -0.210000
v -3.782486 -3.438699 -0.210000
v -3.829375 -3.418204 -0.210000
v -3.877255 -3.398596 -0.210000
v -3.926122 -3.379876 -0.210000
v -3.975981 -3.362045 -0.210000
v -4.026830 -3.345100 -0.210000
v -4.078670 -3.329046 -0.210000
v -4.131575 -3.314084 -0.210000
v -4.185625 -3.300424 -0.210000
v -4.240820 -3.288064 -0.210000
v -4.297159 -3.277006 -0.210000
v -4.354641 -3.267249 -0.210000
v -4.413270 -3.258792 -0.210000
v -4.473042 -3.251636 -0.210000
v -4.533959 -3.245782 -0.210000
v -4.596020 -3.241228 -0.210000
v -4.659225 -3.237976 -0.210000
v -4.723574 -3.236025 -0.210000
v -4.789069 -3.235374 -0.210000
v -4.850094 -3.236087 -0.210000
v -4.909944 -3.238224 -0.210000
v -4.968618 -3.241786 -0.210000
v -5.026116 -3.246773 -0.210000
v -5.082439 -3.253186 -0.210000
v -5.137589 -3.261023 -0.210000
v -5.191561 -3.270285 -0.210000
v -5.244358 -3.280971 -0.210000
v -5.295980 -3.293082 -0.210000
v -5.346426 -3.306618 -0.210000
v -5.395698 -3.321580 -0.210000
v -5.443795 -3.337966 -0.210000
v -5.490808 -3.355716 -0.210000
v -5.536831 -3.374765 -0.210000
v -5.581866 -3.395117 -0.210000
v -5.625910 -3.416768 -0.210000
v -5.668964 -3.439721 -0.210000
v -5.711030 -3.463975 -0.210000
v -5.752104 -3.489530 -0.210000
v -5.792188 -3.516386 -0.210000
v -5.831284 -3.544542 -0.210000
v -5.869389 -3.574001 -0.210000
v -5.906506 -3.604759 -0.210000
v -5.942632 -3.636820 -0.210000
v -6.013896 -3.401900 -0.210000
v -6.017591 -3.391740 -0.210000
v -6.022741 -3.382075 -0.210000
v -6.029344 -3.372907 -0.210000
v -6.037402 -3.364233 -0.210000
v -6.046912 -3.356056 -0.210000
v -6.057877 -3.348374 -0.210000
v -6.070296 -3.341188 -0.210000
v -6.084167 -3.334497 -0.210000
v -6.099493 -3.328301 -0.210000
v -6.116274 -3.322602 -0.210000
v -6.134506 -3.317398 -0.210000
v -6.154193 -3.312690 -0.210000
v -6.175644 -3.308416 -0.210000
v -6.199165 -3.304513 -0.210000
v -6.224760 -3.300981 -0.210000
v -6.252426 -3.297822 -0.210000
v -6.282166 -3.295034 -0.210000
v -6.313977 -3.292617 -0.210000
v -6.347861 -3.290574 -0.210000
v -6.383817 -3.288900 -0.210000
v -6.421845 -3.287600 -0.210000
v -6.461947 -3.286671 -0.210000
v -6.504119 -3.286112 -0.210000
v -6.548365 -3.285928 -0.210000
v -6.570325 -3.285979 -0.210000
v -6.591668 -3.286133 -0.210000
v -6.612391 -3.286392 -0.210000
v -6.632495 -3.286753 -0.210000
v -6.651980 -3.287217 -0.210000
v -6.670848 -3.287786 -0.210000
v -6.689097 -3.288457 -0.210000
v -6.706727 -3.289231 -0.210000
v -6.723737 -3.290109 -0.210000
v -6.740130 -3.291090 -0.210000
v -6.755905 -3.292174 -0.210000
v -6.771061 -3.293362 -0.210000
v -6.785644 -3.294642 -0.210000
v -6.799702 -3.296004 -0.210000
v -6.813233 -3.297450 -0.210000
v -6.826240 -3.298978 -0.210000
v -6.838721 -3.300589 -0.210000
v -6.850674 -3.302282 -0.210000
v -6.862103 -3.304059 -0.210000
v -6.873006 -3.305917 -0.210000
v -6.883382 -3.307858 -0.210000
v -6.893233 -3.309881 -0.210000
v -6.902559 -3.311988 -0.210000
v -6.911357 -3.314178 -0.210000
v -6.919662 -3.316469 -0.210000
v -6.927505 -3.318885 -0.210000
v -6.934882 -3.321425 -0.210000
v -6.941793 -3.324089 -0.210000
v -6.948242 -3.326877 -0.210000
v -6.954228 -3.329789 -0.210000
v -6.959748 -3.332825 -0.210000
v -6.964808 -3.335984 -0.210000
v -6.969400 -3.339267 -0.210000
v -6.973528 -3.342674 -0.210000
v -6.977194 -3.346206 -0.210000
v -6.980394 -3.349862 -0.210000
v -6.983178 -3.353630 -0.210000
v -6.985590 -3.357502 -0.210000
v -6.987632 -3.361477 -0.210000
v -6.989303 -3.365556 -0.210000
v -6.990602 -3.369736 -0.210000
v -6.991529 -3.374022 -0.210000
v -6.992085 -3.378410 -0.210000
v -6.992272 -3.382902 -0.210000
v -6.992085 -3.387496 -0.210000
v -6.991529 -3.392194 -0.210000
v -6.990602 -3.396995 -0.210000
v -5.515057 -4.600290 -0.210000
v -5.639765 -4.198844 -0.210000
v -5.613554 -4.172153 -0.210000
v -5.586876 -4.146598 -0.210000
v -5.559735 -4.122179 -0.210000
v -5.532130 -4.098896 -0.210000
v -5.504060 -4.076748 -0.210000
v -5.475528 -4.055736 -0.210000
v -5.446531 -4.035860 -0.210000
v -5.417071 -4.017120 -0.210000
v -5.387147 -3.999516 -0.210000
v -5.356756 -3.983046 -0.210000
v -5.325904 -3.967713 -0.210000
v -5.294588 -3.953516 -0.210000
v -5.262622 -3.940455 -0.210000
v -5.229821 -3.928529 -0.210000
v -5.196184 -3.917739 -0.210000
v -5.161712 -3.908085 -0.210000
v -5.126407 -3.899566 -0.210000
v -5.090265 -3.892184 -0.210000
v -5.053288 -3.885937 -0.210000
v -5.015476 -3.880826 -0.210000
v -4.976829 -3.876851 -0.210000
v -4.937348 -3.874012 -0.210000
v -4.897030 -3.872308 -0.210000
v -4.855876 -3.871740 -0.210000
v -4.824916 -3.872153 -0.210000
v -4.794389 -3.873393 -0.210000
v -4.764295 -3.875457 -0.210000
v -4.734632 -3.878348 -0.210000
v -4.705403 -3.882065 -0.210000
v -4.676608 -3.886608 -0.210000
v -4.648243 -3.891978 -0.210000
v -4.620314 -3.898172 -0.210000
v -4.592817 -3.905193 -0.210000
v -4.565754 -3.913041 -0.210000
v -4.539124 -3.921714 -0.210000
v -4.512926 -3.931214 -0.210000
v -4.487193 -3.941404 -0.210000
v -4.461954 -3.952152 -0.210000
v -4.437210 -3.963459 -0.210000
v -4.412961 -3.975323 -0.210000
v -4.389207 -3.987744 -0.210000
v -4.365948 -4.000723 -0.210000
v -4.343182 -4.014259 -0.210000
v -4.320913 -4.028353 -0.210000
v -4.299138 -4.043005 -0.210000
v -4.277859 -4.058213 -0.210000
v -4.257075 -4.073980 -0.210000
v -4.236784 -4.090304 -0.210000
v -4.216943 -4.107124 -0.210000
v -4.197503 -4.124378 -0.210000
v -4.178464 -4.142066 -0.210000
v -4.159831 -4.160186 -0.210000
v -4.141597 -4.178741 -0.210000
v -4.123766 -4.197729 -0.210000
v -4.106337 -4.217151 -0.210000
v -4.089310 -4.237006 -0.210000
v -4.072684 -4.257295 -0.210000
v -4.056462 -4.278018 -0.210000
v -4.040640 -4.299175 -0.210000
v -4.025223 -4.320764 -0.210000
v -4.010221 -4.342644 -0.210000
v -3.995653 -4.364667 -0.210000
v -3.981519 -4.386835 -0.210000
v -3.967816 -4.409148 -0.210000
v -3.954546 -4.431606 -0.210000
v -3.941711 -4.454207 -0.210000
v -3.929308 -4.476954 -0.210000
v -3.917339 -4.499846 -0.210000
v -3.905803 -4.522880 -0.210000
v -3.894698 -4.546062 -0.210000
v -3.884028 -4.569386 -0.210000
v -3.873789 -4.592854 -0.210000
v -3.863985 -4.616417 -0.210000
v -3.854614 -4.640021 -0.210000
v -3.845674 -4.663665 -0.210000
v -3.837168 -4.687351 -0.210000
v -3.829096 -4.711079 -0.210000
v -3.821457 -4.734847 -0.210000
v -3.814250 -4.758658 -0.210000
v -3.807476 -4.782509 -0.210000
v -3.801135 -4.806401 -0.210000
v -3.795228 -4.830335 -0.210000
v -3.789753 -4.854311 -0.210000
v -3.784712 -4.878328 -0.210000
v -3.780087 -4.902210 -0.210000
v -3.775865 -4.925782 -0.210000
v -3.772045 -4.949045 -0.210000
v -3.768629 -4.971998 -0.210000
v -3.765612 -4.994641 -0.210000
v -3.762998 -5.016974 -0.210000
v -3.760788 -5.038998 -0.210000
v -3.758977 -5.060712 -0.210000
v -3.757571 -5.082116 -0.210000
v -3.756565 -5.103210 -0.210000
v -3.755962 -5.123995 -0.210000
v -3.755761 -5.144470 -0.210000
v -3.755901 -5.159276 -0.210000
v -3.756318 -5.173960 -0.210000
v -3.757014 -5.188518 -0.210000
v -3.757989 -5.202953 -0.210000
v -3.759240 -5.217264 -0.210000
v -3.760772 -5.231451 -0.210000
v -3.762581 -5.245514 -0.210000
v -3.764669 -5.259453 -0.210000
v -3.767035 -5.273268 -0.210000
v -3.769679 -5.286960 -0.210000
v -3.772602 -5.300526 -0.210000
v -3.775803 -5.313970 -0.210000
v -3.779376 -5.327228 -0.210000
v -3.783413 -5.340238 -0.210000
v -3.787913 -5.352999 -0.210000
v -3.792877 -5.365513 -0.210000
v -3.798306 -5.377780 -0.210000
v -3.804198 -5.389798 -0.210000
v -3.810554 -5.401569 -0.210000
v -3.817373 -5.413092 -0.210000
v -3.824658 -5.424367 -0.210000
v -3.832406 -5.435395 -0.210000
v -3.840618 -5.446174 -0.210000
v -3.849293 -5.456706 -0.210000
v -3.858449 -5.466938 -0.210000
v -3.868099 -5.476820 -0.210000
v -3.878243 -5.486350 -0.210000
v -3.888884 -5.495529 -0.210000
v -3.900018 -5.504357 -0.210000
v -3.911649 -5.512834 -0.210000
v -3.923774 -5.520959 -0.210000
v -3.936392 -5.528735 -0.210000
v -3.949507 -5.536159 -0.210000
v -3.963117 -5.543231 -0.210000
v -3.977219 -5.549953 -0.210000
v -3.991819 -5.556324 -0.210000
v -4.007005 -5.562261 -0.210000
v -4.022872 -5.567681 -0.210000
v -4.039420 -5.572586 -0.210000
v -4.056648 -5.576974 -0.210000
v -4.074555 -5.580846 -0.210000
v -4.093146 -5.584202 -0.210000
v -4.112414 -5.587041 -0.210000
v -4.132364 -5.589364 -0.210000
v -4.152994 -5.591171 -0.210000
v -4.174304 -5.592462 -0.210000
v -4.196297 -5.593236 -0.210000
v -4.218968 -5.593494 -0.210000
v -4.251691 -5.592948 -0.210000
v -4.284540 -5.591306 -0.210000
v -4.317511 -5.588570 -0.210000
v -4.350606 -5.584739 -0.210000
v -4.383824 -5.579814 -0.210000
v -4.417166 -5.573794 -0.210000
v -4.450634 -5.566680 -0.210000
v -4.484223 -5.558472 -0.210000
v -4.517937 -5.549169 -0.210000
v -4.551775 -5.538771 -0.210000
v -4.585735 -5.527279 -0.210000
v -4.619820 -5.514692 -0.210000
v -4.653781 -5.501166 -0.210000
v -4.687371 -5.486856 -0.210000
v -4.720591 -5.471760 -0.210000
v -4.753438 -5.455880 -0.210000
v -4.785915 -5.439215 -0.210000
v -4.818020 -5.421765 -0.210000
v -4.849753 -5.403531 -0.210000
v -4.881117 -5.384512 -0.210000
v -4.912109 -5.364708 -0.210000
v -4.942731 -5.344120 -0.210000
v -4.972980 -5.322746 -0.210000
v -5.002856 -5.300588 -0.210000
v -5.032257 -5.277728 -0.210000
v -5.061068 -5.254248 -0.210000
v -5.089290 -5.230149 -0.210000
v -5.116927 -5.205431 -0.210000
v -5.143974 -5.180092 -0.210000
v -5.170435 -5.154135 -0.210000
v -5.196308 -5.127558 -0.210000
v -5.221594 -5.100361 -0.210000
v -5.246292 -5.072545 -0.210000
v -5.270401 -5.044109 -0.210000
v -5.293924 -5.015054 -0.210000
v -5.316858 -4.985380 -0.210000
v -5.338988 -4.955220 -0.210000
v -5.360097 -4.924709 -0.210000
v -5.380186 -4.893847 -0.210000
v -5.399254 -4.862633 -0.210000
v -5.417302 -4.831069 -0.210000
v -5.434329 -4.799153 -0.210000
v -5.450336 -4.766887 -0.210000
v -5.465321 -4.734269 -0.210000
v -5.479286 -4.701302 -0.210000
v -5.492231 -4.667982 -0.210000
v -5.504153 -4.634311 -0.210000
v -1.456428 -3.709674 -0.210000
v -1.471012 -3.732277 -0.210000
v -1.484328 -3.754982 -0.210000
v -1.496374 -3.777791 -0.210000
v -1.507152 -3.800702 -0.210000
v -1.516664 -3.823717 -0.210000
v -1.524908 -3.846835 -0.210000
v -1.531881 -3.870057 -0.210000
v -1.537589 -3.893382 -0.210000
v -1.542027 -3.916809 -0.210000
v -1.545196 -3.940341 -0.210000
v -1.547100 -3.963975 -0.210000
v -1.547733 -3.987712 -0.210000
v -1.546728 -4.023098 -0.210000
v -1.543712 -4.057883 -0.210000
v -1.538686 -4.092071 -0.210000
v -1.531650 -4.125658 -0.210000
v -1.522603 -4.158647 -0.210000
v -1.511545 -4.191038 -0.210000
v -1.498477 -4.222829 -0.210000
v -1.483398 -4.254021 -0.210000
v -1.466311 -4.284616 -0.210000
v -1.447211 -4.314610 -0.210000
v -1.426102 -4.344006 -0.210000
v -1.402981 -4.372804 -0.210000
v -1.377742 -4.400970 -0.210000
v -1.350277 -4.428477 -0.210000
v -1.320584 -4.455323 -0.210000
v -1.288665 -4.481507 -0.210000
v -1.254518 -4.507031 -0.210000
v -1.218145 -4.531894 -0.210000
v -1.179543 -4.556097 -0.210000
v -1.138716 -4.579639 -0.210000
v -1.095662 -4.602519 -0.210000
v -1.050380 -4.624740 -0.210000
v -1.002872 -4.646298 -0.210000
v -0.953136 -4.667196 -0.210000
v -0.901142 -4.687361 -0.210000
v -0.846861 -4.706721 -0.210000
v -0.790291 -4.725276 -0.210000
v -0.731431 -4.743026 -0.210000
v -0.670281 -4.759969 -0.210000
v -0.606844 -4.776107 -0.210000
v -0.541118 -4.791441 -0.210000
v -0.473103 -4.805968 -0.210000
v -0.402799 -4.819690 -0.210000
v -0.330207 -4.832607 -0.210000
v -0.255325 -4.844719 -0.210000
v -0.178156 -4.856024 -0.210000
v -0.098588 -4.866474 -0.210000
v -0.016516 -4.876014 -0.210000
v 0.068063 -4.884646 -0.210000
v 0.155145 -4.892370 -0.210000
v 0.244734 -4.899185 -0.210000
v 0.336828 -4.905090 -0.210000
v 0.431428 -4.910088 -0.210000
v 0.528532 -4.914177 -0.210000
v 0.628142 -4.917356 -0.210000
v 0.730258 -4.919628 -0.210000
v 0.834878 -4.920990 -0.210000
v 0.942003 -4.921446 -0.210000
v 1.351764 -4.921446 -0.210000
v 1.354672 -4.932835 -0.210000
v 1.357455 -4.944202 -0.210000
v 1.360115 -4.955550 -0.210000
v 1.362651 -4.966877 -0.210000
v 1.365063 -4.978182 -0.210000
v 1.367352 -4.989468 -0.210000
v 1.369517 -5.000732 -0.210000
v 1.371560 -5.011977 -0.210000
v 1.373477 -5.023201 -0.210000
v 1.375270 -5.034403 -0.210000
v 1.376941 -5.045586 -0.210000
v 1.378487 -5.056748 -0.210000
v 1.379910 -5.067826 -0.210000
v 1.381209 -5.078761 -0.210000
v 1.382384 -5.089550 -0.210000
v 1.383436 -5.100196 -0.210000
v 1.384365 -5.110696 -0.210000
v 1.385168 -5.121053 -0.210000
v 1.385849 -5.131264 -0.210000
v 1.386405 -5.141332 -0.210000
v 1.386838 -5.151255 -0.210000
v 1.387148 -5.161032 -0.210000
v 1.387332 -5.170666 -0.210000
v 1.387396 -5.180154 -0.210000
v 1.386097 -5.219473 -0.210000
v 1.382198 -5.257140 -0.210000
v 1.375703 -5.293154 -0.210000
v 1.366609 -5.327517 -0.210000
v 1.354919 -5.360227 -0.210000
v 1.340629 -5.391284 -0.210000
v 1.323741 -5.420691 -0.210000
v 1.304256 -5.448446 -0.210000
v 1.282171 -5.474548 -0.210000
v 1.257489 -5.498998 -0.210000
v 1.230208 -5.521796 -0.210000
v 1.200331 -5.542942 -0.210000
v 1.167576 -5.562416 -0.210000
v 1.131665 -5.580195 -0.210000
v 1.092601 -5.596282 -0.210000
v 1.050382 -5.610676 -0.210000
v 1.005007 -5.623376 -0.210000
v 0.956479 -5.634383 -0.210000
v 0.904796 -5.643697 -0.210000
v 0.849957 -5.651316 -0.210000
v 0.791963 -5.657242 -0.210000
v 0.730814 -5.661475 -0.210000
v 0.666511 -5.664016 -0.210000
v 0.599053 -5.664863 -0.210000
v 0.550477 -5.664667 -0.210000
v 0.502736 -5.664078 -0.210000
v 0.455831 -5.663097 -0.210000
v 0.409762 -5.661724 -0.210000
v 0.364526 -5.659959 -0.210000
v 0.320126 -5.657801 -0.210000
v 0.276562 -5.655251 -0.210000
v 0.233832 -5.652307 -0.210000
v 0.191937 -5.648973 -0.210000
v 0.150878 -5.645245 -0.210000
v 0.110654 -5.641125 -0.210000
v 0.071264 -5.636612 -0.210000
v 0.032694 -5.631863 -0.210000
v -0.005071 -5.627031 -0.210000
v -0.042032 -5.622117 -0.210000
v -0.078190 -5.617119 -0.210000
v -0.113543 -5.612039 -0.210000
v -0.148091 -5.606876 -0.210000
v -0.181835 -5.601631 -0.210000
v -0.214776 -5.596303 -0.210000
v -0.246913 -5.590893 -0.210000
v -0.278245 -5.585400 -0.210000
v -0.308772 -5.579824 -0.210000
v -0.338497 -5.574166 -0.210000
v -0.367401 -5.568507 -0.210000
v -0.395469 -5.562932 -0.210000
v -0.422702 -5.557439 -0.210000
v -0.449101 -5.552029 -0.210000
v -0.474666 -5.546700 -0.210000
v -0.499393 -5.541456 -0.210000
v -0.523287 -5.536294 -0.210000
v -0.546345 -5.531213 -0.210000
v -0.568569 -5.526216 -0.210000
v -0.589957 -5.521301 -0.210000
v -0.610510 -5.516469 -0.210000
v -0.630227 -5.511718 -0.210000
v -0.649095 -5.507207 -0.210000
v -0.667096 -5.503087 -0.210000
v -0.684231 -5.499360 -0.210000
v -0.700500 -5.496024 -0.210000
v -0.715903 -5.493082 -0.210000
v -0.730440 -5.490531 -0.210000
v -0.744111 -5.488373 -0.210000
v -0.756916 -5.486608 -0.210000
v -0.768856 -5.485234 -0.210000
v -0.779929 -5.484254 -0.210000
v -0.790134 -5.483665 -0.210000
v -0.799476 -5.483469 -0.210000
v -0.808167 -5.483613 -0.210000
v -0.816425 -5.484046 -0.210000
v -0.824252 -5.484770 -0.210000
v -0.831644 -5.485782 -0.210000
v -0.838603 -5.487082 -0.210000
v -0.845129 -5.488673 -0.210000
v -0.851223 -5.490552 -0.210000
v -0.856883 -5.492720 -0.210000
v -0.862110 -5.495178 -0.210000
v -0.866904 -5.497925 -0.210000
v -0.871266 -5.500959 -0.210000
v -0.875192 -5.504284 -0.210000
v -0.878749 -5.507919 -0.210000
v -0.881997 -5.511885 -0.210000
v -0.884935 -5.516180 -0.210000
v -0.887564 -5.520805 -0.210000
v -0.889885 -5.525762 -0.210000
v -0.891894 -5.531048 -0.210000
v -0.893596 -5.536664 -0.210000
v -0.894988 -5.542612 -0.210000
v -0.896070 -5.548890 -0.210000
v -0.896844 -5.555498 -0.210000
v -0.897307 -5.562437 -0.210000
v -0.897461 -5.569706 -0.210000
v -0.897370 -5.578234 -0.210000
v -0.897092 -5.586969 -0.210000
v -0.896627 -5.595911 -0.210000
v -0.895977 -5.605059 -0.210000
v -0.895142 -5.614413 -0.210000
v -0.894122 -5.623975 -0.210000
v -0.892916 -5.633743 -0.210000
v -0.891524 -5.643716 -0.210000
v -0.889947 -5.653897 -0.210000
v -0.888183 -5.664284 -0.210000
v -0.886234 -5.674878 -0.210000
v -0.884100 -5.685678 -0.210000
v -0.881795 -5.696572 -0.210000
v -0.879338 -5.707445 -0.210000
v -0.876724 -5.718296 -0.210000
v -0.873956 -5.729127 -0.210000
v -0.871032 -5.739938 -0.210000
v -0.867956 -5.750728 -0.210000
v -0.864724 -5.761497 -0.210000
v -0.861337 -5.772245 -0.210000
v -0.857794 -5.782973 -0.210000
v -0.854099 -5.793681 -0.210000
v -0.850248 -5.804367 -0.210000
v -0.846242 -5.815034 -0.210000
v -0.842067 -5.825637 -0.210000
v -0.837706 -5.836137 -0.210000
v -0.833158 -5.846536 -0.210000
v -0.828426 -5.856829 -0.210000
v -0.823509 -5.867021 -0.210000
v -0.818406 -5.877108 -0.210000
v -0.813115 -5.887094 -0.210000
v -0.807641 -5.896975 -0.210000
v -0.801981 -5.906752 -0.210000
v -0.796135 -5.916427 -0.210000
v -0.790105 -5.925998 -0.210000
v -0.783887 -5.935466 -0.210000
v -0.777501 -5.944697 -0.210000
v -0.770959 -5.953557 -0.210000
v -0.764263 -5.962044 -0.210000
v -0.757411 -5.970159 -0.210000
v -0.750406 -5.977903 -0.210000
v -0.743245 -5.985275 -0.210000
v -0.735930 -5.992276 -0.210000
v -0.728461 -5.998905 -0.210000
v -0.720838 -6.005162 -0.210000
v -0.713058 -6.011048 -0.210000
v -0.705124 -6.016562 -0.210000
v -0.697036 -6.021703 -0.210000
v -0.687509 -6.027650 -0.210000
v -0.676746 -6.033598 -0.210000
v -0.664745 -6.039546 -0.210000
v -0.651507 -6.045492 -0.210000
v -0.637032 -6.051440 -0.210000
v -0.621320 -6.057388 -0.210000
v -0.604369 -6.063334 -0.210000
v -0.586183 -6.069282 -0.210000
v -0.566760 -6.075230 -0.210000
v -0.546098 -6.081176 -0.210000
v -0.524201 -6.087124 -0.210000
v -0.501064 -6.093072 -0.210000
v -0.476908 -6.098978 -0.210000
v -0.451948 -6.104801 -0.210000
v -0.426182 -6.110542 -0.210000
v -0.399614 -6.116200 -0.210000
v -0.372241 -6.121776 -0.210000
v -0.344064 -6.127268 -0.210000
v -0.315083 -6.132679 -0.210000
v -0.285297 -6.138006 -0.210000
v -0.254706 -6.143252 -0.210000
v -0.223313 -6.148414 -0.210000
v -0.191115 -6.153495 -0.210000
v -0.158113 -6.158492 -0.210000
v -0.124369 -6.163376 -0.210000
v -0.089943 -6.168115 -0.210000
v -0.054837 -6.172709 -0.210000
v -0.019051 -6.177160 -0.210000
v 0.017415 -6.181466 -0.210000
v 0.054562 -6.185627 -0.210000
v 0.092388 -6.189643 -0.210000
v 0.130897 -6.193515 -0.210000
v 0.170085 -6.197242 -0.210000
v 0.209954 -6.200826 -0.210000
v 0.250503 -6.204263 -0.210000
v 0.291732 -6.207558 -0.210000
v 0.333364 -6.210644 -0.210000
v 0.375119 -6.213463 -0.210000
v 0.416998 -6.216014 -0.210000
v 0.459002 -6.218296 -0.210000
v 0.501128 -6.220309 -0.210000
v 0.543378 -6.222054 -0.210000
v 0.585753 -6.223531 -0.210000
v 0.628249 -6.224739 -0.210000
v 0.670872 -6.225678 -0.210000
v 0.713617 -6.226349 -0.210000
v 0.756485 -6.226751 -0.210000
v 0.799478 -6.226886 -0.210000
v 0.869984 -6.226473 -0.210000
v 0.938973 -6.225235 -0.210000
v 1.006446 -6.223169 -0.210000
v 1.072404 -6.220279 -0.210000
v 1.136847 -6.216561 -0.210000
v 1.199774 -6.212018 -0.210000
v 1.261186 -6.206648 -0.210000
v 1.321082 -6.200454 -0.210000
v 1.379462 -6.193433 -0.210000
v 1.436327 -6.185585 -0.210000
v 1.491676 -6.176912 -0.210000
v 1.545508 -6.167413 -0.210000
v 1.597858 -6.157066 -0.210000
v 1.648753 -6.145854 -0.210000
v 1.698194 -6.133773 -0.210000
v 1.746182 -6.120825 -0.210000
v 1.792717 -6.107011 -0.210000
v 1.837798 -6.092328 -0.210000
v 1.881423 -6.076778 -0.210000
v 1.923597 -6.060360 -0.210000
v 1.964316 -6.043077 -0.210000
v 2.003581 -6.024924 -0.210000
v 2.041394 -6.005905 -0.210000
v 2.077751 -5.986020 -0.210000
v 2.112640 -5.965234 -0.210000
v 2.146046 -5.943521 -0.210000
v 2.177965 -5.920877 -0.210000
v 2.208399 -5.897305 -0.210000
v 2.237351 -5.872804 -0.210000
v 2.264816 -5.847372 -0.210000
v 2.290797 -5.821012 -0.210000
v 2.315293 -5.793722 -0.210000
v 2.338305 -5.765503 -0.210000
v 2.359833 -5.736354 -0.210000
v 2.379875 -5.706278 -0.210000
v 2.398433 -5.675270 -0.210000
v 2.415506 -5.643314 -0.210000
v 2.431095 -5.610387 -0.210000
v 2.445199 -5.576489 -0.210000
v 2.457819 -5.541621 -0.210000
v 2.468953 -5.505781 -0.210000
v 2.478603 -5.468973 -0.210000
v 2.486768 -5.431192 -0.210000
v 2.493451 -5.392442 -0.210000
v 2.498646 -5.352720 -0.210000
v 2.502357 -5.312028 -0.210000
v 2.504585 -5.270366 -0.210000
v 2.505327 -5.227734 -0.210000
v 2.504941 -5.194331 -0.210000
v 2.503781 -5.160537 -0.210000
v 2.501847 -5.126349 -0.210000
v 2.499141 -5.091771 -0.210000
v 2.495663 -5.056799 -0.210000
v 2.491409 -5.021435 -0.210000
v 2.486383 -4.985679 -0.210000
v 2.480584 -4.949531 -0.210000
v 2.474011 -4.912989 -0.210000
v 2.466666 -4.876056 -0.210000
v 2.458546 -4.838730 -0.210000
v 2.449654 -4.801012 -0.210000
v 2.439895 -4.763139 -0.210000
v 2.429178 -4.725348 -0.210000
v 2.417501 -4.687641 -0.210000
v 2.404866 -4.650015 -0.210000
v 2.391274 -4.612473 -0.210000
v 2.376721 -4.575012 -0.210000
v 2.361209 -4.537636 -0.210000
v 2.344739 -4.500340 -0.210000
v 2.327310 -4.463129 -0.210000
v 2.308923 -4.425999 -0.210000
v 2.289576 -4.388952 -0.210000
v 2.269270 -4.351988 -0.210000
v 2.247989 -4.315199 -0.210000
v 2.225720 -4.278678 -0.210000
v 2.202462 -4.242426 -0.210000
v 2.178212 -4.206443 -0.210000
v 2.152973 -4.170729 -0.210000
v 2.126744 -4.135281 -0.210000
v 2.099526 -4.100104 -0.210000
v 2.071318 -4.065193 -0.210000
v 2.042120 -4.030553 -0.210000
v 2.011932 -3.996180 -0.210000
v 1.980755 -3.962076 -0.210000
v 1.948588 -3.928240 -0.210000
v 1.915354 -3.894879 -0.210000
v 1.880976 -3.862199 -0.210000
v 1.845453 -3.830202 -0.210000
v 1.808785 -3.798884 -0.210000
v 1.770972 -3.768250 -0.210000
v 1.732017 -3.738297 -0.210000
v 1.691917 -3.709025 -0.210000
v 1.650670 -3.680434 -0.210000
v 1.608281 -3.652525 -0.210000
v 1.564747 -3.625297 -0.210000
v 1.520070 -3.598751 -0.210000
v 1.474246 -3.572886 -0.210000
v 1.427248 -3.547786 -0.210000
v 1.379045 -3.523531 -0.210000
v 1.329633 -3.500124 -0.210000
v 1.279017 -3.477563 -0.210000
v 1.227193 -3.455850 -0.210000
v 1.174164 -3.434982 -0.210000
v 1.119928 -3.414961 -0.210000
v 1.064486 -3.395787 -0.210000
v 1.007838 -3.377461 -0.210000
v 0.949984 -3.359979 -0.210000
v 0.890923 -3.343346 -0.210000
v 0.830655 -3.327558 -0.210000
v 0.769075 -3.312835 -0.210000
v 0.706071 -3.299391 -0.210000
v 0.641644 -3.287228 -0.210000
v 0.575793 -3.276345 -0.210000
v 0.508521 -3.266743 -0.210000
v 0.439825 -3.258421 -0.210000
v 0.369708 -3.251379 -0.210000
v 0.298165 -3.245617 -0.210000
v 0.225203 -3.241136 -0.210000
v 0.150815 -3.237935 -0.210000
v 0.075006 -3.236014 -0.210000
v -0.002226 -3.235374 -0.210000
v -0.068988 -3.235819 -0.210000
v -0.134173 -3.237151 -0.210000
v -0.197780 -3.239371 -0.210000
v -0.259811 -3.242478 -0.210000
v -0.320263 -3.246474 -0.210000
v -0.379138 -3.251358 -0.210000
v -0.436436 -3.257130 -0.210000
v -0.492157 -3.263789 -0.210000
v -0.546300 -3.271338 -0.210000
v -0.598865 -3.279774 -0.210000
v -0.649853 -3.289097 -0.210000
v -0.699262 -3.299308 -0.210000
v -0.747158 -3.310253 -0.210000
v -0.793600 -3.321776 -0.210000
v -0.838587 -3.333877 -0.210000
v -0.882121 -3.346556 -0.210000
v -0.924201 -3.359814 -0.210000
v -0.964828 -3.373650 -0.210000
v -1.004001 -3.388064 -0.210000
v -1.041719 -3.403056 -0.210000
v -1.077985 -3.418627 -0.210000
v -1.112797 -3.434775 -0.210000
v -1.146155 -3.451503 -0.210000
v -1.178059 -3.468808 -0.210000
v -1.208572 -3.486608 -0.210000
v -1.237753 -3.504822 -0.210000
v -1.265605 -3.523449 -0.210000
v -1.292129 -3.542489 -0.210000
v -1.317320 -3.561941 -0.210000
v -1.341183 -3.581808 -0.210000
v -1.363715 -3.602086 -0.210000
v -1.384919 -3.622778 -0.210000
v -1.404790 -3.643882 -0.210000
v -1.423332 -3.665400 -0.210000
v -1.440546 -3.687331 -0.210000
v -0.380809 -4.200330 -0.210000
v -0.391479 -4.188115 -0.210000
v -0.401222 -4.175756 -0.210000
v -0.410037 -4.163252 -0.210000
v -0.417924 -4.150604 -0.210000
v -0.424883 -4.137811 -0.210000
v -0.430915 -4.124874 -0.210000
v -0.436018 -4.111792 -0.210000
v -0.440193 -4.098565 -0.210000
v -0.443441 -4.085193 -0.210000
v -0.445762 -4.071678 -0.210000
v -0.447154 -4.058018 -0.210000
v -0.447617 -4.044212 -0.210000
v -0.446642 -4.024667 -0.210000
v -0.443720 -4.005679 -0.210000
v -0.438849 -3.987249 -0.210000
v -0.432028 -3.969375 -0.210000
v -0.423260 -3.952060 -0.210000
v -0.412542 -3.935302 -0.210000
v -0.399877 -3.919102 -0.210000
v -0.385263 -3.903459 -0.210000
v -0.368700 -3.888374 -0.210000
v -0.350189 -3.873847 -0.210000
v -0.329728 -3.859876 -0.210000
v -0.307319 -3.846464 -0.210000
v -0.283055 -3.833878 -0.210000
v -0.257027 -3.822385 -0.210000
v -0.229236 -3.811988 -0.210000
v -0.199682 -3.802685 -0.210000
v -0.168366 -3.794476 -0.210000
v -0.135286 -3.787362 -0.210000
v -0.100443 -3.781342 -0.210000
v -0.063838 -3.776417 -0.210000
v -0.025470 -3.772587 -0.210000
v 0.014662 -3.769850 -0.210000
v 0.056557 -3.768208 -0.210000
v 0.100213 -3.767662 -0.210000
v 0.137006 -3.768033 -0.210000
v 0.173148 -3.769148 -0.210000
v 0.208639 -3.771007 -0.210000
v 0.243482 -3.773608 -0.210000
v 0.277675 -3.776954 -0.210000
v 0.311217 -3.781044 -0.210000
v 0.344113 -3.785875 -0.210000
v 0.376356 -3.791450 -0.210000
v 0.407951 -3.797770 -0.210000
v 0.438898 -3.804832 -0.210000
v 0.469194 -3.812638 -0.210000
v 0.498839 -3.821188 -0.210000
v 0.527868 -3.830367 -0.210000
v 0.556307 -3.840062 -0.210000
v 0.584160 -3.850273 -0.210000
v 0.611425 -3.861002 -0.210000
v 0.638101 -3.872246 -0.210000
v 0.664192 -3.884007 -0.210000
v 0.689693 -3.896283 -0.210000
v 0.714608 -3.909076 -0.210000
v 0.738933 -3.922386 -0.210000
v 0.762671 -3.936211 -0.210000
v 0.785822 -3.950552 -0.210000
v 0.808386 -3.965410 -0.210000
v 0.830392 -3.980753 -0.210000
v 0.851875 -3.996551 -0.210000
v 0.872829 -4.012804 -0.210000
v 0.893258 -4.029509 -0.210000
v 0.913162 -4.046670 -0.210000
v 0.932539 -4.064285 -0.210000
v 0.951390 -4.082354 -0.210000
v 0.969717 -4.100877 -0.210000
v 0.987516 -4.119856 -0.210000
v 1.004792 -4.139288 -0.210000
v 1.021541 -4.159173 -0.210000
v 1.037763 -4.179514 -0.210000
v 1.053460 -4.200197 -0.210000
v 1.068632 -4.221105 -0.210000
v 1.083276 -4.242240 -0.210000
v 1.097396 -4.263604 -0.210000
v 1.110990 -4.285193 -0.210000
v 1.124058 -4.307011 -0.210000
v 1.136600 -4.329055 -0.210000
v 1.148616 -4.351326 -0.210000
v 1.160107 -4.373826 -0.210000
v 1.171071 -4.396551 -0.210000
v 1.181510 -4.419504 -0.210000
v 1.191423 -4.442684 -0.210000
v 0.817294 -4.442684 -0.210000
v 0.758713 -4.442468 -0.210000
v 0.701739 -4.441817 -0.210000
v 0.646375 -4.440733 -0.210000
v 0.592619 -4.439215 -0.210000
v 0.540471 -4.437264 -0.210000
v 0.489931 -4.434879 -0.210000
v 0.441001 -4.432060 -0.210000
v 0.393677 -4.428807 -0.210000
v 0.347962 -4.425121 -0.210000
v 0.303857 -4.421001 -0.210000
v 0.261359 -4.416449 -0.210000
v 0.220470 -4.411462 -0.210000
v 0.181034 -4.406103 -0.210000
v 0.142897 -4.400434 -0.210000
v 0.106059 -4.394455 -0.210000
v 0.070522 -4.388167 -0.210000
v 0.036282 -4.381570 -0.210000
v 0.003341 -4.374662 -0.210000
v -0.028299 -4.367445 -0.210000
v -0.058643 -4.359917 -0.210000
v -0.087685 -4.352080 -0.210000
v -0.115429 -4.343934 -0.210000
v -0.141874 -4.335478 -0.210000
v -0.167021 -4.326712 -0.210000
v -0.190961 -4.317657 -0.210000
v -0.213786 -4.308332 -0.210000
v -0.235500 -4.298740 -0.210000
v -0.256098 -4.288880 -0.210000
v -0.275584 -4.278751 -0.210000
v -0.293956 -4.268353 -0.210000
v -0.311216 -4.257687 -0.210000
v -0.327362 -4.246752 -0.210000
v -0.342393 -4.235549 -0.210000
v -0.356312 -4.224079 -0.210000
v -0.369117 -4.212339 -0.210000
v 3.158939 -2.147012 -0.210000
v 4.325865 -6.057388 -0.210000
v 4.327518 -6.062292 -0.210000
v 4.329515 -6.067093 -0.210000
v 4.331850 -6.071791 -0.210000
v 4.334525 -6.076386 -0.210000
v 4.337540 -6.080876 -0.210000
v 4.340897 -6.085266 -0.210000
v 4.344592 -6.089550 -0.210000
v 4.348629 -6.093732 -0.210000
v 4.353005 -6.097811 -0.210000
v 4.357721 -6.101786 -0.210000
v 4.362780 -6.105658 -0.210000
v 4.368177 -6.109426 -0.210000
v 4.373976 -6.113092 -0.210000
v 4.380239 -6.116654 -0.210000
v 4.386967 -6.120113 -0.210000
v 4.394157 -6.123469 -0.210000
v 4.401813 -6.126722 -0.210000
v 4.409932 -6.129870 -0.210000
v 4.418515 -6.132916 -0.210000
v 4.427561 -6.135859 -0.210000
v 4.437073 -6.138699 -0.210000
v 4.447047 -6.141434 -0.210000
v 4.457488 -6.144068 -0.210000
v 4.468389 -6.146598 -0.210000
v 4.479834 -6.149024 -0.210000
v 4.491896 -6.151347 -0.210000
v 4.504578 -6.153567 -0.210000
v 4.517878 -6.155684 -0.210000
v 4.531796 -6.157697 -0.210000
v 4.546333 -6.159607 -0.210000
v 4.561489 -6.161415 -0.210000
v 4.577263 -6.163117 -0.210000
v 4.593655 -6.164719 -0.210000
v 4.610668 -6.166215 -0.210000
v 4.628297 -6.167609 -0.210000
v 4.646547 -6.168900 -0.210000
v 4.665445 -6.170087 -0.210000
v 4.685023 -6.171172 -0.210000
v 4.705282 -6.172153 -0.210000
v 4.726221 -6.173030 -0.210000
v 4.747842 -6.173805 -0.210000
v 4.770143 -6.174476 -0.210000
v 4.793123 -6.175043 -0.210000
v 4.816784 -6.175508 -0.210000
v 4.841125 -6.175869 -0.210000
v 4.866149 -6.176128 -0.210000
v 4.891852 -6.176282 -0.210000
v 4.918234 -6.176334 -0.210000
v 4.945995 -6.176282 -0.210000
v 4.972857 -6.176128 -0.210000
v 4.998823 -6.175869 -0.210000
v 5.023892 -6.175508 -0.210000
v 5.048063 -6.175043 -0.210000
v 5.071338 -6.174476 -0.210000
v 5.093716 -6.173804 -0.210000
v 5.115197 -6.173030 -0.210000
v 5.135781 -6.172153 -0.210000
v 5.155468 -6.171172 -0.210000
v 5.174258 -6.170087 -0.210000
v 5.192150 -6.168900 -0.210000
v 5.209270 -6.167609 -0.210000
v 5.225740 -6.166215 -0.210000
v 5.241560 -6.164719 -0.210000
v 5.256732 -6.163117 -0.210000
v 5.271254 -6.161415 -0.210000
v 5.285126 -6.159607 -0.210000
v 5.298348 -6.157697 -0.210000
v 5.310922 -6.155684 -0.210000
v 5.322845 -6.153567 -0.210000
v 5.334119 -6.151347 -0.210000
v 5.344743 -6.149024 -0.210000
v 5.354717 -6.146598 -0.210000
v 5.364106 -6.144068 -0.210000
v 5.372967 -6.141434 -0.210000
v 5.381302 -6.138698 -0.210000
v 5.389112 -6.135859 -0.210000
v 5.396397 -6.132916 -0.210000
v 5.403154 -6.129870 -0.210000
v 5.409386 -6.126722 -0.210000
v 5.415094 -6.123468 -0.210000
v 5.420274 -6.120113 -0.210000
v 5.424930 -6.116654 -0.210000
v 5.429058 -6.113092 -0.210000
v 5.432662 -6.109426 -0.210000
v 5.435801 -6.105658 -0.210000
v 5.438539 -6.101786 -0.210000
v 5.440874 -6.097811 -0.210000
v 5.442807 -6.093732 -0.210000
v 5.444338 -6.089550 -0.210000
v 5.445467 -6.085266 -0.210000
v 5.446194 -6.080876 -0.210000
v 5.446518 -6.076386 -0.210000
v 5.446441 -6.071791 -0.210000
v 5.445961 -6.067093 -0.210000
v 5.445079 -6.062292 -0.210000
v 5.443796 -6.057388 -0.210000
v 4.272418 -2.147012 -0.210000
v 4.270779 -2.142096 -0.210000
v 4.268830 -2.137264 -0.210000
v 4.266572 -2.132514 -0.210000
v 4.264004 -2.127847 -0.210000
v 4.261127 -2.123263 -0.210000
v 4.257942 -2.118762 -0.210000
v 4.254447 -2.114342 -0.210000
v 4.250643 -2.110005 -0.210000
v 4.246529 -2.105752 -0.210000
v 4.242106 -2.101580 -0.210000
v 4.237373 -2.097492 -0.210000
v 4.232332 -2.093486 -0.210000
v 4.226858 -2.089572 -0.210000
v 4.220826 -2.085763 -0.210000
v 4.214239 -2.082056 -0.210000
v 4.207093 -2.078451 -0.210000
v 4.199393 -2.074952 -0.210000
v 4.191135 -2.071554 -0.210000
v 4.182319 -2.068261 -0.210000
v 4.172946 -2.065071 -0.210000
v 4.163018 -2.061983 -0.210000
v 4.152534 -2.058999 -0.210000
v 4.141491 -2.056119 -0.210000
v 4.129892 -2.053340 -0.210000
v 4.117752 -2.050667 -0.210000
v 4.105087 -2.048096 -0.210000
v 4.091894 -2.045628 -0.210000
v 4.078177 -2.043263 -0.210000
v 4.063935 -2.041002 -0.210000
v 4.049165 -2.038844 -0.210000
v 4.033870 -2.036789 -0.210000
v 4.018050 -2.034838 -0.210000
v 4.001704 -2.032990 -0.210000
v 3.984832 -2.031245 -0.210000
v 3.967432 -2.029603 -0.210000
v 3.949509 -2.028064 -0.210000
v 3.930935 -2.026640 -0.210000
v 3.911589 -2.025339 -0.210000
v 3.891469 -2.024161 -0.210000
v 3.870576 -2.023109 -0.210000
v 3.848910 -2.022180 -0.210000
v 3.826470 -2.021374 -0.210000
v 3.803256 -2.020692 -0.210000
v 3.779271 -2.020135 -0.210000
v 3.754512 -2.019701 -0.210000
v 3.728979 -2.019392 -0.210000
v 3.702673 -2.019206 -0.210000
v 3.675593 -2.019144 -0.210000
v 3.648544 -2.019206 -0.210000
v 3.622333 -2.019392 -0.210000
v 3.596954 -2.019701 -0.210000
v 3.572411 -2.020135 -0.210000
v 3.548702 -2.020692 -0.210000
v 3.525830 -2.021374 -0.210000
v 3.503792 -2.022180 -0.210000
v 3.482590 -2.023109 -0.210000
v 3.462223 -2.024161 -0.210000
v 3.442690 -2.025339 -0.210000
v 3.423993 -2.026640 -0.210000
v 3.406131 -2.028064 -0.210000
v 3.389012 -2.029603 -0.210000
v 3.372541 -2.031244 -0.210000
v 3.356721 -2.032990 -0.210000
v 3.341549 -2.034838 -0.210000
v 3.327028 -2.036789 -0.210000
v 3.313155 -2.038844 -0.210000
v 3.299933 -2.041002 -0.210000
v 3.287361 -2.043263 -0.210000
v 3.275436 -2.045628 -0.210000
v 3.264163 -2.048096 -0.210000
v 3.253538 -2.050666 -0.210000
v 3.243564 -2.053340 -0.210000
v 3.234191 -2.056119 -0.210000
v 3.225377 -2.058999 -0.210000
v 3.217119 -2.061983 -0.210000
v 3.209417 -2.065071 -0.210000
v 3.202272 -2.068261 -0.210000
v 3.195684 -2.071554 -0.210000
v 3.189653 -2.074952 -0.210000
v 3.184178 -2.078451 -0.210000
v 3.179261 -2.082056 -0.210000
v 3.174900 -2.085763 -0.210000
v 3.171094 -2.089572 -0.210000
v 3.167848 -2.093486 -0.210000
v 3.165064 -2.097492 -0.210000
v 3.162650 -2.101581 -0.210000
v 3.160610 -2.105752 -0.210000
v 3.158939 -2.110006 -0.210000
v 3.157640 -2.114342 -0.210000
v 3.156713 -2.118762 -0.210000
v 3.156156 -2.123263 -0.210000
v 3.155970 -2.127848 -0.210000
v 3.156156 -2.132514 -0.210000
v 3.156713 -2.137265 -0.210000
v 3.157640 -2.142097 -0.210000
v 5.948203 -2.535076 -0.210000
v 5.935041 -2.544957 -0.210000
v 5.923025 -2.555271 -0.210000
v 5.912154 -2.566020 -0.210000
v 5.902427 -2.577202 -0.210000
v 5.893842 -2.588818 -0.210000
v 5.886405 -2.600868 -0.210000
v 5.880110 -2.613351 -0.210000
v 5.874960 -2.626268 -0.210000
v 5.870954 -2.639618 -0.210000
v 5.868093 -2.653403 -0.210000
v 5.866377 -2.667620 -0.210000
v 5.865806 -2.682272 -0.210000
v 5.866099 -2.696542 -0.210000
v 5.866981 -2.711595 -0.210000
v 5.868450 -2.727435 -0.210000
v 5.870506 -2.744058 -0.210000
v 5.873151 -2.761466 -0.210000
v 5.876383 -2.779659 -0.210000
v 5.880203 -2.798638 -0.210000
v 5.884610 -2.818400 -0.210000
v 5.889606 -2.838947 -0.210000
v 5.895189 -2.860279 -0.210000
v 5.901359 -2.882395 -0.210000
v 5.908117 -2.905298 -0.210000
v 5.915323 -2.928208 -0.210000
v 5.922840 -2.950356 -0.210000
v 5.930665 -2.971741 -0.210000
v 5.938800 -2.992360 -0.210000
v 5.947244 -3.012215 -0.210000
v 5.955996 -3.031307 -0.210000
v 5.965059 -3.049634 -0.210000
v 5.974432 -3.067197 -0.210000
v 5.984111 -3.083996 -0.210000
v 5.994103 -3.100031 -0.210000
v 6.004402 -3.115302 -0.210000
v 6.015010 -3.129810 -0.210000
v 6.025884 -3.143346 -0.210000
v 6.036972 -3.155705 -0.210000
v 6.048276 -3.166888 -0.210000
v 6.059798 -3.176893 -0.210000
v 6.071536 -3.185721 -0.210000
v 6.083490 -3.193371 -0.210000
v 6.095661 -3.199846 -0.210000
v 6.108049 -3.205143 -0.210000
v 6.120653 -3.209262 -0.210000
v 6.133473 -3.212205 -0.210000
v 6.146510 -3.213971 -0.210000
v 6.159764 -3.214558 -0.210000
v 6.169568 -3.214218 -0.210000
v 6.179683 -3.213196 -0.210000
v 6.190106 -3.211492 -0.210000
v 6.200839 -3.209107 -0.210000
v 6.211880 -3.206040 -0.210000
v 6.223233 -3.202293 -0.210000
v 6.234893 -3.197863 -0.210000
v 6.246862 -3.192752 -0.210000
v 6.259141 -3.186959 -0.210000
v 6.271729 -3.180486 -0.210000
v 6.284627 -3.173330 -0.210000
v 6.297834 -3.165494 -0.210000
v 6.311537 -3.157264 -0.210000
v 6.325919 -3.148932 -0.210000
v 6.340982 -3.140496 -0.210000
v 6.356726 -3.131957 -0.210000
v 6.373148 -3.123314 -0.210000
v 6.390252 -3.114569 -0.210000
v 6.408037 -3.105720 -0.210000
v 6.426503 -3.096768 -0.210000
v 6.445648 -3.087713 -0.210000
v 6.465474 -3.078555 -0.210000
v 6.485981 -3.069293 -0.210000
v 6.507169 -3.059928 -0.210000
v 6.529191 -3.050563 -0.210000
v 6.552202 -3.041302 -0.210000
v 6.576205 -3.032143 -0.210000
v 6.601195 -3.023088 -0.210000
v 6.627177 -3.014136 -0.210000
v 6.654148 -3.005287 -0.210000
v 6.682108 -2.996542 -0.210000
v 6.711058 -2.987899 -0.210000
v 6.740998 -2.979360 -0.210000
v 6.771929 -2.970924 -0.210000
v 6.803848 -2.962592 -0.210000
v 6.836757 -2.954363 -0.210000
v 6.870843 -2.946526 -0.210000
v 6.906288 -2.939371 -0.210000
v 6.943096 -2.932897 -0.210000
v 6.981262 -2.927105 -0.210000
v 7.020791 -2.921993 -0.210000
v 7.061679 -2.917564 -0.210000
v 7.103931 -2.913815 -0.210000
v 7.147542 -2.910749 -0.210000
v 7.192513 -2.908364 -0.210000
v 7.238847 -2.906660 -0.210000
v 7.286541 -2.905638 -0.210000
v 7.335596 -2.905298 -0.210000
v 7.390127 -2.905906 -0.210000
v 7.443851 -2.907734 -0.210000
v 7.496771 -2.910779 -0.210000
v 7.548890 -2.915044 -0.210000
v 7.600202 -2.920527 -0.210000
v 7.650711 -2.927228 -0.210000
v 7.700416 -2.935147 -0.210000
v 7.749315 -2.944285 -0.210000
v 7.797411 -2.954642 -0.210000
v 7.844702 -2.966217 -0.210000
v 7.891192 -2.979009 -0.210000
v 7.936875 -2.993020 -0.210000
v 7.981754 -3.008033 -0.210000
v 8.025829 -3.023831 -0.210000
v 8.069099 -3.040413 -0.210000
v 8.111567 -3.057780 -0.210000
v 8.153230 -3.075933 -0.210000
v 8.194086 -3.094869 -0.210000
v 8.234141 -3.114590 -0.210000
v 8.273393 -3.135096 -0.210000
v 8.311838 -3.156387 -0.210000
v 8.349479 -3.178463 -0.210000
v 8.386316 -3.201322 -0.210000
v 8.422350 -3.224966 -0.210000
v 8.457610 -3.249304 -0.210000
v 8.492128 -3.274239 -0.210000
v 8.525905 -3.299773 -0.210000
v 8.558938 -3.325907 -0.210000
v 8.591229 -3.352639 -0.210000
v 8.622778 -3.379969 -0.210000
v 8.653584 -3.407899 -0.210000
v 8.683649 -3.436428 -0.210000
v 8.712971 -3.465555 -0.210000
v 8.741550 -3.495281 -0.210000
v 8.769387 -3.525607 -0.210000
v 8.796480 -3.556531 -0.210000
v 8.822818 -3.587858 -0.210000
v 8.848379 -3.619391 -0.210000
v 8.873171 -3.651131 -0.210000
v 8.897188 -3.683077 -0.210000
v 8.920432 -3.715230 -0.210000
v 8.942903 -3.747589 -0.210000
v 8.964601 -3.780155 -0.210000
v 8.985524 -3.812927 -0.210000
v 9.005673 -3.845907 -0.210000
v 9.025052 -3.879092 -0.210000
v 9.043655 -3.912483 -0.210000
v 9.061487 -3.946082 -0.210000
v 9.078561 -3.979773 -0.210000
v 9.094891 -4.013444 -0.210000
v 9.110479 -4.047094 -0.210000
v 9.125327 -4.080723 -0.210000
v 9.139431 -4.114332 -0.210000
v 9.152792 -4.147920 -0.210000
v 9.165411 -4.181488 -0.210000
v 9.177289 -4.215034 -0.210000
v 9.188424 -4.248559 -0.210000
v 9.198815 -4.282065 -0.210000
v 9.208466 -4.315550 -0.210000
v 9.217375 -4.349014 -0.210000
v 9.225556 -4.382272 -0.210000
v 9.233026 -4.415136 -0.210000
v 9.239782 -4.447610 -0.210000
v 9.245831 -4.479691 -0.210000
v 9.251164 -4.511378 -0.210000
v 9.255789 -4.542675 -0.210000
v 9.259703 -4.573577 -0.210000
v 9.262904 -4.604089 -0.210000
v 9.265393 -4.634208 -0.210000
v 9.267172 -4.663933 -0.210000
v 9.268238 -4.693268 -0.210000
v 9.268594 -4.722210 -0.210000
v 9.268052 -4.756551 -0.210000
v 9.266429 -4.790191 -0.210000
v 9.263722 -4.823128 -0.210000
v 9.259934 -4.855364 -0.210000
v 9.255061 -4.886897 -0.210000
v 9.249108 -4.917729 -0.210000
v 9.242072 -4.947857 -0.210000
v 9.233953 -4.977284 -0.210000
v 9.224751 -5.006010 -0.210000
v 9.214467 -5.034031 -0.210000
v 9.203099 -5.061352 -0.210000
v 9.190650 -5.087970 -0.210000
v 9.177180 -5.113867 -0.210000
v 9.162752 -5.139019 -0.210000
v 9.147365 -5.163427 -0.210000
v 9.131019 -5.187093 -0.210000
v 9.113712 -5.210015 -0.210000
v 9.095450 -5.232194 -0.210000
v 9.076226 -5.253629 -0.210000
v 9.056044 -5.274321 -0.210000
v 9.034904 -5.294270 -0.210000
v 9.012805 -5.313474 -0.210000
v 8.989747 -5.331936 -0.210000
v 8.965727 -5.349654 -0.210000
v 8.940767 -5.366639 -0.210000
v 8.914879 -5.382901 -0.210000
v 8.888062 -5.398440 -0.210000
v 8.860318 -5.413258 -0.210000
v 8.831646 -5.427351 -0.210000
v 8.802048 -5.440722 -0.210000
v 8.771521 -5.453371 -0.210000
v 8.740065 -5.465296 -0.210000
v 8.707681 -5.476499 -0.210000
v 8.674368 -5.486979 -0.210000
v 8.640129 -5.496737 -0.210000
v 8.604962 -5.505772 -0.210000
v 8.568958 -5.514084 -0.210000
v 8.532213 -5.521672 -0.210000
v 8.494726 -5.528539 -0.210000
v 8.456499 -5.534682 -0.210000
v 8.417528 -5.540103 -0.210000
v 8.377813 -5.544801 -0.210000
v 8.337356 -5.548777 -0.210000
v 8.296158 -5.552029 -0.210000
v 8.254218 -5.554558 -0.210000
v 8.211534 -5.556365 -0.210000
v 8.168108 -5.557449 -0.210000
v 8.123938 -5.557810 -0.210000
v 8.071868 -5.557501 -0.210000
v 8.021066 -5.556572 -0.210000
v 7.971531 -5.555023 -0.210000
v 7.923266 -5.552855 -0.210000
v 7.876268 -5.550067 -0.210000
v 7.830537 -5.546659 -0.210000
v 7.786076 -5.542633 -0.210000
v 7.742881 -5.537986 -0.210000
v 7.700955 -5.532721 -0.210000
v 7.660297 -5.526834 -0.210000
v 7.620909 -5.520330 -0.210000
v 7.582788 -5.513206 -0.210000
v 7.545766 -5.505710 -0.210000
v 7.509670 -5.498090 -0.210000
v 7.474503 -5.490345 -0.210000
v 7.440262 -5.482477 -0.210000
v 7.406951 -5.474486 -0.210000
v 7.374568 -5.466371 -0.210000
v 7.343113 -5.458130 -0.210000
v 7.312584 -5.449767 -0.210000
v 7.282986 -5.441279 -0.210000
v 7.254313 -5.432668 -0.210000
v 7.226570 -5.423934 -0.210000
v 7.199751 -5.415074 -0.210000
v 7.173771 -5.406216 -0.210000
v 7.148531 -5.397480 -0.210000
v 7.124033 -5.388869 -0.210000
v 7.100280 -5.380382 -0.210000
v 7.077267 -5.372018 -0.210000
v 7.054997 -5.363779 -0.210000
v 7.033470 -5.355662 -0.210000
v 7.012685 -5.347672 -0.210000
v 6.992642 -5.339803 -0.210000
v 6.973342 -5.332060 -0.210000
v 6.954784 -5.324440 -0.210000
v 6.936971 -5.316944 -0.210000
v 6.919666 -5.309819 -0.210000
v 6.902637 -5.303314 -0.210000
v 6.885890 -5.297428 -0.210000
v 6.869420 -5.292163 -0.210000
v 6.853228 -5.287517 -0.210000
v 6.837315 -5.283489 -0.210000
v 6.821681 -5.280082 -0.210000
v 6.806323 -5.277295 -0.210000
v 6.791244 -5.275126 -0.210000
v 6.776444 -5.273578 -0.210000
v 6.761923 -5.272648 -0.210000
v 6.747679 -5.272338 -0.210000
v 6.738292 -5.272535 -0.210000
v 6.729430 -5.273124 -0.210000
v 6.721095 -5.274104 -0.210000
v 6.713286 -5.275477 -0.210000
v 6.706001 -5.277243 -0.210000
v 6.699243 -5.279401 -0.210000
v 6.693011 -5.281951 -0.210000
v 6.687306 -5.284894 -0.210000
v 6.682124 -5.288229 -0.210000
v 6.677469 -5.291955 -0.210000
v 6.673340 -5.296076 -0.210000
v 6.669736 -5.300588 -0.210000
v 6.666535 -5.305451 -0.210000
v 6.663611 -5.310624 -0.210000
v 6.660966 -5.316107 -0.210000
v 6.658601 -5.321899 -0.210000
v 6.656514 -5.328001 -0.210000
v 6.654703 -5.334414 -0.210000
v 6.653173 -5.341135 -0.210000
v 6.651919 -5.348166 -0.210000
v 6.650945 -5.355508 -0.210000
v 6.650251 -5.363160 -0.210000
v 6.649832 -5.371120 -0.210000
v 6.649693 -5.379390 -0.210000
v 6.649756 -5.383004 -0.210000
v 6.649942 -5.386908 -0.210000
v 6.650251 -5.391099 -0.210000
v 6.650684 -5.395581 -0.210000
v 6.651241 -5.400351 -0.210000
v 6.651921 -5.405411 -0.210000
v 6.652726 -5.410758 -0.210000
v 6.653653 -5.416396 -0.210000
v 6.654705 -5.422322 -0.210000
v 6.655881 -5.428539 -0.210000
v 6.657180 -5.435044 -0.210000
v 6.658601 -5.441838 -0.210000
v 6.660118 -5.448848 -0.210000
v 6.661694 -5.456004 -0.210000
v 6.663334 -5.463303 -0.210000
v 6.665035 -5.470748 -0.210000
v 6.666798 -5.478338 -0.210000
v 6.668623 -5.486071 -0.210000
v 6.670509 -5.493949 -0.210000
v 6.672458 -5.501972 -0.210000
v 6.674469 -5.510139 -0.210000
v 6.676541 -5.518451 -0.210000
v 6.678674 -5.526907 -0.210000
v 6.680871 -5.535508 -0.210000
v 6.683128 -5.544244 -0.210000
v 6.685448 -5.553102 -0.210000
v 6.687830 -5.562086 -0.210000
v 6.690274 -5.571192 -0.210000
v 6.692779 -5.580423 -0.210000
v 6.695346 -5.589777 -0.210000
v 6.697976 -5.599256 -0.210000
v 6.700667 -5.608859 -0.210000
v 6.703419 -5.618586 -0.210000
v 6.706234 -5.628435 -0.210000
v 6.709111 -5.638410 -0.210000
v 6.712049 -5.648508 -0.210000
v 6.715048 -5.658606 -0.210000
v 6.718110 -5.668580 -0.210000
v 6.721234 -5.678431 -0.210000
v 6.724421 -5.688157 -0.210000
v 6.727669 -5.697759 -0.210000
v 6.730978 -5.707237 -0.210000
v 6.734349 -5.716592 -0.210000
v 6.737782 -5.725822 -0.210000
v 6.741277 -5.734930 -0.210000
v 6.744835 -5.743913 -0.210000
v 6.748454 -5.752772 -0.210000
v 6.752133 -5.761507 -0.210000
v 6.755891 -5.770118 -0.210000
v 6.759742 -5.778605 -0.210000
v 6.763686 -5.786969 -0.210000
v 6.767722 -5.795209 -0.210000
v 6.771852 -5.803324 -0.210000
v 6.776074 -5.811316 -0.210000
v 6.780388 -5.819184 -0.210000
v 6.784795 -5.826928 -0.210000
v 6.789295 -5.834548 -0.210000
v 6.793890 -5.842044 -0.210000
v 6.798575 -5.849416 -0.210000
v 6.803353 -5.856664 -0.210000
v 6.808318 -5.863779 -0.210000
v 6.813561 -5.870749 -0.210000
v 6.819083 -5.877573 -0.210000
v 6.824882 -5.884253 -0.210000
v 6.830958 -5.890790 -0.210000
v 6.837315 -5.897181 -0.210000
v 6.843948 -5.903428 -0.210000
v 6.850862 -5.909530 -0.210000
v 6.858052 -5.915487 -0.210000
v 6.865523 -5.921300 -0.210000
v 6.873271 -5.926969 -0.210000
v 6.881298 -5.932492 -0.210000
v 6.890111 -5.938078 -0.210000
v 6.900226 -5.943934 -0.210000
v 6.911639 -5.950056 -0.210000
v 6.924351 -5.956447 -0.210000
v 6.938363 -5.963108 -0.210000
v 6.953672 -5.970037 -0.210000
v 6.970282 -5.977233 -0.210000
v 6.988192 -5.984697 -0.210000
v 7.007399 -5.992431 -0.210000
v 7.027904 -6.000434 -0.210000
v 7.049711 -6.008703 -0.210000
v 7.072816 -6.017242 -0.210000
v 7.097003 -6.025865 -0.210000
v 7.122056 -6.034382 -0.210000
v 7.147976 -6.042798 -0.210000
v 7.174762 -6.051110 -0.210000
v 7.202412 -6.059318 -0.210000
v 7.230928 -6.067423 -0.210000
v 7.260313 -6.075425 -0.210000
v 7.290562 -6.083324 -0.210000
v 7.321678 -6.091120 -0.210000
v 7.353658 -6.098812 -0.210000
v 7.386507 -6.106401 -0.210000
v 7.420221 -6.113886 -0.210000
v 7.454739 -6.121228 -0.210000
v 7.489998 -6.128384 -0.210000
v 7.526000 -6.135353 -0.210000
v 7.562746 -6.142137 -0.210000
v 7.600231 -6.148735 -0.210000
v 7.638461 -6.155146 -0.210000
v 7.677433 -6.161372 -0.210000
v 7.717147 -6.167413 -0.210000
v 7.757603 -6.173268 -0.210000
v 7.798801 -6.178936 -0.210000
v 7.840743 -6.184419 -0.210000
v 7.883427 -6.189716 -0.210000
v 7.926729 -6.194703 -0.210000
v 7.970527 -6.199257 -0.210000
v 8.014818 -6.203376 -0.210000
v 8.059606 -6.207062 -0.210000
v 8.104885 -6.210314 -0.210000
v 8.150661 -6.213134 -0.210000
v 8.196934 -6.215519 -0.210000
v 8.243700 -6.217470 -0.210000
v 8.290960 -6.218987 -0.210000
v 8.338717 -6.220071 -0.210000
v 8.386967 -6.220722 -0.210000
v 8.435713 -6.220939 -0.210000
v 8.515960 -6.220341 -0.210000
v 8.594877 -6.218544 -0.210000
v 8.672465 -6.215549 -0.210000
v 8.748723 -6.211357 -0.210000
v 8.823650 -6.205967 -0.210000
v 8.897249 -6.199379 -0.210000
v 8.969517 -6.191594 -0.210000
v 9.040455 -6.182612 -0.210000
v 9.110063 -6.172431 -0.210000
v 9.178341 -6.161053 -0.210000
v 9.245289 -6.148476 -0.210000
v 9.310906 -6.134702 -0.210000
v 9.375040 -6.119710 -0.210000
v 9.437533 -6.103478 -0.210000
v 9.498388 -6.086009 -0.210000
v 9.557604 -6.067299 -0.210000
v 9.615179 -6.047351 -0.210000
v 9.671117 -6.026164 -0.210000
v 9.725413 -6.003737 -0.210000
v 9.778072 -5.980072 -0.210000
v 9.829091 -5.955167 -0.210000
v 9.878471 -5.929024 -0.210000
v 9.926210 -5.901641 -0.210000
v 9.972314 -5.873020 -0.210000
v 10.016728 -5.843160 -0.210000
v 10.059412 -5.812060 -0.210000
v 10.100363 -5.779721 -0.210000
v 10.139583 -5.746143 -0.210000
v 10.177069 -5.711327 -0.210000
v 10.212824 -5.675270 -0.210000
v 10.246846 -5.637976 -0.210000
v 10.279138 -5.599442 -0.210000
v 10.309696 -5.559669 -0.210000
v 10.338523 -5.518657 -0.210000
v 10.365618 -5.476407 -0.210000
v 10.390980 -5.432916 -0.210000
v 10.414457 -5.388188 -0.210000
v 10.435892 -5.342220 -0.210000
v 10.455284 -5.295012 -0.210000
v 10.472636 -5.246567 -0.210000
v 10.487947 -5.196881 -0.210000
v 10.501215 -5.145958 -0.210001
v 10.512442 -5.093794 -0.210001
v 10.521628 -5.040392 -0.210001
v 10.528773 -4.985751 -0.210001
v 10.533876 -4.929871 -0.210001
v 10.536940 -4.872751 -0.210001
v 10.537960 -4.814394 -0.210001
v 10.537373 -4.768146 -0.210001
v 10.535608 -4.721590 -0.210001
v 10.532669 -4.674724 -0.210001
v 10.528555 -4.627547 -0.210001
v 10.523266 -4.580062 -0.210001
v 10.516802 -4.532267 -0.210001
v 10.509163 -4.484161 -0.210001
v 10.500347 -4.435746 -0.210001
v 10.490355 -4.387021 -0.210001
v 10.479189 -4.337987 -0.210001
v 10.466848 -4.288642 -0.210001
v 10.453335 -4.238988 -0.210001
v 10.438627 -4.189271 -0.210001
v 10.422714 -4.139742 -0.210001
v 10.405596 -4.090398 -0.210001
v 10.387270 -4.041240 -0.210001
v 10.367737 -3.992266 -0.210001
v 10.346998 -3.943480 -0.210001
v 10.325054 -3.894879 -0.210001
v 10.301903 -3.846464 -0.210001
v 10.277546 -3.798235 -0.210001
v 10.251983 -3.750191 -0.210001
v 10.225211 -3.702334 -0.210001
v 10.197235 -3.654662 -0.210001
v 10.168022 -3.607290 -0.210001
v 10.137540 -3.560330 -0.210001
v 10.105792 -3.513784 -0.210001
v 10.072773 -3.467651 -0.210001
v 10.038488 -3.421931 -0.210001
v 10.002933 -3.376624 -0.210001
v 9.966110 -3.331729 -0.210001
v 9.928021 -3.287249 -0.210001
v 9.888662 -3.243180 -0.210001
v 9.848037 -3.199525 -0.210001
v 9.806141 -3.156283 -0.210001
v 9.762979 -3.113454 -0.210001
v 9.718517 -3.071276 -0.210001
v 9.672724 -3.029984 -0.210001
v 9.625603 -2.989582 -0.210001
v 9.577150 -2.950067 -0.210001
v 9.527369 -2.911441 -0.210001
v 9.476257 -2.873702 -0.210001
v 9.423817 -2.836851 -0.210001
v 9.370046 -2.800888 -0.210001
v 9.314943 -2.765814 -0.210001
v 9.258512 -2.731627 -0.210001
v 9.200750 -2.698328 -0.210001
v 9.141658 -2.665916 -0.210001
v 9.081221 -2.634497 -0.210001
v 9.019423 -2.604172 -0.210001
v 8.956264 -2.574941 -0.210001
v 8.891744 -2.546805 -0.210001
v 8.825863 -2.519763 -0.210001
v 8.758620 -2.493816 -0.210001
v 8.690020 -2.468962 -0.210001
v 8.620054 -2.445204 -0.210001
v 8.548731 -2.422541 -0.210001
v 8.476046 -2.400971 -0.210001
v 8.401999 -2.380497 -0.210000
v 8.326592 -2.361116 -0.210000
v 8.249806 -2.343067 -0.210000
v 8.171632 -2.326588 -0.210000
v 8.092064 -2.311679 -0.210000
v 8.011106 -2.298338 -0.210000
v 7.928754 -2.286568 -0.210000
v 7.845011 -2.276367 -0.210000
v 7.759875 -2.267735 -0.210000
v 7.673350 -2.260673 -0.210000
v 7.585432 -2.255179 -0.210000
v 7.496119 -2.251256 -0.210000
v 7.405417 -2.248901 -0.210000
v 7.313325 -2.248116 -0.210000
v 7.261595 -2.248415 -0.210000
v 7.210330 -2.249313 -0.210000
v 7.159526 -2.250811 -0.210000
v 7.109188 -2.252908 -0.210000
v 7.059313 -2.255601 -0.210000
v 7.009903 -2.258896 -0.210000
v 6.960956 -2.262789 -0.210000
v 6.912474 -2.267279 -0.210000
v 6.864455 -2.272370 -0.210000
v 6.816900 -2.278059 -0.210000
v 6.769809 -2.284348 -0.210000
v 6.723183 -2.291234 -0.210000
v 6.677282 -2.298617 -0.210000
v 6.632372 -2.306391 -0.210000
v 6.588453 -2.314559 -0.210000
v 6.545522 -2.323118 -0.210000
v 6.503581 -2.332070 -0.210000
v 6.462629 -2.341414 -0.210000
v 6.422667 -2.351151 -0.210000
v 6.383696 -2.361281 -0.210000
v 6.345714 -2.371802 -0.210000
v 6.308722 -2.382716 -0.210000
v 6.272719 -2.394021 -0.210000
v 6.237707 -2.405720 -0.210000
v 6.204055 -2.417522 -0.210000
v 6.172136 -2.429138 -0.210000
v 6.141947 -2.440569 -0.210000
v 6.113492 -2.451812 -0.210000
v 6.086768 -2.462871 -0.210000
v 6.061777 -2.473743 -0.210000
v 6.038517 -2.484430 -0.210000
v 6.016991 -2.494930 -0.210000
v 5.997196 -2.505246 -0.210000
v 5.979134 -2.515375 -0.210000
v 5.962801 -2.525318 -0.210000
v -11.201592 -3.306742 0.210001
v -11.205858 -3.309861 0.210001
v -11.209755 -3.313268 0.210001
v -11.213283 -3.316964 0.210001
v -11.216437 -3.320950 0.210001
v -11.219221 -3.325224 0.210001
v -11.221633 -3.329789 0.210001
v -11.223676 -3.334641 0.210001
v -11.225344 -3.339784 0.210001
v -11.226643 -3.345214 0.210001
v -11.227572 -3.350935 0.210001
v -11.228127 -3.356945 0.210001
v -11.228315 -3.363242 0.210001
v -11.228252 -3.366939 0.210001
v -11.228066 -3.371089 0.210001
v -11.227758 -3.375695 0.210001
v -11.227325 -3.380754 0.210001
v -11.226768 -3.386268 0.210001
v -11.226087 -3.392235 0.210001
v -11.225283 -3.398658 0.210001
v -11.224355 -3.405535 0.210001
v -11.223304 -3.412866 0.210001
v -11.222128 -3.420651 0.210001
v -11.220829 -3.428891 0.210001
v -11.219405 -3.437584 0.210001
v -11.217859 -3.446629 0.210001
v -11.216188 -3.455921 0.210001
v -11.214395 -3.465462 0.210001
v -11.212478 -3.475251 0.210001
v -11.210436 -3.485286 0.210001
v -11.208271 -3.495570 0.210001
v -11.205983 -3.506102 0.210001
v -11.203568 -3.516881 0.210001
v -11.201033 -3.527909 0.210001
v -11.198373 -3.539185 0.210001
v -11.195590 -3.550707 0.210001
v -11.192683 -3.562478 0.210001
v -11.189652 -3.574404 0.210001
v -11.186496 -3.586392 0.210001
v -11.183217 -3.598441 0.210001
v -11.179815 -3.610553 0.210001
v -11.176288 -3.622727 0.210001
v -11.172639 -3.634962 0.210001
v -11.168866 -3.647258 0.210001
v -11.164969 -3.659618 0.210001
v -11.160948 -3.672040 0.210001
v -11.156804 -3.684522 0.210001
v -11.152536 -3.697067 0.210001
v -11.148146 -3.709674 0.210001
v -11.143643 -3.722240 0.210001
v -11.139051 -3.734663 0.210001
v -11.134365 -3.746938 0.210001
v -11.129586 -3.759071 0.210001
v -11.124715 -3.771058 0.210001
v -11.119751 -3.782902 0.210001
v -11.114694 -3.794600 0.210001
v -11.109544 -3.806153 0.210001
v -11.104300 -3.817563 0.210001
v -11.098967 -3.828828 0.210001
v -11.093537 -3.839948 0.210001
v -11.088016 -3.850924 0.210001
v -11.082387 -3.861662 0.210001
v -11.076633 -3.872070 0.210001
v -11.070759 -3.882148 0.210001
v -11.064758 -3.891895 0.210001
v -11.058634 -3.901311 0.210001
v -11.052385 -3.910398 0.210001
v -11.046014 -3.919153 0.210001
v -11.039517 -3.927578 0.210001
v -11.032898 -3.935674 0.210001
v -11.026156 -3.943438 0.210001
v -11.019290 -3.950872 0.210001
v -11.012300 -3.957976 0.210001
v -11.005201 -3.964626 0.210001
v -10.998012 -3.970697 0.210001
v -10.990726 -3.976190 0.210001
v -10.983350 -3.981105 0.210001
v -10.975881 -3.985442 0.210001
v -10.968319 -3.989200 0.210001
v -10.960664 -3.992380 0.210001
v -10.952913 -3.994982 0.210001
v -10.945073 -3.997006 0.210001
v -10.937140 -3.998451 0.210001
v -10.929114 -3.999319 0.210001
v -10.920995 -3.999608 0.210001
v -10.914312 -3.999535 0.210001
v -10.907632 -3.999319 0.210001
v -10.900949 -3.998957 0.210001
v -10.894269 -3.998451 0.210001
v -10.887589 -3.997801 0.210001
v -10.880907 -3.997006 0.210001
v -10.874227 -3.996066 0.210001
v -10.867546 -3.994982 0.210001
v -10.860864 -3.993754 0.210001
v -10.854183 -3.992380 0.210001
v -10.847501 -3.990862 0.210001
v -10.840824 -3.989200 0.210001
v -10.834081 -3.987465 0.210001
v -10.827214 -3.985731 0.210001
v -10.820225 -3.983995 0.210001
v -10.813110 -3.982261 0.210001
v -10.805874 -3.980526 0.210001
v -10.798512 -3.978792 0.210001
v -10.791027 -3.977057 0.210001
v -10.783420 -3.975323 0.210001
v -10.775685 -3.973588 0.210001
v -10.767828 -3.971853 0.210001
v -10.759850 -3.970119 0.210001
v -10.751745 -3.968384 0.210001
v -10.743517 -3.966650 0.210001
v -10.735166 -3.964915 0.210001
v -10.726693 -3.963181 0.210001
v -10.718095 -3.961446 0.210001
v -10.709373 -3.959711 0.210001
v -10.700526 -3.957976 0.210001
v -10.691557 -3.956242 0.210001
v -10.682463 -3.954507 0.210001
v -10.673245 -3.952773 0.210001
v -10.663906 -3.951037 0.210001
v -10.654440 -3.949303 0.210001
v -10.644852 -3.947568 0.210001
v -10.635077 -3.945906 0.210001
v -10.625056 -3.944388 0.210001
v -10.614787 -3.943014 0.210001
v -10.604272 -3.941787 0.210001
v -10.593507 -3.940702 0.210001
v -10.582497 -3.939762 0.210001
v -10.571239 -3.938967 0.210001
v -10.559732 -3.938317 0.210001
v -10.547979 -3.937811 0.210001
v -10.535979 -3.937449 0.210001
v -10.523731 -3.937233 0.210001
v -10.511234 -3.937160 0.210001
v -10.485857 -3.937697 0.210001
v -10.460201 -3.939308 0.210001
v -10.434264 -3.941993 0.210000
v -10.408053 -3.945751 0.210000
v -10.381561 -3.950583 0.210000
v -10.354791 -3.956490 0.210000
v -10.327743 -3.963470 0.210000
v -10.300416 -3.971523 0.210000
v -10.272811 -3.980650 0.210000
v -10.244928 -3.990851 0.210000
v -10.216766 -4.002127 0.210000
v -10.188327 -4.014476 0.210000
v -10.159855 -4.027702 0.210000
v -10.131599 -4.041611 0.210000
v -10.103561 -4.056200 0.210000
v -10.075739 -4.071471 0.210000
v -10.048134 -4.087424 0.210000
v -10.020746 -4.104058 0.210000
v -9.993574 -4.121374 0.210000
v -9.966617 -4.139370 0.210000
v -9.939878 -4.158049 0.210000
v -9.913356 -4.177409 0.210000
v -9.887050 -4.197450 0.210000
v -9.860963 -4.218172 0.210000
v -9.835215 -4.239525 0.210000
v -9.809928 -4.261455 0.210000
v -9.785109 -4.283965 0.210000
v -9.760752 -4.307052 0.210000
v -9.736856 -4.330718 0.210000
v -9.713429 -4.354962 0.210000
v -9.690462 -4.379784 0.210000
v -9.667961 -4.405183 0.210000
v -9.645924 -4.431161 0.210000
v -9.624351 -4.457718 0.210000
v -9.603240 -4.484853 0.210000
v -9.582594 -4.512566 0.210000
v -9.562659 -4.540681 0.210000
v -9.543683 -4.569024 0.210000
v -9.525667 -4.597594 0.210000
v -9.508609 -4.626391 0.210000
v -9.492509 -4.655416 0.210000
v -9.477370 -4.684667 0.210000
v -9.463189 -4.714145 0.210000
v -9.449965 -4.743851 0.210000
v -9.437701 -4.773784 0.210000
v -9.426396 -4.803944 0.210000
v -9.416051 -4.834332 0.210000
v -9.406664 -4.864946 0.210000
v -9.050350 -6.057388 0.210001
v -9.048696 -6.062292 0.210001
v -9.046700 -6.067093 0.210001
v -9.044366 -6.071791 0.210001
v -9.041692 -6.076386 0.210001
v -9.038674 -6.080876 0.210001
v -9.035318 -6.085266 0.210001
v -9.031622 -6.089550 0.210001
v -9.027587 -6.093732 0.210001
v -9.023210 -6.097811 0.210001
v -9.018493 -6.101786 0.210001
v -9.013437 -6.105658 0.210001
v -9.008038 -6.109426 0.210001
v -9.002224 -6.113092 0.210001
v -8.995914 -6.116654 0.210001
v -8.989108 -6.120113 0.210001
v -8.981811 -6.123469 0.210001
v -8.974016 -6.126722 0.210001
v -8.965726 -6.129870 0.210001
v -8.956943 -6.132916 0.210001
v -8.947663 -6.135859 0.210001
v -8.937890 -6.138699 0.210001
v -8.927620 -6.141434 0.210001
v -8.916858 -6.144068 0.210001
v -8.905599 -6.146598 0.210001
v -8.893800 -6.149024 0.210001
v -8.881412 -6.151347 0.210001
v -8.868436 -6.153567 0.210001
v -8.854875 -6.155684 0.210001
v -8.840722 -6.157697 0.210001
v -8.825983 -6.159607 0.210001
v -8.810658 -6.161415 0.210001
v -8.794744 -6.163117 0.210001
v -8.778245 -6.164719 0.210001
v -8.761155 -6.166215 0.210000
v -8.743479 -6.167609 0.210000
v -8.725215 -6.168900 0.210000
v -8.706316 -6.170087 0.210000
v -8.686738 -6.171172 0.210000
v -8.666479 -6.172153 0.210000
v -8.645540 -6.173030 0.210000
v -8.623920 -6.173805 0.210000
v -8.601620 -6.174476 0.210000
v -8.578638 -6.175043 0.210000
v -8.554977 -6.175508 0.210000
v -8.530634 -6.175869 0.210000
v -8.505613 -6.176128 0.210000
v -8.479909 -6.176282 0.210000
v -8.453527 -6.176334 0.210000
v -8.426480 -6.176282 0.210000
v -8.400265 -6.176128 0.210000
v -8.374888 -6.175869 0.210000
v -8.350345 -6.175508 0.210000
v -8.326636 -6.175043 0.210000
v -8.303764 -6.174476 0.210000
v -8.281726 -6.173804 0.210000
v -8.260523 -6.173030 0.210000
v -8.240155 -6.172153 0.210000
v -8.220624 -6.171172 0.210000
v -8.201928 -6.170087 0.210000
v -8.184066 -6.168900 0.210000
v -8.166930 -6.167609 0.210000
v -8.150413 -6.166215 0.210000
v -8.134516 -6.164719 0.210000
v -8.119235 -6.163117 0.210000
v -8.104575 -6.161415 0.210000
v -8.090532 -6.159607 0.210000
v -8.077108 -6.157697 0.210000
v -8.064302 -6.155684 0.210000
v -8.052118 -6.153567 0.210000
v -8.040549 -6.151347 0.210000
v -8.029600 -6.149024 0.210000
v -8.019270 -6.146598 0.210000
v -8.009542 -6.144068 0.210000
v -8.000403 -6.141434 0.210000
v -7.991851 -6.138698 0.210000
v -7.983885 -6.135859 0.210000
v -7.976509 -6.132916 0.210000
v -7.969720 -6.129870 0.210000
v -7.963518 -6.126722 0.210000
v -7.957903 -6.123468 0.210000
v -7.952878 -6.120113 0.210000
v -7.948440 -6.116654 0.210000
v -7.944588 -6.113092 0.210000
v -7.941328 -6.109426 0.210000
v -7.938542 -6.105658 0.210000
v -7.936131 -6.101786 0.210000
v -7.934090 -6.097811 0.210000
v -7.932419 -6.093732 0.210000
v -7.931120 -6.089550 0.210000
v -7.930191 -6.085266 0.210000
v -7.929636 -6.080876 0.210000
v -7.929450 -6.076386 0.210000
v -7.929636 -6.071791 0.210000
v -7.930191 -6.067093 0.210000
v -7.931120 -6.062292 0.210000
v -7.932419 -6.057388 0.210000
v -8.725215 -3.401900 0.210000
v -8.726853 -3.396995 0.210000
v -8.728803 -3.392194 0.210000
v -8.731061 -3.387496 0.210000
v -8.733629 -3.382902 0.210000
v -8.736504 -3.378410 0.210000
v -8.739691 -3.374022 0.210000
v -8.743186 -3.369736 0.210000
v -8.746989 -3.365555 0.210000
v -8.751103 -3.361477 0.210000
v -8.755527 -3.357502 0.210000
v -8.760260 -3.353630 0.210000
v -8.765301 -3.349862 0.210000
v -8.770698 -3.346206 0.210000
v -8.776497 -3.342674 0.210000
v -8.782699 -3.339267 0.210000
v -8.789302 -3.335984 0.210000
v -8.796309 -3.332825 0.210000
v -8.803715 -3.329789 0.210000
v -8.811523 -3.326877 0.210000
v -8.819736 -3.324089 0.210000
v -8.828352 -3.321425 0.210000
v -8.837367 -3.318885 0.210000
v -8.846786 -3.316469 0.210000
v -8.856606 -3.314178 0.210000
v -8.866875 -3.311988 0.210000
v -8.877637 -3.309881 0.210000
v -8.888896 -3.307858 0.210000
v -8.900650 -3.305917 0.210000
v -8.912900 -3.304059 0.210000
v -8.925642 -3.302282 0.210000
v -8.938879 -3.300589 0.210000
v -8.952613 -3.298978 0.210000
v -8.966839 -3.297450 0.210000
v -8.981562 -3.296004 0.210000
v -8.996780 -3.294642 0.210000
v -9.012492 -3.293362 0.210000
v -9.028715 -3.292174 0.210000
v -9.045465 -3.291090 0.210000
v -9.062738 -3.290109 0.210000
v -9.080540 -3.289231 0.210000
v -9.098865 -3.288457 0.210000
v -9.117718 -3.287786 0.210000
v -9.137094 -3.287217 0.210000
v -9.156999 -3.286753 0.210000
v -9.177427 -3.286392 0.210000
v -9.198382 -3.286133 0.210000
v -9.219862 -3.285979 0.210000
v -9.241869 -3.285928 0.210000
v -9.264526 -3.285979 0.210000
v -9.286470 -3.286133 0.210000
v -9.307704 -3.286392 0.210000
v -9.328225 -3.286753 0.210000
v -9.348037 -3.287217 0.210000
v -9.367135 -3.287786 0.210000
v -9.385524 -3.288457 0.210000
v -9.403200 -3.289231 0.210000
v -9.420165 -3.290109 0.210000
v -9.436418 -3.291090 0.210000
v -9.451962 -3.292174 0.210000
v -9.466791 -3.293362 0.210000
v -9.481004 -3.294642 0.210000
v -9.494691 -3.296004 0.210000
v -9.507850 -3.297450 0.210000
v -9.520486 -3.298978 0.210000
v -9.532595 -3.300589 0.210000
v -9.544178 -3.302282 0.210000
v -9.555235 -3.304059 0.210000
v -9.565767 -3.305917 0.210000
v -9.575773 -3.307858 0.210000
v -9.585253 -3.309881 0.210000
v -9.594207 -3.311988 0.210000
v -9.602637 -3.314178 0.210000
v -9.610568 -3.316469 0.210000
v -9.618038 -3.318885 0.210000
v -9.625044 -3.321425 0.210000
v -9.631586 -3.324089 0.210000
v -9.637664 -3.326877 0.210000
v -9.643278 -3.329789 0.210000
v -9.648428 -3.332825 0.210000
v -9.653114 -3.335984 0.210000
v -9.657335 -3.339267 0.210000
v -9.661093 -3.342674 0.210000
v -9.664389 -3.346206 0.210000
v -9.667218 -3.349862 0.210000
v -9.669645 -3.353630 0.210000
v -9.671734 -3.357502 0.210000
v -9.673481 -3.361477 0.210000
v -9.674889 -3.365556 0.210000
v -9.675955 -3.369736 0.210000
v -9.676682 -3.374022 0.210000
v -9.677070 -3.378410 0.210000
v -9.677114 -3.382902 0.210000
v -9.676821 -3.387496 0.210000
v -9.676188 -3.392194 0.210000
v -9.675213 -3.396995 0.210000
v -9.673899 -3.401900 0.210000
v -9.549190 -3.824162 0.210000
v -9.567237 -3.802995 0.210000
v -9.585750 -3.782117 0.210000
v -9.604724 -3.761528 0.210000
v -9.624165 -3.741229 0.210000
v -9.644068 -3.721219 0.210000
v -9.664434 -3.701497 0.210000
v -9.685266 -3.682066 0.210000
v -9.706561 -3.662922 0.210000
v -9.728320 -3.644068 0.210000
v -9.750544 -3.625504 0.210000
v -9.773230 -3.607228 0.210000
v -9.796381 -3.589242 0.210000
v -9.819888 -3.571595 0.210000
v -9.843642 -3.554342 0.210000
v -9.867645 -3.537481 0.210000
v -9.891893 -3.521013 0.210000
v -9.916389 -3.504935 0.210000
v -9.941133 -3.489252 0.210000
v -9.966125 -3.473960 0.210000
v -9.991364 -3.459061 0.210000
v -10.016850 -3.444553 0.210000
v -10.042584 -3.430439 0.210000
v -10.068564 -3.416717 0.210000
v -10.094793 -3.403386 0.210000
v -10.121224 -3.390490 0.210000
v -10.147807 -3.378069 0.210000
v -10.174546 -3.366124 0.210000
v -10.201441 -3.354652 0.210000
v -10.228490 -3.343655 0.210000
v -10.255692 -3.333134 0.210000
v -10.283050 -3.323087 0.210000
v -10.310562 -3.313516 0.210000
v -10.338228 -3.304419 0.210000
v -10.366050 -3.295798 0.210000
v -10.394026 -3.287652 0.210000
v -10.422155 -3.279980 0.210000
v -10.450332 -3.272855 0.210000
v -10.478449 -3.266350 0.210000
v -10.506501 -3.260465 0.210000
v -10.534493 -3.255199 0.210000
v -10.562423 -3.250553 0.210000
v -10.590292 -3.246525 0.210000
v -10.618098 -3.243118 0.210000
v -10.645843 -3.240331 0.210000
v -10.673525 -3.238162 0.210000
v -10.701145 -3.236614 0.210000
v -10.728703 -3.235684 0.210000
v -10.756200 -3.235374 0.210000
v -10.767350 -3.235416 0.210000
v -10.778532 -3.235539 0.210000
v -10.789743 -3.235746 0.210000
v -10.800985 -3.236035 0.210000
v -10.812261 -3.236408 0.210000
v -10.823565 -3.236862 0.210000
v -10.834901 -3.237398 0.210000
v -10.846268 -3.238018 0.210000
v -10.857664 -3.238720 0.210000
v -10.869094 -3.239504 0.210000
v -10.880553 -3.240372 0.210000
v -10.892045 -3.241322 0.210000
v -10.903488 -3.242334 0.210000
v -10.914808 -3.243386 0.210000
v -10.926004 -3.244482 0.210000
v -10.937078 -3.245617 0.210000
v -10.948027 -3.246794 0.210000
v -10.958853 -3.248013 0.210000
v -10.969555 -3.249272 0.210001
v -10.980133 -3.250574 0.210001
v -10.990587 -3.251916 0.210001
v -11.000918 -3.253299 0.210001
v -11.011126 -3.254724 0.210001
v -11.021208 -3.256190 0.210001
v -11.031137 -3.257708 0.210001
v -11.040880 -3.259288 0.210001
v -11.050436 -3.260930 0.210001
v -11.059810 -3.262633 0.210001
v -11.068995 -3.264399 0.210001
v -11.077996 -3.266227 0.210001
v -11.086810 -3.268116 0.210001
v -11.095439 -3.270067 0.210001
v -11.103883 -3.272081 0.210001
v -11.112142 -3.274156 0.210001
v -11.120215 -3.276293 0.210001
v -11.128102 -3.278492 0.210001
v -11.135757 -3.280734 0.210001
v -11.143133 -3.282995 0.210001
v -11.150230 -3.285277 0.210001
v -11.157051 -3.287579 0.210001
v -11.163593 -3.289902 0.210001
v -11.169857 -3.292246 0.210001
v -11.175841 -3.294611 0.210001
v -11.181549 -3.296996 0.210001
v -11.186977 -3.299402 0.210001
v -11.192126 -3.301828 0.210001
v -11.196998 -3.304275 0.210001
v -6.989303 -3.401900 0.210000
v -6.192051 -6.060360 0.210000
v -6.188356 -6.070521 0.210000
v -6.183206 -6.080185 0.210000
v -6.176603 -6.089355 0.210000
v -6.168545 -6.098027 0.210000
v -6.159035 -6.106205 0.210000
v -6.148068 -6.113886 0.210000
v -6.135651 -6.121074 0.210000
v -6.121780 -6.127765 0.210000
v -6.106454 -6.133959 0.210000
v -6.089673 -6.139659 0.210000
v -6.071441 -6.144862 0.210000
v -6.051754 -6.149570 0.210000
v -6.030303 -6.153846 0.210000
v -6.006781 -6.157749 0.210000
v -5.981186 -6.161280 0.210000
v -5.953519 -6.164440 0.210000
v -5.923781 -6.167228 0.210000
v -5.891969 -6.169643 0.210000
v -5.858086 -6.171688 0.210000
v -5.822128 -6.173360 0.210000
v -5.784100 -6.174662 0.210000
v -5.744000 -6.175591 0.210000
v -5.701828 -6.176148 0.210000
v -5.657582 -6.176334 0.210000
v -5.634926 -6.176293 0.210000
v -5.612980 -6.176169 0.210000
v -5.591747 -6.175962 0.210000
v -5.571226 -6.175673 0.210000
v -5.551414 -6.175302 0.210000
v -5.532316 -6.174848 0.210000
v -5.513927 -6.174311 0.210000
v -5.496251 -6.173690 0.210000
v -5.479286 -6.172989 0.210000
v -5.463031 -6.172204 0.210000
v -5.447489 -6.171337 0.210000
v -5.432660 -6.170386 0.210000
v -5.418416 -6.169343 0.210000
v -5.404638 -6.168198 0.210000
v -5.391323 -6.166948 0.210000
v -5.378470 -6.165596 0.210000
v -5.366084 -6.164140 0.210000
v -5.354158 -6.162581 0.210000
v -5.342700 -6.160918 0.210000
v -5.331703 -6.159153 0.210000
v -5.321173 -6.157284 0.210000
v -5.311105 -6.155312 0.210000
v -5.301500 -6.153236 0.210000
v -5.292360 -6.151058 0.210000
v -5.283717 -6.148765 0.210000
v -5.275597 -6.146350 0.210000
v -5.268003 -6.143810 0.210000
v -5.260937 -6.141145 0.210000
v -5.254395 -6.138357 0.210000
v -5.248379 -6.135446 0.210000
v -5.242889 -6.132411 0.210000
v -5.237925 -6.129251 0.210000
v -5.233486 -6.125967 0.210000
v -5.229574 -6.122560 0.210000
v -5.226187 -6.119029 0.210000
v -5.223326 -6.115374 0.210000
v -5.220897 -6.111585 0.210000
v -5.218809 -6.107651 0.210000
v -5.217062 -6.103572 0.210000
v -5.215656 -6.099349 0.210000
v -5.214588 -6.094982 0.210000
v -5.213861 -6.090469 0.210000
v -5.213475 -6.085812 0.210000
v -5.213428 -6.081011 0.210000
v -5.213722 -6.076066 0.210000
v -5.214357 -6.070975 0.210000
v -5.215330 -6.065741 0.210000
v -5.216644 -6.060360 0.210000
v -5.341355 -5.635126 0.210000
v -5.329663 -5.651058 0.210000
v -5.316858 -5.667134 0.210000
v -5.302939 -5.683355 0.210000
v -5.287906 -5.699721 0.210000
v -5.271762 -5.716230 0.210000
v -5.254502 -5.732885 0.210000
v -5.236130 -5.749685 0.210000
v -5.216644 -5.766628 0.210000
v -5.196045 -5.783716 0.210000
v -5.174332 -5.800950 0.210000
v -5.151505 -5.818327 0.210000
v -5.127565 -5.835848 0.210000
v -5.102698 -5.853309 0.210000
v -5.077088 -5.870500 0.210000
v -5.050736 -5.887424 0.210000
v -5.023641 -5.904078 0.210000
v -4.995804 -5.920464 0.210000
v -4.967225 -5.936582 0.210000
v -4.937903 -5.952432 0.210000
v -4.907841 -5.968011 0.210000
v -4.877033 -5.983325 0.210000
v -4.845485 -5.998368 0.210000
v -4.813194 -6.013144 0.210000
v -4.780160 -6.027650 0.210000
v -4.746462 -6.041816 0.210000
v -4.712176 -6.055570 0.210000
v -4.677303 -6.068910 0.210000
v -4.641841 -6.081838 0.210000
v -4.605793 -6.094352 0.210000
v -4.569157 -6.106452 0.210000
v -4.531933 -6.118141 0.210000
v -4.494120 -6.129416 0.210000
v -4.455721 -6.140278 0.210000
v -4.416733 -6.150728 0.210000
v -4.377160 -6.160764 0.210000
v -4.336998 -6.170386 0.210000
v -4.296432 -6.179411 0.210000
v -4.255651 -6.187650 0.210000
v -4.214654 -6.195106 0.210000
v -4.173439 -6.201775 0.210000
v -4.132008 -6.207661 0.210000
v -4.090360 -6.212761 0.210000
v -4.048497 -6.217077 0.210000
v -4.006418 -6.220609 0.210000
v -3.964119 -6.223355 0.210000
v -3.921607 -6.225317 0.210000
v -3.878876 -6.226494 0.210000
v -3.835931 -6.226886 0.210000
v -3.777381 -6.226308 0.210000
v -3.720500 -6.224574 0.210000
v -3.665292 -6.221683 0.210000
v -3.611752 -6.217635 0.210000
v -3.559882 -6.212431 0.210000
v -3.509682 -6.206070 0.210000
v -3.461154 -6.198555 0.210000
v -3.414294 -6.189881 0.210000
v -3.369106 -6.180051 0.210000
v -3.325587 -6.169065 0.210000
v -3.283740 -6.156922 0.210000
v -3.243560 -6.143624 0.210000
v -3.204868 -6.129344 0.210000
v -3.167473 -6.114259 0.210000
v -3.131378 -6.098368 0.210000
v -3.096582 -6.081673 0.210000
v -3.063086 -6.064171 0.210000
v -3.030888 -6.045865 0.210000
v -2.999989 -6.026752 0.210000
v -2.970389 -6.006835 0.210000
v -2.942088 -5.986112 0.210000
v -2.915085 -5.964583 0.210000
v -2.889382 -5.942251 0.210000
v -2.864978 -5.919112 0.210000
v -2.841797 -5.895292 0.210000
v -2.819759 -5.870914 0.210000
v -2.798866 -5.845978 0.210000
v -2.779117 -5.820485 0.210000
v -2.760514 -5.794435 0.210000
v -2.743052 -5.767827 0.210000
v -2.726738 -5.740660 0.210000
v -2.711566 -5.712937 0.210000
v -2.697539 -5.684657 0.210000
v -2.684657 -5.655818 0.210000
v -2.672920 -5.626422 0.210000
v -2.662327 -5.596468 0.210000
v -2.652722 -5.566112 0.210000
v -2.643954 -5.535508 0.210000
v -2.636020 -5.504656 0.210000
v -2.628921 -5.473557 0.210000
v -2.622658 -5.442209 0.210000
v -2.617230 -5.410614 0.210000
v -2.612636 -5.378771 0.210000
v -2.608880 -5.346680 0.210000
v -2.605956 -5.314341 0.210000
v -2.603868 -5.281755 0.210000
v -2.602615 -5.248920 0.210000
v -2.602197 -5.215838 0.210000
v -2.602569 -5.184378 0.210000
v -2.603682 -5.152442 0.210000
v -2.605538 -5.120031 0.210000
v -2.608136 -5.087145 0.210000
v -2.611477 -5.053784 0.210000
v -2.615560 -5.019948 0.210000
v -2.620384 -4.985637 0.210000
v -2.625952 -4.950852 0.210000
v -2.632262 -4.915590 0.210000
v -2.639314 -4.879855 0.210000
v -2.647108 -4.843644 0.210000
v -2.655644 -4.806960 0.210000
v -2.664954 -4.770047 0.210000
v -2.675068 -4.733154 0.210000
v -2.685987 -4.696283 0.210000
v -2.697710 -4.659432 0.210000
v -2.710236 -4.622602 0.210000
v -2.723567 -4.585793 0.210000
v -2.737703 -4.549004 0.210000
v -2.752641 -4.512236 0.210000
v -2.768384 -4.475488 0.210000
v -2.784932 -4.438761 0.210000
v -2.802284 -4.402054 0.210000
v -2.820439 -4.365370 0.210000
v -2.839431 -4.328808 0.210000
v -2.859288 -4.292473 0.210000
v -2.880011 -4.256365 0.210000
v -2.901600 -4.220485 0.210000
v -2.924055 -4.184833 0.210000
v -2.947376 -4.149406 0.210000
v -2.971563 -4.114207 0.210000
v -2.996616 -4.079236 0.210000
v -3.022537 -4.044492 0.210000
v -3.049321 -4.009975 0.210000
v -3.076972 -3.975685 0.210000
v -3.105491 -3.941622 0.210000
v -3.134919 -3.907992 0.210000
v -3.165308 -3.875003 0.210000
v -3.196656 -3.842654 0.210000
v -3.228962 -3.810945 0.210000
v -3.262228 -3.779877 0.210000
v -3.296450 -3.749448 0.210000
v -3.331633 -3.719660 0.210000
v -3.367775 -3.690511 0.210000
v -3.404876 -3.662004 0.210000
v -3.442934 -3.634135 0.210000
v -3.481952 -3.606908 0.210000
v -3.521931 -3.580320 0.210000
v -3.562882 -3.554496 0.210000
v -3.604822 -3.529562 0.210000
v -3.647754 -3.505514 0.210000
v -3.691675 -3.482355 0.210000
v -3.736585 -3.460083 0.210000
v -3.782486 -3.438699 0.210000
v -3.829375 -3.418204 0.210000
v -3.877255 -3.398596 0.210000
v -3.926122 -3.379876 0.210000
v -3.975981 -3.362045 0.210000
v -4.026830 -3.345100 0.210000
v -4.078670 -3.329046 0.210000
v -4.131575 -3.314084 0.210000
v -4.185625 -3.300424 0.210000
v -4.240820 -3.288064 0.210000
v -4.297159 -3.277006 0.210000
v -4.354641 -3.267249 0.210000
v -4.413270 -3.258792 0.210000
v -4.473042 -3.251636 0.210000
v -4.533959 -3.245782 0.210000
v -4.596020 -3.241228 0.210000
v -4.659225 -3.237976 0.210000
v -4.723574 -3.236025 0.210000
v -4.789069 -3.235374 0.210000
v -4.850094 -3.236087 0.210000
v -4.909944 -3.238224 0.210000
v -4.968618 -3.241786 0.210000
v -5.026116 -3.246773 0.210000
v -5.082439 -3.253186 0.210000
v -5.137589 -3.261023 0.210000
v -5.191561 -3.270285 0.210000
v -5.244358 -3.280971 0.210000
v -5.295980 -3.293082 0.210000
v -5.346426 -3.306618 0.210000
v -5.395698 -3.321580 0.210000
v -5.443795 -3.337966 0.210000
v -5.490808 -3.355716 0.210000
v -5.536831 -3.374765 0.210000
v -5.581866 -3.395117 0.210000
v -5.625910 -3.416768 0.210000
v -5.668964 -3.439721 0.210000
v -5.711030 -3.463975 0.210000
v -5.752104 -3.489530 0.210000
v -5.792188 -3.516386 0.210000
v -5.831284 -3.544542 0.210000
v -5.869389 -3.574001 0.210000
v -5.906506 -3.604759 0.210000
v -5.942632 -3.636820 0.210000
v -6.013896 -3.401900 0.210000
v -6.017591 -3.391740 0.210000
v -6.022741 -3.382075 0.210000
v -6.029344 -3.372907 0.210000
v -6.037402 -3.364233 0.210000
v -6.046912 -3.356056 0.210000
v -6.057877 -3.348374 0.210000
v -6.070296 -3.341188 0.210000
v -6.084167 -3.334497 0.210000
v -6.099493 -3.328301 0.210000
v -6.116274 -3.322602 0.210000
v -6.134506 -3.317398 0.210000
v -6.154193 -3.312690 0.210000
v -6.175644 -3.308416 0.210000
v -6.199165 -3.304513 0.210000
v -6.224760 -3.300981 0.210000
v -6.252426 -3.297822 0.210000
v -6.282166 -3.295034 0.210000
v -6.313977 -3.292617 0.210000
v -6.347861 -3.290574 0.210000
v -6.383817 -3.288900 0.210000
v -6.421845 -3.287600 0.210000
v -6.461947 -3.286671 0.210000
v -6.504119 -3.286112 0.210000
v -6.548365 -3.285928 0.210000
v -6.570325 -3.285979 0.210000
v -6.591668 -3.286133 0.210000
v -6.612391 -3.286392 0.210000
v -6.632495 -3.286753 0.210000
v -6.651980 -3.287217 0.210000
v -6.670848 -3.287786 0.210000
v -6.689097 -3.288457 0.210000
v -6.706727 -3.289231 0.210000
v -6.723737 -3.290109 0.210000
v -6.740130 -3.291090 0.210000
v -6.755905 -3.292174 0.210000
v -6.771061 -3.293362 0.210000
v -6.785644 -3.294642 0.210000
v -6.799702 -3.296004 0.210000
v -6.813233 -3.297450 0.210000
v -6.826240 -3.298978 0.210000
v -6.838721 -3.300589 0.210000
v -6.850674 -3.302282 0.210000
v -6.862103 -3.304059 0.210000
v -6.873006 -3.305917 0.210000
v -6.883382 -3.307858 0.210000
v -6.893233 -3.309881 0.210000
v -6.902559 -3.311988 0.210000
v -6.911357 -3.314178 0.210000
v -6.919662 -3.316469 0.210000
v -6.927505 -3.318885 0.210000
v -6.934882 -3.321425 0.210000
v -6.941793 -3.324089 0.210000
v -6.948242 -3.326877 0.210000
v -6.954228 -3.329789 0.210000
v -6.959748 -3.332825 0.210000
v -6.964808 -3.335984 0.210000
v -6.969400 -3.339267 0.210000
v -6.973528 -3.342674 0.210000
v -6.977194 -3.346206 0.210000
v -6.980394 -3.349862 0.210000
v -6.983178 -3.353630 0.210000
v -6.985590 -3.357502 0.210000
v -6.987632 -3.361477 0.210000
v -6.989303 -3.365556 0.210000
v -6.990602 -3.369736 0.210000
v -6.991529 -3.374022 0.210000
v -6.992085 -3.378410 0.210000
v -6.992272 -3.382902 0.210000
v -6.992085 -3.387496 0.210000
v -6.991529 -3.392194 0.210000
v -6.990602 -3.396995 0.210000
v -5.515057 -4.600290 0.210000
v -5.639765 -4.198844 0.210000
v -5.613554 -4.172153 0.210000
v -5.586876 -4.146598 0.210000
v -5.559735 -4.122179 0.210000
v -5.532130 -4.098896 0.210000
v -5.504060 -4.076748 0.210000
v -5.475528 -4.055736 0.210000
v -5.446531 -4.035860 0.210000
v -5.417071 -4.017120 0.210000
v -5.387147 -3.999516 0.210000
v -5.356756 -3.983046 0.210000
v -5.325904 -3.967713 0.210000
v -5.294588 -3.953516 0.210000
v -5.262622 -3.940455 0.210000
v -5.229821 -3.928529 0.210000
v -5.196184 -3.917739 0.210000
v -5.161712 -3.908085 0.210000
v -5.126407 -3.899566 0.210000
v -5.090265 -3.892184 0.210000
v -5.053288 -3.885937 0.210000
v -5.015476 -3.880826 0.210000
v -4.976829 -3.876851 0.210000
v -4.937348 -3.874012 0.210000
v -4.897030 -3.872308 0.210000
v -4.855876 -3.871740 0.210000
v -4.824916 -3.872153 0.210000
v -4.794389 -3.873393 0.210000
v -4.764295 -3.875457 0.210000
v -4.734632 -3.878348 0.210000
v -4.705403 -3.882065 0.210000
v -4.676608 -3.886608 0.210000
v -4.648243 -3.891978 0.210000
v -4.620314 -3.898172 0.210000
v -4.592817 -3.905193 0.210000
v -4.565754 -3.913041 0.210000
v -4.539124 -3.921714 0.210000
v -4.512926 -3.931214 0.210000
v -4.487193 -3.941404 0.210000
v -4.461954 -3.952152 0.210000
v -4.437210 -3.963459 0.210000
v -4.412961 -3.975323 0.210000
v -4.389207 -3.987744 0.210000
v -4.365948 -4.000723 0.210000
v -4.343182 -4.014259 0.210000
v -4.320913 -4.028353 0.210000
v -4.299138 -4.043005 0.210000
v -4.277859 -4.058213 0.210000
v -4.257075 -4.073980 0.210000
v -4.236784 -4.090304 0.210000
v -4.216943 -4.107124 0.210000
v -4.197503 -4.124378 0.210000
v -4.178464 -4.142066 0.210000
v -4.159831 -4.160186 0.210000
v -4.141597 -4.178741 0.210000
v -4.123766 -4.197729 0.210000
v -4.106337 -4.217151 0.210000
v -4.089310 -4.237005 0.210000
v -4.072684 -4.257295 0.210000
v -4.056462 -4.278018 0.210000
v -4.040640 -4.299174 0.210000
v -4.025223 -4.320764 0.210000
v -4.010221 -4.342644 0.210000
v -3.995653 -4.364667 0.210000
v -3.981519 -4.386835 0.210000
v -3.967816 -4.409148 0.210000
v -3.954546 -4.431606 0.210000
v -3.941711 -4.454207 0.210000
v -3.929308 -4.476954 0.210000
v -3.917339 -4.499846 0.210000
v -3.905803 -4.522880 0.210000
v -3.894698 -4.546062 0.210000
v -3.884028 -4.569386 0.210000
v -3.873789 -4.592854 0.210000
v -3.863985 -4.616417 0.210000
v -3.854614 -4.640021 0.210000
v -3.845674 -4.663665 0.210000
v -3.837168 -4.687351 0.210000
v -3.829096 -4.711079 0.210000
v -3.821457 -4.734847 0.210000
v -3.814250 -4.758658 0.210000
v -3.807476 -4.782509 0.210000
v -3.801135 -4.806401 0.210000
v -3.795228 -4.830335 0.210000
v -3.789753 -4.854311 0.210000
v -3.784712 -4.878328 0.210000
v -3.780087 -4.902210 0.210000
v -3.775865 -4.925782 0.210000
v -3.772045 -4.949045 0.210000
v -3.768629 -4.971998 0.210000
v -3.765612 -4.994641 0.210000
v -3.762998 -5.016974 0.210000
v -3.760788 -5.038998 0.210000
v -3.758977 -5.060712 0.210000
v -3.757571 -5.082116 0.210000
v -3.756565 -5.103210 0.210000
v -3.755962 -5.123995 0.210000
v -3.755761 -5.144470 0.210000
v -3.755901 -5.159276 0.210000
v -3.756318 -5.173960 0.210000
v -3.757014 -5.188518 0.210000
v -3.757989 -5.202953 0.210000
v -3.759240 -5.217264 0.210000
v -3.760772 -5.231451 0.210000
v -3.762581 -5.245514 0.210000
v -3.764669 -5.259453 0.210000
v -3.767035 -5.273268 0.210000
v -3.769679 -5.286960 0.210000
v -3.772602 -5.300526 0.210000
v -3.775803 -5.313970 0.210000
v -3.779376 -5.327228 0.210000
v -3.783413 -5.340238 0.210000
v -3.787913 -5.352999 0.210000
v -3.792877 -5.365513 0.210000
v -3.798306 -5.377780 0.210000
v -3.804198 -5.389798 0.210000
v -3.810554 -5.401569 0.210000
v -3.817373 -5.413092 0.210000
v -3.824658 -5.424367 0.210000
v -3.832406 -5.435395 0.210000
v -3.840618 -5.446174 0.210000
v -3.849293 -5.456706 0.210000
v -3.858449 -5.466938 0.210000
v -3.868099 -5.476820 0.210000
v -3.878243 -5.486350 0.210000
v -3.888884 -5.495529 0.210000
v -3.900018 -5.504357 0.210000
v -3.911649 -5.512834 0.210000
v -3.923774 -5.520959 0.210000
v -3.936392 -5.528735 0.210000
v -3.949507 -5.536159 0.210000
v -3.963117 -5.543231 0.210000
v -3.977219 -5.549953 0.210000
v -3.991819 -5.556324 0.210000
v -4.007005 -5.562261 0.210000
v -4.022872 -5.567681 0.210000
v -4.039420 -5.572586 0.210000
v -4.056648 -5.576974 0.210000
v -4.074555 -5.580846 0.210000
v -4.093146 -5.584202 0.210000
v -4.112414 -5.587041 0.210000
v -4.132364 -5.589364 0.210000
v -4.152994 -5.591171 0.210000
v -4.174304 -5.592462 0.210000
v -4.196297 -5.593236 0.210000
v -4.218968 -5.593494 0.210000
v -4.251691 -5.592948 0.210000
v -4.284540 -5.591306 0.210000
v -4.317511 -5.588570 0.210000
v -4.350606 -5.584739 0.210000
v -4.383824 -5.579814 0.210000
v -4.417166 -5.573794 0.210000
v -4.450634 -5.566680 0.210000
v -4.484223 -5.558472 0.210000
v -4.517937 -5.549169 0.210000
v -4.551775 -5.538771 0.210000
v -4.585735 -5.527279 0.210000
v -4.619820 -5.514692 0.210000
v -4.653781 -5.501166 0.210000
v -4.687371 -5.486856 0.210000
v -4.720591 -5.471760 0.210000
v -4.753438 -5.455880 0.210000
v -4.785915 -5.439215 0.210000
v -4.818020 -5.421765 0.210000
v -4.849753 -5.403531 0.210000
v -4.881117 -5.384512 0.210000
v -4.912109 -5.364708 0.210000
v -4.942731 -5.344120 0.210000
v -4.972980 -5.322746 0.210000
v -5.002856 -5.300588 0.210000
v -5.032257 -5.277728 0.210000
v -5.061068 -5.254248 0.210000
v -5.089290 -5.230149 0.210000
v -5.116927 -5.205431 0.210000
v -5.143974 -5.180092 0.210000
v -5.170435 -5.154135 0.210000
v -5.196308 -5.127558 0.210000
v -5.221594 -5.100361 0.210000
v -5.246292 -5.072545 0.210000
v -5.270401 -5.044109 0.210000
v -5.293924 -5.015054 0.210000
v -5.316858 -4.985380 0.210000
v -5.338988 -4.955220 0.210000
v -5.360097 -4.924709 0.210000
v -5.380186 -4.893847 0.210000
v -5.399254 -4.862633 0.210000
v -5.417302 -4.831069 0.210000
v -5.434329 -4.799153 0.210000
v -5.450336 -4.766887 0.210000
v -5.465321 -4.734269 0.210000
v -5.479286 -4.701300 0.210000
v -5.492231 -4.667982 0.210000
v -5.504153 -4.634311 0.210000
v -1.456428 -3.709674 0.210000
v -1.471012 -3.732277 0.210000
v -1.484328 -3.754982 0.210000
v -1.496374 -3.777791 0.210000
v -1.507152 -3.800702 0.210000
v -1.516664 -3.823717 0.210000
v -1.524908 -3.846835 0.210000
v -1.531881 -3.870057 0.210000
v -1.537589 -3.893382 0.210000
v -1.542027 -3.916809 0.210000
v -1.545196 -3.940341 0.210000
v -1.547100 -3.963975 0.210000
v -1.547733 -3.987712 0.210000
v -1.546728 -4.023098 0.210000
v -1.543712 -4.057883 0.210000
v -1.538686 -4.092070 0.210000
v -1.531650 -4.125658 0.210000
v -1.522603 -4.158647 0.210000
v -1.511545 -4.191038 0.210000
v -1.498477 -4.222829 0.210000
v -1.483398 -4.254021 0.210000
v -1.466311 -4.284616 0.210000
v -1.447211 -4.314610 0.210000
v -1.426102 -4.344006 0.210000
v -1.402981 -4.372804 0.210000
v -1.377742 -4.400970 0.210000
v -1.350277 -4.428477 0.210000
v -1.320584 -4.455323 0.210000
v -1.288665 -4.481507 0.210000
v -1.254518 -4.507031 0.210000
v -1.218145 -4.531894 0.210000
v -1.179543 -4.556097 0.210000
v -1.138716 -4.579639 0.210000
v -1.095662 -4.602519 0.210000
v -1.050380 -4.624739 0.210000
v -1.002872 -4.646298 0.210000
v -0.953136 -4.667196 0.210000
v -0.901142 -4.687361 0.210000
v -0.846861 -4.706721 0.210000
v -0.790291 -4.725276 0.210000
v -0.731431 -4.743026 0.210000
v -0.670281 -4.759969 0.210000
v -0.606844 -4.776107 0.210000
v -0.541118 -4.791441 0.210000
v -0.473103 -4.805968 0.210000
v -0.402799 -4.819690 0.210000
v -0.330207 -4.832607 0.210000
v -0.255325 -4.844718 0.210000
v -0.178156 -4.856024 0.210000
v -0.098588 -4.866474 0.210000
v -0.016516 -4.876014 0.210000
v 0.068063 -4.884646 0.210000
v 0.155145 -4.892369 0.210000
v 0.244734 -4.899185 0.210000
v 0.336828 -4.905090 0.210000
v 0.431428 -4.910088 0.210000
v 0.528532 -4.914176 0.210000
v 0.628142 -4.917356 0.210000
v 0.730258 -4.919628 0.210000
v 0.834878 -4.920990 0.210000
v 0.942003 -4.921446 0.210000
v 1.351764 -4.921446 0.210000
v 1.354672 -4.932835 0.210000
v 1.357455 -4.944202 0.210000
v 1.360115 -4.955550 0.210000
v 1.362651 -4.966877 0.210000
v 1.365063 -4.978182 0.210000
v 1.367352 -4.989468 0.210000
v 1.369517 -5.000732 0.210000
v 1.371560 -5.011977 0.210000
v 1.373477 -5.023201 0.210000
v 1.375270 -5.034403 0.210000
v 1.376941 -5.045586 0.210000
v 1.378487 -5.056748 0.210000
v 1.379910 -5.067826 0.210000
v 1.381209 -5.078761 0.210000
v 1.382384 -5.089550 0.210000
v 1.383436 -5.100196 0.210000
v 1.384365 -5.110696 0.210000
v 1.385168 -5.121053 0.210000
v 1.385849 -5.131264 0.210000
v 1.386405 -5.141332 0.210000
v 1.386838 -5.151255 0.210000
v 1.387148 -5.161032 0.210000
v 1.387332 -5.170666 0.210000
v 1.387396 -5.180154 0.210000
v 1.386097 -5.219473 0.210000
v 1.382198 -5.257140 0.210000
v 1.375703 -5.293154 0.210000
v 1.366609 -5.327517 0.210000
v 1.354919 -5.360227 0.210000
v 1.340629 -5.391284 0.210000
v 1.323741 -5.420691 0.210000
v 1.304256 -5.448446 0.210000
v 1.282171 -5.474548 0.210000
v 1.257489 -5.498998 0.210000
v 1.230208 -5.521796 0.210000
v 1.200331 -5.542942 0.210000
v 1.167576 -5.562416 0.210000
v 1.131665 -5.580195 0.210000
v 1.092601 -5.596282 0.210000
v 1.050382 -5.610676 0.210000
v 1.005007 -5.623376 0.210000
v 0.956479 -5.634383 0.210000
v 0.904796 -5.643697 0.210000
v 0.849957 -5.651316 0.210000
v 0.791963 -5.657242 0.210000
v 0.730814 -5.661475 0.210000
v 0.666511 -5.664016 0.210000
v 0.599053 -5.664863 0.210000
v 0.550477 -5.664667 0.210000
v 0.502736 -5.664078 0.210000
v 0.455831 -5.663097 0.210000
v 0.409762 -5.661724 0.210000
v 0.364526 -5.659959 0.210000
v 0.320126 -5.657801 0.210000
v 0.276562 -5.655251 0.210000
v 0.233832 -5.652307 0.210000
v 0.191937 -5.648973 0.210000
v 0.150878 -5.645245 0.210000
v 0.110654 -5.641125 0.210000
v 0.071264 -5.636612 0.210000
v 0.032694 -5.631863 0.210000
v -0.005071 -5.627031 0.210000
v -0.042032 -5.622117 0.210000
v -0.078190 -5.617119 0.210000
v -0.113543 -5.612039 0.210000
v -0.148091 -5.606876 0.210000
v -0.181835 -5.601631 0.210000
v -0.214776 -5.596303 0.210000
v -0.246913 -5.590893 0.210000
v -0.278245 -5.585400 0.210000
v -0.308772 -5.579824 0.210000
v -0.338497 -5.574166 0.210000
v -0.367401 -5.568507 0.210000
v -0.395469 -5.562932 0.210000
v -0.422702 -5.557439 0.210000
v -0.449101 -5.552029 0.210000
v -0.474664 -5.546700 0.210000
v -0.499393 -5.541456 0.210000
v -0.523287 -5.536294 0.210000
v -0.546345 -5.531213 0.210000
v -0.568569 -5.526216 0.210000
v -0.589957 -5.521301 0.210000
v -0.610510 -5.516469 0.210000
v -0.630227 -5.511718 0.210000
v -0.649095 -5.507207 0.210000
v -0.667096 -5.503087 0.210000
v -0.684231 -5.499360 0.210000
v -0.700500 -5.496024 0.210000
v -0.715903 -5.493082 0.210000
v -0.730440 -5.490531 0.210000
v -0.744111 -5.488373 0.210000
v -0.756916 -5.486608 0.210000
v -0.768856 -5.485234 0.210000
v -0.779929 -5.484254 0.210000
v -0.790134 -5.483665 0.210000
v -0.799476 -5.483469 0.210000
v -0.808167 -5.483613 0.210000
v -0.816425 -5.484046 0.210000
v -0.824252 -5.484770 0.210000
v -0.831644 -5.485782 0.210000
v -0.838603 -5.487082 0.210000
v -0.845129 -5.488673 0.210000
v -0.851223 -5.490552 0.210000
v -0.856883 -5.492720 0.210000
v -0.862110 -5.495178 0.210000
v -0.866904 -5.497925 0.210000
v -0.871264 -5.500959 0.210000
v -0.875192 -5.504284 0.210000
v -0.878749 -5.507919 0.210000
v -0.881997 -5.511885 0.210000
v -0.884935 -5.516180 0.210000
v -0.887564 -5.520805 0.210000
v -0.889885 -5.525762 0.210000
v -0.891894 -5.531048 0.210000
v -0.893596 -5.536664 0.210000
v -0.894988 -5.542612 0.210000
v -0.896070 -5.548890 0.210000
v -0.896844 -5.555498 0.210000
v -0.897307 -5.562437 0.210000
v -0.897461 -5.569706 0.210000
v -0.897370 -5.578234 0.210000
v -0.897092 -5.586969 0.210000
v -0.896627 -5.595911 0.210000
v -0.895977 -5.605059 0.210000
v -0.895142 -5.614413 0.210000
v -0.894122 -5.623975 0.210000
v -0.892916 -5.633743 0.210000
v -0.891524 -5.643716 0.210000
v -0.889947 -5.653897 0.210000
v -0.888183 -5.664284 0.210000
v -0.886234 -5.674878 0.210000
v -0.884100 -5.685678 0.210000
v -0.881795 -5.696572 0.210000
v -0.879338 -5.707445 0.210000
v -0.876724 -5.718296 0.210000
v -0.873956 -5.729127 0.210000
v -0.871032 -5.739938 0.210000
v -0.867954 -5.750728 0.210000
v -0.864724 -5.761497 0.210000
v -0.861335 -5.772245 0.210000
v -0.857794 -5.782973 0.210000
v -0.854099 -5.793681 0.210000
v -0.850248 -5.804367 0.210000
v -0.846242 -5.815034 0.210000
v -0.842067 -5.825637 0.210000
v -0.837706 -5.836137 0.210000
v -0.833158 -5.846536 0.210000
v -0.828426 -5.856829 0.210000
v -0.823509 -5.867021 0.210000
v -0.818406 -5.877108 0.210000
v -0.813115 -5.887094 0.210000
v -0.807641 -5.896975 0.210000
v -0.801981 -5.906752 0.210000
v -0.796135 -5.916427 0.210000
v -0.790105 -5.925998 0.210000
v -0.783887 -5.935466 0.210000
v -0.777501 -5.944697 0.210000
v -0.770959 -5.953557 0.210000
v -0.764263 -5.962044 0.210000
v -0.757411 -5.970159 0.210000
v -0.750406 -5.977903 0.210000
v -0.743245 -5.985275 0.210000
v -0.735930 -5.992276 0.210000
v -0.728461 -5.998905 0.210000
v -0.720836 -6.005162 0.210000
v -0.713058 -6.011048 0.210000
v -0.705124 -6.016562 0.210000
v -0.697036 -6.021703 0.210000
v -0.687509 -6.027650 0.210000
v -0.676746 -6.033598 0.210000
v -0.664745 -6.039546 0.210000
v -0.651507 -6.045492 0.210000
v -0.637032 -6.051440 0.210000
v -0.621320 -6.057388 0.210000
v -0.604369 -6.063334 0.210000
v -0.586183 -6.069282 0.210000
v -0.566758 -6.075230 0.210000
v -0.546098 -6.081176 0.210000
v -0.524199 -6.087124 0.210000
v -0.501064 -6.093072 0.210000
v -0.476908 -6.098978 0.210000
v -0.451946 -6.104801 0.210000
v -0.426182 -6.110542 0.210000
v -0.399614 -6.116200 0.210000
v -0.372241 -6.121776 0.210000
v -0.344064 -6.127268 0.210000
v -0.315083 -6.132679 0.210000
v -0.285297 -6.138006 0.210000
v -0.254706 -6.143252 0.210000
v -0.223313 -6.148414 0.210000
v -0.191115 -6.153495 0.210000
v -0.158113 -6.158492 0.210000
v -0.124369 -6.163376 0.210000
v -0.089943 -6.168115 0.210000
v -0.054837 -6.172709 0.210000
v -0.019051 -6.177160 0.210000
v 0.017415 -6.181466 0.210000
v 0.054562 -6.185627 0.210000
v 0.092388 -6.189643 0.210000
v 0.130897 -6.193515 0.210000
v 0.170085 -6.197242 0.210000
v 0.209954 -6.200826 0.210000
v 0.250503 -6.204263 0.210000
v 0.291732 -6.207558 0.210000
v 0.333364 -6.210644 0.210000
v 0.375119 -6.213463 0.210000
v 0.416998 -6.216014 0.210000
v 0.459002 -6.218296 0.210000
v 0.501128 -6.220309 0.210000
v 0.543379 -6.222054 0.210000
v 0.585753 -6.223531 0.210000
v 0.628251 -6.224739 0.210000
v 0.670872 -6.225678 0.210000
v 0.713617 -6.226349 0.210000
v 0.756485 -6.226751 0.210000
v 0.799479 -6.226886 0.210000
v 0.869984 -6.226473 0.210000
v 0.938973 -6.225235 0.210000
v 1.006446 -6.223169 0.210000
v 1.072404 -6.220279 0.210000
v 1.136847 -6.216561 0.210000
v 1.199774 -6.212018 0.210000
v 1.261186 -6.206648 0.210000
v 1.321082 -6.200454 0.210000
v 1.379462 -6.193433 0.210000
v 1.436327 -6.185585 0.210000
v 1.491676 -6.176912 0.210000
v 1.545508 -6.167413 0.210000
v 1.597858 -6.157066 0.210000
v 1.648753 -6.145854 0.210000
v 1.698194 -6.133773 0.210000
v 1.746182 -6.120825 0.210000
v 1.792717 -6.107011 0.210000
v 1.837798 -6.092328 0.210000
v 1.881423 -6.076778 0.210000
v 1.923597 -6.060360 0.210000
v 1.964316 -6.043077 0.210000
v 2.003581 -6.024924 0.210000
v 2.041394 -6.005905 0.210000
v 2.077751 -5.986020 0.210000
v 2.112640 -5.965234 0.210000
v 2.146046 -5.943521 0.210000
v 2.177965 -5.920877 0.210000
v 2.208399 -5.897305 0.210000
v 2.237351 -5.872804 0.210000
v 2.264816 -5.847372 0.210000
v 2.290797 -5.821012 0.210000
v 2.315293 -5.793722 0.210000
v 2.338305 -5.765503 0.210000
v 2.359833 -5.736354 0.210000
v 2.379875 -5.706278 0.210000
v 2.398433 -5.675270 0.210000
v 2.415506 -5.643314 0.210000
v 2.431095 -5.610387 0.210000
v 2.445199 -5.576489 0.210000
v 2.457819 -5.541621 0.210000
v 2.468953 -5.505781 0.210000
v 2.478603 -5.468973 0.210000
v 2.486768 -5.431192 0.210000
v 2.493451 -5.392442 0.210000
v 2.498646 -5.352720 0.210000
v 2.502357 -5.312028 0.210000
v 2.504585 -5.270366 0.210000
v 2.505327 -5.227734 0.210000
v 2.504941 -5.194331 0.210000
v 2.503781 -5.160537 0.210000
v 2.501847 -5.126349 0.210000
v 2.499141 -5.091771 0.210000
v 2.495663 -5.056799 0.210000
v 2.491409 -5.021435 0.210000
v 2.486383 -4.985679 0.210000
v 2.480584 -4.949531 0.210000
v 2.474011 -4.912989 0.210000
v 2.466666 -4.876056 0.210000
v 2.458546 -4.838730 0.210000
v 2.449654 -4.801012 0.210000
v 2.439895 -4.763138 0.210000
v 2.429178 -4.725348 0.210000
v 2.417501 -4.687641 0.210000
v 2.404866 -4.650015 0.210000
v 2.391274 -4.612473 0.210000
v 2.376721 -4.575012 0.210000
v 2.361209 -4.537636 0.210000
v 2.344739 -4.500340 0.210000
v 2.327310 -4.463129 0.210000
v 2.308923 -4.425999 0.210000
v 2.289576 -4.388952 0.210000
v 2.269270 -4.351988 0.210000
v 2.247989 -4.315199 0.210000
v 2.225720 -4.278678 0.210000
v 2.202462 -4.242426 0.210000
v 2.178212 -4.206443 0.210000
v 2.152973 -4.170729 0.210000
v 2.126744 -4.135281 0.210000
v 2.099526 -4.100103 0.210000
v 2.071318 -4.065193 0.210000
v 2.042120 -4.030553 0.210000
v 2.011932 -3.996180 0.210000
v 1.980755 -3.962076 0.210000
v 1.948588 -3.928240 0.210000
v 1.915354 -3.894879 0.210000
v 1.880976 -3.862199 0.210000
v 1.845453 -3.830202 0.210000
v 1.808785 -3.798884 0.210000
v 1.770972 -3.768250 0.210000
v 1.732017 -3.738297 0.210000
v 1.691917 -3.709025 0.210000
v 1.650670 -3.680434 0.210000
v 1.608281 -3.652525 0.210000
v 1.564747 -3.625297 0.210000
v 1.520070 -3.598751 0.210000
v 1.474246 -3.572886 0.210000
v 1.427248 -3.547786 0.210000
v 1.379045 -3.523531 0.210000
v 1.329633 -3.500124 0.210000
v 1.279017 -3.477563 0.210000
v 1.227193 -3.455850 0.210000
v 1.174164 -3.434982 0.210000
v 1.119928 -3.414961 0.210000
v 1.064486 -3.395787 0.210000
v 1.007838 -3.377461 0.210000
v 0.949984 -3.359979 0.210000
v 0.890923 -3.343346 0.210000
v 0.830655 -3.327558 0.210000
v 0.769075 -3.312835 0.210000
v 0.706071 -3.299391 0.210000
v 0.641644 -3.287228 0.210000
v 0.575793 -3.276345 0.210000
v 0.508521 -3.266743 0.210000
v 0.439825 -3.258421 0.210000
v 0.369708 -3.251379 0.210000
v 0.298165 -3.245617 0.210000
v 0.225203 -3.241136 0.210000
v 0.150815 -3.237935 0.210000
v 0.075006 -3.236014 0.210000
v -0.002226 -3.235374 0.210000
v -0.068988 -3.235819 0.210000
v -0.134173 -3.237151 0.210000
v -0.197780 -3.239371 0.210000
v -0.259811 -3.242478 0.210000
v -0.320263 -3.246474 0.210000
v -0.379138 -3.251358 0.210000
v -0.436436 -3.257130 0.210000
v -0.492157 -3.263789 0.210000
v -0.546300 -3.271338 0.210000
v -0.598865 -3.279774 0.210000
v -0.649853 -3.289097 0.210000
v -0.699262 -3.299308 0.210000
v -0.747158 -3.310253 0.210000
v -0.793600 -3.321776 0.210000
v -0.838587 -3.333877 0.210000
v -0.882121 -3.346556 0.210000
v -0.924201 -3.359814 0.210000
v -0.964828 -3.373650 0.210000
v -1.004001 -3.388064 0.210000
v -1.041719 -3.403056 0.210000
v -1.077985 -3.418627 0.210000
v -1.112797 -3.434775 0.210000
v -1.146155 -3.451503 0.210000
v -1.178059 -3.468808 0.210000
v -1.208572 -3.486608 0.210000
v -1.237753 -3.504822 0.210000
v -1.265605 -3.523449 0.210000
v -1.292129 -3.542489 0.210000
v -1.317320 -3.561941 0.210000
v -1.341183 -3.581808 0.210000
v -1.363715 -3.602086 0.210000
v -1.384919 -3.622778 0.210000
v -1.404790 -3.643882 0.210000
v -1.423332 -3.665400 0.210000
v -1.440546 -3.687331 0.210000
v -0.380809 -4.200330 0.210000
v -0.391479 -4.188115 0.210000
v -0.401222 -4.175756 0.210000
v -0.410037 -4.163252 0.210000
v -0.417924 -4.150604 0.210000
v -0.424883 -4.137811 0.210000
v -0.430915 -4.124874 0.210000
v -0.436018 -4.111792 0.210000
v -0.440193 -4.098565 0.210000
v -0.443441 -4.085193 0.210000
v -0.445760 -4.071678 0.210000
v -0.447152 -4.058018 0.210000
v -0.447617 -4.044212 0.210000
v -0.446642 -4.024667 0.210000
v -0.443720 -4.005679 0.210000
v -0.438849 -3.987249 0.210000
v -0.432028 -3.969375 0.210000
v -0.423260 -3.952060 0.210000
v -0.412542 -3.935302 0.210000
v -0.399877 -3.919102 0.210000
v -0.385263 -3.903459 0.210000
v -0.368700 -3.888374 0.210000
v -0.350187 -3.873847 0.210000
v -0.329728 -3.859876 0.210000
v -0.307319 -3.846464 0.210000
v -0.283055 -3.833878 0.210000
v -0.257027 -3.822385 0.210000
v -0.229236 -3.811988 0.210000
v -0.199682 -3.802685 0.210000
v -0.168366 -3.794476 0.210000
v -0.135286 -3.787362 0.210000
v -0.100443 -3.781342 0.210000
v -0.063838 -3.776417 0.210000
v -0.025470 -3.772587 0.210000
v 0.014662 -3.769850 0.210000
v 0.056557 -3.768208 0.210000
v 0.100215 -3.767662 0.210000
v 0.137006 -3.768033 0.210000
v 0.173148 -3.769148 0.210000
v 0.208639 -3.771007 0.210000
v 0.243482 -3.773608 0.210000
v 0.277675 -3.776954 0.210000
v 0.311219 -3.781044 0.210000
v 0.344113 -3.785875 0.210000
v 0.376356 -3.791450 0.210000
v 0.407951 -3.797770 0.210000
v 0.438898 -3.804832 0.210000
v 0.469194 -3.812638 0.210000
v 0.498839 -3.821188 0.210000
v 0.527868 -3.830367 0.210000
v 0.556307 -3.840062 0.210000
v 0.584160 -3.850273 0.210000
v 0.611425 -3.861002 0.210000
v 0.638101 -3.872246 0.210000
v 0.664192 -3.884007 0.210000
v 0.689693 -3.896283 0.210000
v 0.714608 -3.909076 0.210000
v 0.738933 -3.922386 0.210000
v 0.762671 -3.936211 0.210000
v 0.785822 -3.950552 0.210000
v 0.808386 -3.965410 0.210000
v 0.830392 -3.980753 0.210000
v 0.851875 -3.996551 0.210000
v 0.872829 -4.012804 0.210000
v 0.893258 -4.029509 0.210000
v 0.913162 -4.046670 0.210000
v 0.932539 -4.064285 0.210000
v 0.951390 -4.082354 0.210000
v 0.969717 -4.100877 0.210000
v 0.987516 -4.119855 0.210000
v 1.004792 -4.139288 0.210000
v 1.021541 -4.159173 0.210000
v 1.037763 -4.179514 0.210000
v 1.053460 -4.200197 0.210000
v 1.068632 -4.221105 0.210000
v 1.083276 -4.242240 0.210000
v 1.097396 -4.263604 0.210000
v 1.110990 -4.285193 0.210000
v 1.124058 -4.307011 0.210000
v 1.136600 -4.329055 0.210000
v 1.148616 -4.351326 0.210000
v 1.160107 -4.373826 0.210000
v 1.171071 -4.396551 0.210000
v 1.181510 -4.419504 0.210000
v 1.191423 -4.442684 0.210000
v 0.817294 -4.442684 0.210000
v 0.758713 -4.442468 0.210000
v 0.701739 -4.441817 0.210000
v 0.646375 -4.440733 0.210000
v 0.592619 -4.439215 0.210000
v 0.540471 -4.437263 0.210000
v 0.489932 -4.434879 0.210000
v 0.441001 -4.432060 0.210000
v 0.393677 -4.428807 0.210000
v 0.347962 -4.425121 0.210000
v 0.303857 -4.421001 0.210000
v 0.261359 -4.416449 0.210000
v 0.220470 -4.411461 0.210000
v 0.181034 -4.406103 0.210000
v 0.142897 -4.400434 0.210000
v 0.106059 -4.394455 0.210000
v 0.070522 -4.388167 0.210000
v 0.036282 -4.381570 0.210000
v 0.003341 -4.374662 0.210000
v -0.028299 -4.367445 0.210000
v -0.058643 -4.359917 0.210000
v -0.087685 -4.352080 0.210000
v -0.115429 -4.343934 0.210000
v -0.141874 -4.335478 0.210000
v -0.167021 -4.326712 0.210000
v -0.190961 -4.317656 0.210000
v -0.213786 -4.308332 0.210000
v -0.235500 -4.298740 0.210000
v -0.256098 -4.288880 0.210000
v -0.275584 -4.278751 0.210000
v -0.293956 -4.268353 0.210000
v -0.311216 -4.257687 0.210000
v -0.327362 -4.246752 0.210000
v -0.342393 -4.235549 0.210000
v -0.356312 -4.224079 0.210000
v -0.369117 -4.212339 0.210000
v 3.158939 -2.147012 0.210000
v 4.325865 -6.057388 0.210000
v 4.327518 -6.062292 0.210000
v 4.329515 -6.067093 0.210000
v 4.331850 -6.071791 0.210000
v 4.334525 -6.076386 0.210000
v 4.337540 -6.080876 0.210000
v 4.340897 -6.085266 0.210000
v 4.344592 -6.089550 0.210000
v 4.348629 -6.093732 0.210000
v 4.353005 -6.097811 0.210000
v 4.357721 -6.101786 0.210000
v 4.362780 -6.105658 0.210000
v 4.368177 -6.109426 0.210000
v 4.373976 -6.113092 0.210000
v 4.380239 -6.116654 0.210000
v 4.386967 -6.120113 0.210000
v 4.394157 -6.123469 0.210000
v 4.401813 -6.126722 0.210000
v 4.409932 -6.129870 0.210000
v 4.418515 -6.132916 0.210000
v 4.427561 -6.135859 0.210000
v 4.437073 -6.138699 0.210000
v 4.447047 -6.141434 0.210000
v 4.457488 -6.144068 0.210000
v 4.468389 -6.146598 0.210000
v 4.479834 -6.149024 0.210000
v 4.491896 -6.151347 0.210000
v 4.504578 -6.153567 0.210000
v 4.517878 -6.155684 0.210000
v 4.531796 -6.157697 0.210000
v 4.546333 -6.159607 0.210000
v 4.561489 -6.161415 0.210000
v 4.577263 -6.163117 0.210000
v 4.593655 -6.164719 0.210000
v 4.610668 -6.166215 0.210000
v 4.628297 -6.167609 0.210000
v 4.646547 -6.168900 0.210000
v 4.665445 -6.170087 0.210000
v 4.685023 -6.171172 0.210000
v 4.705282 -6.172153 0.210000
v 4.726221 -6.173030 0.210000
v 4.747842 -6.173805 0.210000
v 4.770143 -6.174476 0.210000
v 4.793123 -6.175043 0.210000
v 4.816784 -6.175508 0.210000
v 4.841125 -6.175869 0.210000
v 4.866149 -6.176128 0.210000
v 4.891852 -6.176282 0.210000
v 4.918234 -6.176334 0.210000
v 4.945995 -6.176282 0.210000
v 4.972857 -6.176128 0.210000
v 4.998823 -6.175869 0.210000
v 5.023892 -6.175508 0.210000
v 5.048063 -6.175043 0.210000
v 5.071338 -6.174476 0.210000
v 5.093716 -6.173804 0.210000
v 5.115197 -6.173030 0.210000
v 5.135781 -6.172153 0.210000
v 5.155468 -6.171172 0.210000
v 5.174258 -6.170087 0.210000
v 5.192150 -6.168900 0.210000
v 5.209270 -6.167609 0.210000
v 5.225740 -6.166215 0.210000
v 5.241560 -6.164719 0.210000
v 5.256732 -6.163117 0.210000
v 5.271254 -6.161415 0.210000
v 5.285126 -6.159607 0.210000
v 5.298348 -6.157697 0.210000
v 5.310922 -6.155684 0.210000
v 5.322845 -6.153567 0.210000
v 5.334119 -6.151347 0.210000
v 5.344743 -6.149024 0.210000
v 5.354717 -6.146598 0.210000
v 5.364106 -6.144068 0.210000
v 5.372967 -6.141434 0.210000
v 5.381302 -6.138698 0.210000
v 5.389112 -6.135859 0.210000
v 5.396397 -6.132916 0.210000
v 5.403154 -6.129870 0.210000
v 5.409386 -6.126722 0.210000
v 5.415094 -6.123468 0.210000
v 5.420274 -6.120113 0.210000
v 5.424930 -6.116654 0.210000
v 5.429058 -6.113092 0.210000
v 5.432662 -6.109426 0.210000
v 5.435801 -6.105658 0.210000
v 5.438539 -6.101786 0.210000
v 5.440874 -6.097811 0.210000
v 5.442807 -6.093732 0.210000
v 5.444338 -6.089550 0.210000
v 5.445467 -6.085266 0.210000
v 5.446194 -6.080876 0.210000
v 5.446518 -6.076386 0.210000
v 5.446441 -6.071791 0.210000
v 5.445961 -6.067093 0.210000
v 5.445079 -6.062292 0.210000
v 5.443796 -6.057388 0.210000
v 4.272418 -2.147012 0.210000
v 4.270779 -2.142096 0.210000
v 4.268830 -2.137264 0.210000
v 4.266572 -2.132514 0.210000
v 4.264004 -2.127847 0.210000
v 4.261127 -2.123263 0.210000
v 4.257942 -2.118762 0.210000
v 4.254447 -2.114342 0.210000
v 4.250643 -2.110005 0.210000
v 4.246529 -2.105752 0.210000
v 4.242106 -2.101580 0.210000
v 4.237373 -2.097492 0.210000
v 4.232332 -2.093486 0.210000
v 4.226858 -2.089572 0.210000
v 4.220826 -2.085763 0.210000
v 4.214239 -2.082056 0.210000
v 4.207093 -2.078451 0.210000
v 4.199393 -2.074952 0.210000
v 4.191135 -2.071554 0.210000
v 4.182319 -2.068261 0.210000
v 4.172946 -2.065071 0.210000
v 4.163018 -2.061983 0.210000
v 4.152534 -2.058999 0.210000
v 4.141491 -2.056119 0.210000
v 4.129892 -2.053340 0.210000
v 4.117752 -2.050667 0.210000
v 4.105087 -2.048096 0.210000
v 4.091894 -2.045628 0.210000
v 4.078177 -2.043263 0.210000
v 4.063935 -2.041002 0.210000
v 4.049165 -2.038844 0.210000
v 4.033870 -2.036789 0.210000
v 4.018050 -2.034838 0.210000
v 4.001704 -2.032990 0.210000
v 3.984832 -2.031245 0.210000
v 3.967432 -2.029603 0.210000
v 3.949509 -2.028064 0.210000
v 3.930935 -2.026640 0.210000
v 3.911589 -2.025339 0.210000
v 3.891469 -2.024161 0.210000
v 3.870576 -2.023109 0.210000
v 3.848910 -2.022180 0.210000
v 3.826470 -2.021374 0.210000
v 3.803256 -2.020692 0.210000
v 3.779271 -2.020135 0.210000
v 3.754512 -2.019701 0.210000
v 3.728979 -2.019392 0.210000
v 3.702673 -2.019206 0.210000
v 3.675593 -2.019144 0.210000
v 3.648544 -2.019206 0.210000
v 3.622333 -2.019392 0.210000
v 3.596954 -2.019701 0.210000
v 3.572411 -2.020135 0.210000
v 3.548702 -2.020692 0.210000
v 3.525830 -2.021374 0.210000
v 3.503792 -2.022180 0.210000
v 3.482590 -2.023109 0.210000
v 3.462223 -2.024161 0.210000
v 3.442690 -2.025339 0.210000
v 3.423993 -2.026640 0.210000
v 3.406131 -2.028064 0.210000
v 3.389012 -2.029603 0.210000
v 3.372541 -2.031244 0.210000
v 3.356721 -2.032990 0.210000
v 3.341549 -2.034838 0.210000
v 3.327028 -2.036789 0.210000
v 3.313155 -2.038844 0.210000
v 3.299933 -2.041002 0.210000
v 3.287361 -2.043263 0.210000
v 3.275436 -2.045628 0.210000
v 3.264163 -2.048096 0.210000
v 3.253538 -2.050666 0.210000
v 3.243564 -2.053340 0.210000
v 3.234191 -2.056119 0.210000
v 3.225377 -2.058999 0.210000
v 3.217119 -2.061983 0.210000
v 3.209417 -2.065071 0.210000
v 3.202272 -2.068261 0.210000
v 3.195684 -2.071554 0.210000
v 3.189653 -2.074952 0.210000
v 3.184178 -2.078451 0.210000
v 3.179261 -2.082056 0.210000
v 3.174900 -2.085763 0.210000
v 3.171094 -2.089572 0.210000
v 3.167848 -2.093486 0.210000
v 3.165064 -2.097492 0.210000
v 3.162650 -2.101581 0.210000
v 3.160610 -2.105752 0.210000
v 3.158939 -2.110006 0.210000
v 3.157640 -2.114342 0.210000
v 3.156713 -2.118762 0.210000
v 3.156156 -2.123263 0.210000
v 3.155970 -2.127848 0.210000
v 3.156156 -2.132514 0.210000
v 3.156713 -2.137265 0.210000
v 3.157640 -2.142097 0.210000
v 5.948203 -2.535076 0.210000
v 5.935041 -2.544957 0.210000
v 5.923025 -2.555271 0.210000
v 5.912154 -2.566020 0.210000
v 5.902427 -2.577202 0.210000
v 5.893842 -2.588818 0.210000
v 5.886405 -2.600868 0.210000
v 5.880110 -2.613351 0.210000
v 5.874960 -2.626268 0.210000
v 5.870954 -2.639618 0.210000
v 5.868093 -2.653403 0.210000
v 5.866377 -2.667620 0.210000
v 5.865806 -2.682272 0.210000
v 5.866099 -2.696542 0.210000
v 5.866981 -2.711595 0.210000
v 5.868450 -2.727435 0.210000
v 5.870506 -2.744058 0.210000
v 5.873151 -2.761466 0.210000
v 5.876383 -2.779659 0.210000
v 5.880203 -2.798638 0.210000
v 5.884610 -2.818400 0.210000
v 5.889606 -2.838947 0.210000
v 5.895189 -2.860279 0.210000
v 5.901359 -2.882395 0.210000
v 5.908117 -2.905298 0.210000
v 5.915323 -2.928208 0.210000
v 5.922840 -2.950356 0.210000
v 5.930665 -2.971741 0.210000
v 5.938800 -2.992360 0.210000
v 5.947244 -3.012215 0.210000
v 5.955996 -3.031307 0.210000
v 5.965059 -3.049634 0.210000
v 5.974432 -3.067197 0.210000
v 5.984111 -3.083996 0.210000
v 5.994103 -3.100031 0.210000
v 6.004402 -3.115302 0.210000
v 6.015010 -3.129810 0.210000
v 6.025884 -3.143346 0.210000
v 6.036972 -3.155705 0.210000
v 6.048276 -3.166888 0.210000
v 6.059798 -3.176893 0.210000
v 6.071536 -3.185721 0.210000
v 6.083490 -3.193371 0.210000
v 6.095661 -3.199846 0.210000
v 6.108049 -3.205143 0.210000
v 6.120653 -3.209262 0.210000
v 6.133473 -3.212205 0.210000
v 6.146510 -3.213971 0.210000
v 6.159764 -3.214558 0.210000
v 6.169568 -3.214218 0.210000
v 6.179683 -3.213196 0.210000
v 6.190106 -3.211492 0.210000
v 6.200839 -3.209107 0.210000
v 6.211880 -3.206040 0.210000
v 6.223233 -3.202293 0.210000
v 6.234893 -3.197863 0.210000
v 6.246862 -3.192752 0.210000
v 6.259141 -3.186959 0.210000
v 6.271729 -3.180486 0.210000
v 6.284627 -3.173330 0.210000
v 6.297834 -3.165494 0.210000
v 6.311537 -3.157264 0.210000
v 6.325919 -3.148932 0.210000
v 6.340982 -3.140496 0.210000
v 6.356726 -3.131957 0.210000
v 6.373148 -3.123314 0.210000
v 6.390252 -3.114569 0.210000
v 6.408037 -3.105720 0.210000
v 6.426503 -3.096768 0.210000
v 6.445648 -3.087713 0.210000
v 6.465474 -3.078555 0.210000
v 6.485981 -3.069293 0.210000
v 6.507169 -3.059928 0.210000
v 6.529191 -3.050563 0.210000
v 6.552202 -3.041302 0.210000
v 6.576205 -3.032143 0.210000
v 6.601195 -3.023088 0.210000
v 6.627177 -3.014136 0.210000
v 6.654148 -3.005287 0.210000
v 6.682108 -2.996542 0.210000
v 6.711058 -2.987899 0.210000
v 6.740998 -2.979360 0.210000
v 6.771929 -2.970924 0.210000
v 6.803848 -2.962592 0.210000
v 6.836757 -2.954363 0.210000
v 6.870843 -2.946526 0.210000
v 6.906288 -2.939371 0.210000
v 6.943096 -2.932897 0.210000
v 6.981262 -2.927105 0.210000
v 7.020791 -2.921993 0.210000
v 7.061679 -2.917564 0.210000
v 7.103931 -2.913815 0.210000
v 7.147542 -2.910749 0.210000
v 7.192513 -2.908364 0.210000
v 7.238847 -2.906660 0.210000
v 7.286541 -2.905638 0.210000
v 7.335596 -2.905298 0.210000
v 7.390127 -2.905906 0.210000
v 7.443851 -2.907734 0.210000
v 7.496771 -2.910779 0.210000
v 7.548890 -2.915044 0.210000
v 7.600202 -2.920527 0.210000
v 7.650711 -2.927228 0.210000
v 7.700416 -2.935147 0.210000
v 7.749315 -2.944285 0.210000
v 7.797411 -2.954642 0.210000
v 7.844702 -2.966217 0.210000
v 7.891192 -2.979009 0.210000
v 7.936875 -2.993020 0.210000
v 7.981754 -3.008033 0.210000
v 8.025829 -3.023831 0.210000
v 8.069099 -3.040413 0.210000
v 8.111567 -3.057780 0.210000
v 8.153230 -3.075933 0.210000
v 8.194086 -3.094869 0.210000
v 8.234141 -3.114590 0.210000
v 8.273393 -3.135096 0.210000
v 8.311838 -3.156387 0.210000
v 8.349479 -3.178463 0.210000
v 8.386316 -3.201322 0.210000
v 8.422350 -3.224966 0.210000
v 8.457610 -3.249304 0.210000
v 8.492128 -3.274239 0.210000
v 8.525905 -3.299773 0.210000
v 8.558938 -3.325907 0.210000
v 8.591229 -3.352639 0.210000
v 8.622778 -3.379969 0.210000
v 8.653584 -3.407899 0.210000
v 8.683649 -3.436428 0.210000
v 8.712971 -3.465555 0.210000
v 8.741550 -3.495281 0.210000
v 8.769387 -3.525607 0.210000
v 8.796480 -3.556531 0.210000
v 8.822818 -3.587858 0.210000
v 8.848379 -3.619391 0.210000
v 8.873171 -3.651131 0.210000
v 8.897188 -3.683077 0.210000
v 8.920432 -3.715230 0.210000
v 8.942903 -3.747589 0.210000
v 8.964601 -3.780155 0.210000
v 8.985524 -3.812927 0.210000
v 9.005673 -3.845907 0.210000
v 9.025052 -3.879092 0.210000
v 9.043655 -3.912483 0.210000
v 9.061487 -3.946082 0.210000
v 9.078561 -3.979773 0.210000
v 9.094891 -4.013444 0.210000
v 9.110479 -4.047094 0.210000
v 9.125327 -4.080723 0.210000
v 9.139431 -4.114332 0.210000
v 9.152792 -4.147920 0.210000
v 9.165411 -4.181488 0.210000
v 9.177289 -4.215033 0.210000
v 9.188424 -4.248559 0.210000
v 9.198815 -4.282065 0.210000
v 9.208466 -4.315550 0.210000
v 9.217375 -4.349014 0.210000
v 9.225556 -4.382272 0.210000
v 9.233026 -4.415136 0.210000
v 9.239782 -4.447610 0.210000
v 9.245831 -4.479691 0.210000
v 9.251164 -4.511378 0.210000
v 9.255789 -4.542675 0.210000
v 9.259703 -4.573577 0.210000
v 9.262904 -4.604089 0.210000
v 9.265393 -4.634208 0.210000
v 9.267172 -4.663933 0.210000
v 9.268238 -4.693268 0.210000
v 9.268594 -4.722210 0.210000
v 9.268052 -4.756551 0.210000
v 9.266429 -4.790191 0.210000
v 9.263722 -4.823128 0.210000
v 9.259934 -4.855364 0.210000
v 9.255061 -4.886897 0.210000
v 9.249108 -4.917729 0.210000
v 9.242072 -4.947857 0.210000
v 9.233953 -4.977284 0.210000
v 9.224751 -5.006010 0.210000
v 9.214467 -5.034031 0.210000
v 9.203099 -5.061352 0.210000
v 9.190650 -5.087970 0.210000
v 9.177180 -5.113867 0.210000
v 9.162752 -5.139019 0.210000
v 9.147365 -5.163427 0.210000
v 9.131019 -5.187093 0.210000
v 9.113712 -5.210015 0.210000
v 9.095450 -5.232194 0.210000
v 9.076226 -5.253629 0.210000
v 9.056044 -5.274321 0.210000
v 9.034904 -5.294270 0.210000
v 9.012805 -5.313474 0.210000
v 8.989747 -5.331936 0.210000
v 8.965727 -5.349654 0.210000
v 8.940767 -5.366639 0.210000
v 8.914879 -5.382901 0.210000
v 8.888062 -5.398440 0.210000
v 8.860318 -5.413258 0.210000
v 8.831646 -5.427351 0.210000
v 8.802048 -5.440722 0.210000
v 8.771521 -5.453371 0.210000
v 8.740065 -5.465296 0.210000
v 8.707681 -5.476499 0.210000
v 8.674368 -5.486979 0.210000
v 8.640129 -5.496737 0.210000
v 8.604962 -5.505772 0.210000
v 8.568958 -5.514084 0.210000
v 8.532213 -5.521672 0.210000
v 8.494726 -5.528539 0.210000
v 8.456499 -5.534682 0.210000
v 8.417528 -5.540103 0.210000
v 8.377813 -5.544801 0.210000
v 8.337356 -5.548777 0.210000
v 8.296158 -5.552029 0.210000
v 8.254218 -5.554558 0.210000
v 8.211534 -5.556365 0.210000
v 8.168108 -5.557449 0.210000
v 8.123938 -5.557810 0.210000
v 8.071868 -5.557501 0.210000
v 8.021066 -5.556572 0.210000
v 7.971531 -5.555023 0.210000
v 7.923266 -5.552855 0.210000
v 7.876268 -5.550067 0.210000
v 7.830537 -5.546659 0.210000
v 7.786076 -5.542633 0.210000
v 7.742881 -5.537986 0.210000
v 7.700955 -5.532721 0.210000
v 7.660297 -5.526834 0.210000
v 7.620909 -5.520330 0.210000
v 7.582788 -5.513206 0.210000
v 7.545766 -5.505710 0.210000
v 7.509670 -5.498090 0.210000
v 7.474503 -5.490345 0.210000
v 7.440262 -5.482477 0.210000
v 7.406951 -5.474486 0.210000
v 7.374568 -5.466371 0.210000
v 7.343113 -5.458130 0.210000
v 7.312584 -5.449767 0.210000
v 7.282986 -5.441279 0.210000
v 7.254313 -5.432668 0.210000
v 7.226570 -5.423934 0.210000
v 7.199751 -5.415074 0.210000
v 7.173771 -5.406216 0.210000
v 7.148531 -5.397480 0.210000
v 7.124033 -5.388869 0.210000
v 7.100280 -5.380382 0.210000
v 7.077267 -5.372018 0.210000
v 7.054997 -5.363779 0.210000
v 7.033470 -5.355662 0.210000
v 7.012685 -5.347672 0.210000
v 6.992642 -5.339803 0.210000
v 6.973342 -5.332060 0.210000
v 6.954784 -5.324440 0.210000
v 6.936971 -5.316944 0.210000
v 6.919666 -5.309819 0.210000
v 6.902637 -5.303314 0.210000
v 6.885890 -5.297428 0.210000
v 6.869420 -5.292163 0.210000
v 6.853228 -5.287517 0.210000
v 6.837315 -5.283489 0.210000
v 6.821681 -5.280082 0.210000
v 6.806323 -5.277295 0.210000
v 6.791244 -5.275126 0.210000
v 6.776444 -5.273578 0.210000
v 6.761923 -5.272648 0.210000
v 6.747679 -5.272338 0.210000
v 6.738292 -5.272535 0.210000
v 6.729430 -5.273124 0.210000
v 6.721095 -5.274104 0.210000
v 6.713286 -5.275477 0.210000
v 6.706001 -5.277243 0.210000
v 6.699243 -5.279401 0.210000
v 6.693011 -5.281951 0.210000
v 6.687306 -5.284894 0.210000
v 6.682124 -5.288229 0.210000
v 6.677469 -5.291955 0.210000
v 6.673340 -5.296076 0.210000
v 6.669736 -5.300588 0.210000
v 6.666535 -5.305451 0.210000
v 6.663611 -5.310624 0.210000
v 6.660966 -5.316107 0.210000
v 6.658601 -5.321899 0.210000
v 6.656514 -5.328001 0.210000
v 6.654703 -5.334414 0.210000
v 6.653173 -5.341135 0.210000
v 6.651919 -5.348166 0.210000
v 6.650945 -5.355508 0.210000
v 6.650251 -5.363160 0.210000
v 6.649832 -5.371120 0.210000
v 6.649693 -5.379390 0.210000
v 6.649756 -5.383004 0.210000
v 6.649942 -5.386908 0.210000
v 6.650251 -5.391099 0.210000
v 6.650684 -5.395581 0.210000
v 6.651241 -5.400351 0.210000
v 6.651921 -5.405411 0.210000
v 6.652726 -5.410758 0.210000
v 6.653653 -5.416396 0.210000
v 6.654705 -5.422322 0.210000
v 6.655881 -5.428539 0.210000
v 6.657180 -5.435044 0.210000
v 6.658601 -5.441838 0.210000
v 6.660118 -5.448848 0.210000
v 6.661694 -5.456004 0.210000
v 6.663334 -5.463303 0.210000
v 6.665035 -5.470748 0.210000
v 6.666798 -5.478338 0.210000
v 6.668623 -5.486071 0.210000
v 6.670509 -5.493949 0.210000
v 6.672458 -5.501972 0.210000
v 6.674469 -5.510139 0.210000
v 6.676541 -5.518451 0.210000
v 6.678674 -5.526907 0.210000
v 6.680871 -5.535508 0.210000
v 6.683128 -5.544244 0.210000
v 6.685448 -5.553102 0.210000
v 6.687830 -5.562086 0.210000
v 6.690274 -5.571192 0.210000
v 6.692779 -5.580423 0.210000
v 6.695346 -5.589777 0.210000
v 6.697976 -5.599256 0.210000
v 6.700667 -5.608859 0.210000
v 6.703419 -5.618586 0.210000
v 6.706234 -5.628435 0.210000
v 6.709111 -5.638410 0.210000
v 6.712049 -5.648508 0.210000
v 6.715048 -5.658606 0.210000
v 6.718110 -5.668580 0.210000
v 6.721234 -5.678431 0.210000
v 6.724421 -5.688157 0.210000
v 6.727669 -5.697759 0.210000
v 6.730978 -5.707237 0.210000
v 6.734349 -5.716592 0.210000
v 6.737782 -5.725822 0.210000
v 6.741277 -5.734930 0.210000
v 6.744835 -5.743913 0.210000
v 6.748454 -5.752772 0.210000
v 6.752133 -5.761507 0.210000
v 6.755891 -5.770118 0.210000
v 6.759742 -5.778605 0.210000
v 6.763686 -5.786969 0.210000
v 6.767722 -5.795209 0.210000
v 6.771852 -5.803324 0.210000
v 6.776074 -5.811316 0.210000
v 6.780388 -5.819184 0.210000
v 6.784795 -5.826928 0.210000
v 6.789295 -5.834548 0.210000
v 6.793890 -5.842044 0.210000
v 6.798575 -5.849416 0.210000
v 6.803353 -5.856664 0.210000
v 6.808318 -5.863779 0.210000
v 6.813561 -5.870749 0.210000
v 6.819083 -5.877573 0.210000
v 6.824882 -5.884253 0.210000
v 6.830958 -5.890790 0.210000
v 6.837315 -5.897181 0.210000
v 6.843948 -5.903428 0.210000
v 6.850862 -5.909530 0.210000
v 6.858052 -5.915487 0.210000
v 6.865523 -5.921300 0.210000
v 6.873271 -5.926969 0.210000
v 6.881298 -5.932492 0.210000
v 6.890111 -5.938078 0.210000
v 6.900226 -5.943934 0.210000
v 6.911639 -5.950056 0.210000
v 6.924351 -5.956447 0.210000
v 6.938363 -5.963108 0.210000
v 6.953672 -5.970037 0.210000
v 6.970282 -5.977233 0.210000
v 6.988192 -5.984697 0.210000
v 7.007399 -5.992431 0.210000
v 7.027904 -6.000434 0.210000
v 7.049711 -6.008703 0.210000
v 7.072816 -6.017242 0.210000
v 7.097003 -6.025865 0.210000
v 7.122056 -6.034382 0.210000
v 7.147976 -6.042798 0.210000
v 7.174762 -6.051110 0.210000
v 7.202412 -6.059318 0.210000
v 7.230928 -6.067423 0.210000
v 7.260313 -6.075425 0.210000
v 7.290562 -6.083324 0.210000
v 7.321678 -6.091120 0.210000
v 7.353658 -6.098812 0.210000
v 7.386507 -6.106401 0.210000
v 7.420221 -6.113886 0.210000
v 7.454739 -6.121228 0.210000
v 7.489998 -6.128384 0.210000
v 7.526000 -6.135353 0.210000
v 7.562746 -6.142137 0.210000
v 7.600231 -6.148735 0.210000
v 7.638461 -6.155146 0.210000
v 7.677433 -6.161372 0.210000
v 7.717147 -6.167413 0.210000
v 7.757603 -6.173268 0.210000
v 7.798801 -6.178936 0.210000
v 7.840743 -6.184419 0.210000
v 7.883427 -6.189716 0.210000
v 7.926729 -6.194703 0.210000
v 7.970527 -6.199257 0.210000
v 8.014818 -6.203376 0.210000
v 8.059606 -6.207062 0.210000
v 8.104885 -6.210314 0.210000
v 8.150661 -6.213134 0.210000
v 8.196934 -6.215519 0.210000
v 8.243700 -6.217470 0.210000
v 8.290960 -6.218987 0.210000
v 8.338717 -6.220071 0.210000
v 8.386967 -6.220722 0.210000
v 8.435713 -6.220939 0.210000
v 8.515960 -6.220341 0.210000
v 8.594877 -6.218544 0.210000
v 8.672465 -6.215549 0.210000
v 8.748723 -6.211357 0.210000
v 8.823650 -6.205967 0.210000
v 8.897249 -6.199379 0.210000
v 8.969517 -6.191594 0.210000
v 9.040455 -6.182612 0.210000
v 9.110063 -6.172431 0.210000
v 9.178341 -6.161053 0.210000
v 9.245289 -6.148476 0.210000
v 9.310906 -6.134702 0.210000
v 9.375040 -6.119710 0.210000
v 9.437533 -6.103478 0.210000
v 9.498388 -6.086009 0.210000
v 9.557604 -6.067299 0.210000
v 9.615179 -6.047351 0.210000
v 9.671117 -6.026164 0.210000
v 9.725413 -6.003737 0.210000
v 9.778072 -5.980072 0.210000
v 9.829091 -5.955167 0.210000
v 9.878471 -5.929024 0.210000
v 9.926210 -5.901641 0.210000
v 9.972314 -5.873020 0.210000
v 10.016728 -5.843160 0.210000
v 10.059412 -5.812060 0.210000
v 10.100363 -5.779721 0.210000
v 10.139583 -5.746143 0.210000
v 10.177069 -5.711327 0.210000
v 10.212824 -5.675270 0.210000
v 10.246846 -5.637976 0.210000
v 10.279138 -5.599442 0.210000
v 10.309696 -5.559669 0.210000
v 10.338523 -5.518657 0.210000
v 10.365618 -5.476407 0.210000
v 10.390980 -5.432916 0.210000
v 10.414457 -5.388188 0.210000
v 10.435892 -5.342220 0.210000
v 10.455284 -5.295012 0.210000
v 10.472636 -5.246567 0.210000
v 10.487947 -5.196881 0.210000
v 10.501215 -5.145958 0.209999
v 10.512442 -5.093794 0.209999
v 10.521628 -5.040392 0.209999
v 10.528773 -4.985751 0.209999
v 10.533876 -4.929871 0.209999
v 10.536940 -4.872751 0.209999
v 10.537960 -4.814394 0.209999
v 10.537373 -4.768146 0.209999
v 10.535608 -4.721590 0.209999
v 10.532669 -4.674724 0.209999
v 10.528555 -4.627547 0.209999
v 10.523266 -4.580062 0.209999
v 10.516802 -4.532267 0.209999
v 10.509163 -4.484161 0.209999
v 10.500347 -4.435746 0.209999
v 10.490355 -4.387021 0.209999
v 10.479189 -4.337987 0.209999
v 10.466848 -4.288642 0.209999
v 10.453335 -4.238988 0.209999
v 10.438627 -4.189271 0.209999
v 10.422714 -4.139742 0.209999
v 10.405596 -4.090398 0.209999
v 10.387270 -4.041240 0.209999
v 10.367737 -3.992266 0.209999
v 10.346998 -3.943480 0.209999
v 10.325054 -3.894879 0.209999
v 10.301903 -3.846464 0.209999
v 10.277546 -3.798235 0.209999
v 10.251983 -3.750191 0.209999
v 10.225211 -3.702334 0.209999
v 10.197235 -3.654662 0.209999
v 10.168022 -3.607290 0.209999
v 10.137540 -3.560330 0.209999
v 10.105792 -3.513784 0.209999
v 10.072773 -3.467651 0.209999
v 10.038488 -3.421931 0.209999
v 10.002933 -3.376624 0.209999
v 9.966110 -3.331729 0.209999
v 9.928021 -3.287249 0.209999
v 9.888662 -3.243180 0.209999
v 9.848037 -3.199525 0.209999
v 9.806141 -3.156283 0.209999
v 9.762979 -3.113454 0.209999
v 9.718517 -3.071276 0.209999
v 9.672724 -3.029984 0.209999
v 9.625603 -2.989582 0.209999
v 9.577150 -2.950067 0.209999
v 9.527369 -2.911441 0.209999
v 9.476257 -2.873702 0.209999
v 9.423817 -2.836851 0.209999
v 9.370046 -2.800888 0.209999
v 9.314943 -2.765814 0.209999
v 9.258512 -2.731627 0.209999
v 9.200750 -2.698328 0.209999
v 9.141658 -2.665916 0.209999
v 9.081221 -2.634497 0.209999
v 9.019423 -2.604172 0.209999
v 8.956264 -2.574941 0.209999
v 8.891744 -2.546805 0.209999
v 8.825863 -2.519763 0.209999
v 8.758620 -2.493816 0.209999
v 8.690020 -2.468962 0.209999
v 8.620054 -2.445204 0.209999
v 8.548731 -2.422541 0.209999
v 8.476046 -2.400971 0.209999
v 8.401999 -2.380497 0.210000
v 8.326592 -2.361116 0.210000
v 8.249806 -2.343067 0.210000
v 8.171632 -2.326588 0.210000
v 8.092064 -2.311679 0.210000
v 8.011106 -2.298338 0.210000
v 7.928754 -2.286568 0.210000
v 7.845011 -2.276367 0.210000
v 7.759875 -2.267735 0.210000
v 7.673350 -2.260673 0.210000
v 7.585432 -2.255179 0.210000
v 7.496119 -2.251256 0.210000
v 7.405417 -2.248901 0.210000
v 7.313325 -2.248116 0.210000
v 7.261595 -2.248415 0.210000
v 7.210330 -2.249313 0.210000
v 7.159526 -2.250811 0.210000
v 7.109188 -2.252908 0.210000
v 7.059313 -2.255601 0.210000
v 7.009903 -2.258896 0.210000
v 6.960956 -2.262789 0.210000
v 6.912474 -2.267279 0.210000
v 6.864455 -2.272370 0.210000
v 6.816900 -2.278059 0.210000
v 6.769809 -2.284348 0.210000
v 6.723183 -2.291234 0.210000
v 6.677282 -2.298617 0.210000
v 6.632372 -2.306391 0.210000
v 6.588453 -2.314559 0.210000
v 6.545522 -2.323118 0.210000
v 6.503581 -2.332070 0.210000
v 6.462629 -2.341414 0.210000
v 6.422667 -2.351151 0.210000
v 6.383696 -2.361281 0.210000
v 6.345714 -2.371802 0.210000
v 6.308722 -2.382716 0.210000
v 6.272719 -2.394021 0.210000
v 6.237707 -2.405720 0.210000
v 6.204055 -2.417522 0.210000
v 6.172136 -2.429138 0.210000
v 6.141947 -2.440569 0.210000
v 6.113492 -2.451812 0.210000
v 6.086768 -2.462871 0.210000
v 6.061777 -2.473743 0.210000
v 6.038517 -2.484430 0.210000
v 6.016991 -2.494930 0.210000
v 5.997196 -2.505246 0.210000
v 5.979134 -2.515375 0.210000
v 5.962801 -2.525318 0.210000
v 5.948203 -2.535076 0.210000
v 5.948203 -2.535076 -0.210000
v 5.935041 -2.544957 0.210000
v 5.935041 -2.544957 -0.210000
v 5.923025 -2.555271 0.210000
v 5.923025 -2.555271 -0.210000
v 5.912154 -2.566020 0.210000
v 5.912154 -2.566020 -0.210000
v 5.902427 -2.577202 0.210000
v 5.902427 -2.577202 -0.210000
v 5.893842 -2.588818 0.210000
v 5.893842 -2.588818 -0.210000
v 5.886405 -2.600868 0.210000
v 5.886405 -2.600868 -0.210000
v 5.880110 -2.613351 0.210000
v 5.880110 -2.613351 -0.210000
v 5.874960 -2.626268 0.210000
v 5.874960 -2.626268 -0.210000
v 5.870954 -2.639618 0.210000
v 5.870954 -2.639618 -0.210000
v 5.868093 -2.653403 0.210000
v 5.868093 -2.653403 -0.210000
v 5.866377 -2.667620 0.210000
v 5.866377 -2.667620 -0.210000
v 5.865806 -2.682272 0.210000
v 5.865806 -2.682272 -0.210000
v 5.866099 -2.696542 0.210000
v 5.866099 -2.696542 -0.210000
v 5.866981 -2.711595 0.210000
v 5.866981 -2.711595 -0.210000
v 5.868450 -2.727435 0.210000
v 5.868450 -2.727435 -0.210000
v 5.870506 -2.744058 0.210000
v 5.870506 -2.744058 -0.210000
v 5.873151 -2.761466 0.210000
v 5.873151 -2.761466 -0.210000
v 5.876383 -2.779659 0.210000
v 5.876383 -2.779659 -0.210000
v 5.880203 -2.798638 0.210000
v 5.880203 -2.798638 -0.210000
v 5.884610 -2.818400 0.210000
v 5.884610 -2.818400 -0.210000
v 5.889606 -2.838947 0.210000
v 5.889606 -2.838947 -0.210000
v 5.895189 -2.860279 0.210000
v 5.895189 -2.860279 -0.210000
v 5.901359 -2.882395 0.210000
v 5.901359 -2.882395 -0.210000
v 5.908117 -2.905298 0.210000
v 5.908117 -2.905298 -0.210000
v 5.915323 -2.928208 0.210000
v 5.915323 -2.928208 -0.210000
v 5.922840 -2.950356 0.210000
v 5.922840 -2.950356 -0.210000
v 5.930665 -2.971741 0.210000
v 5.930665 -2.971741 -0.210000
v 5.938800 -2.992360 0.210000
v 5.938800 -2.992360 -0.210000
v 5.947244 -3.012215 0.210000
v 5.947244 -3.012215 -0.210000
v 5.955996 -3.031307 0.210000
v 5.955996 -3.031307 -0.210000
v 5.965059 -3.049634 0.210000
v 5.965059 -3.049634 -0.210000
v 5.974432 -3.067197 0.210000
v 5.974432 -3.067197 -0.210000
v 5.984111 -3.083996 0.210000
v 5.984111 -3.083996 -0.210000
v 5.994103 -3.100031 0.210000
v 5.994103 -3.100031 -0.210000
v 6.004402 -3.115302 0.210000
v 6.004402 -3.115302 -0.210000
v 6.015010 -3.129810 0.210000
v 6.015010 -3.129810 -0.210000
v 6.025884 -3.143346 0.210000
v 6.025884 -3.143346 -0.210000
v 6.036972 -3.155705 0.210000
v 6.036972 -3.155705 -0.210000
v 6.048276 -3.166888 0.210000
v 6.048276 -3.166888 -0.210000
v 6.059798 -3.176893 0.210000
v 6.059798 -3.176893 -0.210000
v 6.071536 -3.185721 0.210000
v 6.071536 -3.185721 -0.210000
v 6.083490 -3.193371 0.210000
v 6.083490 -3.193371 -0.210000
v 6.095661 -3.199846 0.210000
v 6.095661 -3.199846 -0.210000
v 6.108049 -3.205143 0.210000
v 6.108049 -3.205143 -0.210000
v 6.120653 -3.209262 0.210000
v 6.120653 -3.209262 -0.210000
v 6.133473 -3.212205 0.210000
v 6.133473 -3.212205 -0.210000
v 6.146510 -3.213971 0.210000
v 6.146510 -3.213971 -0.210000
v 6.159764 -3.214558 0.210000
v 6.159764 -3.214558 -0.210000
v 6.169568 -3.214218 0.210000
v 6.169568 -3.214218 -0.210000
v 6.179683 -3.213196 0.210000
v 6.179683 -3.213196 -0.210000
v 6.190106 -3.211492 0.210000
v 6.190106 -3.211492 -0.210000
v 6.200839 -3.209107 0.210000
v 6.200839 -3.209107 -0.210000
v 6.211880 -3.206040 0.210000
v 6.211880 -3.206040 -0.210000
v 6.223233 -3.202293 0.210000
v 6.223233 -3.202293 -0.210000
v 6.234893 -3.197863 0.210000
v 6.234893 -3.197863 -0.210000
v 6.246862 -3.192752 0.210000
v 6.246862 -3.192752 -0.210000
v 6.259141 -3.186959 0.210000
v 6.259141 -3.186959 -0.210000
v 6.271729 -3.180486 0.210000
v 6.271729 -3.180486 -0.210000
v 6.284627 -3.173330 0.210000
v 6.284627 -3.173330 -0.210000
v 6.297834 -3.165494 0.210000
v 6.297834 -3.165494 -0.210000
v 6.311537 -3.157264 0.210000
v 6.311537 -3.157264 -0.210000
v 6.325919 -3.148932 0.210000
v 6.325919 -3.148932 -0.210000
v 6.340982 -3.140496 0.210000
v 6.340982 -3.140496 -0.210000
v 6.356726 -3.131957 0.210000
v 6.356726 -3.131957 -0.210000
v 6.373148 -3.123314 0.210000
v 6.373148 -3.123314 -0.210000
v 6.390252 -3.114569 0.210000
v 6.390252 -3.114569 -0.210000
v 6.408037 -3.105720 0.210000
v 6.408037 -3.105720 -0.210000
v 6.426503 -3.096768 0.210000
v 6.426503 -3.096768 -0.210000
v 6.445648 -3.087713 0.210000
v 6.445648 -3.087713 -0.210000
v 6.465474 -3.078555 0.210000
v 6.465474 -3.078555 -0.210000
v 6.485981 -3.069293 0.210000
v 6.485981 -3.069293 -0.210000
v 6.507169 -3.059928 0.210000
v 6.507169 -3.059928 -0.210000
v 6.529191 -3.050563 0.210000
v 6.529191 -3.050563 -0.210000
v 6.552202 -3.041302 0.210000
v 6.552202 -3.041302 -0.210000
v 6.576205 -3.032143 0.210000
v 6.576205 -3.032143 -0.210000
v 6.601195 -3.023088 0.210000
v 6.601195 -3.023088 -0.210000
v 6.627177 -3.014136 0.210000
v 6.627177 -3.014136 -0.210000
v 6.654148 -3.005287 0.210000
v 6.654148 -3.005287 -0.210000
v 6.682108 -2.996542 0.210000
v 6.682108 -2.996542 -0.210000
v 6.711058 -2.987899 0.210000
v 6.711058 -2.987899 -0.210000
v 6.740998 -2.979360 0.210000
v 6.740998 -2.979360 -0.210000
v 6.771929 -2.970924 0.210000
v 6.771929 -2.970924 -0.210000
v 6.803848 -2.962592 0.210000
v 6.803848 -2.962592 -0.210000
v 6.836757 -2.954363 0.210000
v 6.836757 -2.954363 -0.210000
v 6.870843 -2.946526 0.210000
v 6.870843 -2.946526 -0.210000
v 6.906288 -2.939371 0.210000
v 6.906288 -2.939371 -0.210000
v 6.943096 -2.932897 0.210000
v 6.943096 -2.932897 -0.210000
v 6.981262 -2.927105 0.210000
v 6.981262 -2.927105 -0.210000
v 7.020791 -2.921993 0.210000
v 7.020791 -2.921993 -0.210000
v 7.061679 -2.917564 0.210000
v 7.061679 -2.917564 -0.210000
v 7.103931 -2.913815 0.210000
v 7.103931 -2.913815 -0.210000
v 7.147542 -2.910749 0.210000
v 7.147542 -2.910749 -0.210000
v 7.192513 -2.908364 0.210000
v 7.192513 -2.908364 -0.210000
v 7.238847 -2.906660 0.210000
v 7.238847 -2.906660 -0.210000
v 7.286541 -2.905638 0.210000
v 7.286541 -2.905638 -0.210000
v 7.335596 -2.905298 0.210000
v 7.335596 -2.905298 -0.210000
v 7.390127 -2.905906 0.210000
v 7.390127 -2.905906 -0.210000
v 7.443851 -2.907734 0.210000
v 7.443851 -2.907734 -0.210000
v 7.496771 -2.910779 0.210000
v 7.496771 -2.910779 -0.210000
v 7.548890 -2.915044 0.210000
v 7.548890 -2.915044 -0.210000
v 7.600202 -2.920527 0.210000
v 7.600202 -2.920527 -0.210000
v 7.650711 -2.927228 0.210000
v 7.650711 -2.927228 -0.210000
v 7.700416 -2.935147 0.210000
v 7.700416 -2.935147 -0.210000
v 7.749315 -2.944285 0.210000
v 7.749315 -2.944285 -0.210000
v 7.797411 -2.954642 0.210000
v 7.797411 -2.954642 -0.210000
v 7.844702 -2.966217 0.210000
v 7.844702 -2.966217 -0.210000
v 7.891192 -2.979009 0.210000
v 7.891192 -2.979009 -0.210000
v 7.936875 -2.993020 0.210000
v 7.936875 -2.993020 -0.210000
v 7.981754 -3.008033 0.210000
v 7.981754 -3.008033 -0.210000
v 8.025829 -3.023831 0.210000
v 8.025829 -3.023831 -0.210000
v 8.069099 -3.040413 0.210000
v 8.069099 -3.040413 -0.210000
v 8.111567 -3.057780 0.210000
v 8.111567 -3.057780 -0.210000
v 8.153230 -3.075933 0.210000
v 8.153230 -3.075933 -0.210000
v 8.194086 -3.094869 0.210000
v 8.194086 -3.094869 -0.210000
v 8.234141 -3.114590 0.210000
v 8.234141 -3.114590 -0.210000
v 8.273393 -3.135096 0.210000
v 8.273393 -3.135096 -0.210000
v 8.311838 -3.156387 0.210000
v 8.311838 -3.156387 -0.210000
v 8.349479 -3.178463 0.210000
v 8.349479 -3.178463 -0.210000
v 8.386316 -3.201322 0.210000
v 8.386316 -3.201322 -0.210000
v 8.422350 -3.224966 0.210000
v 8.422350 -3.224966 -0.210000
v 8.457610 -3.249304 0.210000
v 8.457610 -3.249304 -0.210000
v 8.492128 -3.274239 0.210000
v 8.492128 -3.274239 -0.210000
v 8.525905 -3.299773 0.210000
v 8.525905 -3.299773 -0.210000
v 8.558938 -3.325907 0.210000
v 8.558938 -3.325907 -0.210000
v 8.591229 -3.352639 0.210000
v 8.591229 -3.352639 -0.210000
v 8.622778 -3.379969 0.210000
v 8.622778 -3.379969 -0.210000
v 8.653584 -3.407899 0.210000
v 8.653584 -3.407899 -0.210000
v 8.683649 -3.436428 0.210000
v 8.683649 -3.436428 -0.210000
v 8.712971 -3.465555 0.210000
v 8.712971 -3.465555 -0.210000
v 8.741550 -3.495281 0.210000
v 8.741550 -3.495281 -0.210000
v 8.769387 -3.525607 0.210000
v 8.769387 -3.525607 -0.210000
v 8.796480 -3.556531 0.210000
v 8.796480 -3.556531 -0.210000
v 8.822818 -3.587858 0.210000
v 8.822818 -3.587858 -0.210000
v 8.848379 -3.619391 0.210000
v 8.848379 -3.619391 -0.210000
v 8.873171 -3.651131 0.210000
v 8.873171 -3.651131 -0.210000
v 8.897188 -3.683077 0.210000
v 8.897188 -3.683077 -0.210000
v 8.920432 -3.715230 0.210000
v 8.920432 -3.715230 -0.210000
v 8.942903 -3.747589 0.210000
v 8.942903 -3.747589 -0.210000
v 8.964601 -3.780155 0.210000
v 8.964601 -3.780155 -0.210000
v 8.985524 -3.812927 0.210000
v 8.985524 -3.812927 -0.210000
v 9.005673 -3.845907 0.210000
v 9.005673 -3.845907 -0.210000
v 9.025052 -3.879092 0.210000
v 9.025052 -3.879092 -0.210000
v 9.043655 -3.912483 0.210000
v 9.043655 -3.912483 -0.210000
v 9.061487 -3.946082 0.210000
v 9.061487 -3.946082 -0.210000
v 9.078561 -3.979773 0.210000
v 9.078561 -3.979773 -0.210000
v 9.094891 -4.013444 0.210000
v 9.094891 -4.013444 -0.210000
v 9.110479 -4.047094 0.210000
v 9.110479 -4.047094 -0.210000
v 9.125327 -4.080723 0.210000
v 9.125327 -4.080723 -0.210000
v 9.139431 -4.114332 0.210000
v 9.139431 -4.114332 -0.210000
v 9.152792 -4.147920 0.210000
v 9.152792 -4.147920 -0.210000
v 9.165411 -4.181488 0.210000
v 9.165411 -4.181488 -0.210000
v 9.177289 -4.215033 0.210000
v 9.177289 -4.215034 -0.210000
v 9.188424 -4.248559 0.210000
v 9.188424 -4.248559 -0.210000
v 9.198815 -4.282065 0.210000
v 9.198815 -4.282065 -0.210000
v 9.208466 -4.315550 0.210000
v 9.208466 -4.315550 -0.210000
v 9.217375 -4.349014 0.210000
v 9.217375 -4.349014 -0.210000
v 9.225556 -4.382272 0.210000
v 9.225556 -4.382272 -0.210000
v 9.233026 -4.415136 0.210000
v 9.233026 -4.415136 -0.210000
v 9.239782 -4.447610 0.210000
v 9.239782 -4.447610 -0.210000
v 9.245831 -4.479691 0.210000
v 9.245831 -4.479691 -0.210000
v 9.251164 -4.511378 0.210000
v 9.251164 -4.511378 -0.210000
v 9.255789 -4.542675 0.210000
v 9.255789 -4.542675 -0.210000
v 9.259703 -4.573577 0.210000
v 9.259703 -4.573577 -0.210000
v 9.262904 -4.604089 0.210000
v 9.262904 -4.604089 -0.210000
v 9.265393 -4.634208 0.210000
v 9.265393 -4.634208 -0.210000
v 9.267172 -4.663933 0.210000
v 9.267172 -4.663933 -0.210000
v 9.268238 -4.693268 0.210000
v 9.268238 -4.693268 -0.210000
v 9.268594 -4.722210 0.210000
v 9.268594 -4.722210 -0.210000
v 9.268052 -4.756551 0.210000
v 9.268052 -4.756551 -0.210000
v 9.266429 -4.790191 0.210000
v 9.266429 -4.790191 -0.210000
v 9.263722 -4.823128 0.210000
v 9.263722 -4.823128 -0.210000
v 9.259934 -4.855364 0.210000
v 9.259934 -4.855364 -0.210000
v 9.255061 -4.886897 0.210000
v 9.255061 -4.886897 -0.210000
v 9.249108 -4.917729 0.210000
v 9.249108 -4.917729 -0.210000
v 9.242072 -4.947857 0.210000
v 9.242072 -4.947857 -0.210000
v 9.233953 -4.977284 0.210000
v 9.233953 -4.977284 -0.210000
v 9.224751 -5.006010 0.210000
v 9.224751 -5.006010 -0.210000
v 9.214467 -5.034031 0.210000
v 9.214467 -5.034031 -0.210000
v 9.203099 -5.061352 0.210000
v 9.203099 -5.061352 -0.210000
v 9.190650 -5.087970 0.210000
v 9.190650 -5.087970 -0.210000
v 9.177180 -5.113867 0.210000
v 9.177180 -5.113867 -0.210000
v 9.162752 -5.139019 0.210000
v 9.162752 -5.139019 -0.210000
v 9.147365 -5.163427 0.210000
v 9.147365 -5.163427 -0.210000
v 9.131019 -5.187093 0.210000
v 9.131019 -5.187093 -0.210000
v 9.113712 -5.210015 0.210000
v 9.113712 -5.210015 -0.210000
v 9.095450 -5.232194 0.210000
v 9.095450 -5.232194 -0.210000
v 9.076226 -5.253629 0.210000
v 9.076226 -5.253629 -0.210000
v 9.056044 -5.274321 0.210000
v 9.056044 -5.274321 -0.210000
v 9.034904 -5.294270 0.210000
v 9.034904 -5.294270 -0.210000
v 9.012805 -5.313474 0.210000
v 9.012805 -5.313474 -0.210000
v 8.989747 -5.331936 0.210000
v 8.989747 -5.331936 -0.210000
v 8.965727 -5.349654 0.210000
v 8.965727 -5.349654 -0.210000
v 8.940767 -5.366639 0.210000
v 8.940767 -5.366639 -0.210000
v 8.914879 -5.382901 0.210000
v 8.914879 -5.382901 -0.210000
v 8.888062 -5.398440 0.210000
v 8.888062 -5.398440 -0.210000
v 8.860318 -5.413258 0.210000
v 8.860318 -5.413258 -0.210000
v 8.831646 -5.427351 0.210000
v 8.831646 -5.427351 -0.210000
v 8.802048 -5.440722 0.210000
v 8.802048 -5.440722 -0.210000
v 8.771521 -5.453371 0.210000
v 8.771521 -5.453371 -0.210000
v 8.740065 -5.465296 0.210000
v 8.740065 -5.465296 -0.210000
v 8.707681 -5.476499 0.210000
v 8.707681 -5.476499 -0.210000
v 8.674368 -5.486979 0.210000
v 8.674368 -5.486979 -0.210000
v 8.640129 -5.496737 0.210000
v 8.640129 -5.496737 -0.210000
v 8.604962 -5.505772 0.210000
v 8.604962 -5.505772 -0.210000
v 8.568958 -5.514084 0.210000
v 8.568958 -5.514084 -0.210000
v 8.532213 -5.521672 0.210000
v 8.532213 -5.521672 -0.210000
v 8.494726 -5.528539 0.210000
v 8.494726 -5.528539 -0.210000
v 8.456499 -5.534682 0.210000
v 8.456499 -5.534682 -0.210000
v 8.417528 -5.540103 0.210000
v 8.417528 -5.540103 -0.210000
v 8.377813 -5.544801 0.210000
v 8.377813 -5.544801 -0.210000
v 8.337356 -5.548777 0.210000
v 8.337356 -5.548777 -0.210000
v 8.296158 -5.552029 0.210000
v 8.296158 -5.552029 -0.210000
v 8.254218 -5.554558 0.210000
v 8.254218 -5.554558 -0.210000
v 8.211534 -5.556365 0.210000
v 8.211534 -5.556365 -0.210000
v 8.168108 -5.557449 0.210000
v 8.168108 -5.557449 -0.210000
v 8.123938 -5.557810 0.210000
v 8.123938 -5.557810 -0.210000
v 8.071868 -5.557501 0.210000
v 8.071868 -5.557501 -0.210000
v 8.021066 -5.556572 0.210000
v 8.021066 -5.556572 -0.210000
v 7.971531 -5.555023 0.210000
v 7.971531 -5.555023 -0.210000
v 7.923266 -5.552855 0.210000
v 7.923266 -5.552855 -0.210000
v 7.876268 -5.550067 0.210000
v 7.876268 -5.550067 -0.210000
v 7.830537 -5.546659 0.210000
v 7.830537 -5.546659 -0.210000
v 7.786076 -5.542633 0.210000
v 7.786076 -5.542633 -0.210000
v 7.742881 -5.537986 0.210000
v 7.742881 -5.537986 -0.210000
v 7.700955 -5.532721 0.210000
v 7.700955 -5.532721 -0.210000
v 7.660297 -5.526834 0.210000
v 7.660297 -5.526834 -0.210000
v 7.620909 -5.520330 0.210000
v 7.620909 -5.520330 -0.210000
v 7.582788 -5.513206 0.210000
v 7.582788 -5.513206 -0.210000
v 7.545766 -5.505710 0.210000
v 7.545766 -5.505710 -0.210000
v 7.509670 -5.498090 0.210000
v 7.509670 -5.498090 -0.210000
v 7.474503 -5.490345 0.210000
v 7.474503 -5.490345 -0.210000
v 7.440262 -5.482477 0.210000
v 7.440262 -5.482477 -0.210000
v 7.406951 -5.474486 0.210000
v 7.406951 -5.474486 -0.210000
v 7.374568 -5.466371 0.210000
v 7.374568 -5.466371 -0.210000
v 7.343113 -5.458130 0.210000
v 7.343113 -5.458130 -0.210000
v 7.312584 -5.449767 0.210000
v 7.312584 -5.449767 -0.210000
v 7.282986 -5.441279 0.210000
v 7.282986 -5.441279 -0.210000
v 7.254313 -5.432668 0.210000
v 7.254313 -5.432668 -0.210000
v 7.226570 -5.423934 0.210000
v 7.226570 -5.423934 -0.210000
v 7.199751 -5.415074 0.210000
v 7.199751 -5.415074 -0.210000
v 7.173771 -5.406216 0.210000
v 7.173771 -5.406216 -0.210000
v 7.148531 -5.397480 0.210000
v 7.148531 -5.397480 -0.210000
v 7.124033 -5.388869 0.210000
v 7.124033 -5.388869 -0.210000
v 7.100280 -5.380382 0.210000
v 7.100280 -5.380382 -0.210000
v 7.077267 -5.372018 0.210000
v 7.077267 -5.372018 -0.210000
v 7.054997 -5.363779 0.210000
v 7.054997 -5.363779 -0.210000
v 7.033470 -5.355662 0.210000
v 7.033470 -5.355662 -0.210000
v 7.012685 -5.347672 0.210000
v 7.012685 -5.347672 -0.210000
v 6.992642 -5.339803 0.210000
v 6.992642 -5.339803 -0.210000
v 6.973342 -5.332060 0.210000
v 6.973342 -5.332060 -0.210000
v 6.954784 -5.324440 0.210000
v 6.954784 -5.324440 -0.210000
v 6.936971 -5.316944 0.210000
v 6.936971 -5.316944 -0.210000
v 6.919666 -5.309819 0.210000
v 6.919666 -5.309819 -0.210000
v 6.902637 -5.303314 0.210000
v 6.902637 -5.303314 -0.210000
v 6.885890 -5.297428 0.210000
v 6.885890 -5.297428 -0.210000
v 6.869420 -5.292163 0.210000
v 6.869420 -5.292163 -0.210000
v 6.853228 -5.287517 0.210000
v 6.853228 -5.287517 -0.210000
v 6.837315 -5.283489 0.210000
v 6.837315 -5.283489 -0.210000
v 6.821681 -5.280082 0.210000
v 6.821681 -5.280082 -0.210000
v 6.806323 -5.277295 0.210000
v 6.806323 -5.277295 -0.210000
v 6.791244 -5.275126 0.210000
v 6.791244 -5.275126 -0.210000
v 6.776444 -5.273578 0.210000
v 6.776444 -5.273578 -0.210000
v 6.761923 -5.272648 0.210000
v 6.761923 -5.272648 -0.210000
v 6.747679 -5.272338 0.210000
v 6.747679 -5.272338 -0.210000
v 6.738292 -5.272535 0.210000
v 6.738292 -5.272535 -0.210000
v 6.729430 -5.273124 0.210000
v 6.729430 -5.273124 -0.210000
v 6.721095 -5.274104 0.210000
v 6.721095 -5.274104 -0.210000
v 6.713286 -5.275477 0.210000
v 6.713286 -5.275477 -0.210000
v 6.706001 -5.277243 0.210000
v 6.706001 -5.277243 -0.210000
v 6.699243 -5.279401 0.210000
v 6.699243 -5.279401 -0.210000
v 6.693011 -5.281951 0.210000
v 6.693011 -5.281951 -0.210000
v 6.687306 -5.284894 0.210000
v 6.687306 -5.284894 -0.210000
v 6.682124 -5.288229 0.210000
v 6.682124 -5.288229 -0.210000
v 6.677469 -5.291955 0.210000
v 6.677469 -5.291955 -0.210000
v 6.673340 -5.296076 0.210000
v 6.673340 -5.296076 -0.210000
v 6.669736 -5.300588 0.210000
v 6.669736 -5.300588 -0.210000
v 6.666535 -5.305451 0.210000
v 6.666535 -5.305451 -0.210000
v 6.663611 -5.310624 0.210000
v 6.663611 -5.310624 -0.210000
v 6.660966 -5.316107 0.210000
v 6.660966 -5.316107 -0.210000
v 6.658601 -5.321899 0.210000
v 6.658601 -5.321899 -0.210000
v 6.656514 -5.328001 0.210000
v 6.656514 -5.328001 -0.210000
v 6.654703 -5.334414 0.210000
v 6.654703 -5.334414 -0.210000
v 6.653173 -5.341135 0.210000
v 6.653173 -5.341135 -0.210000
v 6.651919 -5.348166 0.210000
v 6.651919 -5.348166 -0.210000
v 6.650945 -5.355508 0.210000
v 6.650945 -5.355508 -0.210000
v 6.650251 -5.363160 0.210000
v 6.650251 -5.363160 -0.210000
v 6.649832 -5.371120 0.210000
v 6.649832 -5.371120 -0.210000
v 6.649693 -5.379390 0.210000
v 6.649693 -5.379390 -0.210000
v 6.649756 -5.383004 0.210000
v 6.649756 -5.383004 -0.210000
v 6.649942 -5.386908 0.210000
v 6.649942 -5.386908 -0.210000
v 6.650251 -5.391099 0.210000
v 6.650251 -5.391099 -0.210000
v 6.650684 -5.395581 0.210000
v 6.650684 -5.395581 -0.210000
v 6.651241 -5.400351 0.210000
v 6.651241 -5.400351 -0.210000
v 6.651921 -5.405411 0.210000
v 6.651921 -5.405411 -0.210000
v 6.652726 -5.410758 0.210000
v 6.652726 -5.410758 -0.210000
v 6.653653 -5.416396 0.210000
v 6.653653 -5.416396 -0.210000
v 6.654705 -5.422322 0.210000
v 6.654705 -5.422322 -0.210000
v 6.655881 -5.428539 0.210000
v 6.655881 -5.428539 -0.210000
v 6.657180 -5.435044 0.210000
v 6.657180 -5.435044 -0.210000
v 6.658601 -5.441838 0.210000
v 6.658601 -5.441838 -0.210000
v 6.660118 -5.448848 0.210000
v 6.660118 -5.448848 -0.210000
v 6.661694 -5.456004 0.210000
v 6.661694 -5.456004 -0.210000
v 6.663334 -5.463303 0.210000
v 6.663334 -5.463303 -0.210000
v 6.665035 -5.470748 0.210000
v 6.665035 -5.470748 -0.210000
v 6.666798 -5.478338 0.210000
v 6.666798 -5.478338 -0.210000
v 6.668623 -5.486071 0.210000
v 6.668623 -5.486071 -0.210000
v 6.670509 -5.493949 0.210000
v 6.670509 -5.493949 -0.210000
v 6.672458 -5.501972 0.210000
v 6.672458 -5.501972 -0.210000
v 6.674469 -5.510139 0.210000
v 6.674469 -5.510139 -0.210000
v 6.676541 -5.518451 0.210000
v 6.676541 -5.518451 -0.210000
v 6.678674 -5.526907 0.210000
v 6.678674 -5.526907 -0.210000
v 6.680871 -5.535508 0.210000
v 6.680871 -5.535508 -0.210000
v 6.683128 -5.544244 0.210000
v 6.683128 -5.544244 -0.210000
v 6.685448 -5.553102 0.210000
v 6.685448 -5.553102 -0.210000
v 6.687830 -5.562086 0.210000
v 6.687830 -5.562086 -0.210000
v 6.690274 -5.571192 0.210000
v 6.690274 -5.571192 -0.210000
v 6.692779 -5.580423 0.210000
v 6.692779 -5.580423 -0.210000
v 6.695346 -5.589777 0.210000
v 6.695346 -5.589777 -0.210000
v 6.697976 -5.599256 0.210000
v 6.697976 -5.599256 -0.210000
v 6.700667 -5.608859 0.210000
v 6.700667 -5.608859 -0.210000
v 6.703419 -5.618586 0.210000
v 6.703419 -5.618586 -0.210000
v 6.706234 -5.628435 0.210000
v 6.706234 -5.628435 -0.210000
v 6.709111 -5.638410 0.210000
v 6.709111 -5.638410 -0.210000
v 6.712049 -5.648508 0.210000
v 6.712049 -5.648508 -0.210000
v 6.715048 -5.658606 0.210000
v 6.715048 -5.658606 -0.210000
v 6.718110 -5.668580 0.210000
v 6.718110 -5.668580 -0.210000
v 6.721234 -5.678431 0.210000
v 6.721234 -5.678431 -0.210000
v 6.724421 -5.688157 0.210000
v 6.724421 -5.688157 -0.210000
v 6.727669 -5.697759 0.210000
v 6.727669 -5.697759 -0.210000
v 6.730978 -5.707237 0.210000
v 6.730978 -5.707237 -0.210000
v 6.734349 -5.716592 0.210000
v 6.734349 -5.716592 -0.210000
v 6.737782 -5.725822 0.210000
v 6.737782 -5.725822 -0.210000
v 6.741277 -5.734930 0.210000
v 6.741277 -5.734930 -0.210000
v 6.744835 -5.743913 0.210000
v 6.744835 -5.743913 -0.210000
v 6.748454 -5.752772 0.210000
v 6.748454 -5.752772 -0.210000
v 6.752133 -5.761507 0.210000
v 6.752133 -5.761507 -0.210000
v 6.755891 -5.770118 0.210000
v 6.755891 -5.770118 -0.210000
v 6.759742 -5.778605 0.210000
v 6.759742 -5.778605 -0.210000
v 6.763686 -5.786969 0.210000
v 6.763686 -5.786969 -0.210000
v 6.767722 -5.795209 0.210000
v 6.767722 -5.795209 -0.210000
v 6.771852 -5.803324 0.210000
v 6.771852 -5.803324 -0.210000
v 6.776074 -5.811316 0.210000
v 6.776074 -5.811316 -0.210000
v 6.780388 -5.819184 0.210000
v 6.780388 -5.819184 -0.210000
v 6.784795 -5.826928 0.210000
v 6.784795 -5.826928 -0.210000
v 6.789295 -5.834548 0.210000
v 6.789295 -5.834548 -0.210000
v 6.793890 -5.842044 0.210000
v 6.793890 -5.842044 -0.210000
v 6.798575 -5.849416 0.210000
v 6.798575 -5.849416 -0.210000
v 6.803353 -5.856664 0.210000
v 6.803353 -5.856664 -0.210000
v 6.808318 -5.863779 0.210000
v 6.808318 -5.863779 -0.210000
v 6.813561 -5.870749 0.210000
v 6.813561 -5.870749 -0.210000
v 6.819083 -5.877573 0.210000
v 6.819083 -5.877573 -0.210000
v 6.824882 -5.884253 0.210000
v 6.824882 -5.884253 -0.210000
v 6.830958 -5.890790 0.210000
v 6.830958 -5.890790 -0.210000
v 6.837315 -5.897181 0.210000
v 6.837315 -5.897181 -0.210000
v 6.843948 -5.903428 0.210000
v 6.843948 -5.903428 -0.210000
v 6.850862 -5.909530 0.210000
v 6.850862 -5.909530 -0.210000
v 6.858052 -5.915487 0.210000
v 6.858052 -5.915487 -0.210000
v 6.865523 -5.921300 0.210000
v 6.865523 -5.921300 -0.210000
v 6.873271 -5.926969 0.210000
v 6.873271 -5.926969 -0.210000
v 6.881298 -5.932492 0.210000
v 6.881298 -5.932492 -0.210000
v 6.890111 -5.938078 0.210000
v 6.890111 -5.938078 -0.210000
v 6.900226 -5.943934 0.210000
v 6.900226 -5.943934 -0.210000
v 6.911639 -5.950056 0.210000
v 6.911639 -5.950056 -0.210000
v 6.924351 -5.956447 0.210000
v 6.924351 -5.956447 -0.210000
v 6.938363 -5.963108 0.210000
v 6.938363 -5.963108 -0.210000
v 6.953672 -5.970037 0.210000
v 6.953672 -5.970037 -0.210000
v 6.970282 -5.977233 0.210000
v 6.970282 -5.977233 -0.210000
v 6.988192 -5.984697 0.210000
v 6.988192 -5.984697 -0.210000
v 7.007399 -5.992431 0.210000
v 7.007399 -5.992431 -0.210000
v 7.027904 -6.000434 0.210000
v 7.027904 -6.000434 -0.210000
v 7.049711 -6.008703 0.210000
v 7.049711 -6.008703 -0.210000
v 7.072816 -6.017242 0.210000
v 7.072816 -6.017242 -0.210000
v 7.097003 -6.025865 0.210000
v 7.097003 -6.025865 -0.210000
v 7.122056 -6.034382 0.210000
v 7.122056 -6.034382 -0.210000
v 7.147976 -6.042798 0.210000
v 7.147976 -6.042798 -0.210000
v 7.174762 -6.051110 0.210000
v 7.174762 -6.051110 -0.210000
v 7.202412 -6.059318 0.210000
v 7.202412 -6.059318 -0.210000
v 7.230928 -6.067423 0.210000
v 7.230928 -6.067423 -0.210000
v 7.260313 -6.075425 0.210000
v 7.260313 -6.075425 -0.210000
v 7.290562 -6.083324 0.210000
v 7.290562 -6.083324 -0.210000
v 7.321678 -6.091120 0.210000
v 7.321678 -6.091120 -0.210000
v 7.353658 -6.098812 0.210000
v 7.353658 -6.098812 -0.210000
v 7.386507 -6.106401 0.210000
v 7.386507 -6.106401 -0.210000
v 7.420221 -6.113886 0.210000
v 7.420221 -6.113886 -0.210000
v 7.454739 -6.121228 0.210000
v 7.454739 -6.121228 -0.210000
v 7.489998 -6.128384 0.210000
v 7.489998 -6.128384 -0.210000
v 7.526000 -6.135353 0.210000
v 7.526000 -6.135353 -0.210000
v 7.562746 -6.142137 0.210000
v 7.562746 -6.142137 -0.210000
v 7.600231 -6.148735 0.210000
v 7.600231 -6.148735 -0.210000
v 7.638461 -6.155146 0.210000
v 7.638461 -6.155146 -0.210000
v 7.677433 -6.161372 0.210000
v 7.677433 -6.161372 -0.210000
v 7.717147 -6.167413 0.210000
v 7.717147 -6.167413 -0.210000
v 7.757603 -6.173268 0.210000
v 7.757603 -6.173268 -0.210000
v 7.798801 -6.178936 0.210000
v 7.798801 -6.178936 -0.210000
v 7.840743 -6.184419 0.210000
v 7.840743 -6.184419 -0.210000
v 7.883427 -6.189716 0.210000
v 7.883427 -6.189716 -0.210000
v 7.926729 -6.194703 0.210000
v 7.926729 -6.194703 -0.210000
v 7.970527 -6.199257 0.210000
v 7.970527 -6.199257 -0.210000
v 8.014818 -6.203376 0.210000
v 8.014818 -6.203376 -0.210000
v 8.059606 -6.207062 0.210000
v 8.059606 -6.207062 -0.210000
v 8.104885 -6.210314 0.210000
v 8.104885 -6.210314 -0.210000
v 8.150661 -6.213134 0.210000
v 8.150661 -6.213134 -0.210000
v 8.196934 -6.215519 0.210000
v 8.196934 -6.215519 -0.210000
v 8.243700 -6.217470 0.210000
v 8.243700 -6.217470 -0.210000
v 8.290960 -6.218987 0.210000
v 8.290960 -6.218987 -0.210000
v 8.338717 -6.220071 0.210000
v 8.338717 -6.220071 -0.210000
v 8.386967 -6.220722 0.210000
v 8.386967 -6.220722 -0.210000
v 8.435713 -6.220939 0.210000
v 8.435713 -6.220939 -0.210000
v 8.515960 -6.220341 0.210000
v 8.515960 -6.220341 -0.210000
v 8.594877 -6.218544 0.210000
v 8.594877 -6.218544 -0.210000
v 8.672465 -6.215549 0.210000
v 8.672465 -6.215549 -0.210000
v 8.748723 -6.211357 0.210000
v 8.748723 -6.211357 -0.210000
v 8.823650 -6.205967 0.210000
v 8.823650 -6.205967 -0.210000
v 8.897249 -6.199379 0.210000
v 8.897249 -6.199379 -0.210000
v 8.969517 -6.191594 0.210000
v 8.969517 -6.191594 -0.210000
v 9.040455 -6.182612 0.210000
v 9.040455 -6.182612 -0.210000
v 9.110063 -6.172431 0.210000
v 9.110063 -6.172431 -0.210000
v 9.178341 -6.161053 0.210000
v 9.178341 -6.161053 -0.210000
v 9.245289 -6.148476 0.210000
v 9.245289 -6.148476 -0.210000
v 9.310906 -6.134702 0.210000
v 9.310906 -6.134702 -0.210000
v 9.375040 -6.119710 0.210000
v 9.375040 -6.119710 -0.210000
v 9.437533 -6.103478 0.210000
v 9.437533 -6.103478 -0.210000
v 9.498388 -6.086009 0.210000
v 9.498388 -6.086009 -0.210000
v 9.557604 -6.067299 0.210000
v 9.557604 -6.067299 -0.210000
v 9.615179 -6.047351 0.210000
v 9.615179 -6.047351 -0.210000
v 9.671117 -6.026164 0.210000
v 9.671117 -6.026164 -0.210000
v 9.725413 -6.003737 0.210000
v 9.725413 -6.003737 -0.210000
v 9.778072 -5.980072 0.210000
v 9.778072 -5.980072 -0.210000
v 9.829091 -5.955167 0.210000
v 9.829091 -5.955167 -0.210000
v 9.878471 -5.929024 0.210000
v 9.878471 -5.929024 -0.210000
v 9.926210 -5.901641 0.210000
v 9.926210 -5.901641 -0.210000
v 9.972314 -5.873020 0.210000
v 9.972314 -5.873020 -0.210000
v 10.016728 -5.843160 0.210000
v 10.016728 -5.843160 -0.210000
v 10.059412 -5.812060 0.210000
v 10.059412 -5.812060 -0.210000
v 10.100363 -5.779721 0.210000
v 10.100363 -5.779721 -0.210000
v 10.139583 -5.746143 0.210000
v 10.139583 -5.746143 -0.210000
v 10.177069 -5.711327 0.210000
v 10.177069 -5.711327 -0.210000
v 10.212824 -5.675270 0.210000
v 10.212824 -5.675270 -0.210000
v 10.246846 -5.637976 0.210000
v 10.246846 -5.637976 -0.210000
v 10.279138 -5.599442 0.210000
v 10.279138 -5.599442 -0.210000
v 10.309696 -5.559669 0.210000
v 10.309696 -5.559669 -0.210000
v 10.338523 -5.518657 0.210000
v 10.338523 -5.518657 -0.210000
v 10.365618 -5.476407 0.210000
v 10.365618 -5.476407 -0.210000
v 10.390980 -5.432916 0.210000
v 10.390980 -5.432916 -0.210000
v 10.414457 -5.388188 0.210000
v 10.414457 -5.388188 -0.210000
v 10.435892 -5.342220 0.210000
v 10.435892 -5.342220 -0.210000
v 10.455284 -5.295012 0.210000
v 10.455284 -5.295012 -0.210000
v 10.472636 -5.246567 0.210000
v 10.472636 -5.246567 -0.210000
v 10.487947 -5.196881 0.210000
v 10.487947 -5.196881 -0.210000
v 10.501215 -5.145958 0.209999
v 10.501215 -5.145958 -0.210001
v 10.512442 -5.093794 0.209999
v 10.512442 -5.093794 -0.210001
v 10.521628 -5.040392 0.209999
v 10.521628 -5.040392 -0.210001
v 10.528773 -4.985751 0.209999
v 10.528773 -4.985751 -0.210001
v 10.533876 -4.929871 0.209999
v 10.533876 -4.929871 -0.210001
v 10.536940 -4.872751 0.209999
v 10.536940 -4.872751 -0.210001
v 10.537960 -4.814394 0.209999
v 10.537960 -4.814394 -0.210001
v 10.537373 -4.768146 0.209999
v 10.537373 -4.768146 -0.210001
v 10.535608 -4.721590 0.209999
v 10.535608 -4.721590 -0.210001
v 10.532669 -4.674724 0.209999
v 10.532669 -4.674724 -0.210001
v 10.528555 -4.627547 0.209999
v 10.528555 -4.627547 -0.210001
v 10.523266 -4.580062 0.209999
v 10.523266 -4.580062 -0.210001
v 10.516802 -4.532267 0.209999
v 10.516802 -4.532267 -0.210001
v 10.509163 -4.484161 0.209999
v 10.509163 -4.484161 -0.210001
v 10.500347 -4.435746 0.209999
v 10.500347 -4.435746 -0.210001
v 10.490355 -4.387021 0.209999
v 10.490355 -4.387021 -0.210001
v 10.479189 -4.337987 0.209999
v 10.479189 -4.337987 -0.210001
v 10.466848 -4.288642 0.209999
v 10.466848 -4.288642 -0.210001
v 10.453335 -4.238988 0.209999
v 10.453335 -4.238988 -0.210001
v 10.438627 -4.189271 0.209999
v 10.438627 -4.189271 -0.210001
v 10.422714 -4.139742 0.209999
v 10.422714 -4.139742 -0.210001
v 10.405596 -4.090398 0.209999
v 10.405596 -4.090398 -0.210001
v 10.387270 -4.041240 0.209999
v 10.387270 -4.041240 -0.210001
v 10.367737 -3.992266 0.209999
v 10.367737 -3.992266 -0.210001
v 10.346998 -3.943480 0.209999
v 10.346998 -3.943480 -0.210001
v 10.325054 -3.894879 0.209999
v 10.325054 -3.894879 -0.210001
v 10.301903 -3.846464 0.209999
v 10.301903 -3.846464 -0.210001
v 10.277546 -3.798235 0.209999
v 10.277546 -3.798235 -0.210001
v 10.251983 -3.750191 0.209999
v 10.251983 -3.750191 -0.210001
v 10.225211 -3.702334 0.209999
v 10.225211 -3.702334 -0.210001
v 10.197235 -3.654662 0.209999
v 10.197235 -3.654662 -0.210001
v 10.168022 -3.607290 0.209999
v 10.168022 -3.607290 -0.210001
v 10.137540 -3.560330 0.209999
v 10.137540 -3.560330 -0.210001
v 10.105792 -3.513784 0.209999
v 10.105792 -3.513784 -0.210001
v 10.072773 -3.467651 0.209999
v 10.072773 -3.467651 -0.210001
v 10.038488 -3.421931 0.209999
v 10.038488 -3.421931 -0.210001
v 10.002933 -3.376624 0.209999
v 10.002933 -3.376624 -0.210001
v 9.966110 -3.331729 0.209999
v 9.966110 -3.331729 -0.210001
v 9.928021 -3.287249 0.209999
v 9.928021 -3.287249 -0.210001
v 9.888662 -3.243180 0.209999
v 9.888662 -3.243180 -0.210001
v 9.848037 -3.199525 0.209999
v 9.848037 -3.199525 -0.210001
v 9.806141 -3.156283 0.209999
v 9.806141 -3.156283 -0.210001
v 9.762979 -3.113454 0.209999
v 9.762979 -3.113454 -0.210001
v 9.718517 -3.071276 0.209999
v 9.718517 -3.071276 -0.210001
v 9.672724 -3.029984 0.209999
v 9.672724 -3.029984 -0.210001
v 9.625603 -2.989582 0.209999
v 9.625603 -2.989582 -0.210001
v 9.577150 -2.950067 0.209999
v 9.577150 -2.950067 -0.210001
v 9.527369 -2.911441 0.209999
v 9.527369 -2.911441 -0.210001
v 9.476257 -2.873702 0.209999
v 9.476257 -2.873702 -0.210001
v 9.423817 -2.836851 0.209999
v 9.423817 -2.836851 -0.210001
v 9.370046 -2.800888 0.209999
v 9.370046 -2.800888 -0.210001
v 9.314943 -2.765814 0.209999
v 9.314943 -2.765814 -0.210001
v 9.258512 -2.731627 0.209999
v 9.258512 -2.731627 -0.210001
v 9.200750 -2.698328 0.209999
v 9.200750 -2.698328 -0.210001
v 9.141658 -2.665916 0.209999
v 9.141658 -2.665916 -0.210001
v 9.081221 -2.634497 0.209999
v 9.081221 -2.634497 -0.210001
v 9.019423 -2.604172 0.209999
v 9.019423 -2.604172 -0.210001
v 8.956264 -2.574941 0.209999
v 8.956264 -2.574941 -0.210001
v 8.891744 -2.546805 0.209999
v 8.891744 -2.546805 -0.210001
v 8.825863 -2.519763 0.209999
v 8.825863 -2.519763 -0.210001
v 8.758620 -2.493816 0.209999
v 8.758620 -2.493816 -0.210001
v 8.690020 -2.468962 0.209999
v 8.690020 -2.468962 -0.210001
v 8.620054 -2.445204 0.209999
v 8.620054 -2.445204 -0.210001
v 8.548731 -2.422541 0.209999
v 8.548731 -2.422541 -0.210001
v 8.476046 -2.400971 0.209999
v 8.476046 -2.400971 -0.210001
v 8.401999 -2.380497 0.210000
v 8.401999 -2.380497 -0.210000
v 8.326592 -2.361116 0.210000
v 8.326592 -2.361116 -0.210000
v 8.249806 -2.343067 0.210000
v 8.249806 -2.343067 -0.210000
v 8.171632 -2.326588 0.210000
v 8.171632 -2.326588 -0.210000
v 8.092064 -2.311679 0.210000
v 8.092064 -2.311679 -0.210000
v 8.011106 -2.298338 0.210000
v 8.011106 -2.298338 -0.210000
v 7.928754 -2.286568 0.210000
v 7.928754 -2.286568 -0.210000
v 7.845011 -2.276367 0.210000
v 7.845011 -2.276367 -0.210000
v 7.759875 -2.267735 0.210000
v 7.759875 -2.267735 -0.210000
v 7.673350 -2.260673 0.210000
v 7.673350 -2.260673 -0.210000
v 7.585432 -2.255179 0.210000
v 7.585432 -2.255179 -0.210000
v 7.496119 -2.251256 0.210000
v 7.496119 -2.251256 -0.210000
v 7.405417 -2.248901 0.210000
v 7.405417 -2.248901 -0.210000
v 7.313325 -2.248116 0.210000
v 7.313325 -2.248116 -0.210000
v 7.261595 -2.248415 0.210000
v 7.261595 -2.248415 -0.210000
v 7.210330 -2.249313 0.210000
v 7.210330 -2.249313 -0.210000
v 7.159526 -2.250811 0.210000
v 7.159526 -2.250811 -0.210000
v 7.109188 -2.252908 0.210000
v 7.109188 -2.252908 -0.210000
v 7.059313 -2.255601 0.210000
v 7.059313 -2.255601 -0.210000
v 7.009903 -2.258896 0.210000
v 7.009903 -2.258896 -0.210000
v 6.960956 -2.262789 0.210000
v 6.960956 -2.262789 -0.210000
v 6.912474 -2.267279 0.210000
v 6.912474 -2.267279 -0.210000
v 6.864455 -2.272370 0.210000
v 6.864455 -2.272370 -0.210000
v 6.816900 -2.278059 0.210000
v 6.816900 -2.278059 -0.210000
v 6.769809 -2.284348 0.210000
v 6.769809 -2.284348 -0.210000
v 6.723183 -2.291234 0.210000
v 6.723183 -2.291234 -0.210000
v 6.677282 -2.298617 0.210000
v 6.677282 -2.298617 -0.210000
v 6.632372 -2.306391 0.210000
v 6.632372 -2.306391 -0.210000
v 6.588453 -2.314559 0.210000
v 6.588453 -2.314559 -0.210000
v 6.545522 -2.323118 0.210000
v 6.545522 -2.323118 -0.210000
v 6.503581 -2.332070 0.210000
v 6.503581 -2.332070 -0.210000
v 6.462629 -2.341414 0.210000
v 6.462629 -2.341414 -0.210000
v 6.422667 -2.351151 0.210000
v 6.422667 -2.351151 -0.210000
v 6.383696 -2.361281 0.210000
v 6.383696 -2.361281 -0.210000
v 6.345714 -2.371802 0.210000
v 6.345714 -2.371802 -0.210000
v 6.308722 -2.382716 0.210000
v 6.308722 -2.382716 -0.210000
v 6.272719 -2.394021 0.210000
v 6.272719 -2.394021 -0.210000
v 6.237707 -2.405720 0.210000
v 6.237707 -2.405720 -0.210000
v 6.204055 -2.417522 0.210000
v 6.204055 -2.417522 -0.210000
v 6.172136 -2.429138 0.210000
v 6.172136 -2.429138 -0.210000
v 6.141947 -2.440569 0.210000
v 6.141947 -2.440569 -0.210000
v 6.113492 -2.451812 0.210000
v 6.113492 -2.451812 -0.210000
v 6.086768 -2.462871 0.210000
v 6.086768 -2.462871 -0.210000
v 6.061777 -2.473743 0.210000
v 6.061777 -2.473743 -0.210000
v 6.038517 -2.484430 0.210000
v 6.038517 -2.484430 -0.210000
v 6.016991 -2.494930 0.210000
v 6.016991 -2.494930 -0.210000
v 5.997196 -2.505246 0.210000
v 5.997196 -2.505246 -0.210000
v 5.979134 -2.515375 0.210000
v 5.979134 -2.515375 -0.210000
v 5.962801 -2.525318 0.210000
v 5.962801 -2.525318 -0.210000
v 3.158939 -2.147012 0.210000
v 3.158939 -2.147012 -0.210000
v 4.325865 -6.057388 0.210000
v 4.325865 -6.057388 -0.210000
v 4.327518 -6.062292 0.210000
v 4.327518 -6.062292 -0.210000
v 4.329515 -6.067093 0.210000
v 4.329515 -6.067093 -0.210000
v 4.331850 -6.071791 0.210000
v 4.331850 -6.071791 -0.210000
v 4.334525 -6.076386 0.210000
v 4.334525 -6.076386 -0.210000
v 4.337540 -6.080876 0.210000
v 4.337540 -6.080876 -0.210000
v 4.340897 -6.085266 0.210000
v 4.340897 -6.085266 -0.210000
v 4.344592 -6.089550 0.210000
v 4.344592 -6.089550 -0.210000
v 4.348629 -6.093732 0.210000
v 4.348629 -6.093732 -0.210000
v 4.353005 -6.097811 0.210000
v 4.353005 -6.097811 -0.210000
v 4.357721 -6.101786 0.210000
v 4.357721 -6.101786 -0.210000
v 4.362780 -6.105658 0.210000
v 4.362780 -6.105658 -0.210000
v 4.368177 -6.109426 0.210000
v 4.368177 -6.109426 -0.210000
v 4.373976 -6.113092 0.210000
v 4.373976 -6.113092 -0.210000
v 4.380239 -6.116654 0.210000
v 4.380239 -6.116654 -0.210000
v 4.386967 -6.120113 0.210000
v 4.386967 -6.120113 -0.210000
v 4.394157 -6.123469 0.210000
v 4.394157 -6.123469 -0.210000
v 4.401813 -6.126722 0.210000
v 4.401813 -6.126722 -0.210000
v 4.409932 -6.129870 0.210000
v 4.409932 -6.129870 -0.210000
v 4.418515 -6.132916 0.210000
v 4.418515 -6.132916 -0.210000
v 4.427561 -6.135859 0.210000
v 4.427561 -6.135859 -0.210000
v 4.437073 -6.138699 0.210000
v 4.437073 -6.138699 -0.210000
v 4.447047 -6.141434 0.210000
v 4.447047 -6.141434 -0.210000
v 4.457488 -6.144068 0.210000
v 4.457488 -6.144068 -0.210000
v 4.468389 -6.146598 0.210000
v 4.468389 -6.146598 -0.210000
v 4.479834 -6.149024 0.210000
v 4.479834 -6.149024 -0.210000
v 4.491896 -6.151347 0.210000
v 4.491896 -6.151347 -0.210000
v 4.504578 -6.153567 0.210000
v 4.504578 -6.153567 -0.210000
v 4.517878 -6.155684 0.210000
v 4.517878 -6.155684 -0.210000
v 4.531796 -6.157697 0.210000
v 4.531796 -6.157697 -0.210000
v 4.546333 -6.159607 0.210000
v 4.546333 -6.159607 -0.210000
v 4.561489 -6.161415 0.210000
v 4.561489 -6.161415 -0.210000
v 4.577263 -6.163117 0.210000
v 4.577263 -6.163117 -0.210000
v 4.593655 -6.164719 0.210000
v 4.593655 -6.164719 -0.210000
v 4.610668 -6.166215 0.210000
v 4.610668 -6.166215 -0.210000
v 4.628297 -6.167609 0.210000
v 4.628297 -6.167609 -0.210000
v 4.646547 -6.168900 0.210000
v 4.646547 -6.168900 -0.210000
v 4.665445 -6.170087 0.210000
v 4.665445 -6.170087 -0.210000
v 4.685023 -6.171172 0.210000
v 4.685023 -6.171172 -0.210000
v 4.705282 -6.172153 0.210000
v 4.705282 -6.172153 -0.210000
v 4.726221 -6.173030 0.210000
v 4.726221 -6.173030 -0.210000
v 4.747842 -6.173805 0.210000
v 4.747842 -6.173805 -0.210000
v 4.770143 -6.174476 0.210000
v 4.770143 -6.174476 -0.210000
v 4.793123 -6.175043 0.210000
v 4.793123 -6.175043 -0.210000
v 4.816784 -6.175508 0.210000
v 4.816784 -6.175508 -0.210000
v 4.841125 -6.175869 0.210000
v 4.841125 -6.175869 -0.210000
v 4.866149 -6.176128 0.210000
v 4.866149 -6.176128 -0.210000
v 4.891852 -6.176282 0.210000
v 4.891852 -6.176282 -0.210000
v 4.918234 -6.176334 0.210000
v 4.918234 -6.176334 -0.210000
v 4.945995 -6.176282 0.210000
v 4.945995 -6.176282 -0.210000
v 4.972857 -6.176128 0.210000
v 4.972857 -6.176128 -0.210000
v 4.998823 -6.175869 0.210000
v 4.998823 -6.175869 -0.210000
v 5.023892 -6.175508 0.210000
v 5.023892 -6.175508 -0.210000
v 5.048063 -6.175043 0.210000
v 5.048063 -6.175043 -0.210000
v 5.071338 -6.174476 0.210000
v 5.071338 -6.174476 -0.210000
v 5.093716 -6.173804 0.210000
v 5.093716 -6.173804 -0.210000
v 5.115197 -6.173030 0.210000
v 5.115197 -6.173030 -0.210000
v 5.135781 -6.172153 0.210000
v 5.135781 -6.172153 -0.210000
v 5.155468 -6.171172 0.210000
v 5.155468 -6.171172 -0.210000
v 5.174258 -6.170087 0.210000
v 5.174258 -6.170087 -0.210000
v 5.192150 -6.168900 0.210000
v 5.192150 -6.168900 -0.210000
v 5.209270 -6.167609 0.210000
v 5.209270 -6.167609 -0.210000
v 5.225740 -6.166215 0.210000
v 5.225740 -6.166215 -0.210000
v 5.241560 -6.164719 0.210000
v 5.241560 -6.164719 -0.210000
v 5.256732 -6.163117 0.210000
v 5.256732 -6.163117 -0.210000
v 5.271254 -6.161415 0.210000
v 5.271254 -6.161415 -0.210000
v 5.285126 -6.159607 0.210000
v 5.285126 -6.159607 -0.210000
v 5.298348 -6.157697 0.210000
v 5.298348 -6.157697 -0.210000
v 5.310922 -6.155684 0.210000
v 5.310922 -6.155684 -0.210000
v 5.322845 -6.153567 0.210000
v 5.322845 -6.153567 -0.210000
v 5.334119 -6.151347 0.210000
v 5.334119 -6.151347 -0.210000
v 5.344743 -6.149024 0.210000
v 5.344743 -6.149024 -0.210000
v 5.354717 -6.146598 0.210000
v 5.354717 -6.146598 -0.210000
v 5.364106 -6.144068 0.210000
v 5.364106 -6.144068 -0.210000
v 5.372967 -6.141434 0.210000
v 5.372967 -6.141434 -0.210000
v 5.381302 -6.138698 0.210000
v 5.381302 -6.138698 -0.210000
v 5.389112 -6.135859 0.210000
v 5.389112 -6.135859 -0.210000
v 5.396397 -6.132916 0.210000
v 5.396397 -6.132916 -0.210000
v 5.403154 -6.129870 0.210000
v 5.403154 -6.129870 -0.210000
v 5.409386 -6.126722 0.210000
v 5.409386 -6.126722 -0.210000
v 5.415094 -6.123468 0.210000
v 5.415094 -6.123468 -0.210000
v 5.420274 -6.120113 0.210000
v 5.420274 -6.120113 -0.210000
v 5.424930 -6.116654 0.210000
v 5.424930 -6.116654 -0.210000
v 5.429058 -6.113092 0.210000
v 5.429058 -6.113092 -0.210000
v 5.432662 -6.109426 0.210000
v 5.432662 -6.109426 -0.210000
v 5.435801 -6.105658 0.210000
v 5.435801 -6.105658 -0.210000
v 5.438539 -6.101786 0.210000
v 5.438539 -6.101786 -0.210000
v 5.440874 -6.097811 0.210000
v 5.440874 -6.097811 -0.210000
v 5.442807 -6.093732 0.210000
v 5.442807 -6.093732 -0.210000
v 5.444338 -6.089550 0.210000
v 5.444338 -6.089550 -0.210000
v 5.445467 -6.085266 0.210000
v 5.445467 -6.085266 -0.210000
v 5.446194 -6.080876 0.210000
v 5.446194 -6.080876 -0.210000
v 5.446518 -6.076386 0.210000
v 5.446518 -6.076386 -0.210000
v 5.446441 -6.071791 0.210000
v 5.446441 -6.071791 -0.210000
v 5.445961 -6.067093 0.210000
v 5.445961 -6.067093 -0.210000
v 5.445079 -6.062292 0.210000
v 5.445079 -6.062292 -0.210000
v 5.443796 -6.057388 0.210000
v 5.443796 -6.057388 -0.210000
v 4.272418 -2.147012 0.210000
v 4.272418 -2.147012 -0.210000
v 4.270779 -2.142096 0.210000
v 4.270779 -2.142096 -0.210000
v 4.268830 -2.137264 0.210000
v 4.268830 -2.137264 -0.210000
v 4.266572 -2.132514 0.210000
v 4.266572 -2.132514 -0.210000
v 4.264004 -2.127847 0.210000
v 4.264004 -2.127847 -0.210000
v 4.261127 -2.123263 0.210000
v 4.261127 -2.123263 -0.210000
v 4.257942 -2.118762 0.210000
v 4.257942 -2.118762 -0.210000
v 4.254447 -2.114342 0.210000
v 4.254447 -2.114342 -0.210000
v 4.250643 -2.110005 0.210000
v 4.250643 -2.110005 -0.210000
v 4.246529 -2.105752 0.210000
v 4.246529 -2.105752 -0.210000
v 4.242106 -2.101580 0.210000
v 4.242106 -2.101580 -0.210000
v 4.237373 -2.097492 0.210000
v 4.237373 -2.097492 -0.210000
v 4.232332 -2.093486 0.210000
v 4.232332 -2.093486 -0.210000
v 4.226858 -2.089572 0.210000
v 4.226858 -2.089572 -0.210000
v 4.220826 -2.085763 0.210000
v 4.220826 -2.085763 -0.210000
v 4.214239 -2.082056 0.210000
v 4.214239 -2.082056 -0.210000
v 4.207093 -2.078451 0.210000
v 4.207093 -2.078451 -0.210000
v 4.199393 -2.074952 0.210000
v 4.199393 -2.074952 -0.210000
v 4.191135 -2.071554 0.210000
v 4.191135 -2.071554 -0.210000
v 4.182319 -2.068261 0.210000
v 4.182319 -2.068261 -0.210000
v 4.172946 -2.065071 0.210000
v 4.172946 -2.065071 -0.210000
v 4.163018 -2.061983 0.210000
v 4.163018 -2.061983 -0.210000
v 4.152534 -2.058999 0.210000
v 4.152534 -2.058999 -0.210000
v 4.141491 -2.056119 0.210000
v 4.141491 -2.056119 -0.210000
v 4.129892 -2.053340 0.210000
v 4.129892 -2.053340 -0.210000
v 4.117752 -2.050667 0.210000
v 4.117752 -2.050667 -0.210000
v 4.105087 -2.048096 0.210000
v 4.105087 -2.048096 -0.210000
v 4.091894 -2.045628 0.210000
v 4.091894 -2.045628 -0.210000
v 4.078177 -2.043263 0.210000
v 4.078177 -2.043263 -0.210000
v 4.063935 -2.041002 0.210000
v 4.063935 -2.041002 -0.210000
v 4.049165 -2.038844 0.210000
v 4.049165 -2.038844 -0.210000
v 4.033870 -2.036789 0.210000
v 4.033870 -2.036789 -0.210000
v 4.018050 -2.034838 0.210000
v 4.018050 -2.034838 -0.210000
v 4.001704 -2.032990 0.210000
v 4.001704 -2.032990 -0.210000
v 3.984832 -2.031245 0.210000
v 3.984832 -2.031245 -0.210000
v 3.967432 -2.029603 0.210000
v 3.967432 -2.029603 -0.210000
v 3.949509 -2.028064 0.210000
v 3.949509 -2.028064 -0.210000
v 3.930935 -2.026640 0.210000
v 3.930935 -2.026640 -0.210000
v 3.911589 -2.025339 0.210000
v 3.911589 -2.025339 -0.210000
v 3.891469 -2.024161 0.210000
v 3.891469 -2.024161 -0.210000
v 3.870576 -2.023109 0.210000
v 3.870576 -2.023109 -0.210000
v 3.848910 -2.022180 0.210000
v 3.848910 -2.022180 -0.210000
v 3.826470 -2.021374 0.210000
v 3.826470 -2.021374 -0.210000
v 3.803256 -2.020692 0.210000
v 3.803256 -2.020692 -0.210000
v 3.779271 -2.020135 0.210000
v 3.779271 -2.020135 -0.210000
v 3.754512 -2.019701 0.210000
v 3.754512 -2.019701 -0.210000
v 3.728979 -2.019392 0.210000
v 3.728979 -2.019392 -0.210000
v 3.702673 -2.019206 0.210000
v 3.702673 -2.019206 -0.210000
v 3.675593 -2.019144 0.210000
v 3.675593 -2.019144 -0.210000
v 3.648544 -2.019206 0.210000
v 3.648544 -2.019206 -0.210000
v 3.622333 -2.019392 0.210000
v 3.622333 -2.019392 -0.210000
v 3.596954 -2.019701 0.210000
v 3.596954 -2.019701 -0.210000
v 3.572411 -2.020135 0.210000
v 3.572411 -2.020135 -0.210000
v 3.548702 -2.020692 0.210000
v 3.548702 -2.020692 -0.210000
v 3.525830 -2.021374 0.210000
v 3.525830 -2.021374 -0.210000
v 3.503792 -2.022180 0.210000
v 3.503792 -2.022180 -0.210000
v 3.482590 -2.023109 0.210000
v 3.482590 -2.023109 -0.210000
v 3.462223 -2.024161 0.210000
v 3.462223 -2.024161 -0.210000
v 3.442690 -2.025339 0.210000
v 3.442690 -2.025339 -0.210000
v 3.423993 -2.026640 0.210000
v 3.423993 -2.026640 -0.210000
v 3.406131 -2.028064 0.210000
v 3.406131 -2.028064 -0.210000
v 3.389012 -2.029603 0.210000
v 3.389012 -2.029603 -0.210000
v 3.372541 -2.031244 0.210000
v 3.372541 -2.031244 -0.210000
v 3.356721 -2.032990 0.210000
v 3.356721 -2.032990 -0.210000
v 3.341549 -2.034838 0.210000
v 3.341549 -2.034838 -0.210000
v 3.327028 -2.036789 0.210000
v 3.327028 -2.036789 -0.210000
v 3.313155 -2.038844 0.210000
v 3.313155 -2.038844 -0.210000
v 3.299933 -2.041002 0.210000
v 3.299933 -2.041002 -0.210000
v 3.287361 -2.043263 0.210000
v 3.287361 -2.043263 -0.210000
v 3.275436 -2.045628 0.210000
v 3.275436 -2.045628 -0.210000
v 3.264163 -2.048096 0.210000
v 3.264163 -2.048096 -0.210000
v 3.253538 -2.050666 0.210000
v 3.253538 -2.050666 -0.210000
v 3.243564 -2.053340 0.210000
v 3.243564 -2.053340 -0.210000
v 3.234191 -2.056119 0.210000
v 3.234191 -2.056119 -0.210000
v 3.225377 -2.058999 0.210000
v 3.225377 -2.058999 -0.210000
v 3.217119 -2.061983 0.210000
v 3.217119 -2.061983 -0.210000
v 3.209417 -2.065071 0.210000
v 3.209417 -2.065071 -0.210000
v 3.202272 -2.068261 0.210000
v 3.202272 -2.068261 -0.210000
v 3.195684 -2.071554 0.210000
v 3.195684 -2.071554 -0.210000
v 3.189653 -2.074952 0.210000
v 3.189653 -2.074952 -0.210000
v 3.184178 -2.078451 0.210000
v 3.184178 -2.078451 -0.210000
v 3.179261 -2.082056 0.210000
v 3.179261 -2.082056 -0.210000
v 3.174900 -2.085763 0.210000
v 3.174900 -2.085763 -0.210000
v 3.171094 -2.089572 0.210000
v 3.171094 -2.089572 -0.210000
v 3.167848 -2.093486 0.210000
v 3.167848 -2.093486 -0.210000
v 3.165064 -2.097492 0.210000
v 3.165064 -2.097492 -0.210000
v 3.162650 -2.101581 0.210000
v 3.162650 -2.101581 -0.210000
v 3.160610 -2.105752 0.210000
v 3.160610 -2.105752 -0.210000
v 3.158939 -2.110006 0.210000
v 3.158939 -2.110006 -0.210000
v 3.157640 -2.114342 0.210000
v 3.157640 -2.114342 -0.210000
v 3.156713 -2.118762 0.210000
v 3.156713 -2.118762 -0.210000
v 3.156156 -2.123263 0.210000
v 3.156156 -2.123263 -0.210000
v 3.155970 -2.127848 0.210000
v 3.155970 -2.127848 -0.210000
v 3.156156 -2.132514 0.210000
v 3.156156 -2.132514 -0.210000
v 3.156713 -2.137265 0.210000
v 3.156713 -2.137265 -0.210000
v 3.157640 -2.142097 0.210000
v 3.157640 -2.142097 -0.210000
v -1.456428 -3.709674 0.210000
v -1.456428 -3.709674 -0.210000
v -1.471012 -3.732277 0.210000
v -1.471012 -3.732277 -0.210000
v -1.484328 -3.754982 0.210000
v -1.484328 -3.754982 -0.210000
v -1.496374 -3.777791 0.210000
v -1.496374 -3.777791 -0.210000
v -1.507152 -3.800702 0.210000
v -1.507152 -3.800702 -0.210000
v -1.516664 -3.823717 0.210000
v -1.516664 -3.823717 -0.210000
v -1.524908 -3.846835 0.210000
v -1.524908 -3.846835 -0.210000
v -1.531881 -3.870057 0.210000
v -1.531881 -3.870057 -0.210000
v -1.537589 -3.893382 0.210000
v -1.537589 -3.893382 -0.210000
v -1.542027 -3.916809 0.210000
v -1.542027 -3.916809 -0.210000
v -1.545196 -3.940341 0.210000
v -1.545196 -3.940341 -0.210000
v -1.547100 -3.963975 0.210000
v -1.547100 -3.963975 -0.210000
v -1.547733 -3.987712 0.210000
v -1.547733 -3.987712 -0.210000
v -1.546728 -4.023098 0.210000
v -1.546728 -4.023098 -0.210000
v -1.543712 -4.057883 0.210000
v -1.543712 -4.057883 -0.210000
v -1.538686 -4.092070 0.210000
v -1.538686 -4.092071 -0.210000
v -1.531650 -4.125658 0.210000
v -1.531650 -4.125658 -0.210000
v -1.522603 -4.158647 0.210000
v -1.522603 -4.158647 -0.210000
v -1.511545 -4.191038 0.210000
v -1.511545 -4.191038 -0.210000
v -1.498477 -4.222829 0.210000
v -1.498477 -4.222829 -0.210000
v -1.483398 -4.254021 0.210000
v -1.483398 -4.254021 -0.210000
v -1.466311 -4.284616 0.210000
v -1.466311 -4.284616 -0.210000
v -1.447211 -4.314610 0.210000
v -1.447211 -4.314610 -0.210000
v -1.426102 -4.344006 0.210000
v -1.426102 -4.344006 -0.210000
v -1.402981 -4.372804 0.210000
v -1.402981 -4.372804 -0.210000
v -1.377742 -4.400970 0.210000
v -1.377742 -4.400970 -0.210000
v -1.350277 -4.428477 0.210000
v -1.350277 -4.428477 -0.210000
v -1.320584 -4.455323 0.210000
v -1.320584 -4.455323 -0.210000
v -1.288665 -4.481507 0.210000
v -1.288665 -4.481507 -0.210000
v -1.254518 -4.507031 0.210000
v -1.254518 -4.507031 -0.210000
v -1.218145 -4.531894 0.210000
v -1.218145 -4.531894 -0.210000
v -1.179543 -4.556097 0.210000
v -1.179543 -4.556097 -0.210000
v -1.138716 -4.579639 0.210000
v -1.138716 -4.579639 -0.210000
v -1.095662 -4.602519 0.210000
v -1.095662 -4.602519 -0.210000
v -1.050380 -4.624739 0.210000
v -1.050380 -4.624740 -0.210000
v -1.002872 -4.646298 0.210000
v -1.002872 -4.646298 -0.210000
v -0.953136 -4.667196 0.210000
v -0.953136 -4.667196 -0.210000
v -0.901142 -4.687361 0.210000
v -0.901142 -4.687361 -0.210000
v -0.846861 -4.706721 0.210000
v -0.846861 -4.706721 -0.210000
v -0.790291 -4.725276 0.210000
v -0.790291 -4.725276 -0.210000
v -0.731431 -4.743026 0.210000
v -0.731431 -4.743026 -0.210000
v -0.670281 -4.759969 0.210000
v -0.670281 -4.759969 -0.210000
v -0.606844 -4.776107 0.210000
v -0.606844 -4.776107 -0.210000
v -0.541118 -4.791441 0.210000
v -0.541118 -4.791441 -0.210000
v -0.473103 -4.805968 0.210000
v -0.473103 -4.805968 -0.210000
v -0.402799 -4.819690 0.210000
v -0.402799 -4.819690 -0.210000
v -0.330207 -4.832607 0.210000
v -0.330207 -4.832607 -0.210000
v -0.255325 -4.844718 0.210000
v -0.255325 -4.844719 -0.210000
v -0.178156 -4.856024 0.210000
v -0.178156 -4.856024 -0.210000
v -0.098588 -4.866474 0.210000
v -0.098588 -4.866474 -0.210000
v -0.016516 -4.876014 0.210000
v -0.016516 -4.876014 -0.210000
v 0.068063 -4.884646 0.210000
v 0.068063 -4.884646 -0.210000
v 0.155145 -4.892369 0.210000
v 0.155145 -4.892370 -0.210000
v 0.244734 -4.899185 0.210000
v 0.244734 -4.899185 -0.210000
v 0.336828 -4.905090 0.210000
v 0.336828 -4.905090 -0.210000
v 0.431428 -4.910088 0.210000
v 0.431428 -4.910088 -0.210000
v 0.528532 -4.914176 0.210000
v 0.528532 -4.914177 -0.210000
v 0.628142 -4.917356 0.210000
v 0.628142 -4.917356 -0.210000
v 0.730258 -4.919628 0.210000
v 0.730258 -4.919628 -0.210000
v 0.834878 -4.920990 0.210000
v 0.834878 -4.920990 -0.210000
v 0.942003 -4.921446 0.210000
v 0.942003 -4.921446 -0.210000
v 1.351764 -4.921446 0.210000
v 1.351764 -4.921446 -0.210000
v 1.354672 -4.932835 0.210000
v 1.354672 -4.932835 -0.210000
v 1.357455 -4.944202 0.210000
v 1.357455 -4.944202 -0.210000
v 1.360115 -4.955550 0.210000
v 1.360115 -4.955550 -0.210000
v 1.362651 -4.966877 0.210000
v 1.362651 -4.966877 -0.210000
v 1.365063 -4.978182 0.210000
v 1.365063 -4.978182 -0.210000
v 1.367352 -4.989468 0.210000
v 1.367352 -4.989468 -0.210000
v 1.369517 -5.000732 0.210000
v 1.369517 -5.000732 -0.210000
v 1.371560 -5.011977 0.210000
v 1.371560 -5.011977 -0.210000
v 1.373477 -5.023201 0.210000
v 1.373477 -5.023201 -0.210000
v 1.375270 -5.034403 0.210000
v 1.375270 -5.034403 -0.210000
v 1.376941 -5.045586 0.210000
v 1.376941 -5.045586 -0.210000
v 1.378487 -5.056748 0.210000
v 1.378487 -5.056748 -0.210000
v 1.379910 -5.067826 0.210000
v 1.379910 -5.067826 -0.210000
v 1.381209 -5.078761 0.210000
v 1.381209 -5.078761 -0.210000
v 1.382384 -5.089550 0.210000
v 1.382384 -5.089550 -0.210000
v 1.383436 -5.100196 0.210000
v 1.383436 -5.100196 -0.210000
v 1.384365 -5.110696 0.210000
v 1.384365 -5.110696 -0.210000
v 1.385168 -5.121053 0.210000
v 1.385168 -5.121053 -0.210000
v 1.385849 -5.131264 0.210000
v 1.385849 -5.131264 -0.210000
v 1.386405 -5.141332 0.210000
v 1.386405 -5.141332 -0.210000
v 1.386838 -5.151255 0.210000
v 1.386838 -5.151255 -0.210000
v 1.387148 -5.161032 0.210000
v 1.387148 -5.161032 -0.210000
v 1.387332 -5.170666 0.210000
v 1.387332 -5.170666 -0.210000
v 1.387396 -5.180154 0.210000
v 1.387396 -5.180154 -0.210000
v 1.386097 -5.219473 0.210000
v 1.386097 -5.219473 -0.210000
v 1.382198 -5.257140 0.210000
v 1.382198 -5.257140 -0.210000
v 1.375703 -5.293154 0.210000
v 1.375703 -5.293154 -0.210000
v 1.366609 -5.327517 0.210000
v 1.366609 -5.327517 -0.210000
v 1.354919 -5.360227 0.210000
v 1.354919 -5.360227 -0.210000
v 1.340629 -5.391284 0.210000
v 1.340629 -5.391284 -0.210000
v 1.323741 -5.420691 0.210000
v 1.323741 -5.420691 -0.210000
v 1.304256 -5.448446 0.210000
v 1.304256 -5.448446 -0.210000
v 1.282171 -5.474548 0.210000
v 1.282171 -5.474548 -0.210000
v 1.257489 -5.498998 0.210000
v 1.257489 -5.498998 -0.210000
v 1.230208 -5.521796 0.210000
v 1.230208 -5.521796 -0.210000
v 1.200331 -5.542942 0.210000
v 1.200331 -5.542942 -0.210000
v 1.167576 -5.562416 0.210000
v 1.167576 -5.562416 -0.210000
v 1.131665 -5.580195 0.210000
v 1.131665 -5.580195 -0.210000
v 1.092601 -5.596282 0.210000
v 1.092601 -5.596282 -0.210000
v 1.050382 -5.610676 0.210000
v 1.050382 -5.610676 -0.210000
v 1.005007 -5.623376 0.210000
v 1.005007 -5.623376 -0.210000
v 0.956479 -5.634383 0.210000
v 0.956479 -5.634383 -0.210000
v 0.904796 -5.643697 0.210000
v 0.904796 -5.643697 -0.210000
v 0.849957 -5.651316 0.210000
v 0.849957 -5.651316 -0.210000
v 0.791963 -5.657242 0.210000
v 0.791963 -5.657242 -0.210000
v 0.730814 -5.661475 0.210000
v 0.730814 -5.661475 -0.210000
v 0.666511 -5.664016 0.210000
v 0.666511 -5.664016 -0.210000
v 0.599053 -5.664863 0.210000
v 0.599053 -5.664863 -0.210000
v 0.550477 -5.664667 0.210000
v 0.550477 -5.664667 -0.210000
v 0.502736 -5.664078 0.210000
v 0.502736 -5.664078 -0.210000
v 0.455831 -5.663097 0.210000
v 0.455831 -5.663097 -0.210000
v 0.409762 -5.661724 0.210000
v 0.409762 -5.661724 -0.210000
v 0.364526 -5.659959 0.210000
v 0.364526 -5.659959 -0.210000
v 0.320126 -5.657801 0.210000
v 0.320126 -5.657801 -0.210000
v 0.276562 -5.655251 0.210000
v 0.276562 -5.655251 -0.210000
v 0.233832 -5.652307 0.210000
v 0.233832 -5.652307 -0.210000
v 0.191937 -5.648973 0.210000
v 0.191937 -5.648973 -0.210000
v 0.150878 -5.645245 0.210000
v 0.150878 -5.645245 -0.210000
v 0.110654 -5.641125 0.210000
v 0.110654 -5.641125 -0.210000
v 0.071264 -5.636612 0.210000
v 0.071264 -5.636612 -0.210000
v 0.032694 -5.631863 0.210000
v 0.032694 -5.631863 -0.210000
v -0.005071 -5.627031 0.210000
v -0.005071 -5.627031 -0.210000
v -0.042032 -5.622117 0.210000
v -0.042032 -5.622117 -0.210000
v -0.078190 -5.617119 0.210000
v -0.078190 -5.617119 -0.210000
v -0.113543 -5.612039 0.210000
v -0.113543 -5.612039 -0.210000
v -0.148091 -5.606876 0.210000
v -0.148091 -5.606876 -0.210000
v -0.181835 -5.601631 0.210000
v -0.181835 -5.601631 -0.210000
v -0.214776 -5.596303 0.210000
v -0.214776 -5.596303 -0.210000
v -0.246913 -5.590893 0.210000
v -0.246913 -5.590893 -0.210000
v -0.278245 -5.585400 0.210000
v -0.278245 -5.585400 -0.210000
v -0.308772 -5.579824 0.210000
v -0.308772 -5.579824 -0.210000
v -0.338497 -5.574166 0.210000
v -0.338497 -5.574166 -0.210000
v -0.367401 -5.568507 0.210000
v -0.367401 -5.568507 -0.210000
v -0.395469 -5.562932 0.210000
v -0.395469 -5.562932 -0.210000
v -0.422702 -5.557439 0.210000
v -0.422702 -5.557439 -0.210000
v -0.449101 -5.552029 0.210000
v -0.449101 -5.552029 -0.210000
v -0.474664 -5.546700 0.210000
v -0.474666 -5.546700 -0.210000
v -0.499393 -5.541456 0.210000
v -0.499393 -5.541456 -0.210000
v -0.523287 -5.536294 0.210000
v -0.523287 -5.536294 -0.210000
v -0.546345 -5.531213 0.210000
v -0.546345 -5.531213 -0.210000
v -0.568569 -5.526216 0.210000
v -0.568569 -5.526216 -0.210000
v -0.589957 -5.521301 0.210000
v -0.589957 -5.521301 -0.210000
v -0.610510 -5.516469 0.210000
v -0.610510 -5.516469 -0.210000
v -0.630227 -5.511718 0.210000
v -0.630227 -5.511718 -0.210000
v -0.649095 -5.507207 0.210000
v -0.649095 -5.507207 -0.210000
v -0.667096 -5.503087 0.210000
v -0.667096 -5.503087 -0.210000
v -0.684231 -5.499360 0.210000
v -0.684231 -5.499360 -0.210000
v -0.700500 -5.496024 0.210000
v -0.700500 -5.496024 -0.210000
v -0.715903 -5.493082 0.210000
v -0.715903 -5.493082 -0.210000
v -0.730440 -5.490531 0.210000
v -0.730440 -5.490531 -0.210000
v -0.744111 -5.488373 0.210000
v -0.744111 -5.488373 -0.210000
v -0.756916 -5.486608 0.210000
v -0.756916 -5.486608 -0.210000
v -0.768856 -5.485234 0.210000
v -0.768856 -5.485234 -0.210000
v -0.779929 -5.484254 0.210000
v -0.779929 -5.484254 -0.210000
v -0.790134 -5.483665 0.210000
v -0.790134 -5.483665 -0.210000
v -0.799476 -5.483469 0.210000
v -0.799476 -5.483469 -0.210000
v -0.808167 -5.483613 0.210000
v -0.808167 -5.483613 -0.210000
v -0.816425 -5.484046 0.210000
v -0.816425 -5.484046 -0.210000
v -0.824252 -5.484770 0.210000
v -0.824252 -5.484770 -0.210000
v -0.831644 -5.485782 0.210000
v -0.831644 -5.485782 -0.210000
v -0.838603 -5.487082 0.210000
v -0.838603 -5.487082 -0.210000
v -0.845129 -5.488673 0.210000
v -0.845129 -5.488673 -0.210000
v -0.851223 -5.490552 0.210000
v -0.851223 -5.490552 -0.210000
v -0.856883 -5.492720 0.210000
v -0.856883 -5.492720 -0.210000
v -0.862110 -5.495178 0.210000
v -0.862110 -5.495178 -0.210000
v -0.866904 -5.497925 0.210000
v -0.866904 -5.497925 -0.210000
v -0.871264 -5.500959 0.210000
v -0.871266 -5.500959 -0.210000
v -0.875192 -5.504284 0.210000
v -0.875192 -5.504284 -0.210000
v -0.878749 -5.507919 0.210000
v -0.878749 -5.507919 -0.210000
v -0.881997 -5.511885 0.210000
v -0.881997 -5.511885 -0.210000
v -0.884935 -5.516180 0.210000
v -0.884935 -5.516180 -0.210000
v -0.887564 -5.520805 0.210000
v -0.887564 -5.520805 -0.210000
v -0.889885 -5.525762 0.210000
v -0.889885 -5.525762 -0.210000
v -0.891894 -5.531048 0.210000
v -0.891894 -5.531048 -0.210000
v -0.893596 -5.536664 0.210000
v -0.893596 -5.536664 -0.210000
v -0.894988 -5.542612 0.210000
v -0.894988 -5.542612 -0.210000
v -0.896070 -5.548890 0.210000
v -0.896070 -5.548890 -0.210000
v -0.896844 -5.555498 0.210000
v -0.896844 -5.555498 -0.210000
v -0.897307 -5.562437 0.210000
v -0.897307 -5.562437 -0.210000
v -0.897461 -5.569706 0.210000
v -0.897461 -5.569706 -0.210000
v -0.897370 -5.578234 0.210000
v -0.897370 -5.578234 -0.210000
v -0.897092 -5.586969 0.210000
v -0.897092 -5.586969 -0.210000
v -0.896627 -5.595911 0.210000
v -0.896627 -5.595911 -0.210000
v -0.895977 -5.605059 0.210000
v -0.895977 -5.605059 -0.210000
v -0.895142 -5.614413 0.210000
v -0.895142 -5.614413 -0.210000
v -0.894122 -5.623975 0.210000
v -0.894122 -5.623975 -0.210000
v -0.892916 -5.633743 0.210000
v -0.892916 -5.633743 -0.210000
v -0.891524 -5.643716 0.210000
v -0.891524 -5.643716 -0.210000
v -0.889947 -5.653897 0.210000
v -0.889947 -5.653897 -0.210000
v -0.888183 -5.664284 0.210000
v -0.888183 -5.664284 -0.210000
v -0.886234 -5.674878 0.210000
v -0.886234 -5.674878 -0.210000
v -0.884100 -5.685678 0.210000
v -0.884100 -5.685678 -0.210000
v -0.881795 -5.696572 0.210000
v -0.881795 -5.696572 -0.210000
v -0.879338 -5.707445 0.210000
v -0.879338 -5.707445 -0.210000
v -0.876724 -5.718296 0.210000
v -0.876724 -5.718296 -0.210000
v -0.873956 -5.729127 0.210000
v -0.873956 -5.729127 -0.210000
v -0.871032 -5.739938 0.210000
v -0.871032 -5.739938 -0.210000
v -0.867954 -5.750728 0.210000
v -0.867956 -5.750728 -0.210000
v -0.864724 -5.761497 0.210000
v -0.864724 -5.761497 -0.210000
v -0.861335 -5.772245 0.210000
v -0.861337 -5.772245 -0.210000
v -0.857794 -5.782973 0.210000
v -0.857794 -5.782973 -0.210000
v -0.854099 -5.793681 0.210000
v -0.854099 -5.793681 -0.210000
v -0.850248 -5.804367 0.210000
v -0.850248 -5.804367 -0.210000
v -0.846242 -5.815034 0.210000
v -0.846242 -5.815034 -0.210000
v -0.842067 -5.825637 0.210000
v -0.842067 -5.825637 -0.210000
v -0.837706 -5.836137 0.210000
v -0.837706 -5.836137 -0.210000
v -0.833158 -5.846536 0.210000
v -0.833158 -5.846536 -0.210000
v -0.828426 -5.856829 0.210000
v -0.828426 -5.856829 -0.210000
v -0.823509 -5.867021 0.210000
v -0.823509 -5.867021 -0.210000
v -0.818406 -5.877108 0.210000
v -0.818406 -5.877108 -0.210000
v -0.813115 -5.887094 0.210000
v -0.813115 -5.887094 -0.210000
v -0.807641 -5.896975 0.210000
v -0.807641 -5.896975 -0.210000
v -0.801981 -5.906752 0.210000
v -0.801981 -5.906752 -0.210000
v -0.796135 -5.916427 0.210000
v -0.796135 -5.916427 -0.210000
v -0.790105 -5.925998 0.210000
v -0.790105 -5.925998 -0.210000
v -0.783887 -5.935466 0.210000
v -0.783887 -5.935466 -0.210000
v -0.777501 -5.944697 0.210000
v -0.777501 -5.944697 -0.210000
v -0.770959 -5.953557 0.210000
v -0.770959 -5.953557 -0.210000
v -0.764263 -5.962044 0.210000
v -0.764263 -5.962044 -0.210000
v -0.757411 -5.970159 0.210000
v -0.757411 -5.970159 -0.210000
v -0.750406 -5.977903 0.210000
v -0.750406 -5.977903 -0.210000
v -0.743245 -5.985275 0.210000
v -0.743245 -5.985275 -0.210000
v -0.735930 -5.992276 0.210000
v -0.735930 -5.992276 -0.210000
v -0.728461 -5.998905 0.210000
v -0.728461 -5.998905 -0.210000
v -0.720836 -6.005162 0.210000
v -0.720838 -6.005162 -0.210000
v -0.713058 -6.011048 0.210000
v -0.713058 -6.011048 -0.210000
v -0.705124 -6.016562 0.210000
v -0.705124 -6.016562 -0.210000
v -0.697036 -6.021703 0.210000
v -0.697036 -6.021703 -0.210000
v -0.687509 -6.027650 0.210000
v -0.687509 -6.027650 -0.210000
v -0.676746 -6.033598 0.210000
v -0.676746 -6.033598 -0.210000
v -0.664745 -6.039546 0.210000
v -0.664745 -6.039546 -0.210000
v -0.651507 -6.045492 0.210000
v -0.651507 -6.045492 -0.210000
v -0.637032 -6.051440 0.210000
v -0.637032 -6.051440 -0.210000
v -0.621320 -6.057388 0.210000
v -0.621320 -6.057388 -0.210000
v -0.604369 -6.063334 0.210000
v -0.604369 -6.063334 -0.210000
v -0.586183 -6.069282 0.210000
v -0.586183 -6.069282 -0.210000
v -0.566758 -6.075230 0.210000
v -0.566760 -6.075230 -0.210000
v -0.546098 -6.081176 0.210000
v -0.546098 -6.081176 -0.210000
v -0.524199 -6.087124 0.210000
v -0.524201 -6.087124 -0.210000
v -0.501064 -6.093072 0.210000
v -0.501064 -6.093072 -0.210000
v -0.476908 -6.098978 0.210000
v -0.476908 -6.098978 -0.210000
v -0.451946 -6.104801 0.210000
v -0.451948 -6.104801 -0.210000
v -0.426182 -6.110542 0.210000
v -0.426182 -6.110542 -0.210000
v -0.399614 -6.116200 0.210000
v -0.399614 -6.116200 -0.210000
v -0.372241 -6.121776 0.210000
v -0.372241 -6.121776 -0.210000
v -0.344064 -6.127268 0.210000
v -0.344064 -6.127268 -0.210000
v -0.315083 -6.132679 0.210000
v -0.315083 -6.132679 -0.210000
v -0.285297 -6.138006 0.210000
v -0.285297 -6.138006 -0.210000
v -0.254706 -6.143252 0.210000
v -0.254706 -6.143252 -0.210000
v -0.223313 -6.148414 0.210000
v -0.223313 -6.148414 -0.210000
v -0.191115 -6.153495 0.210000
v -0.191115 -6.153495 -0.210000
v -0.158113 -6.158492 0.210000
v -0.158113 -6.158492 -0.210000
v -0.124369 -6.163376 0.210000
v -0.124369 -6.163376 -0.210000
v -0.089943 -6.168115 0.210000
v -0.089943 -6.168115 -0.210000
v -0.054837 -6.172709 0.210000
v -0.054837 -6.172709 -0.210000
v -0.019051 -6.177160 0.210000
v -0.019051 -6.177160 -0.210000
v 0.017415 -6.181466 0.210000
v 0.017415 -6.181466 -0.210000
v 0.054562 -6.185627 0.210000
v 0.054562 -6.185627 -0.210000
v 0.092388 -6.189643 0.210000
v 0.092388 -6.189643 -0.210000
v 0.130897 -6.193515 0.210000
v 0.130897 -6.193515 -0.210000
v 0.170085 -6.197242 0.210000
v 0.170085 -6.197242 -0.210000
v 0.209954 -6.200826 0.210000
v 0.209954 -6.200826 -0.210000
v 0.250503 -6.204263 0.210000
v 0.250503 -6.204263 -0.210000
v 0.291732 -6.207558 0.210000
v 0.291732 -6.207558 -0.210000
v 0.333364 -6.210644 0.210000
v 0.333364 -6.210644 -0.210000
v 0.375119 -6.213463 0.210000
v 0.375119 -6.213463 -0.210000
v 0.416998 -6.216014 0.210000
v 0.416998 -6.216014 -0.210000
v 0.459002 -6.218296 0.210000
v 0.459002 -6.218296 -0.210000
v 0.501128 -6.220309 0.210000
v 0.501128 -6.220309 -0.210000
v 0.543379 -6.222054 0.210000
v 0.543378 -6.222054 -0.210000
v 0.585753 -6.223531 0.210000
v 0.585753 -6.223531 -0.210000
v 0.628251 -6.224739 0.210000
v 0.628249 -6.224739 -0.210000
v 0.670872 -6.225678 0.210000
v 0.670872 -6.225678 -0.210000
v 0.713617 -6.226349 0.210000
v 0.713617 -6.226349 -0.210000
v 0.756485 -6.226751 0.210000
v 0.756485 -6.226751 -0.210000
v 0.799479 -6.226886 0.210000
v 0.799478 -6.226886 -0.210000
v 0.869984 -6.226473 0.210000
v 0.869984 -6.226473 -0.210000
v 0.938973 -6.225235 0.210000
v 0.938973 -6.225235 -0.210000
v 1.006446 -6.223169 0.210000
v 1.006446 -6.223169 -0.210000
v 1.072404 -6.220279 0.210000
v 1.072404 -6.220279 -0.210000
v 1.136847 -6.216561 0.210000
v 1.136847 -6.216561 -0.210000
v 1.199774 -6.212018 0.210000
v 1.199774 -6.212018 -0.210000
v 1.261186 -6.206648 0.210000
v 1.261186 -6.206648 -0.210000
v 1.321082 -6.200454 0.210000
v 1.321082 -6.200454 -0.210000
v 1.379462 -6.193433 0.210000
v 1.379462 -6.193433 -0.210000
v 1.436327 -6.185585 0.210000
v 1.436327 -6.185585 -0.210000
v 1.491676 -6.176912 0.210000
v 1.491676 -6.176912 -0.210000
v 1.545508 -6.167413 0.210000
v 1.545508 -6.167413 -0.210000
v 1.597858 -6.157066 0.210000
v 1.597858 -6.157066 -0.210000
v 1.648753 -6.145854 0.210000
v 1.648753 -6.145854 -0.210000
v 1.698194 -6.133773 0.210000
v 1.698194 -6.133773 -0.210000
v 1.746182 -6.120825 0.210000
v 1.746182 -6.120825 -0.210000
v 1.792717 -6.107011 0.210000
v 1.792717 -6.107011 -0.210000
v 1.837798 -6.092328 0.210000
v 1.837798 -6.092328 -0.210000
v 1.881423 -6.076778 0.210000
v 1.881423 -6.076778 -0.210000
v 1.923597 -6.060360 0.210000
v 1.923597 -6.060360 -0.210000
v 1.964316 -6.043077 0.210000
v 1.964316 -6.043077 -0.210000
v 2.003581 -6.024924 0.210000
v 2.003581 -6.024924 -0.210000
v 2.041394 -6.005905 0.210000
v 2.041394 -6.005905 -0.210000
v 2.077751 -5.986020 0.210000
v 2.077751 -5.986020 -0.210000
v 2.112640 -5.965234 0.210000
v 2.112640 -5.965234 -0.210000
v 2.146046 -5.943521 0.210000
v 2.146046 -5.943521 -0.210000
v 2.177965 -5.920877 0.210000
v 2.177965 -5.920877 -0.210000
v 2.208399 -5.897305 0.210000
v 2.208399 -5.897305 -0.210000
v 2.237351 -5.872804 0.210000
v 2.237351 -5.872804 -0.210000
v 2.264816 -5.847372 0.210000
v 2.264816 -5.847372 -0.210000
v 2.290797 -5.821012 0.210000
v 2.290797 -5.821012 -0.210000
v 2.315293 -5.793722 0.210000
v 2.315293 -5.793722 -0.210000
v 2.338305 -5.765503 0.210000
v 2.338305 -5.765503 -0.210000
v 2.359833 -5.736354 0.210000
v 2.359833 -5.736354 -0.210000
v 2.379875 -5.706278 0.210000
v 2.379875 -5.706278 -0.210000
v 2.398433 -5.675270 0.210000
v 2.398433 -5.675270 -0.210000
v 2.415506 -5.643314 0.210000
v 2.415506 -5.643314 -0.210000
v 2.431095 -5.610387 0.210000
v 2.431095 -5.610387 -0.210000
v 2.445199 -5.576489 0.210000
v 2.445199 -5.576489 -0.210000
v 2.457819 -5.541621 0.210000
v 2.457819 -5.541621 -0.210000
v 2.468953 -5.505781 0.210000
v 2.468953 -5.505781 -0.210000
v 2.478603 -5.468973 0.210000
v 2.478603 -5.468973 -0.210000
v 2.486768 -5.431192 0.210000
v 2.486768 -5.431192 -0.210000
v 2.493451 -5.392442 0.210000
v 2.493451 -5.392442 -0.210000
v 2.498646 -5.352720 0.210000
v 2.498646 -5.352720 -0.210000
v 2.502357 -5.312028 0.210000
v 2.502357 -5.312028 -0.210000
v 2.504585 -5.270366 0.210000
v 2.504585 -5.270366 -0.210000
v 2.505327 -5.227734 0.210000
v 2.505327 -5.227734 -0.210000
v 2.504941 -5.194331 0.210000
v 2.504941 -5.194331 -0.210000
v 2.503781 -5.160537 0.210000
v 2.503781 -5.160537 -0.210000
v 2.501847 -5.126349 0.210000
v 2.501847 -5.126349 -0.210000
v 2.499141 -5.091771 0.210000
v 2.499141 -5.091771 -0.210000
v 2.495663 -5.056799 0.210000
v 2.495663 -5.056799 -0.210000
v 2.491409 -5.021435 0.210000
v 2.491409 -5.021435 -0.210000
v 2.486383 -4.985679 0.210000
v 2.486383 -4.985679 -0.210000
v 2.480584 -4.949531 0.210000
v 2.480584 -4.949531 -0.210000
v 2.474011 -4.912989 0.210000
v 2.474011 -4.912989 -0.210000
v 2.466666 -4.876056 0.210000
v 2.466666 -4.876056 -0.210000
v 2.458546 -4.838730 0.210000
v 2.458546 -4.838730 -0.210000
v 2.449654 -4.801012 0.210000
v 2.449654 -4.801012 -0.210000
v 2.439895 -4.763138 0.210000
v 2.439895 -4.763139 -0.210000
v 2.429178 -4.725348 0.210000
v 2.429178 -4.725348 -0.210000
v 2.417501 -4.687641 0.210000
v 2.417501 -4.687641 -0.210000
v 2.404866 -4.650015 0.210000
v 2.404866 -4.650015 -0.210000
v 2.391274 -4.612473 0.210000
v 2.391274 -4.612473 -0.210000
v 2.376721 -4.575012 0.210000
v 2.376721 -4.575012 -0.210000
v 2.361209 -4.537636 0.210000
v 2.361209 -4.537636 -0.210000
v 2.344739 -4.500340 0.210000
v 2.344739 -4.500340 -0.210000
v 2.327310 -4.463129 0.210000
v 2.327310 -4.463129 -0.210000
v 2.308923 -4.425999 0.210000
v 2.308923 -4.425999 -0.210000
v 2.289576 -4.388952 0.210000
v 2.289576 -4.388952 -0.210000
v 2.269270 -4.351988 0.210000
v 2.269270 -4.351988 -0.210000
v 2.247989 -4.315199 0.210000
v 2.247989 -4.315199 -0.210000
v 2.225720 -4.278678 0.210000
v 2.225720 -4.278678 -0.210000
v 2.202462 -4.242426 0.210000
v 2.202462 -4.242426 -0.210000
v 2.178212 -4.206443 0.210000
v 2.178212 -4.206443 -0.210000
v 2.152973 -4.170729 0.210000
v 2.152973 -4.170729 -0.210000
v 2.126744 -4.135281 0.210000
v 2.126744 -4.135281 -0.210000
v 2.099526 -4.100103 0.210000
v 2.099526 -4.100104 -0.210000
v 2.071318 -4.065193 0.210000
v 2.071318 -4.065193 -0.210000
v 2.042120 -4.030553 0.210000
v 2.042120 -4.030553 -0.210000
v 2.011932 -3.996180 0.210000
v 2.011932 -3.996180 -0.210000
v 1.980755 -3.962076 0.210000
v 1.980755 -3.962076 -0.210000
v 1.948588 -3.928240 0.210000
v 1.948588 -3.928240 -0.210000
v 1.915354 -3.894879 0.210000
v 1.915354 -3.894879 -0.210000
v 1.880976 -3.862199 0.210000
v 1.880976 -3.862199 -0.210000
v 1.845453 -3.830202 0.210000
v 1.845453 -3.830202 -0.210000
v 1.808785 -3.798884 0.210000
v 1.808785 -3.798884 -0.210000
v 1.770972 -3.768250 0.210000
v 1.770972 -3.768250 -0.210000
v 1.732017 -3.738297 0.210000
v 1.732017 -3.738297 -0.210000
v 1.691917 -3.709025 0.210000
v 1.691917 -3.709025 -0.210000
v 1.650670 -3.680434 0.210000
v 1.650670 -3.680434 -0.210000
v 1.608281 -3.652525 0.210000
v 1.608281 -3.652525 -0.210000
v 1.564747 -3.625297 0.210000
v 1.564747 -3.625297 -0.210000
v 1.520070 -3.598751 0.210000
v 1.520070 -3.598751 -0.210000
v 1.474246 -3.572886 0.210000
v 1.474246 -3.572886 -0.210000
v 1.427248 -3.547786 0.210000
v 1.427248 -3.547786 -0.210000
v 1.379045 -3.523531 0.210000
v 1.379045 -3.523531 -0.210000
v 1.329633 -3.500124 0.210000
v 1.329633 -3.500124 -0.210000
v 1.279017 -3.477563 0.210000
v 1.279017 -3.477563 -0.210000
v 1.227193 -3.455850 0.210000
v 1.227193 -3.455850 -0.210000
v 1.174164 -3.434982 0.210000
v 1.174164 -3.434982 -0.210000
v 1.119928 -3.414961 0.210000
v 1.119928 -3.414961 -0.210000
v 1.064486 -3.395787 0.210000
v 1.064486 -3.395787 -0.210000
v 1.007838 -3.377461 0.210000
v 1.007838 -3.377461 -0.210000
v 0.949984 -3.359979 0.210000
v 0.949984 -3.359979 -0.210000
v 0.890923 -3.343346 0.210000
v 0.890923 -3.343346 -0.210000
v 0.830655 -3.327558 0.210000
v 0.830655 -3.327558 -0.210000
v 0.769075 -3.312835 0.210000
v 0.769075 -3.312835 -0.210000
v 0.706071 -3.299391 0.210000
v 0.706071 -3.299391 -0.210000
v 0.641644 -3.287228 0.210000
v 0.641644 -3.287228 -0.210000
v 0.575793 -3.276345 0.210000
v 0.575793 -3.276345 -0.210000
v 0.508521 -3.266743 0.210000
v 0.508521 -3.266743 -0.210000
v 0.439825 -3.258421 0.210000
v 0.439825 -3.258421 -0.210000
v 0.369708 -3.251379 0.210000
v 0.369708 -3.251379 -0.210000
v 0.298165 -3.245617 0.210000
v 0.298165 -3.245617 -0.210000
v 0.225203 -3.241136 0.210000
v 0.225203 -3.241136 -0.210000
v 0.150815 -3.237935 0.210000
v 0.150815 -3.237935 -0.210000
v 0.075006 -3.236014 0.210000
v 0.075006 -3.236014 -0.210000
v -0.002226 -3.235374 0.210000
v -0.002226 -3.235374 -0.210000
v -0.068988 -3.235819 0.210000
v -0.068988 -3.235819 -0.210000
v -0.134173 -3.237151 0.210000
v -0.134173 -3.237151 -0.210000
v -0.197780 -3.239371 0.210000
v -0.197780 -3.239371 -0.210000
v -0.259811 -3.242478 0.210000
v -0.259811 -3.242478 -0.210000
v -0.320263 -3.246474 0.210000
v -0.320263 -3.246474 -0.210000
v -0.379138 -3.251358 0.210000
v -0.379138 -3.251358 -0.210000
v -0.436436 -3.257130 0.210000
v -0.436436 -3.257130 -0.210000
v -0.492157 -3.263789 0.210000
v -0.492157 -3.263789 -0.210000
v -0.546300 -3.271338 0.210000
v -0.546300 -3.271338 -0.210000
v -0.598865 -3.279774 0.210000
v -0.598865 -3.279774 -0.210000
v -0.649853 -3.289097 0.210000
v -0.649853 -3.289097 -0.210000
v -0.699262 -3.299308 0.210000
v -0.699262 -3.299308 -0.210000
v -0.747158 -3.310253 0.210000
v -0.747158 -3.310253 -0.210000
v -0.793600 -3.321776 0.210000
v -0.793600 -3.321776 -0.210000
v -0.838587 -3.333877 0.210000
v -0.838587 -3.333877 -0.210000
v -0.882121 -3.346556 0.210000
v -0.882121 -3.346556 -0.210000
v -0.924201 -3.359814 0.210000
v -0.924201 -3.359814 -0.210000
v -0.964828 -3.373650 0.210000
v -0.964828 -3.373650 -0.210000
v -1.004001 -3.388064 0.210000
v -1.004001 -3.388064 -0.210000
v -1.041719 -3.403056 0.210000
v -1.041719 -3.403056 -0.210000
v -1.077985 -3.418627 0.210000
v -1.077985 -3.418627 -0.210000
v -1.112797 -3.434775 0.210000
v -1.112797 -3.434775 -0.210000
v -1.146155 -3.451503 0.210000
v -1.146155 -3.451503 -0.210000
v -1.178059 -3.468808 0.210000
v -1.178059 -3.468808 -0.210000
v -1.208572 -3.486608 0.210000
v -1.208572 -3.486608 -0.210000
v -1.237753 -3.504822 0.210000
v -1.237753 -3.504822 -0.210000
v -1.265605 -3.523449 0.210000
v -1.265605 -3.523449 -0.210000
v -1.292129 -3.542489 0.210000
v -1.292129 -3.542489 -0.210000
v -1.317320 -3.561941 0.210000
v -1.317320 -3.561941 -0.210000
v -1.341183 -3.581808 0.210000
v -1.341183 -3.581808 -0.210000
v -1.363715 -3.602086 0.210000
v -1.363715 -3.602086 -0.210000
v -1.384919 -3.622778 0.210000
v -1.384919 -3.622778 -0.210000
v -1.404790 -3.643882 0.210000
v -1.404790 -3.643882 -0.210000
v -1.423332 -3.665400 0.210000
v -1.423332 -3.665400 -0.210000
v -1.440546 -3.687331 0.210000
v -1.440546 -3.687331 -0.210000
v -0.380809 -4.200330 0.210000
v -0.380809 -4.200330 -0.210000
v -0.391479 -4.188115 0.210000
v -0.391479 -4.188115 -0.210000
v -0.401222 -4.175756 0.210000
v -0.401222 -4.175756 -0.210000
v -0.410037 -4.163252 0.210000
v -0.410037 -4.163252 -0.210000
v -0.417924 -4.150604 0.210000
v -0.417924 -4.150604 -0.210000
v -0.424883 -4.137811 0.210000
v -0.424883 -4.137811 -0.210000
v -0.430915 -4.124874 0.210000
v -0.430915 -4.124874 -0.210000
v -0.436018 -4.111792 0.210000
v -0.436018 -4.111792 -0.210000
v -0.440193 -4.098565 0.210000
v -0.440193 -4.098565 -0.210000
v -0.443441 -4.085193 0.210000
v -0.443441 -4.085193 -0.210000
v -0.445760 -4.071678 0.210000
v -0.445762 -4.071678 -0.210000
v -0.447152 -4.058018 0.210000
v -0.447154 -4.058018 -0.210000
v -0.447617 -4.044212 0.210000
v -0.447617 -4.044212 -0.210000
v -0.446642 -4.024667 0.210000
v -0.446642 -4.024667 -0.210000
v -0.443720 -4.005679 0.210000
v -0.443720 -4.005679 -0.210000
v -0.438849 -3.987249 0.210000
v -0.438849 -3.987249 -0.210000
v -0.432028 -3.969375 0.210000
v -0.432028 -3.969375 -0.210000
v -0.423260 -3.952060 0.210000
v -0.423260 -3.952060 -0.210000
v -0.412542 -3.935302 0.210000
v -0.412542 -3.935302 -0.210000
v -0.399877 -3.919102 0.210000
v -0.399877 -3.919102 -0.210000
v -0.385263 -3.903459 0.210000
v -0.385263 -3.903459 -0.210000
v -0.368700 -3.888374 0.210000
v -0.368700 -3.888374 -0.210000
v -0.350187 -3.873847 0.210000
v -0.350189 -3.873847 -0.210000
v -0.329728 -3.859876 0.210000
v -0.329728 -3.859876 -0.210000
v -0.307319 -3.846464 0.210000
v -0.307319 -3.846464 -0.210000
v -0.283055 -3.833878 0.210000
v -0.283055 -3.833878 -0.210000
v -0.257027 -3.822385 0.210000
v -0.257027 -3.822385 -0.210000
v -0.229236 -3.811988 0.210000
v -0.229236 -3.811988 -0.210000
v -0.199682 -3.802685 0.210000
v -0.199682 -3.802685 -0.210000
v -0.168366 -3.794476 0.210000
v -0.168366 -3.794476 -0.210000
v -0.135286 -3.787362 0.210000
v -0.135286 -3.787362 -0.210000
v -0.100443 -3.781342 0.210000
v -0.100443 -3.781342 -0.210000
v -0.063838 -3.776417 0.210000
v -0.063838 -3.776417 -0.210000
v -0.025470 -3.772587 0.210000
v -0.025470 -3.772587 -0.210000
v 0.014662 -3.769850 0.210000
v 0.014662 -3.769850 -0.210000
v 0.056557 -3.768208 0.210000
v 0.056557 -3.768208 -0.210000
v 0.100215 -3.767662 0.210000
v 0.100213 -3.767662 -0.210000
v 0.137006 -3.768033 0.210000
v 0.137006 -3.768033 -0.210000
v 0.173148 -3.769148 0.210000
v 0.173148 -3.769148 -0.210000
v 0.208639 -3.771007 0.210000
v 0.208639 -3.771007 -0.210000
v 0.243482 -3.773608 0.210000
v 0.243482 -3.773608 -0.210000
v 0.277675 -3.776954 0.210000
v 0.277675 -3.776954 -0.210000
v 0.311219 -3.781044 0.210000
v 0.311217 -3.781044 -0.210000
v 0.344113 -3.785875 0.210000
v 0.344113 -3.785875 -0.210000
v 0.376356 -3.791450 0.210000
v 0.376356 -3.791450 -0.210000
v 0.407951 -3.797770 0.210000
v 0.407951 -3.797770 -0.210000
v 0.438898 -3.804832 0.210000
v 0.438898 -3.804832 -0.210000
v 0.469194 -3.812638 0.210000
v 0.469194 -3.812638 -0.210000
v 0.498839 -3.821188 0.210000
v 0.498839 -3.821188 -0.210000
v 0.527868 -3.830367 0.210000
v 0.527868 -3.830367 -0.210000
v 0.556307 -3.840062 0.210000
v 0.556307 -3.840062 -0.210000
v 0.584160 -3.850273 0.210000
v 0.584160 -3.850273 -0.210000
v 0.611425 -3.861002 0.210000
v 0.611425 -3.861002 -0.210000
v 0.638101 -3.872246 0.210000
v 0.638101 -3.872246 -0.210000
v 0.664192 -3.884007 0.210000
v 0.664192 -3.884007 -0.210000
v 0.689693 -3.896283 0.210000
v 0.689693 -3.896283 -0.210000
v 0.714608 -3.909076 0.210000
v 0.714608 -3.909076 -0.210000
v 0.738933 -3.922386 0.210000
v 0.738933 -3.922386 -0.210000
v 0.762671 -3.936211 0.210000
v 0.762671 -3.936211 -0.210000
v 0.785822 -3.950552 0.210000
v 0.785822 -3.950552 -0.210000
v 0.808386 -3.965410 0.210000
v 0.808386 -3.965410 -0.210000
v 0.830392 -3.980753 0.210000
v 0.830392 -3.980753 -0.210000
v 0.851875 -3.996551 0.210000
v 0.851875 -3.996551 -0.210000
v 0.872829 -4.012804 0.210000
v 0.872829 -4.012804 -0.210000
v 0.893258 -4.029509 0.210000
v 0.893258 -4.029509 -0.210000
v 0.913162 -4.046670 0.210000
v 0.913162 -4.046670 -0.210000
v 0.932539 -4.064285 0.210000
v 0.932539 -4.064285 -0.210000
v 0.951390 -4.082354 0.210000
v 0.951390 -4.082354 -0.210000
v 0.969717 -4.100877 0.210000
v 0.969717 -4.100877 -0.210000
v 0.987516 -4.119855 0.210000
v 0.987516 -4.119856 -0.210000
v 1.004792 -4.139288 0.210000
v 1.004792 -4.139288 -0.210000
v 1.021541 -4.159173 0.210000
v 1.021541 -4.159173 -0.210000
v 1.037763 -4.179514 0.210000
v 1.037763 -4.179514 -0.210000
v 1.053460 -4.200197 0.210000
v 1.053460 -4.200197 -0.210000
v 1.068632 -4.221105 0.210000
v 1.068632 -4.221105 -0.210000
v 1.083276 -4.242240 0.210000
v 1.083276 -4.242240 -0.210000
v 1.097396 -4.263604 0.210000
v 1.097396 -4.263604 -0.210000
v 1.110990 -4.285193 0.210000
v 1.110990 -4.285193 -0.210000
v 1.124058 -4.307011 0.210000
v 1.124058 -4.307011 -0.210000
v 1.136600 -4.329055 0.210000
v 1.136600 -4.329055 -0.210000
v 1.148616 -4.351326 0.210000
v 1.148616 -4.351326 -0.210000
v 1.160107 -4.373826 0.210000
v 1.160107 -4.373826 -0.210000
v 1.171071 -4.396551 0.210000
v 1.171071 -4.396551 -0.210000
v 1.181510 -4.419504 0.210000
v 1.181510 -4.419504 -0.210000
v 1.191423 -4.442684 0.210000
v 1.191423 -4.442684 -0.210000
v 0.817294 -4.442684 0.210000
v 0.817294 -4.442684 -0.210000
v 0.758713 -4.442468 0.210000
v 0.758713 -4.442468 -0.210000
v 0.701739 -4.441817 0.210000
v 0.701739 -4.441817 -0.210000
v 0.646375 -4.440733 0.210000
v 0.646375 -4.440733 -0.210000
v 0.592619 -4.439215 0.210000
v 0.592619 -4.439215 -0.210000
v 0.540471 -4.437263 0.210000
v 0.540471 -4.437264 -0.210000
v 0.489932 -4.434879 0.210000
v 0.489931 -4.434879 -0.210000
v 0.441001 -4.432060 0.210000
v 0.441001 -4.432060 -0.210000
v 0.393677 -4.428807 0.210000
v 0.393677 -4.428807 -0.210000
v 0.347962 -4.425121 0.210000
v 0.347962 -4.425121 -0.210000
v 0.303857 -4.421001 0.210000
v 0.303857 -4.421001 -0.210000
v 0.261359 -4.416449 0.210000
v 0.261359 -4.416449 -0.210000
v 0.220470 -4.411461 0.210000
v 0.220470 -4.411462 -0.210000
v 0.181034 -4.406103 0.210000
v 0.181034 -4.406103 -0.210000
v 0.142897 -4.400434 0.210000
v 0.142897 -4.400434 -0.210000
v 0.106059 -4.394455 0.210000
v 0.106059 -4.394455 -0.210000
v 0.070522 -4.388167 0.210000
v 0.070522 -4.388167 -0.210000
v 0.036282 -4.381570 0.210000
v 0.036282 -4.381570 -0.210000
v 0.003341 -4.374662 0.210000
v 0.003341 -4.374662 -0.210000
v -0.028299 -4.367445 0.210000
v -0.028299 -4.367445 -0.210000
v -0.058643 -4.359917 0.210000
v -0.058643 -4.359917 -0.210000
v -0.087685 -4.352080 0.210000
v -0.087685 -4.352080 -0.210000
v -0.115429 -4.343934 0.210000
v -0.115429 -4.343934 -0.210000
v -0.141874 -4.335478 0.210000
v -0.141874 -4.335478 -0.210000
v -0.167021 -4.326712 0.210000
v -0.167021 -4.326712 -0.210000
v -0.190961 -4.317656 0.210000
v -0.190961 -4.317657 -0.210000
v -0.213786 -4.308332 0.210000
v -0.213786 -4.308332 -0.210000
v -0.235500 -4.298740 0.210000
v -0.235500 -4.298740 -0.210000
v -0.256098 -4.288880 0.210000
v -0.256098 -4.288880 -0.210000
v -0.275584 -4.278751 0.210000
v -0.275584 -4.278751 -0.210000
v -0.293956 -4.268353 0.210000
v -0.293956 -4.268353 -0.210000
v -0.311216 -4.257687 0.210000
v -0.311216 -4.257687 -0.210000
v -0.327362 -4.246752 0.210000
v -0.327362 -4.246752 -0.210000
v -0.342393 -4.235549 0.210000
v -0.342393 -4.235549 -0.210000
v -0.356312 -4.224079 0.210000
v -0.356312 -4.224079 -0.210000
v -0.369117 -4.212339 0.210000
v -0.369117 -4.212339 -0.210000
v -6.989303 -3.401900 0.210000
v -6.989303 -3.401900 -0.210000
v -6.192051 -6.060360 0.210000
v -6.192051 -6.060360 -0.210000
v -6.188356 -6.070521 0.210000
v -6.188356 -6.070521 -0.210000
v -6.183206 -6.080185 0.210000
v -6.183206 -6.080185 -0.210000
v -6.176603 -6.089355 0.210000
v -6.176603 -6.089355 -0.210000
v -6.168545 -6.098027 0.210000
v -6.168545 -6.098027 -0.210000
v -6.159035 -6.106205 0.210000
v -6.159035 -6.106205 -0.210000
v -6.148068 -6.113886 0.210000
v -6.148068 -6.113886 -0.210000
v -6.135651 -6.121074 0.210000
v -6.135651 -6.121074 -0.210000
v -6.121780 -6.127765 0.210000
v -6.121780 -6.127765 -0.210000
v -6.106454 -6.133959 0.210000
v -6.106454 -6.133959 -0.210000
v -6.089673 -6.139659 0.210000
v -6.089673 -6.139659 -0.210000
v -6.071441 -6.144862 0.210000
v -6.071441 -6.144862 -0.210000
v -6.051754 -6.149570 0.210000
v -6.051754 -6.149570 -0.210000
v -6.030303 -6.153846 0.210000
v -6.030303 -6.153846 -0.210000
v -6.006781 -6.157749 0.210000
v -6.006781 -6.157749 -0.210000
v -5.981186 -6.161280 0.210000
v -5.981186 -6.161280 -0.210000
v -5.953519 -6.164440 0.210000
v -5.953519 -6.164440 -0.210000
v -5.923781 -6.167228 0.210000
v -5.923781 -6.167228 -0.210000
v -5.891969 -6.169643 0.210000
v -5.891969 -6.169643 -0.210000
v -5.858086 -6.171688 0.210000
v -5.858086 -6.171688 -0.210000
v -5.822128 -6.173360 0.210000
v -5.822128 -6.173360 -0.210000
v -5.784100 -6.174662 0.210000
v -5.784100 -6.174662 -0.210000
v -5.744000 -6.175591 0.210000
v -5.744000 -6.175591 -0.210000
v -5.701828 -6.176148 0.210000
v -5.701828 -6.176148 -0.210000
v -5.657582 -6.176334 0.210000
v -5.657582 -6.176334 -0.210000
v -5.634926 -6.176293 0.210000
v -5.634926 -6.176293 -0.210000
v -5.612980 -6.176169 0.210000
v -5.612980 -6.176169 -0.210000
v -5.591747 -6.175962 0.210000
v -5.591747 -6.175962 -0.210000
v -5.571226 -6.175673 0.210000
v -5.571226 -6.175673 -0.210000
v -5.551414 -6.175302 0.210000
v -5.551414 -6.175302 -0.210000
v -5.532316 -6.174848 0.210000
v -5.532316 -6.174848 -0.210000
v -5.513927 -6.174311 0.210000
v -5.513927 -6.174311 -0.210000
v -5.496251 -6.173690 0.210000
v -5.496251 -6.173690 -0.210000
v -5.479286 -6.172989 0.210000
v -5.479286 -6.172989 -0.210000
v -5.463031 -6.172204 0.210000
v -5.463031 -6.172204 -0.210000
v -5.447489 -6.171337 0.210000
v -5.447489 -6.171337 -0.210000
v -5.432660 -6.170386 0.210000
v -5.432660 -6.170386 -0.210000
v -5.418416 -6.169343 0.210000
v -5.418416 -6.169343 -0.210000
v -5.404638 -6.168198 0.210000
v -5.404638 -6.168198 -0.210000
v -5.391323 -6.166948 0.210000
v -5.391323 -6.166948 -0.210000
v -5.378470 -6.165596 0.210000
v -5.378470 -6.165596 -0.210000
v -5.366084 -6.164140 0.210000
v -5.366084 -6.164140 -0.210000
v -5.354158 -6.162581 0.210000
v -5.354158 -6.162581 -0.210000
v -5.342700 -6.160918 0.210000
v -5.342700 -6.160918 -0.210000
v -5.331703 -6.159153 0.210000
v -5.331703 -6.159153 -0.210000
v -5.321173 -6.157284 0.210000
v -5.321173 -6.157284 -0.210000
v -5.311105 -6.155312 0.210000
v -5.311105 -6.155312 -0.210000
v -5.301500 -6.153236 0.210000
v -5.301500 -6.153236 -0.210000
v -5.292360 -6.151058 0.210000
v -5.292360 -6.151058 -0.210000
v -5.283717 -6.148765 0.210000
v -5.283717 -6.148765 -0.210000
v -5.275597 -6.146350 0.210000
v -5.275597 -6.146350 -0.210000
v -5.268003 -6.143810 0.210000
v -5.268003 -6.143810 -0.210000
v -5.260937 -6.141145 0.210000
v -5.260937 -6.141145 -0.210000
v -5.254395 -6.138357 0.210000
v -5.254395 -6.138357 -0.210000
v -5.248379 -6.135446 0.210000
v -5.248379 -6.135446 -0.210000
v -5.242889 -6.132411 0.210000
v -5.242889 -6.132411 -0.210000
v -5.237925 -6.129251 0.210000
v -5.237925 -6.129251 -0.210000
v -5.233486 -6.125967 0.210000
v -5.233486 -6.125967 -0.210000
v -5.229574 -6.122560 0.210000
v -5.229574 -6.122560 -0.210000
v -5.226187 -6.119029 0.210000
v -5.226187 -6.119029 -0.210000
v -5.223326 -6.115374 0.210000
v -5.223326 -6.115374 -0.210000
v -5.220897 -6.111585 0.210000
v -5.220897 -6.111585 -0.210000
v -5.218809 -6.107651 0.210000
v -5.218809 -6.107651 -0.210000
v -5.217062 -6.103572 0.210000
v -5.217062 -6.103572 -0.210000
v -5.215656 -6.099349 0.210000
v -5.215656 -6.099349 -0.210000
v -5.214588 -6.094982 0.210000
v -5.214588 -6.094982 -0.210000
v -5.213861 -6.090469 0.210000
v -5.213861 -6.090469 -0.210000
v -5.213475 -6.085812 0.210000
v -5.213475 -6.085812 -0.210000
v -5.213428 -6.081011 0.210000
v -5.213428 -6.081011 -0.210000
v -5.213722 -6.076066 0.210000
v -5.213722 -6.076066 -0.210000
v -5.214357 -6.070975 0.210000
v -5.214357 -6.070975 -0.210000
v -5.215330 -6.065741 0.210000
v -5.215330 -6.065741 -0.210000
v -5.216644 -6.060360 0.210000
v -5.216644 -6.060360 -0.210000
v -5.341355 -5.635126 0.210000
v -5.341355 -5.635126 -0.210000
v -5.329663 -5.651058 0.210000
v -5.329663 -5.651058 -0.210000
v -5.316858 -5.667134 0.210000
v -5.316858 -5.667134 -0.210000
v -5.302939 -5.683355 0.210000
v -5.302939 -5.683355 -0.210000
v -5.287906 -5.699721 0.210000
v -5.287906 -5.699721 -0.210000
v -5.271762 -5.716230 0.210000
v -5.271762 -5.716230 -0.210000
v -5.254502 -5.732885 0.210000
v -5.254502 -5.732885 -0.210000
v -5.236130 -5.749685 0.210000
v -5.236130 -5.749685 -0.210000
v -5.216644 -5.766628 0.210000
v -5.216644 -5.766628 -0.210000
v -5.196045 -5.783716 0.210000
v -5.196045 -5.783716 -0.210000
v -5.174332 -5.800950 0.210000
v -5.174332 -5.800950 -0.210000
v -5.151505 -5.818327 0.210000
v -5.151505 -5.818327 -0.210000
v -5.127565 -5.835848 0.210000
v -5.127565 -5.835848 -0.210000
v -5.102698 -5.853309 0.210000
v -5.102698 -5.853309 -0.210000
v -5.077088 -5.870500 0.210000
v -5.077088 -5.870500 -0.210000
v -5.050736 -5.887424 0.210000
v -5.050736 -5.887424 -0.210000
v -5.023641 -5.904078 0.210000
v -5.023641 -5.904078 -0.210000
v -4.995804 -5.920464 0.210000
v -4.995804 -5.920464 -0.210000
v -4.967225 -5.936582 0.210000
v -4.967225 -5.936582 -0.210000
v -4.937903 -5.952432 0.210000
v -4.937903 -5.952432 -0.210000
v -4.907841 -5.968011 0.210000
v -4.907841 -5.968011 -0.210000
v -4.877033 -5.983325 0.210000
v -4.877033 -5.983325 -0.210000
v -4.845485 -5.998368 0.210000
v -4.845485 -5.998368 -0.210000
v -4.813194 -6.013144 0.210000
v -4.813194 -6.013144 -0.210000
v -4.780160 -6.027650 0.210000
v -4.780160 -6.027650 -0.210000
v -4.746462 -6.041816 0.210000
v -4.746462 -6.041816 -0.210000
v -4.712176 -6.055570 0.210000
v -4.712176 -6.055570 -0.210000
v -4.677303 -6.068910 0.210000
v -4.677303 -6.068910 -0.210000
v -4.641841 -6.081838 0.210000
v -4.641841 -6.081838 -0.210000
v -4.605793 -6.094352 0.210000
v -4.605793 -6.094352 -0.210000
v -4.569157 -6.106452 0.210000
v -4.569157 -6.106452 -0.210000
v -4.531933 -6.118141 0.210000
v -4.531933 -6.118141 -0.210000
v -4.494120 -6.129416 0.210000
v -4.494120 -6.129416 -0.210000
v -4.455721 -6.140278 0.210000
v -4.455721 -6.140278 -0.210000
v -4.416733 -6.150728 0.210000
v -4.416733 -6.150728 -0.210000
v -4.377160 -6.160764 0.210000
v -4.377160 -6.160764 -0.210000
v -4.336998 -6.170386 0.210000
v -4.336998 -6.170386 -0.210000
v -4.296432 -6.179411 0.210000
v -4.296432 -6.179411 -0.210000
v -4.255651 -6.187650 0.210000
v -4.255651 -6.187650 -0.210000
v -4.214654 -6.195106 0.210000
v -4.214654 -6.195106 -0.210000
v -4.173439 -6.201775 0.210000
v -4.173439 -6.201775 -0.210000
v -4.132008 -6.207661 0.210000
v -4.132008 -6.207661 -0.210000
v -4.090360 -6.212761 0.210000
v -4.090360 -6.212761 -0.210000
v -4.048497 -6.217077 0.210000
v -4.048497 -6.217077 -0.210000
v -4.006418 -6.220609 0.210000
v -4.006418 -6.220609 -0.210000
v -3.964119 -6.223355 0.210000
v -3.964119 -6.223355 -0.210000
v -3.921607 -6.225317 0.210000
v -3.921607 -6.225317 -0.210000
v -3.878876 -6.226494 0.210000
v -3.878876 -6.226494 -0.210000
v -3.835931 -6.226886 0.210000
v -3.835931 -6.226886 -0.210000
v -3.777381 -6.226308 0.210000
v -3.777381 -6.226308 -0.210000
v -3.720500 -6.224574 0.210000
v -3.720500 -6.224574 -0.210000
v -3.665292 -6.221683 0.210000
v -3.665292 -6.221683 -0.210000
v -3.611752 -6.217635 0.210000
v -3.611752 -6.217635 -0.210000
v -3.559882 -6.212431 0.210000
v -3.559882 -6.212431 -0.210000
v -3.509682 -6.206070 0.210000
v -3.509682 -6.206070 -0.210000
v -3.461154 -6.198555 0.210000
v -3.461154 -6.198555 -0.210000
v -3.414294 -6.189881 0.210000
v -3.414294 -6.189881 -0.210000
v -3.369106 -6.180051 0.210000
v -3.369106 -6.180051 -0.210000
v -3.325587 -6.169065 0.210000
v -3.325587 -6.169065 -0.210000
v -3.283740 -6.156922 0.210000
v -3.283740 -6.156922 -0.210000
v -3.243560 -6.143624 0.210000
v -3.243560 -6.143624 -0.210000
v -3.204868 -6.129344 0.210000
v -3.204868 -6.129344 -0.210000
v -3.167473 -6.114259 0.210000
v -3.167473 -6.114259 -0.210000
v -3.131378 -6.098368 0.210000
v -3.131378 -6.098368 -0.210000
v -3.096582 -6.081673 0.210000
v -3.096582 -6.081673 -0.210000
v -3.063086 -6.064171 0.210000
v -3.063086 -6.064171 -0.210000
v -3.030888 -6.045865 0.210000
v -3.030888 -6.045865 -0.210000
v -2.999989 -6.026752 0.210000
v -2.999989 -6.026752 -0.210000
v -2.970389 -6.006835 0.210000
v -2.970389 -6.006835 -0.210000
v -2.942088 -5.986112 0.210000
v -2.942088 -5.986112 -0.210000
v -2.915085 -5.964583 0.210000
v -2.915085 -5.964583 -0.210000
v -2.889382 -5.942251 0.210000
v -2.889382 -5.942251 -0.210000
v -2.864978 -5.919112 0.210000
v -2.864978 -5.919112 -0.210000
v -2.841797 -5.895292 0.210000
v -2.841797 -5.895292 -0.210000
v -2.819759 -5.870914 0.210000
v -2.819759 -5.870914 -0.210000
v -2.798866 -5.845978 0.210000
v -2.798866 -5.845978 -0.210000
v -2.779117 -5.820485 0.210000
v -2.779117 -5.820485 -0.210000
v -2.760514 -5.794435 0.210000
v -2.760514 -5.794435 -0.210000
v -2.743052 -5.767827 0.210000
v -2.743052 -5.767827 -0.210000
v -2.726738 -5.740660 0.210000
v -2.726738 -5.740660 -0.210000
v -2.711566 -5.712937 0.210000
v -2.711566 -5.712937 -0.210000
v -2.697539 -5.684657 0.210000
v -2.697539 -5.684657 -0.210000
v -2.684657 -5.655818 0.210000
v -2.684657 -5.655818 -0.210000
v -2.672920 -5.626422 0.210000
v -2.672920 -5.626422 -0.210000
v -2.662327 -5.596468 0.210000
v -2.662327 -5.596468 -0.210000
v -2.652722 -5.566112 0.210000
v -2.652722 -5.566112 -0.210000
v -2.643954 -5.535508 0.210000
v -2.643954 -5.535508 -0.210000
v -2.636020 -5.504656 0.210000
v -2.636020 -5.504656 -0.210000
v -2.628921 -5.473557 0.210000
v -2.628921 -5.473557 -0.210000
v -2.622658 -5.442209 0.210000
v -2.622658 -5.442209 -0.210000
v -2.617230 -5.410614 0.210000
v -2.617230 -5.410614 -0.210000
v -2.612636 -5.378771 0.210000
v -2.612636 -5.378771 -0.210000
v -2.608880 -5.346680 0.210000
v -2.608880 -5.346680 -0.210000
v -2.605956 -5.314341 0.210000
v -2.605956 -5.314341 -0.210000
v -2.603868 -5.281755 0.210000
v -2.603868 -5.281755 -0.210000
v -2.602615 -5.248920 0.210000
v -2.602615 -5.248920 -0.210000
v -2.602197 -5.215838 0.210000
v -2.602197 -5.215838 -0.210000
v -2.602569 -5.184378 0.210000
v -2.602569 -5.184378 -0.210000
v -2.603682 -5.152442 0.210000
v -2.603682 -5.152442 -0.210000
v -2.605538 -5.120031 0.210000
v -2.605538 -5.120031 -0.210000
v -2.608136 -5.087145 0.210000
v -2.608136 -5.087145 -0.210000
v -2.611477 -5.053784 0.210000
v -2.611477 -5.053784 -0.210000
v -2.615560 -5.019948 0.210000
v -2.615560 -5.019948 -0.210000
v -2.620384 -4.985637 0.210000
v -2.620384 -4.985637 -0.210000
v -2.625952 -4.950852 0.210000
v -2.625952 -4.950852 -0.210000
v -2.632262 -4.915590 0.210000
v -2.632262 -4.915590 -0.210000
v -2.639314 -4.879855 0.210000
v -2.639314 -4.879855 -0.210000
v -2.647108 -4.843644 0.210000
v -2.647108 -4.843644 -0.210000
v -2.655644 -4.806960 0.210000
v -2.655644 -4.806960 -0.210000
v -2.664954 -4.770047 0.210000
v -2.664954 -4.770047 -0.210000
v -2.675068 -4.733154 0.210000
v -2.675068 -4.733154 -0.210000
v -2.685987 -4.696283 0.210000
v -2.685987 -4.696283 -0.210000
v -2.697710 -4.659432 0.210000
v -2.697710 -4.659432 -0.210000
v -2.710236 -4.622602 0.210000
v -2.710236 -4.622602 -0.210000
v -2.723567 -4.585793 0.210000
v -2.723567 -4.585793 -0.210000
v -2.737703 -4.549004 0.210000
v -2.737703 -4.549004 -0.210000
v -2.752641 -4.512236 0.210000
v -2.752641 -4.512236 -0.210000
v -2.768384 -4.475488 0.210000
v -2.768384 -4.475488 -0.210000
v -2.784932 -4.438761 0.210000
v -2.784932 -4.438761 -0.210000
v -2.802284 -4.402054 0.210000
v -2.802284 -4.402054 -0.210000
v -2.820439 -4.365370 0.210000
v -2.820439 -4.365370 -0.210000
v -2.839431 -4.328808 0.210000
v -2.839431 -4.328808 -0.210000
v -2.859288 -4.292473 0.210000
v -2.859288 -4.292473 -0.210000
v -2.880011 -4.256365 0.210000
v -2.880011 -4.256365 -0.210000
v -2.901600 -4.220485 0.210000
v -2.901600 -4.220485 -0.210000
v -2.924055 -4.184833 0.210000
v -2.924055 -4.184833 -0.210000
v -2.947376 -4.149406 0.210000
v -2.947376 -4.149406 -0.210000
v -2.971563 -4.114207 0.210000
v -2.971563 -4.114208 -0.210000
v -2.996616 -4.079236 0.210000
v -2.996616 -4.079236 -0.210000
v -3.022537 -4.044492 0.210000
v -3.022537 -4.044492 -0.210000
v -3.049321 -4.009975 0.210000
v -3.049321 -4.009975 -0.210000
v -3.076972 -3.975685 0.210000
v -3.076972 -3.975685 -0.210000
v -3.105491 -3.941622 0.210000
v -3.105491 -3.941622 -0.210000
v -3.134919 -3.907992 0.210000
v -3.134919 -3.907992 -0.210000
v -3.165308 -3.875003 0.210000
v -3.165308 -3.875003 -0.210000
v -3.196656 -3.842654 0.210000
v -3.196656 -3.842654 -0.210000
v -3.228962 -3.810945 0.210000
v -3.228962 -3.810945 -0.210000
v -3.262228 -3.779877 0.210000
v -3.262228 -3.779877 -0.210000
v -3.296450 -3.749448 0.210000
v -3.296450 -3.749448 -0.210000
v -3.331633 -3.719660 0.210000
v -3.331633 -3.719660 -0.210000
v -3.367775 -3.690511 0.210000
v -3.367775 -3.690511 -0.210000
v -3.404876 -3.662004 0.210000
v -3.404876 -3.662004 -0.210000
v -3.442934 -3.634135 0.210000
v -3.442934 -3.634135 -0.210000
v -3.481952 -3.606908 0.210000
v -3.481952 -3.606908 -0.210000
v -3.521931 -3.580320 0.210000
v -3.521931 -3.580320 -0.210000
v -3.562882 -3.554496 0.210000
v -3.562882 -3.554496 -0.210000
v -3.604822 -3.529562 0.210000
v -3.604822 -3.529562 -0.210000
v -3.647754 -3.505514 0.210000
v -3.647754 -3.505514 -0.210000
v -3.691675 -3.482355 0.210000
v -3.691675 -3.482355 -0.210000
v -3.736585 -3.460083 0.210000
v -3.736585 -3.460083 -0.210000
v -3.782486 -3.438699 0.210000
v -3.782486 -3.438699 -0.210000
v -3.829375 -3.418204 0.210000
v -3.829375 -3.418204 -0.210000
v -3.877255 -3.398596 0.210000
v -3.877255 -3.398596 -0.210000
v -3.926122 -3.379876 0.210000
v -3.926122 -3.379876 -0.210000
v -3.975981 -3.362045 0.210000
v -3.975981 -3.362045 -0.210000
v -4.026830 -3.345100 0.210000
v -4.026830 -3.345100 -0.210000
v -4.078670 -3.329046 0.210000
v -4.078670 -3.329046 -0.210000
v -4.131575 -3.314084 0.210000
v -4.131575 -3.314084 -0.210000
v -4.185625 -3.300424 0.210000
v -4.185625 -3.300424 -0.210000
v -4.240820 -3.288064 0.210000
v -4.240820 -3.288064 -0.210000
v -4.297159 -3.277006 0.210000
v -4.297159 -3.277006 -0.210000
v -4.354641 -3.267249 0.210000
v -4.354641 -3.267249 -0.210000
v -4.413270 -3.258792 0.210000
v -4.413270 -3.258792 -0.210000
v -4.473042 -3.251636 0.210000
v -4.473042 -3.251636 -0.210000
v -4.533959 -3.245782 0.210000
v -4.533959 -3.245782 -0.210000
v -4.596020 -3.241228 0.210000
v -4.596020 -3.241228 -0.210000
v -4.659225 -3.237976 0.210000
v -4.659225 -3.237976 -0.210000
v -4.723574 -3.236025 0.210000
v -4.723574 -3.236025 -0.210000
v -4.789069 -3.235374 0.210000
v -4.789069 -3.235374 -0.210000
v -4.850094 -3.236087 0.210000
v -4.850094 -3.236087 -0.210000
v -4.909944 -3.238224 0.210000
v -4.909944 -3.238224 -0.210000
v -4.968618 -3.241786 0.210000
v -4.968618 -3.241786 -0.210000
v -5.026116 -3.246773 0.210000
v -5.026116 -3.246773 -0.210000
v -5.082439 -3.253186 0.210000
v -5.082439 -3.253186 -0.210000
v -5.137589 -3.261023 0.210000
v -5.137589 -3.261023 -0.210000
v -5.191561 -3.270285 0.210000
v -5.191561 -3.270285 -0.210000
v -5.244358 -3.280971 0.210000
v -5.244358 -3.280971 -0.210000
v -5.295980 -3.293082 0.210000
v -5.295980 -3.293082 -0.210000
v -5.346426 -3.306618 0.210000
v -5.346426 -3.306618 -0.210000
v -5.395698 -3.321580 0.210000
v -5.395698 -3.321580 -0.210000
v -5.443795 -3.337966 0.210000
v -5.443795 -3.337966 -0.210000
v -5.490808 -3.355716 0.210000
v -5.490808 -3.355716 -0.210000
v -5.536831 -3.374765 0.210000
v -5.536831 -3.374765 -0.210000
v -5.581866 -3.395117 0.210000
v -5.581866 -3.395117 -0.210000
v -5.625910 -3.416768 0.210000
v -5.625910 -3.416768 -0.210000
v -5.668964 -3.439721 0.210000
v -5.668964 -3.439721 -0.210000
v -5.711030 -3.463975 0.210000
v -5.711030 -3.463975 -0.210000
v -5.752104 -3.489530 0.210000
v -5.752104 -3.489530 -0.210000
v -5.792188 -3.516386 0.210000
v -5.792188 -3.516386 -0.210000
v -5.831284 -3.544542 0.210000
v -5.831284 -3.544542 -0.210000
v -5.869389 -3.574001 0.210000
v -5.869389 -3.574001 -0.210000
v -5.906506 -3.604759 0.210000
v -5.906506 -3.604759 -0.210000
v -5.942632 -3.636820 0.210000
v -5.942632 -3.636820 -0.210000
v -6.013896 -3.401900 0.210000
v -6.013896 -3.401900 -0.210000
v -6.017591 -3.391740 0.210000
v -6.017591 -3.391740 -0.210000
v -6.022741 -3.382075 0.210000
v -6.022741 -3.382075 -0.210000
v -6.029344 -3.372907 0.210000
v -6.029344 -3.372907 -0.210000
v -6.037402 -3.364233 0.210000
v -6.037402 -3.364233 -0.210000
v -6.046912 -3.356056 0.210000
v -6.046912 -3.356056 -0.210000
v -6.057877 -3.348374 0.210000
v -6.057877 -3.348374 -0.210000
v -6.070296 -3.341188 0.210000
v -6.070296 -3.341188 -0.210000
v -6.084167 -3.334497 0.210000
v -6.084167 -3.334497 -0.210000
v -6.099493 -3.328301 0.210000
v -6.099493 -3.328301 -0.210000
v -6.116274 -3.322602 0.210000
v -6.116274 -3.322602 -0.210000
v -6.134506 -3.317398 0.210000
v -6.134506 -3.317398 -0.210000
v -6.154193 -3.312690 0.210000
v -6.154193 -3.312690 -0.210000
v -6.175644 -3.308416 0.210000
v -6.175644 -3.308416 -0.210000
v -6.199165 -3.304513 0.210000
v -6.199165 -3.304513 -0.210000
v -6.224760 -3.300981 0.210000
v -6.224760 -3.300981 -0.210000
v -6.252426 -3.297822 0.210000
v -6.252426 -3.297822 -0.210000
v -6.282166 -3.295034 0.210000
v -6.282166 -3.295034 -0.210000
v -6.313977 -3.292617 0.210000
v -6.313977 -3.292617 -0.210000
v -6.347861 -3.290574 0.210000
v -6.347861 -3.290574 -0.210000
v -6.383817 -3.288900 0.210000
v -6.383817 -3.288900 -0.210000
v -6.421845 -3.287600 0.210000
v -6.421845 -3.287600 -0.210000
v -6.461947 -3.286671 0.210000
v -6.461947 -3.286671 -0.210000
v -6.504119 -3.286112 0.210000
v -6.504119 -3.286112 -0.210000
v -6.548365 -3.285928 0.210000
v -6.548365 -3.285928 -0.210000
v -6.570325 -3.285979 0.210000
v -6.570325 -3.285979 -0.210000
v -6.591668 -3.286133 0.210000
v -6.591668 -3.286133 -0.210000
v -6.612391 -3.286392 0.210000
v -6.612391 -3.286392 -0.210000
v -6.632495 -3.286753 0.210000
v -6.632495 -3.286753 -0.210000
v -6.651980 -3.287217 0.210000
v -6.651980 -3.287217 -0.210000
v -6.670848 -3.287786 0.210000
v -6.670848 -3.287786 -0.210000
v -6.689097 -3.288457 0.210000
v -6.689097 -3.288457 -0.210000
v -6.706727 -3.289231 0.210000
v -6.706727 -3.289231 -0.210000
v -6.723737 -3.290109 0.210000
v -6.723737 -3.290109 -0.210000
v -6.740130 -3.291090 0.210000
v -6.740130 -3.291090 -0.210000
v -6.755905 -3.292174 0.210000
v -6.755905 -3.292174 -0.210000
v -6.771061 -3.293362 0.210000
v -6.771061 -3.293362 -0.210000
v -6.785644 -3.294642 0.210000
v -6.785644 -3.294642 -0.210000
v -6.799702 -3.296004 0.210000
v -6.799702 -3.296004 -0.210000
v -6.813233 -3.297450 0.210000
v -6.813233 -3.297450 -0.210000
v -6.826240 -3.298978 0.210000
v -6.826240 -3.298978 -0.210000
v -6.838721 -3.300589 0.210000
v -6.838721 -3.300589 -0.210000
v -6.850674 -3.302282 0.210000
v -6.850674 -3.302282 -0.210000
v -6.862103 -3.304059 0.210000
v -6.862103 -3.304059 -0.210000
v -6.873006 -3.305917 0.210000
v -6.873006 -3.305917 -0.210000
v -6.883382 -3.307858 0.210000
v -6.883382 -3.307858 -0.210000
v -6.893233 -3.309881 0.210000
v -6.893233 -3.309881 -0.210000
v -6.902559 -3.311988 0.210000
v -6.902559 -3.311988 -0.210000
v -6.911357 -3.314178 0.210000
v -6.911357 -3.314178 -0.210000
v -6.919662 -3.316469 0.210000
v -6.919662 -3.316469 -0.210000
v -6.927505 -3.318885 0.210000
v -6.927505 -3.318885 -0.210000
v -6.934882 -3.321425 0.210000
v -6.934882 -3.321425 -0.210000
v -6.941793 -3.324089 0.210000
v -6.941793 -3.324089 -0.210000
v -6.948242 -3.326877 0.210000
v -6.948242 -3.326877 -0.210000
v -6.954228 -3.329789 0.210000
v -6.954228 -3.329789 -0.210000
v -6.959748 -3.332825 0.210000
v -6.959748 -3.332825 -0.210000
v -6.964808 -3.335984 0.210000
v -6.964808 -3.335984 -0.210000
v -6.969400 -3.339267 0.210000
v -6.969400 -3.339267 -0.210000
v -6.973528 -3.342674 0.210000
v -6.973528 -3.342674 -0.210000
v -6.977194 -3.346206 0.210000
v -6.977194 -3.346206 -0.210000
v -6.980394 -3.349862 0.210000
v -6.980394 -3.349862 -0.210000
v -6.983178 -3.353630 0.210000
v -6.983178 -3.353630 -0.210000
v -6.985590 -3.357502 0.210000
v -6.985590 -3.357502 -0.210000
v -6.987632 -3.361477 0.210000
v -6.987632 -3.361477 -0.210000
v -6.989303 -3.365556 0.210000
v -6.989303 -3.365556 -0.210000
v -6.990602 -3.369736 0.210000
v -6.990602 -3.369736 -0.210000
v -6.991529 -3.374022 0.210000
v -6.991529 -3.374022 -0.210000
v -6.992085 -3.378410 0.210000
v -6.992085 -3.378410 -0.210000
v -6.992272 -3.382902 0.210000
v -6.992272 -3.382902 -0.210000
v -6.992085 -3.387496 0.210000
v -6.992085 -3.387496 -0.210000
v -6.991529 -3.392194 0.210000
v -6.991529 -3.392194 -0.210000
v -6.990602 -3.396995 0.210000
v -6.990602 -3.396995 -0.210000
v -5.515057 -4.600290 0.210000
v -5.515057 -4.600290 -0.210000
v -5.639765 -4.198844 0.210000
v -5.639765 -4.198844 -0.210000
v -5.613554 -4.172153 0.210000
v -5.613554 -4.172153 -0.210000
v -5.586876 -4.146598 0.210000
v -5.586876 -4.146598 -0.210000
v -5.559735 -4.122179 0.210000
v -5.559735 -4.122179 -0.210000
v -5.532130 -4.098896 0.210000
v -5.532130 -4.098896 -0.210000
v -5.504060 -4.076748 0.210000
v -5.504060 -4.076748 -0.210000
v -5.475528 -4.055736 0.210000
v -5.475528 -4.055736 -0.210000
v -5.446531 -4.035860 0.210000
v -5.446531 -4.035860 -0.210000
v -5.417071 -4.017120 0.210000
v -5.417071 -4.017120 -0.210000
v -5.387147 -3.999516 0.210000
v -5.387147 -3.999516 -0.210000
v -5.356756 -3.983046 0.210000
v -5.356756 -3.983046 -0.210000
v -5.325904 -3.967713 0.210000
v -5.325904 -3.967713 -0.210000
v -5.294588 -3.953516 0.210000
v -5.294588 -3.953516 -0.210000
v -5.262622 -3.940455 0.210000
v -5.262622 -3.940455 -0.210000
v -5.229821 -3.928529 0.210000
v -5.229821 -3.928529 -0.210000
v -5.196184 -3.917739 0.210000
v -5.196184 -3.917739 -0.210000
v -5.161712 -3.908085 0.210000
v -5.161712 -3.908085 -0.210000
v -5.126407 -3.899566 0.210000
v -5.126407 -3.899566 -0.210000
v -5.090265 -3.892184 0.210000
v -5.090265 -3.892184 -0.210000
v -5.053288 -3.885937 0.210000
v -5.053288 -3.885937 -0.210000
v -5.015476 -3.880826 0.210000
v -5.015476 -3.880826 -0.210000
v -4.976829 -3.876851 0.210000
v -4.976829 -3.876851 -0.210000
v -4.937348 -3.874012 0.210000
v -4.937348 -3.874012 -0.210000
v -4.897030 -3.872308 0.210000
v -4.897030 -3.872308 -0.210000
v -4.855876 -3.871740 0.210000
v -4.855876 -3.871740 -0.210000
v -4.824916 -3.872153 0.210000
v -4.824916 -3.872153 -0.210000
v -4.794389 -3.873393 0.210000
v -4.794389 -3.873393 -0.210000
v -4.764295 -3.875457 0.210000
v -4.764295 -3.875457 -0.210000
v -4.734632 -3.878348 0.210000
v -4.734632 -3.878348 -0.210000
v -4.705403 -3.882065 0.210000
v -4.705403 -3.882065 -0.210000
v -4.676608 -3.886608 0.210000
v -4.676608 -3.886608 -0.210000
v -4.648243 -3.891978 0.210000
v -4.648243 -3.891978 -0.210000
v -4.620314 -3.898172 0.210000
v -4.620314 -3.898172 -0.210000
v -4.592817 -3.905193 0.210000
v -4.592817 -3.905193 -0.210000
v -4.565754 -3.913041 0.210000
v -4.565754 -3.913041 -0.210000
v -4.539124 -3.921714 0.210000
v -4.539124 -3.921714 -0.210000
v -4.512926 -3.931214 0.210000
v -4.512926 -3.931214 -0.210000
v -4.487193 -3.941404 0.210000
v -4.487193 -3.941404 -0.210000
v -4.461954 -3.952152 0.210000
v -4.461954 -3.952152 -0.210000
v -4.437210 -3.963459 0.210000
v -4.437210 -3.963459 -0.210000
v -4.412961 -3.975323 0.210000
v -4.412961 -3.975323 -0.210000
v -4.389207 -3.987744 0.210000
v -4.389207 -3.987744 -0.210000
v -4.365948 -4.000723 0.210000
v -4.365948 -4.000723 -0.210000
v -4.343182 -4.014259 0.210000
v -4.343182 -4.014259 -0.210000
v -4.320913 -4.028353 0.210000
v -4.320913 -4.028353 -0.210000
v -4.299138 -4.043005 0.210000
v -4.299138 -4.043005 -0.210000
v -4.277859 -4.058213 0.210000
v -4.277859 -4.058213 -0.210000
v -4.257075 -4.073980 0.210000
v -4.257075 -4.073980 -0.210000
v -4.236784 -4.090304 0.210000
v -4.236784 -4.090304 -0.210000
v -4.216943 -4.107124 0.210000
v -4.216943 -4.107124 -0.210000
v -4.197503 -4.124378 0.210000
v -4.197503 -4.124378 -0.210000
v -4.178464 -4.142066 0.210000
v -4.178464 -4.142066 -0.210000
v -4.159831 -4.160186 0.210000
v -4.159831 -4.160186 -0.210000
v -4.141597 -4.178741 0.210000
v -4.141597 -4.178741 -0.210000
v -4.123766 -4.197729 0.210000
v -4.123766 -4.197729 -0.210000
v -4.106337 -4.217151 0.210000
v -4.106337 -4.217151 -0.210000
v -4.089310 -4.237005 0.210000
v -4.089310 -4.237006 -0.210000
v -4.072684 -4.257295 0.210000
v -4.072684 -4.257295 -0.210000
v -4.056462 -4.278018 0.210000
v -4.056462 -4.278018 -0.210000
v -4.040640 -4.299174 0.210000
v -4.040640 -4.299175 -0.210000
v -4.025223 -4.320764 0.210000
v -4.025223 -4.320764 -0.210000
v -4.010221 -4.342644 0.210000
v -4.010221 -4.342644 -0.210000
v -3.995653 -4.364667 0.210000
v -3.995653 -4.364667 -0.210000
v -3.981519 -4.386835 0.210000
v -3.981519 -4.386835 -0.210000
v -3.967816 -4.409148 0.210000
v -3.967816 -4.409148 -0.210000
v -3.954546 -4.431606 0.210000
v -3.954546 -4.431606 -0.210000
v -3.941711 -4.454207 0.210000
v -3.941711 -4.454207 -0.210000
v -3.929308 -4.476954 0.210000
v -3.929308 -4.476954 -0.210000
v -3.917339 -4.499846 0.210000
v -3.917339 -4.499846 -0.210000
v -3.905803 -4.522880 0.210000
v -3.905803 -4.522880 -0.210000
v -3.894698 -4.546062 0.210000
v -3.894698 -4.546062 -0.210000
v -3.884028 -4.569386 0.210000
v -3.884028 -4.569386 -0.210000
v -3.873789 -4.592854 0.210000
v -3.873789 -4.592854 -0.210000
v -3.863985 -4.616417 0.210000
v -3.863985 -4.616417 -0.210000
v -3.854614 -4.640021 0.210000
v -3.854614 -4.640021 -0.210000
v -3.845674 -4.663665 0.210000
v -3.845674 -4.663665 -0.210000
v -3.837168 -4.687351 0.210000
v -3.837168 -4.687351 -0.210000
v -3.829096 -4.711079 0.210000
v -3.829096 -4.711079 -0.210000
v -3.821457 -4.734847 0.210000
v -3.821457 -4.734847 -0.210000
v -3.814250 -4.758658 0.210000
v -3.814250 -4.758658 -0.210000
v -3.807476 -4.782509 0.210000
v -3.807476 -4.782509 -0.210000
v -3.801135 -4.806401 0.210000
v -3.801135 -4.806401 -0.210000
v -3.795228 -4.830335 0.210000
v -3.795228 -4.830335 -0.210000
v -3.789753 -4.854311 0.210000
v -3.789753 -4.854311 -0.210000
v -3.784712 -4.878328 0.210000
v -3.784712 -4.878328 -0.210000
v -3.780087 -4.902210 0.210000
v -3.780087 -4.902210 -0.210000
v -3.775865 -4.925782 0.210000
v -3.775865 -4.925782 -0.210000
v -3.772045 -4.949045 0.210000
v -3.772045 -4.949045 -0.210000
v -3.768629 -4.971998 0.210000
v -3.768629 -4.971998 -0.210000
v -3.765612 -4.994641 0.210000
v -3.765612 -4.994641 -0.210000
v -3.762998 -5.016974 0.210000
v -3.762998 -5.016974 -0.210000
v -3.760788 -5.038998 0.210000
v -3.760788 -5.038998 -0.210000
v -3.758977 -5.060712 0.210000
v -3.758977 -5.060712 -0.210000
v -3.757571 -5.082116 0.210000
v -3.757571 -5.082116 -0.210000
v -3.756565 -5.103210 0.210000
v -3.756565 -5.103210 -0.210000
v -3.755962 -5.123995 0.210000
v -3.755962 -5.123995 -0.210000
v -3.755761 -5.144470 0.210000
v -3.755761 -5.144470 -0.210000
v -3.755901 -5.159276 0.210000
v -3.755901 -5.159276 -0.210000
v -3.756318 -5.173960 0.210000
v -3.756318 -5.173960 -0.210000
v -3.757014 -5.188518 0.210000
v -3.757014 -5.188518 -0.210000
v -3.757989 -5.202953 0.210000
v -3.757989 -5.202953 -0.210000
v -3.759240 -5.217264 0.210000
v -3.759240 -5.217264 -0.210000
v -3.760772 -5.231451 0.210000
v -3.760772 -5.231451 -0.210000
v -3.762581 -5.245514 0.210000
v -3.762581 -5.245514 -0.210000
v -3.764669 -5.259453 0.210000
v -3.764669 -5.259453 -0.210000
v -3.767035 -5.273268 0.210000
v -3.767035 -5.273268 -0.210000
v -3.769679 -5.286960 0.210000
v -3.769679 -5.286960 -0.210000
v -3.772602 -5.300526 0.210000
v -3.772602 -5.300526 -0.210000
v -3.775803 -5.313970 0.210000
v -3.775803 -5.313970 -0.210000
v -3.779376 -5.327228 0.210000
v -3.779376 -5.327228 -0.210000
v -3.783413 -5.340238 0.210000
v -3.783413 -5.340238 -0.210000
v -3.787913 -5.352999 0.210000
v -3.787913 -5.352999 -0.210000
v -3.792877 -5.365513 0.210000
v -3.792877 -5.365513 -0.210000
v -3.798306 -5.377780 0.210000
v -3.798306 -5.377780 -0.210000
v -3.804198 -5.389798 0.210000
v -3.804198 -5.389798 -0.210000
v -3.810554 -5.401569 0.210000
v -3.810554 -5.401569 -0.210000
v -3.817373 -5.413092 0.210000
v -3.817373 -5.413092 -0.210000
v -3.824658 -5.424367 0.210000
v -3.824658 -5.424367 -0.210000
v -3.832406 -5.435395 0.210000
v -3.832406 -5.435395 -0.210000
v -3.840618 -5.446174 0.210000
v -3.840618 -5.446174 -0.210000
v -3.849293 -5.456706 0.210000
v -3.849293 -5.456706 -0.210000
v -3.858449 -5.466938 0.210000
v -3.858449 -5.466938 -0.210000
v -3.868099 -5.476820 0.210000
v -3.868099 -5.476820 -0.210000
v -3.878243 -5.486350 0.210000
v -3.878243 -5.486350 -0.210000
v -3.888884 -5.495529 0.210000
v -3.888884 -5.495529 -0.210000
v -3.900018 -5.504357 0.210000
v -3.900018 -5.504357 -0.210000
v -3.911649 -5.512834 0.210000
v -3.911649 -5.512834 -0.210000
v -3.923774 -5.520959 0.210000
v -3.923774 -5.520959 -0.210000
v -3.936392 -5.528735 0.210000
v -3.936392 -5.528735 -0.210000
v -3.949507 -5.536159 0.210000
v -3.949507 -5.536159 -0.210000
v -3.963117 -5.543231 0.210000
v -3.963117 -5.543231 -0.210000
v -3.977219 -5.549953 0.210000
v -3.977219 -5.549953 -0.210000
v -3.991819 -5.556324 0.210000
v -3.991819 -5.556324 -0.210000
v -4.007005 -5.562261 0.210000
v -4.007005 -5.562261 -0.210000
v -4.022872 -5.567681 0.210000
v -4.022872 -5.567681 -0.210000
v -4.039420 -5.572586 0.210000
v -4.039420 -5.572586 -0.210000
v -4.056648 -5.576974 0.210000
v -4.056648 -5.576974 -0.210000
v -4.074555 -5.580846 0.210000
v -4.074555 -5.580846 -0.210000
v -4.093146 -5.584202 0.210000
v -4.093146 -5.584202 -0.210000
v -4.112414 -5.587041 0.210000
v -4.112414 -5.587041 -0.210000
v -4.132364 -5.589364 0.210000
v -4.132364 -5.589364 -0.210000
v -4.152994 -5.591171 0.210000
v -4.152994 -5.591171 -0.210000
v -4.174304 -5.592462 0.210000
v -4.174304 -5.592462 -0.210000
v -4.196297 -5.593236 0.210000
v -4.196297 -5.593236 -0.210000
v -4.218968 -5.593494 0.210000
v -4.218968 -5.593494 -0.210000
v -4.251691 -5.592948 0.210000
v -4.251691 -5.592948 -0.210000
v -4.284540 -5.591306 0.210000
v -4.284540 -5.591306 -0.210000
v -4.317511 -5.588570 0.210000
v -4.317511 -5.588570 -0.210000
v -4.350606 -5.584739 0.210000
v -4.350606 -5.584739 -0.210000
v -4.383824 -5.579814 0.210000
v -4.383824 -5.579814 -0.210000
v -4.417166 -5.573794 0.210000
v -4.417166 -5.573794 -0.210000
v -4.450634 -5.566680 0.210000
v -4.450634 -5.566680 -0.210000
v -4.484223 -5.558472 0.210000
v -4.484223 -5.558472 -0.210000
v -4.517937 -5.549169 0.210000
v -4.517937 -5.549169 -0.210000
v -4.551775 -5.538771 0.210000
v -4.551775 -5.538771 -0.210000
v -4.585735 -5.527279 0.210000
v -4.585735 -5.527279 -0.210000
v -4.619820 -5.514692 0.210000
v -4.619820 -5.514692 -0.210000
v -4.653781 -5.501166 0.210000
v -4.653781 -5.501166 -0.210000
v -4.687371 -5.486856 0.210000
v -4.687371 -5.486856 -0.210000
v -4.720591 -5.471760 0.210000
v -4.720591 -5.471760 -0.210000
v -4.753438 -5.455880 0.210000
v -4.753438 -5.455880 -0.210000
v -4.785915 -5.439215 0.210000
v -4.785915 -5.439215 -0.210000
v -4.818020 -5.421765 0.210000
v -4.818020 -5.421765 -0.210000
v -4.849753 -5.403531 0.210000
v -4.849753 -5.403531 -0.210000
v -4.881117 -5.384512 0.210000
v -4.881117 -5.384512 -0.210000
v -4.912109 -5.364708 0.210000
v -4.912109 -5.364708 -0.210000
v -4.942731 -5.344120 0.210000
v -4.942731 -5.344120 -0.210000
v -4.972980 -5.322746 0.210000
v -4.972980 -5.322746 -0.210000
v -5.002856 -5.300588 0.210000
v -5.002856 -5.300588 -0.210000
v -5.032257 -5.277728 0.210000
v -5.032257 -5.277728 -0.210000
v -5.061068 -5.254248 0.210000
v -5.061068 -5.254248 -0.210000
v -5.089290 -5.230149 0.210000
v -5.089290 -5.230149 -0.210000
v -5.116927 -5.205431 0.210000
v -5.116927 -5.205431 -0.210000
v -5.143974 -5.180092 0.210000
v -5.143974 -5.180092 -0.210000
v -5.170435 -5.154135 0.210000
v -5.170435 -5.154135 -0.210000
v -5.196308 -5.127558 0.210000
v -5.196308 -5.127558 -0.210000
v -5.221594 -5.100361 0.210000
v -5.221594 -5.100361 -0.210000
v -5.246292 -5.072545 0.210000
v -5.246292 -5.072545 -0.210000
v -5.270401 -5.044109 0.210000
v -5.270401 -5.044109 -0.210000
v -5.293924 -5.015054 0.210000
v -5.293924 -5.015054 -0.210000
v -5.316858 -4.985380 0.210000
v -5.316858 -4.985380 -0.210000
v -5.338988 -4.955220 0.210000
v -5.338988 -4.955220 -0.210000
v -5.360097 -4.924709 0.210000
v -5.360097 -4.924709 -0.210000
v -5.380186 -4.893847 0.210000
v -5.380186 -4.893847 -0.210000
v -5.399254 -4.862633 0.210000
v -5.399254 -4.862633 -0.210000
v -5.417302 -4.831069 0.210000
v -5.417302 -4.831069 -0.210000
v -5.434329 -4.799153 0.210000
v -5.434329 -4.799153 -0.210000
v -5.450336 -4.766887 0.210000
v -5.450336 -4.766887 -0.210000
v -5.465321 -4.734269 0.210000
v -5.465321 -4.734269 -0.210000
v -5.479286 -4.701300 0.210000
v -5.479286 -4.701302 -0.210000
v -5.492231 -4.667982 0.210000
v -5.492231 -4.667982 -0.210000
v -5.504153 -4.634311 0.210000
v -5.504153 -4.634311 -0.210000
v -11.201592 -3.306742 0.210001
v -11.201592 -3.306742 -0.209999
v -11.205858 -3.309861 0.210001
v -11.205858 -3.309861 -0.209999
v -11.209755 -3.313268 0.210001
v -11.209755 -3.313268 -0.209999
v -11.213283 -3.316964 0.210001
v -11.213283 -3.316964 -0.209999
v -11.216437 -3.320950 0.210001
v -11.216437 -3.320950 -0.209999
v -11.219221 -3.325224 0.210001
v -11.219221 -3.325224 -0.209999
v -11.221633 -3.329789 0.210001
v -11.221633 -3.329789 -0.209999
v -11.223676 -3.334641 0.210001
v -11.223676 -3.334641 -0.209999
v -11.225344 -3.339784 0.210001
v -11.225344 -3.339784 -0.209999
v -11.226643 -3.345214 0.210001
v -11.226643 -3.345214 -0.209999
v -11.227572 -3.350935 0.210001
v -11.227572 -3.350935 -0.209999
v -11.228127 -3.356945 0.210001
v -11.228127 -3.356945 -0.209999
v -11.228315 -3.363242 0.210001
v -11.228315 -3.363242 -0.209999
v -11.228252 -3.366939 0.210001
v -11.228252 -3.366939 -0.209999
v -11.228066 -3.371089 0.210001
v -11.228066 -3.371089 -0.209999
v -11.227758 -3.375695 0.210001
v -11.227758 -3.375695 -0.209999
v -11.227325 -3.380754 0.210001
v -11.227325 -3.380754 -0.209999
v -11.226768 -3.386268 0.210001
v -11.226768 -3.386268 -0.209999
v -11.226087 -3.392235 0.210001
v -11.226087 -3.392235 -0.209999
v -11.225283 -3.398658 0.210001
v -11.225283 -3.398658 -0.209999
v -11.224355 -3.405535 0.210001
v -11.224355 -3.405535 -0.209999
v -11.223304 -3.412866 0.210001
v -11.223304 -3.412866 -0.209999
v -11.222128 -3.420651 0.210001
v -11.222128 -3.420651 -0.209999
v -11.220829 -3.428891 0.210001
v -11.220829 -3.428891 -0.209999
v -11.219405 -3.437584 0.210001
v -11.219405 -3.437584 -0.209999
v -11.217859 -3.446629 0.210001
v -11.217859 -3.446629 -0.209999
v -11.216188 -3.455921 0.210001
v -11.216188 -3.455921 -0.209999
v -11.214395 -3.465462 0.210001
v -11.214395 -3.465462 -0.209999
v -11.212478 -3.475251 0.210001
v -11.212478 -3.475251 -0.209999
v -11.210436 -3.485286 0.210001
v -11.210436 -3.485286 -0.209999
v -11.208271 -3.495570 0.210001
v -11.208271 -3.495570 -0.209999
v -11.205983 -3.506102 0.210001
v -11.205983 -3.506102 -0.209999
v -11.203568 -3.516881 0.210001
v -11.203568 -3.516881 -0.209999
v -11.201033 -3.527909 0.210001
v -11.201033 -3.527909 -0.209999
v -11.198373 -3.539185 0.210001
v -11.198373 -3.539185 -0.209999
v -11.195590 -3.550707 0.210001
v -11.195590 -3.550707 -0.209999
v -11.192683 -3.562478 0.210001
v -11.192683 -3.562478 -0.209999
v -11.189652 -3.574404 0.210001
v -11.189652 -3.574404 -0.209999
v -11.186496 -3.586392 0.210001
v -11.186496 -3.586392 -0.209999
v -11.183217 -3.598441 0.210001
v -11.183217 -3.598441 -0.209999
v -11.179815 -3.610553 0.210001
v -11.179815 -3.610553 -0.209999
v -11.176288 -3.622727 0.210001
v -11.176288 -3.622727 -0.209999
v -11.172639 -3.634962 0.210001
v -11.172639 -3.634962 -0.209999
v -11.168866 -3.647258 0.210001
v -11.168866 -3.647258 -0.209999
v -11.164969 -3.659618 0.210001
v -11.164969 -3.659618 -0.209999
v -11.160948 -3.672040 0.210001
v -11.160948 -3.672040 -0.209999
v -11.156804 -3.684522 0.210001
v -11.156804 -3.684522 -0.209999
v -11.152536 -3.697067 0.210001
v -11.152536 -3.697067 -0.209999
v -11.148146 -3.709674 0.210001
v -11.148146 -3.709674 -0.209999
v -11.143643 -3.722240 0.210001
v -11.143643 -3.722240 -0.209999
v -11.139051 -3.734663 0.210001
v -11.139051 -3.734663 -0.209999
v -11.134365 -3.746938 0.210001
v -11.134365 -3.746938 -0.209999
v -11.129586 -3.759071 0.210001
v -11.129586 -3.759071 -0.209999
v -11.124715 -3.771058 0.210001
v -11.124715 -3.771058 -0.209999
v -11.119751 -3.782902 0.210001
v -11.119751 -3.782902 -0.209999
v -11.114694 -3.794600 0.210001
v -11.114694 -3.794600 -0.209999
v -11.109544 -3.806153 0.210001
v -11.109544 -3.806153 -0.209999
v -11.104300 -3.817563 0.210001
v -11.104300 -3.817563 -0.209999
v -11.098967 -3.828828 0.210001
v -11.098967 -3.828828 -0.209999
v -11.093537 -3.839948 0.210001
v -11.093537 -3.839948 -0.209999
v -11.088016 -3.850924 0.210001
v -11.088016 -3.850924 -0.209999
v -11.082387 -3.861662 0.210001
v -11.082387 -3.861662 -0.209999
v -11.076633 -3.872070 0.210001
v -11.076633 -3.872070 -0.209999
v -11.070759 -3.882148 0.210001
v -11.070759 -3.882148 -0.209999
v -11.064758 -3.891895 0.210001
v -11.064758 -3.891895 -0.209999
v -11.058634 -3.901311 0.210001
v -11.058634 -3.901311 -0.209999
v -11.052385 -3.910398 0.210001
v -11.052385 -3.910398 -0.209999
v -11.046014 -3.919153 0.210001
v -11.046014 -3.919153 -0.209999
v -11.039517 -3.927578 0.210001
v -11.039517 -3.927578 -0.209999
v -11.032898 -3.935674 0.210001
v -11.032898 -3.935674 -0.209999
v -11.026156 -3.943438 0.210001
v -11.026156 -3.943438 -0.209999
v -11.019290 -3.950872 0.210001
v -11.019290 -3.950872 -0.209999
v -11.012300 -3.957976 0.210001
v -11.012300 -3.957976 -0.209999
v -11.005201 -3.964626 0.210001
v -11.005201 -3.964626 -0.209999
v -10.998012 -3.970697 0.210001
v -10.998012 -3.970697 -0.209999
v -10.990726 -3.976190 0.210001
v -10.990726 -3.976190 -0.209999
v -10.983350 -3.981105 0.210001
v -10.983350 -3.981105 -0.209999
v -10.975881 -3.985442 0.210001
v -10.975881 -3.985442 -0.209999
v -10.968319 -3.989200 0.210001
v -10.968319 -3.989200 -0.209999
v -10.960664 -3.992380 0.210001
v -10.960664 -3.992380 -0.209999
v -10.952913 -3.994982 0.210001
v -10.952913 -3.994982 -0.209999
v -10.945073 -3.997006 0.210001
v -10.945073 -3.997006 -0.209999
v -10.937140 -3.998451 0.210001
v -10.937140 -3.998451 -0.209999
v -10.929114 -3.999319 0.210001
v -10.929114 -3.999319 -0.209999
v -10.920995 -3.999608 0.210001
v -10.920995 -3.999608 -0.209999
v -10.914312 -3.999535 0.210001
v -10.914312 -3.999535 -0.209999
v -10.907632 -3.999319 0.210001
v -10.907632 -3.999319 -0.209999
v -10.900949 -3.998957 0.210001
v -10.900949 -3.998957 -0.209999
v -10.894269 -3.998451 0.210001
v -10.894269 -3.998451 -0.209999
v -10.887589 -3.997801 0.210001
v -10.887589 -3.997801 -0.209999
v -10.880907 -3.997006 0.210001
v -10.880907 -3.997006 -0.209999
v -10.874227 -3.996066 0.210001
v -10.874227 -3.996066 -0.209999
v -10.867546 -3.994982 0.210001
v -10.867546 -3.994982 -0.209999
v -10.860864 -3.993754 0.210001
v -10.860864 -3.993754 -0.209999
v -10.854183 -3.992380 0.210001
v -10.854183 -3.992380 -0.209999
v -10.847501 -3.990862 0.210001
v -10.847501 -3.990862 -0.209999
v -10.840824 -3.989200 0.210001
v -10.840824 -3.989200 -0.209999
v -10.834081 -3.987465 0.210001
v -10.834081 -3.987465 -0.209999
v -10.827214 -3.985731 0.210001
v -10.827214 -3.985731 -0.209999
v -10.820225 -3.983995 0.210001
v -10.820225 -3.983995 -0.209999
v -10.813110 -3.982261 0.210001
v -10.813110 -3.982261 -0.209999
v -10.805874 -3.980526 0.210001
v -10.805874 -3.980526 -0.209999
v -10.798512 -3.978792 0.210001
v -10.798512 -3.978792 -0.209999
v -10.791027 -3.977057 0.210001
v -10.791027 -3.977057 -0.209999
v -10.783420 -3.975323 0.210001
v -10.783420 -3.975323 -0.209999
v -10.775685 -3.973588 0.210001
v -10.775685 -3.973588 -0.209999
v -10.767828 -3.971853 0.210001
v -10.767828 -3.971853 -0.209999
v -10.759850 -3.970119 0.210001
v -10.759850 -3.970119 -0.209999
v -10.751745 -3.968384 0.210001
v -10.751745 -3.968384 -0.209999
v -10.743517 -3.966650 0.210001
v -10.743517 -3.966650 -0.209999
v -10.735166 -3.964915 0.210001
v -10.735166 -3.964915 -0.209999
v -10.726693 -3.963181 0.210001
v -10.726693 -3.963181 -0.209999
v -10.718095 -3.961446 0.210001
v -10.718095 -3.961446 -0.209999
v -10.709373 -3.959711 0.210001
v -10.709373 -3.959711 -0.209999
v -10.700526 -3.957976 0.210001
v -10.700526 -3.957976 -0.209999
v -10.691557 -3.956242 0.210001
v -10.691557 -3.956242 -0.209999
v -10.682463 -3.954507 0.210001
v -10.682463 -3.954507 -0.209999
v -10.673245 -3.952773 0.210001
v -10.673245 -3.952773 -0.209999
v -10.663906 -3.951037 0.210001
v -10.663906 -3.951037 -0.209999
v -10.654440 -3.949303 0.210001
v -10.654440 -3.949303 -0.209999
v -10.644852 -3.947568 0.210001
v -10.644852 -3.947568 -0.209999
v -10.635077 -3.945906 0.210001
v -10.635077 -3.945906 -0.209999
v -10.625056 -3.944388 0.210001
v -10.625056 -3.944388 -0.209999
v -10.614787 -3.943014 0.210001
v -10.614787 -3.943014 -0.209999
v -10.604272 -3.941787 0.210001
v -10.604272 -3.941787 -0.209999
v -10.593507 -3.940702 0.210001
v -10.593507 -3.940702 -0.209999
v -10.582497 -3.939762 0.210001
v -10.582497 -3.939762 -0.209999
v -10.571239 -3.938967 0.210001
v -10.571239 -3.938967 -0.209999
v -10.559732 -3.938317 0.210001
v -10.559732 -3.938317 -0.209999
v -10.547979 -3.937811 0.210001
v -10.547979 -3.937811 -0.209999
v -10.535979 -3.937449 0.210001
v -10.535979 -3.937449 -0.209999
v -10.523731 -3.937233 0.210001
v -10.523731 -3.937233 -0.209999
v -10.511234 -3.937160 0.210001
v -10.511234 -3.937160 -0.209999
v -10.485857 -3.937697 0.210001
v -10.485857 -3.937697 -0.209999
v -10.460201 -3.939308 0.210001
v -10.460201 -3.939308 -0.209999
v -10.434264 -3.941993 0.210000
v -10.434264 -3.941993 -0.210000
v -10.408053 -3.945751 0.210000
v -10.408053 -3.945751 -0.210000
v -10.381561 -3.950583 0.210000
v -10.381561 -3.950583 -0.210000
v -10.354791 -3.956490 0.210000
v -10.354791 -3.956490 -0.210000
v -10.327743 -3.963470 0.210000
v -10.327743 -3.963470 -0.210000
v -10.300416 -3.971523 0.210000
v -10.300416 -3.971523 -0.210000
v -10.272811 -3.980650 0.210000
v -10.272811 -3.980650 -0.210000
v -10.244928 -3.990851 0.210000
v -10.244928 -3.990851 -0.210000
v -10.216766 -4.002127 0.210000
v -10.216766 -4.002127 -0.210000
v -10.188327 -4.014476 0.210000
v -10.188327 -4.014476 -0.210000
v -10.159855 -4.027702 0.210000
v -10.159855 -4.027702 -0.210000
v -10.131599 -4.041611 0.210000
v -10.131599 -4.041611 -0.210000
v -10.103561 -4.056200 0.210000
v -10.103561 -4.056200 -0.210000
v -10.075739 -4.071471 0.210000
v -10.075739 -4.071471 -0.210000
v -10.048134 -4.087424 0.210000
v -10.048134 -4.087424 -0.210000
v -10.020746 -4.104058 0.210000
v -10.020746 -4.104058 -0.210000
v -9.993574 -4.121374 0.210000
v -9.993574 -4.121374 -0.210000
v -9.966617 -4.139370 0.210000
v -9.966617 -4.139370 -0.210000
v -9.939878 -4.158049 0.210000
v -9.939878 -4.158049 -0.210000
v -9.913356 -4.177409 0.210000
v -9.913356 -4.177409 -0.210000
v -9.887050 -4.197450 0.210000
v -9.887050 -4.197450 -0.210000
v -9.860963 -4.218172 0.210000
v -9.860963 -4.218172 -0.210000
v -9.835215 -4.239525 0.210000
v -9.835215 -4.239525 -0.210000
v -9.809928 -4.261455 0.210000
v -9.809928 -4.261456 -0.210000
v -9.785109 -4.283965 0.210000
v -9.785109 -4.283965 -0.210000
v -9.760752 -4.307052 0.210000
v -9.760752 -4.307052 -0.210000
v -9.736856 -4.330718 0.210000
v -9.736856 -4.330718 -0.210000
v -9.713429 -4.354962 0.210000
v -9.713429 -4.354962 -0.210000
v -9.690462 -4.379784 0.210000
v -9.690462 -4.379784 -0.210000
v -9.667961 -4.405183 0.210000
v -9.667961 -4.405183 -0.210000
v -9.645924 -4.431161 0.210000
v -9.645924 -4.431162 -0.210000
v -9.624351 -4.457718 0.210000
v -9.624351 -4.457718 -0.210000
v -9.603240 -4.484853 0.210000
v -9.603240 -4.484853 -0.210000
v -9.582594 -4.512566 0.210000
v -9.582594 -4.512566 -0.210000
v -9.562659 -4.540681 0.210000
v -9.562659 -4.540681 -0.210000
v -9.543683 -4.569024 0.210000
v -9.543683 -4.569024 -0.210000
v -9.525667 -4.597594 0.210000
v -9.525667 -4.597594 -0.210000
v -9.508609 -4.626391 0.210000
v -9.508609 -4.626391 -0.210000
v -9.492509 -4.655416 0.210000
v -9.492509 -4.655416 -0.210000
v -9.477370 -4.684667 0.210000
v -9.477370 -4.684667 -0.210000
v -9.463189 -4.714145 0.210000
v -9.463189 -4.714146 -0.210000
v -9.449965 -4.743851 0.210000
v -9.449965 -4.743851 -0.210000
v -9.437701 -4.773784 0.210000
v -9.437701 -4.773784 -0.210000
v -9.426396 -4.803944 0.210000
v -9.426396 -4.803944 -0.210000
v -9.416051 -4.834332 0.210000
v -9.416051 -4.834332 -0.210000
v -9.406664 -4.864946 0.210000
v -9.406664 -4.864946 -0.210000
v -9.050350 -6.057388 0.210001
v -9.050350 -6.057388 -0.209999
v -9.048696 -6.062292 0.210001
v -9.048696 -6.062292 -0.209999
v -9.046700 -6.067093 0.210001
v -9.046700 -6.067093 -0.209999
v -9.044366 -6.071791 0.210001
v -9.044366 -6.071791 -0.209999
v -9.041692 -6.076386 0.210001
v -9.041692 -6.076386 -0.209999
v -9.038674 -6.080876 0.210001
v -9.038674 -6.080876 -0.209999
v -9.035318 -6.085266 0.210001
v -9.035318 -6.085266 -0.209999
v -9.031622 -6.089550 0.210001
v -9.031622 -6.089550 -0.209999
v -9.027587 -6.093732 0.210001
v -9.027587 -6.093732 -0.209999
v -9.023210 -6.097811 0.210001
v -9.023210 -6.097811 -0.209999
v -9.018493 -6.101786 0.210001
v -9.018493 -6.101786 -0.209999
v -9.013437 -6.105658 0.210001
v -9.013437 -6.105658 -0.209999
v -9.008038 -6.109426 0.210001
v -9.008038 -6.109426 -0.209999
v -9.002224 -6.113092 0.210001
v -9.002224 -6.113092 -0.209999
v -8.995914 -6.116654 0.210001
v -8.995914 -6.116654 -0.209999
v -8.989108 -6.120113 0.210001
v -8.989108 -6.120113 -0.209999
v -8.981811 -6.123469 0.210001
v -8.981811 -6.123469 -0.209999
v -8.974016 -6.126722 0.210001
v -8.974016 -6.126722 -0.209999
v -8.965726 -6.129870 0.210001
v -8.965726 -6.129870 -0.209999
v -8.956943 -6.132916 0.210001
v -8.956943 -6.132916 -0.209999
v -8.947663 -6.135859 0.210001
v -8.947663 -6.135859 -0.209999
v -8.937890 -6.138699 0.210001
v -8.937890 -6.138699 -0.209999
v -8.927620 -6.141434 0.210001
v -8.927620 -6.141434 -0.209999
v -8.916858 -6.144068 0.210001
v -8.916858 -6.144068 -0.209999
v -8.905599 -6.146598 0.210001
v -8.905599 -6.146598 -0.209999
v -8.893800 -6.149024 0.210001
v -8.893800 -6.149024 -0.209999
v -8.881412 -6.151347 0.210001
v -8.881412 -6.151347 -0.209999
v -8.868436 -6.153567 0.210001
v -8.868436 -6.153567 -0.209999
v -8.854875 -6.155684 0.210001
v -8.854875 -6.155684 -0.209999
v -8.840722 -6.157697 0.210001
v -8.840722 -6.157697 -0.209999
v -8.825983 -6.159607 0.210001
v -8.825983 -6.159607 -0.209999
v -8.810658 -6.161415 0.210001
v -8.810658 -6.161415 -0.209999
v -8.794744 -6.163117 0.210001
v -8.794744 -6.163117 -0.209999
v -8.778245 -6.164719 0.210001
v -8.778245 -6.164719 -0.209999
v -8.761155 -6.166215 0.210000
v -8.761155 -6.166215 -0.210000
v -8.743479 -6.167609 0.210000
v -8.743479 -6.167609 -0.210000
v -8.725215 -6.168900 0.210000
v -8.725215 -6.168900 -0.210000
v -8.706316 -6.170087 0.210000
v -8.706316 -6.170087 -0.210000
v -8.686738 -6.171172 0.210000
v -8.686738 -6.171172 -0.210000
v -8.666479 -6.172153 0.210000
v -8.666479 -6.172153 -0.210000
v -8.645540 -6.173030 0.210000
v -8.645540 -6.173030 -0.210000
v -8.623920 -6.173805 0.210000
v -8.623920 -6.173805 -0.210000
v -8.601620 -6.174476 0.210000
v -8.601620 -6.174476 -0.210000
v -8.578638 -6.175043 0.210000
v -8.578638 -6.175043 -0.210000
v -8.554977 -6.175508 0.210000
v -8.554977 -6.175508 -0.210000
v -8.530634 -6.175869 0.210000
v -8.530634 -6.175869 -0.210000
v -8.505613 -6.176128 0.210000
v -8.505613 -6.176128 -0.210000
v -8.479909 -6.176282 0.210000
v -8.479909 -6.176282 -0.210000
v -8.453527 -6.176334 0.210000
v -8.453527 -6.176334 -0.210000
v -8.426480 -6.176282 0.210000
v -8.426480 -6.176282 -0.210000
v -8.400265 -6.176128 0.210000
v -8.400265 -6.176128 -0.210000
v -8.374888 -6.175869 0.210000
v -8.374888 -6.175869 -0.210000
v -8.350345 -6.175508 0.210000
v -8.350345 -6.175508 -0.210000
v -8.326636 -6.175043 0.210000
v -8.326636 -6.175043 -0.210000
v -8.303764 -6.174476 0.210000
v -8.303764 -6.174476 -0.210000
v -8.281726 -6.173804 0.210000
v -8.281726 -6.173804 -0.210000
v -8.260523 -6.173030 0.210000
v -8.260523 -6.173030 -0.210000
v -8.240155 -6.172153 0.210000
v -8.240155 -6.172153 -0.210000
v -8.220624 -6.171172 0.210000
v -8.220624 -6.171172 -0.210000
v -8.201928 -6.170087 0.210000
v -8.201928 -6.170087 -0.210000
v -8.184066 -6.168900 0.210000
v -8.184066 -6.168900 -0.210000
v -8.166930 -6.167609 0.210000
v -8.166930 -6.167609 -0.210000
v -8.150413 -6.166215 0.210000
v -8.150413 -6.166215 -0.210000
v -8.134516 -6.164719 0.210000
v -8.134516 -6.164719 -0.210000
v -8.119235 -6.163117 0.210000
v -8.119235 -6.163117 -0.210000
v -8.104575 -6.161415 0.210000
v -8.104575 -6.161415 -0.210000
v -8.090532 -6.159607 0.210000
v -8.090532 -6.159607 -0.210000
v -8.077108 -6.157697 0.210000
v -8.077108 -6.157697 -0.210000
v -8.064302 -6.155684 0.210000
v -8.064302 -6.155684 -0.210000
v -8.052118 -6.153567 0.210000
v -8.052118 -6.153567 -0.210000
v -8.040549 -6.151347 0.210000
v -8.040549 -6.151347 -0.210000
v -8.029600 -6.149024 0.210000
v -8.029600 -6.149024 -0.210000
v -8.019270 -6.146598 0.210000
v -8.019270 -6.146598 -0.210000
v -8.009542 -6.144068 0.210000
v -8.009542 -6.144068 -0.210000
v -8.000403 -6.141434 0.210000
v -8.000403 -6.141434 -0.210000
v -7.991851 -6.138698 0.210000
v -7.991851 -6.138698 -0.210000
v -7.983885 -6.135859 0.210000
v -7.983885 -6.135859 -0.210000
v -7.976509 -6.132916 0.210000
v -7.976509 -6.132916 -0.210000
v -7.969720 -6.129870 0.210000
v -7.969720 -6.129870 -0.210000
v -7.963518 -6.126722 0.210000
v -7.963518 -6.126722 -0.210000
v -7.957903 -6.123468 0.210000
v -7.957903 -6.123468 -0.210000
v -7.952878 -6.120113 0.210000
v -7.952878 -6.120113 -0.210000
v -7.948440 -6.116654 0.210000
v -7.948440 -6.116654 -0.210000
v -7.944588 -6.113092 0.210000
v -7.944588 -6.113092 -0.210000
v -7.941328 -6.109426 0.210000
v -7.941328 -6.109426 -0.210000
v -7.938542 -6.105658 0.210000
v -7.938542 -6.105658 -0.210000
v -7.936131 -6.101786 0.210000
v -7.936131 -6.101786 -0.210000
v -7.934090 -6.097811 0.210000
v -7.934090 -6.097811 -0.210000
v -7.932419 -6.093732 0.210000
v -7.932419 -6.093732 -0.210000
v -7.931120 -6.089550 0.210000
v -7.931120 -6.089550 -0.210000
v -7.930191 -6.085266 0.210000
v -7.930191 -6.085266 -0.210000
v -7.929636 -6.080876 0.210000
v -7.929636 -6.080876 -0.210000
v -7.929450 -6.076386 0.210000
v -7.929450 -6.076386 -0.210000
v -7.929636 -6.071791 0.210000
v -7.929636 -6.071791 -0.210000
v -7.930191 -6.067093 0.210000
v -7.930191 -6.067093 -0.210000
v -7.931120 -6.062292 0.210000
v -7.931120 -6.062292 -0.210000
v -7.932419 -6.057388 0.210000
v -7.932419 -6.057388 -0.210000
v -8.725215 -3.401900 0.210000
v -8.725215 -3.401900 -0.210000
v -8.726853 -3.396995 0.210000
v -8.726853 -3.396995 -0.210000
v -8.728803 -3.392194 0.210000
v -8.728803 -3.392194 -0.210000
v -8.731061 -3.387496 0.210000
v -8.731061 -3.387496 -0.210000
v -8.733629 -3.382902 0.210000
v -8.733629 -3.382902 -0.210000
v -8.736504 -3.378410 0.210000
v -8.736504 -3.378410 -0.210000
v -8.739691 -3.374022 0.210000
v -8.739691 -3.374022 -0.210000
v -8.743186 -3.369736 0.210000
v -8.743186 -3.369736 -0.210000
v -8.746989 -3.365555 0.210000
v -8.746989 -3.365555 -0.210000
v -8.751103 -3.361477 0.210000
v -8.751103 -3.361477 -0.210000
v -8.755527 -3.357502 0.210000
v -8.755527 -3.357502 -0.210000
v -8.760260 -3.353630 0.210000
v -8.760260 -3.353630 -0.210000
v -8.765301 -3.349862 0.210000
v -8.765301 -3.349862 -0.210000
v -8.770698 -3.346206 0.210000
v -8.770698 -3.346206 -0.210000
v -8.776497 -3.342674 0.210000
v -8.776497 -3.342674 -0.210000
v -8.782699 -3.339267 0.210000
v -8.782699 -3.339267 -0.210000
v -8.789302 -3.335984 0.210000
v -8.789302 -3.335984 -0.210000
v -8.796309 -3.332825 0.210000
v -8.796309 -3.332825 -0.210000
v -8.803715 -3.329789 0.210000
v -8.803715 -3.329789 -0.210000
v -8.811523 -3.326877 0.210000
v -8.811523 -3.326877 -0.210000
v -8.819736 -3.324089 0.210000
v -8.819736 -3.324089 -0.210000
v -8.828352 -3.321425 0.210000
v -8.828352 -3.321425 -0.210000
v -8.837367 -3.318885 0.210000
v -8.837367 -3.318885 -0.210000
v -8.846786 -3.316469 0.210000
v -8.846786 -3.316469 -0.210000
v -8.856606 -3.314178 0.210000
v -8.856606 -3.314178 -0.210000
v -8.866875 -3.311988 0.210000
v -8.866875 -3.311988 -0.210000
v -8.877637 -3.309881 0.210000
v -8.877637 -3.309881 -0.210000
v -8.888896 -3.307858 0.210000
v -8.888896 -3.307858 -0.210000
v -8.900650 -3.305917 0.210000
v -8.900650 -3.305917 -0.210000
v -8.912900 -3.304059 0.210000
v -8.912900 -3.304059 -0.210000
v -8.925642 -3.302282 0.210000
v -8.925642 -3.302282 -0.210000
v -8.938879 -3.300589 0.210000
v -8.938879 -3.300589 -0.210000
v -8.952613 -3.298978 0.210000
v -8.952613 -3.298978 -0.210000
v -8.966839 -3.297450 0.210000
v -8.966839 -3.297450 -0.210000
v -8.981562 -3.296004 0.210000
v -8.981562 -3.296004 -0.210000
v -8.996780 -3.294642 0.210000
v -8.996780 -3.294642 -0.210000
v -9.012492 -3.293362 0.210000
v -9.012492 -3.293362 -0.210000
v -9.028715 -3.292174 0.210000
v -9.028715 -3.292174 -0.210000
v -9.045465 -3.291090 0.210000
v -9.045465 -3.291090 -0.210000
v -9.062738 -3.290109 0.210000
v -9.062738 -3.290109 -0.210000
v -9.080540 -3.289231 0.210000
v -9.080540 -3.289231 -0.210000
v -9.098865 -3.288457 0.210000
v -9.098865 -3.288457 -0.210000
v -9.117718 -3.287786 0.210000
v -9.117718 -3.287786 -0.210000
v -9.137094 -3.287217 0.210000
v -9.137094 -3.287217 -0.210000
v -9.156999 -3.286753 0.210000
v -9.156999 -3.286753 -0.210000
v -9.177427 -3.286392 0.210000
v -9.177427 -3.286392 -0.210000
v -9.198382 -3.286133 0.210000
v -9.198382 -3.286133 -0.210000
v -9.219862 -3.285979 0.210000
v -9.219862 -3.285979 -0.210000
v -9.241869 -3.285928 0.210000
v -9.241869 -3.285928 -0.210000
v -9.264526 -3.285979 0.210000
v -9.264526 -3.285979 -0.210000
v -9.286470 -3.286133 0.210000
v -9.286470 -3.286133 -0.210000
v -9.307704 -3.286392 0.210000
v -9.307704 -3.286392 -0.210000
v -9.328225 -3.286753 0.210000
v -9.328225 -3.286753 -0.210000
v -9.348037 -3.287217 0.210000
v -9.348037 -3.287217 -0.210000
v -9.367135 -3.287786 0.210000
v -9.367135 -3.287786 -0.210000
v -9.385524 -3.288457 0.210000
v -9.385524 -3.288457 -0.210000
v -9.403200 -3.289231 0.210000
v -9.403200 -3.289231 -0.210000
v -9.420165 -3.290109 0.210000
v -9.420165 -3.290109 -0.210000
v -9.436418 -3.291090 0.210000
v -9.436418 -3.291090 -0.210000
v -9.451962 -3.292174 0.210000
v -9.451962 -3.292174 -0.210000
v -9.466791 -3.293362 0.210000
v -9.466791 -3.293362 -0.210000
v -9.481004 -3.294642 0.210000
v -9.481004 -3.294642 -0.210000
v -9.494691 -3.296004 0.210000
v -9.494691 -3.296004 -0.210000
v -9.507850 -3.297450 0.210000
v -9.507850 -3.297450 -0.210000
v -9.520486 -3.298978 0.210000
v -9.520486 -3.298978 -0.210000
v -9.532595 -3.300589 0.210000
v -9.532595 -3.300589 -0.210000
v -9.544178 -3.302282 0.210000
v -9.544178 -3.302282 -0.210000
v -9.555235 -3.304059 0.210000
v -9.555235 -3.304059 -0.210000
v -9.565767 -3.305917 0.210000
v -9.565767 -3.305917 -0.210000
v -9.575773 -3.307858 0.210000
v -9.575773 -3.307858 -0.210000
v -9.585253 -3.309881 0.210000
v -9.585253 -3.309881 -0.210000
v -9.594207 -3.311988 0.210000
v -9.594207 -3.311988 -0.210000
v -9.602637 -3.314178 0.210000
v -9.602637 -3.314178 -0.210000
v -9.610568 -3.316469 0.210000
v -9.610568 -3.316469 -0.210000
v -9.618038 -3.318885 0.210000
v -9.618038 -3.318885 -0.210000
v -9.625044 -3.321425 0.210000
v -9.625044 -3.321425 -0.210000
v -9.631586 -3.324089 0.210000
v -9.631586 -3.324089 -0.210000
v -9.637664 -3.326877 0.210000
v -9.637664 -3.326877 -0.210000
v -9.643278 -3.329789 0.210000
v -9.643278 -3.329789 -0.210000
v -9.648428 -3.332825 0.210000
v -9.648428 -3.332825 -0.210000
v -9.653114 -3.335984 0.210000
v -9.653114 -3.335984 -0.210000
v -9.657335 -3.339267 0.210000
v -9.657335 -3.339267 -0.210000
v -9.661093 -3.342674 0.210000
v -9.661093 -3.342674 -0.210000
v -9.664389 -3.346206 0.210000
v -9.664389 -3.346206 -0.210000
v -9.667218 -3.349862 0.210000
v -9.667218 -3.349862 -0.210000
v -9.669645 -3.353630 0.210000
v -9.669645 -3.353630 -0.210000
v -9.671734 -3.357502 0.210000
v -9.671734 -3.357502 -0.210000
v -9.673481 -3.361477 0.210000
v -9.673481 -3.361477 -0.210000
v -9.674889 -3.365556 0.210000
v -9.674889 -3.365556 -0.210000
v -9.675955 -3.369736 0.210000
v -9.675955 -3.369736 -0.210000
v -9.676682 -3.374022 0.210000
v -9.676682 -3.374022 -0.210000
v -9.677070 -3.378410 0.210000
v -9.677070 -3.378410 -0.210000
v -9.677114 -3.382902 0.210000
v -9.677114 -3.382902 -0.210000
v -9.676821 -3.387496 0.210000
v -9.676821 -3.387496 -0.210000
v -9.676188 -3.392194 0.210000
v -9.676188 -3.392194 -0.210000
v -9.675213 -3.396995 0.210000
v -9.675213 -3.396995 -0.210000
v -9.673899 -3.401900 0.210000
v -9.673899 -3.401900 -0.210000
v -9.549190 -3.824162 0.210000
v -9.549190 -3.824162 -0.210000
v -9.567237 -3.802995 0.210000
v -9.567237 -3.802995 -0.210000
v -9.585750 -3.782117 0.210000
v -9.585750 -3.782117 -0.210000
v -9.604724 -3.761528 0.210000
v -9.604724 -3.761528 -0.210000
v -9.624165 -3.741229 0.210000
v -9.624165 -3.741229 -0.210000
v -9.644068 -3.721219 0.210000
v -9.644068 -3.721219 -0.210000
v -9.664434 -3.701497 0.210000
v -9.664434 -3.701497 -0.210000
v -9.685266 -3.682066 0.210000
v -9.685266 -3.682066 -0.210000
v -9.706561 -3.662922 0.210000
v -9.706561 -3.662922 -0.210000
v -9.728320 -3.644068 0.210000
v -9.728320 -3.644068 -0.210000
v -9.750544 -3.625504 0.210000
v -9.750544 -3.625504 -0.210000
v -9.773230 -3.607228 0.210000
v -9.773230 -3.607228 -0.210000
v -9.796381 -3.589242 0.210000
v -9.796381 -3.589242 -0.210000
v -9.819888 -3.571595 0.210000
v -9.819888 -3.571595 -0.210000
v -9.843642 -3.554342 0.210000
v -9.843642 -3.554342 -0.210000
v -9.867645 -3.537481 0.210000
v -9.867645 -3.537481 -0.210000
v -9.891893 -3.521013 0.210000
v -9.891893 -3.521013 -0.210000
v -9.916389 -3.504935 0.210000
v -9.916389 -3.504935 -0.210000
v -9.941133 -3.489252 0.210000
v -9.941133 -3.489252 -0.210000
v -9.966125 -3.473960 0.210000
v -9.966125 -3.473960 -0.210000
v -9.991364 -3.459061 0.210000
v -9.991364 -3.459061 -0.210000
v -10.016850 -3.444553 0.210000
v -10.016850 -3.444553 -0.210000
v -10.042584 -3.430439 0.210000
v -10.042584 -3.430439 -0.210000
v -10.068564 -3.416717 0.210000
v -10.068564 -3.416717 -0.210000
v -10.094793 -3.403386 0.210000
v -10.094793 -3.403386 -0.210000
v -10.121224 -3.390490 0.210000
v -10.121224 -3.390490 -0.210000
v -10.147807 -3.378069 0.210000
v -10.147807 -3.378069 -0.210000
v -10.174546 -3.366124 0.210000
v -10.174546 -3.366124 -0.210000
v -10.201441 -3.354652 0.210000
v -10.201441 -3.354652 -0.210000
v -10.228490 -3.343655 0.210000
v -10.228490 -3.343655 -0.210000
v -10.255692 -3.333134 0.210000
v -10.255692 -3.333134 -0.210000
v -10.283050 -3.323087 0.210000
v -10.283050 -3.323087 -0.210000
v -10.310562 -3.313516 0.210000
v -10.310562 -3.313516 -0.210000
v -10.338228 -3.304419 0.210000
v -10.338228 -3.304419 -0.210000
v -10.366050 -3.295798 0.210000
v -10.366050 -3.295798 -0.210000
v -10.394026 -3.287652 0.210000
v -10.394026 -3.287652 -0.210000
v -10.422155 -3.279980 0.210000
v -10.422155 -3.279980 -0.210000
v -10.450332 -3.272855 0.210000
v -10.450332 -3.272855 -0.210000
v -10.478449 -3.266350 0.210000
v -10.478449 -3.266350 -0.210000
v -10.506501 -3.260465 0.210000
v -10.506501 -3.260465 -0.210000
v -10.534493 -3.255199 0.210000
v -10.534493 -3.255199 -0.210000
v -10.562423 -3.250553 0.210000
v -10.562423 -3.250553 -0.210000
v -10.590292 -3.246525 0.210000
v -10.590292 -3.246525 -0.210000
v -10.618098 -3.243118 0.210000
v -10.618098 -3.243118 -0.210000
v -10.645843 -3.240331 0.210000
v -10.645843 -3.240331 -0.210000
v -10.673525 -3.238162 0.210000
v -10.673525 -3.238162 -0.210000
v -10.701145 -3.236614 0.210000
v -10.701145 -3.236614 -0.210000
v -10.728703 -3.235684 0.210000
v -10.728703 -3.235684 -0.210000
v -10.756200 -3.235374 0.210000
v -10.756200 -3.235374 -0.210000
v -10.767350 -3.235416 0.210000
v -10.767350 -3.235416 -0.210000
v -10.778532 -3.235539 0.210000
v -10.778532 -3.235539 -0.210000
v -10.789743 -3.235746 0.210000
v -10.789743 -3.235746 -0.210000
v -10.800985 -3.236035 0.210000
v -10.800985 -3.236035 -0.210000
v -10.812261 -3.236408 0.210000
v -10.812261 -3.236408 -0.210000
v -10.823565 -3.236862 0.210000
v -10.823565 -3.236862 -0.210000
v -10.834901 -3.237398 0.210000
v -10.834901 -3.237398 -0.210000
v -10.846268 -3.238018 0.210000
v -10.846268 -3.238018 -0.210000
v -10.857664 -3.238720 0.210000
v -10.857664 -3.238720 -0.210000
v -10.869094 -3.239504 0.210000
v -10.869094 -3.239504 -0.210000
v -10.880553 -3.240372 0.210000
v -10.880553 -3.240372 -0.210000
v -10.892045 -3.241322 0.210000
v -10.892045 -3.241322 -0.210000
v -10.903488 -3.242334 0.210000
v -10.903488 -3.242334 -0.210000
v -10.914808 -3.243386 0.210000
v -10.914808 -3.243386 -0.210000
v -10.926004 -3.244482 0.210000
v -10.926004 -3.244482 -0.210000
v -10.937078 -3.245617 0.210000
v -10.937078 -3.245617 -0.210000
v -10.948027 -3.246794 0.210000
v -10.948027 -3.246794 -0.210000
v -10.958853 -3.248013 0.210000
v -10.958853 -3.248013 -0.210000
v -10.969555 -3.249272 0.210001
v -10.969555 -3.249272 -0.209999
v -10.980133 -3.250574 0.210001
v -10.980133 -3.250574 -0.209999
v -10.990587 -3.251916 0.210001
v -10.990587 -3.251916 -0.209999
v -11.000918 -3.253299 0.210001
v -11.000918 -3.253299 -0.209999
v -11.011126 -3.254724 0.210001
v -11.011126 -3.254724 -0.209999
v -11.021208 -3.256190 0.210001
v -11.021208 -3.256190 -0.209999
v -11.031137 -3.257708 0.210001
v -11.031137 -3.257708 -0.209999
v -11.040880 -3.259288 0.210001
v -11.040880 -3.259288 -0.209999
v -11.050436 -3.260930 0.210001
v -11.050436 -3.260930 -0.209999
v -11.059810 -3.262633 0.210001
v -11.059810 -3.262633 -0.209999
v -11.068995 -3.264399 0.210001
v -11.068995 -3.264399 -0.209999
v -11.077996 -3.266227 0.210001
v -11.077996 -3.266227 -0.209999
v -11.086810 -3.268116 0.210001
v -11.086810 -3.268116 -0.209999
v -11.095439 -3.270067 0.210001
v -11.095439 -3.270067 -0.209999
v -11.103883 -3.272081 0.210001
v -11.103883 -3.272081 -0.209999
v -11.112142 -3.274156 0.210001
v -11.112142 -3.274156 -0.209999
v -11.120215 -3.276293 0.210001
v -11.120215 -3.276293 -0.209999
v -11.128102 -3.278492 0.210001
v -11.128102 -3.278492 -0.209999
v -11.135757 -3.280734 0.210001
v -11.135757 -3.280734 -0.209999
v -11.143133 -3.282995 0.210001
v -11.143133 -3.282995 -0.209999
v -11.150230 -3.285277 0.210001
v -11.150230 -3.285277 -0.209999
v -11.157051 -3.287579 0.210001
v -11.157051 -3.287579 -0.209999
v -11.163593 -3.289902 0.210001
v -11.163593 -3.289902 -0.209999
v -11.169857 -3.292246 0.210001
v -11.169857 -3.292246 -0.209999
v -11.175841 -3.294611 0.210001
v -11.175841 -3.294611 -0.209999
v -11.181549 -3.296996 0.210001
v -11.181549 -3.296996 -0.209999
v -11.186977 -3.299402 0.210001
v -11.186977 -3.299402 -0.209999
v -11.192126 -3.301828 0.210001
v -11.192126 -3.301828 -0.209999
v -11.196998 -3.304275 0.210001
v -11.196998 -3.304275 -0.209999
vn -0.0000 -0.0000 -1.0000
vn -0.0000 0.0001 -1.0000
vn -0.0001 -0.0000 -1.0000
vn -0.0000 -0.0001 -1.0000
vn -0.0000 -0.0000 1.0000
vn -0.0000 -0.0001 1.0000
vn -0.0000 0.0001 1.0000
vn -0.5780 0.8160 -0.0000
vn -0.6259 0.7799 -0.0000
vn -0.6773 0.7358 -0.0000
vn -0.7289 0.6846 -0.0000
vn -0.7796 0.6262 -0.0000
vn -0.8280 0.5607 -0.0000
vn -0.8725 0.4886 -0.0000
vn -0.9116 0.4111 -0.0000
vn -0.9442 0.3295 -0.0000
vn -0.9693 0.2458 -0.0000
vn -0.9868 0.1618 -0.0000
vn -0.9968 0.0795 -0.0000
vn -1.0000 0.0093 -0.0000
vn -0.9992 -0.0395 -0.0000
vn -0.9972 -0.0754 -0.0000
vn -0.9942 -0.1076 -0.0000
vn -0.9906 -0.1365 -0.0000
vn -0.9867 -0.1626 -0.0000
vn -0.9825 -0.1861 -0.0000
vn -0.9782 -0.2075 -0.0000
vn -0.9739 -0.2270 -0.0000
vn -0.9696 -0.2448 -0.0000
vn -0.9653 -0.2610 -0.0000
vn -0.9612 -0.2759 -0.0000
vn -0.9566 -0.2915 -0.0000
vn -0.9505 -0.3108 -0.0000
vn -0.9431 -0.3326 -0.0000
vn -0.9347 -0.3554 -0.0000
vn -0.9253 -0.3793 -0.0000
vn -0.9147 -0.4041 -0.0000
vn -0.9028 -0.4301 -0.0000
vn -0.8894 -0.4572 -0.0000
vn -0.8744 -0.4852 -0.0000
vn -0.8577 -0.5142 -0.0000
vn -0.8390 -0.5442 -0.0000
vn -0.8182 -0.5749 -0.0000
vn -0.7935 -0.6086 -0.0000
vn -0.7621 -0.6475 -0.0000
vn -0.7239 -0.6899 -0.0000
vn -0.6795 -0.7337 -0.0000
vn -0.6284 -0.7779 -0.0000
vn -0.5700 -0.8217 -0.0000
vn -0.5042 -0.8636 -0.0000
vn -0.4312 -0.9023 -0.0000
vn -0.3516 -0.9361 -0.0000
vn -0.2669 -0.9637 -0.0000
vn -0.1787 -0.9839 -0.0000
vn -0.0891 -0.9960 -0.0000
vn -0.0048 -1.0000 -0.0000
vn 0.0676 -0.9977 -0.0000
vn 0.1308 -0.9914 -0.0000
vn 0.1890 -0.9820 -0.0000
vn 0.2422 -0.9702 -0.0000
vn 0.2904 -0.9569 -0.0000
vn 0.3342 -0.9425 -0.0000
vn 0.3739 -0.9275 -0.0000
vn 0.4096 -0.9122 -0.0000
vn 0.4420 -0.8970 -0.0000
vn 0.4712 -0.8820 -0.0000
vn 0.4977 -0.8674 -0.0000
vn 0.5126 -0.8586 -0.0000
vn 0.5081 -0.8613 -0.0000
vn 0.4949 -0.8689 -0.0000
vn 0.4827 -0.8758 -0.0000
vn 0.4605 -0.8877 -0.0000
vn 0.4503 -0.8929 -0.0000
vn 0.4408 -0.8976 -0.0000
vn 0.4319 -0.9019 -0.0000
vn 0.4234 -0.9059 -0.0000
vn 0.4155 -0.9096 -0.0000
vn 0.4079 -0.9130 -0.0000
vn 0.3978 -0.9175 -0.0000
vn 0.3823 -0.9240 -0.0000
vn 0.3649 -0.9310 -0.0000
vn 0.3486 -0.9373 -0.0000
vn 0.3332 -0.9429 -0.0000
vn 0.3187 -0.9478 -0.0000
vn 0.3051 -0.9523 -0.0000
vn 0.2923 -0.9563 -0.0000
vn 0.2802 -0.9600 -0.0000
vn 0.2687 -0.9632 -0.0000
vn 0.2578 -0.9662 -0.0000
vn 0.2476 -0.9689 -0.0000
vn 0.2333 -0.9724 -0.0000
vn 0.2110 -0.9775 -0.0000
vn 0.1855 -0.9826 -0.0000
vn 0.1616 -0.9869 -0.0000
vn 0.1391 -0.9903 -0.0000
vn 0.1180 -0.9930 -0.0000
vn 0.0980 -0.9952 -0.0000
vn 0.0793 -0.9969 -0.0000
vn 0.0615 -0.9981 -0.0000
vn 0.0449 -0.9990 -0.0000
vn 0.0291 -0.9996 -0.0000
vn 0.0142 -0.9999 -0.0000
vn -0.0021 -1.0000 -0.0000
vn -0.0226 -0.9997 -0.0000
vn -0.0457 -0.9990 -0.0000
vn -0.0695 -0.9976 -0.0000
vn -0.0939 -0.9956 -0.0000
vn -0.1189 -0.9929 -0.0000
vn -0.1444 -0.9895 -0.0000
vn -0.1705 -0.9854 -0.0000
vn -0.1971 -0.9804 -0.0000
vn -0.2241 -0.9746 -0.0000
vn -0.2515 -0.9679 -0.0000
vn -0.2792 -0.9602 -0.0000
vn -0.3052 -0.9523 -0.0000
vn -0.3273 -0.9449 -0.0000
vn -0.3476 -0.9376 -0.0000
vn -0.3682 -0.9298 -0.0000
vn -0.3890 -0.9213 -0.0000
vn -0.4100 -0.9121 -0.0000
vn -0.4311 -0.9023 -0.0000
vn -0.4524 -0.8918 -0.0000
vn -0.4737 -0.8807 -0.0000
vn -0.4952 -0.8688 -0.0000
vn -0.5166 -0.8562 -0.0000
vn -0.5379 -0.8430 -0.0000
vn -0.5583 -0.8296 -0.0000
vn -0.5768 -0.8169 -0.0000
vn -0.5943 -0.8042 -0.0000
vn -0.6117 -0.7911 -0.0000
vn -0.6291 -0.7774 -0.0000
vn -0.6462 -0.7631 -0.0000
vn -0.6632 -0.7484 -0.0000
vn -0.6800 -0.7332 -0.0000
vn -0.6966 -0.7175 -0.0000
vn -0.7128 -0.7013 -0.0000
vn -0.7288 -0.6847 -0.0000
vn -0.7445 -0.6677 -0.0000
vn -0.7588 -0.6513 -0.0000
vn -0.7711 -0.6367 -0.0000
vn -0.7825 -0.6227 -0.0000
vn -0.7937 -0.6083 -0.0000
vn -0.8049 -0.5934 -0.0000
vn -0.8159 -0.5782 -0.0000
vn -0.8268 -0.5625 -0.0000
vn -0.8376 -0.5463 -0.0000
vn -0.8481 -0.5298 -0.0000
vn -0.8585 -0.5129 -0.0000
vn -0.8686 -0.4955 -0.0000
vn -0.8785 -0.4778 -0.0000
vn -0.8877 -0.4605 -0.0000
vn -0.8959 -0.4442 -0.0000
vn -0.9036 -0.4284 -0.0000
vn -0.9111 -0.4122 -0.0000
vn -0.9185 -0.3955 -0.0000
vn -0.9257 -0.3783 -0.0000
vn -0.9327 -0.3608 -0.0000
vn -0.9394 -0.3429 -0.0000
vn -0.9459 -0.3245 -0.0000
vn -0.9521 -0.3057 -0.0000
vn -0.9581 -0.2866 -0.0000
vn -0.9637 -0.2671 -0.0000
vn -0.9687 -0.2481 -0.0000
vn -0.9731 -0.2303 -0.0000
vn -0.9771 -0.2127 -0.0000
vn -0.9809 -0.1945 -0.0000
vn -0.9845 -0.1756 -0.0000
vn -0.9877 -0.1561 -0.0000
vn -0.9907 -0.1359 -0.0000
vn -0.9934 -0.1150 -0.0000
vn -0.9956 -0.0934 -0.0000
vn -0.9975 -0.0711 -0.0000
vn -0.9988 -0.0480 -0.0000
vn -0.9997 -0.0243 -0.0000
vn -1.0000 0.0017 -0.0000
vn -0.9995 0.0320 -0.0000
vn -0.9979 0.0651 -0.0000
vn -0.9951 0.0993 -0.0000
vn -0.9909 0.1348 -0.0000
vn -0.9852 0.1712 -0.0000
vn -0.9780 0.2086 -0.0000
vn -0.9691 0.2468 -0.0000
vn -0.9583 0.2856 -0.0000
vn -0.9457 0.3250 -0.0000
vn -0.9312 0.3645 -0.0000
vn -0.9147 0.4041 -0.0000
vn -0.8967 0.4427 -0.0000
vn -0.8774 0.4797 -0.0000
vn -0.8568 0.5157 -0.0000
vn -0.8345 0.5510 -0.0000
vn -0.8105 0.5857 -0.0000
vn -0.7851 0.6194 -0.0000
vn -0.7583 0.6519 -0.0000
vn -0.7302 0.6832 -0.0000
vn -0.7011 0.7130 -0.0000
vn -0.6711 0.7413 -0.0000
vn -0.6405 0.7680 -0.0000
vn -0.6093 0.7929 -0.0000
vn -0.5781 0.8160 -0.0000
vn -0.5472 0.8370 -0.0000
vn -0.5166 0.8562 -0.0000
vn -0.4862 0.8738 -0.0000
vn -0.4561 0.8899 -0.0000
vn -0.4264 0.9045 -0.0000
vn -0.3972 0.9177 -0.0000
vn -0.3686 0.9296 -0.0000
vn -0.3407 0.9402 -0.0000
vn -0.3135 0.9496 -0.0000
vn -0.2871 0.9579 -0.0000
vn -0.2614 0.9652 -0.0000
vn -0.2369 0.9715 -0.0000
vn -0.2136 0.9769 -0.0000
vn -0.1912 0.9816 -0.0000
vn -0.1694 0.9855 -0.0000
vn -0.1482 0.9890 -0.0000
vn -0.1276 0.9918 -0.0000
vn -0.1076 0.9942 -0.0000
vn -0.0882 0.9961 -0.0000
vn -0.0694 0.9976 -0.0000
vn -0.0512 0.9987 -0.0000
vn -0.0336 0.9994 -0.0000
vn -0.0166 0.9999 -0.0000
vn -0.0011 1.0000 -0.0000
vn 0.0121 0.9999 -0.0000
vn 0.0248 0.9997 -0.0000
vn 0.0381 0.9993 -0.0000
vn 0.0520 0.9986 -0.0000
vn 0.0668 0.9978 -0.0000
vn 0.0822 0.9966 -0.0000
vn 0.0986 0.9951 -0.0000
vn 0.1158 0.9933 -0.0000
vn 0.1339 0.9910 -0.0000
vn 0.1531 0.9882 -0.0000
vn 0.1733 0.9849 -0.0000
vn 0.1911 0.9816 -0.0000
vn 0.2025 0.9793 -0.0000
vn 0.2108 0.9775 -0.0000
vn 0.2195 0.9756 -0.0000
vn 0.2286 0.9735 -0.0000
vn 0.2382 0.9712 -0.0000
vn 0.2482 0.9687 -0.0000
vn 0.2588 0.9659 -0.0000
vn 0.2699 0.9629 -0.0000
vn 0.2816 0.9595 -0.0000
vn 0.2940 0.9558 -0.0000
vn 0.3070 0.9517 -0.0000
vn 0.3182 0.9480 -0.0000
vn 0.3249 0.9458 -0.0000
vn 0.3293 0.9442 -0.0000
vn 0.3341 0.9426 -0.0000
vn 0.3390 0.9408 -0.0000
vn 0.3443 0.9389 -0.0000
vn 0.3499 0.9368 -0.0000
vn 0.3558 0.9346 -0.0000
vn 0.3621 0.9321 -0.0000
vn 0.3689 0.9295 -0.0000
vn 0.3761 0.9266 -0.0000
vn 0.3838 0.9234 -0.0000
vn 0.3843 0.9232 -0.0000
vn 0.3688 0.9295 -0.0000
vn 0.3442 0.9389 -0.0000
vn 0.3180 0.9481 -0.0000
vn 0.2901 0.9570 -0.0000
vn 0.2605 0.9655 -0.0000
vn 0.2291 0.9734 -0.0000
vn 0.1957 0.9807 -0.0000
vn 0.1604 0.9870 -0.0000
vn 0.1232 0.9924 -0.0000
vn 0.0839 0.9965 -0.0000
vn 0.0428 0.9991 -0.0000
vn 0.0004 1.0000 -0.0000
vn -0.0436 0.9990 -0.0000
vn -0.0915 0.9958 -0.0000
vn -0.1449 0.9894 -0.0000
vn -0.2042 0.9789 -0.0000
vn -0.2697 0.9629 -0.0000
vn -0.3412 0.9400 -0.0000
vn -0.4183 0.9083 -0.0000
vn -0.4996 0.8663 -0.0000
vn -0.5830 0.8125 -0.0000
vn -0.6658 0.7461 -0.0000
vn -0.7443 0.6679 -0.0000
vn -0.8088 0.5881 -0.0000
vn -0.8532 0.5215 -0.0000
vn -0.8859 0.4638 -0.0000
vn -0.9136 0.4066 -0.0000
vn -0.9363 0.3511 -0.0000
vn -0.9546 0.2980 -0.0000
vn -0.9690 0.2470 -0.0000
vn -0.9800 0.1988 -0.0000
vn -0.9881 0.1536 -0.0000
vn -0.9938 0.1110 -0.0000
vn -0.9974 0.0715 -0.0000
vn -0.9994 0.0347 -0.0000
vn -1.0000 0.0001 -0.0000
vn -0.9995 -0.0325 -0.0000
vn -0.9982 -0.0605 -0.0000
vn -0.9964 -0.0848 -0.0000
vn -0.9944 -0.1060 -0.0000
vn -0.9922 -0.1246 -0.0000
vn -0.9900 -0.1411 -0.0000
vn -0.9878 -0.1556 -0.0000
vn -0.9857 -0.1685 -0.0000
vn -0.9836 -0.1803 -0.0000
vn -0.9816 -0.1909 -0.0000
vn -0.9797 -0.2003 -0.0000
vn -0.9781 -0.2081 -0.0000
vn -0.9770 -0.2132 -0.0000
vn -0.9761 -0.2172 -0.0000
vn -0.9753 -0.2210 -0.0000
vn -0.9745 -0.2245 -0.0000
vn -0.9737 -0.2280 -0.0000
vn -0.9729 -0.2313 -0.0000
vn -0.9721 -0.2345 -0.0000
vn -0.9714 -0.2376 -0.0000
vn -0.9707 -0.2405 -0.0000
vn -0.9700 -0.2432 -0.0000
vn -0.9693 -0.2460 -0.0000
vn -0.9685 -0.2488 -0.0000
vn -0.9678 -0.2517 -0.0000
vn -0.9670 -0.2548 -0.0000
vn -0.9662 -0.2577 -0.0000
vn -0.9655 -0.2605 -0.0000
vn -0.9647 -0.2633 -0.0000
vn -0.9640 -0.2660 -0.0000
vn -0.9633 -0.2686 -0.0000
vn -0.9626 -0.2710 -0.0000
vn -0.9619 -0.2735 -0.0000
vn -0.9612 -0.2760 -0.0000
vn -0.9605 -0.2782 -0.0000
vn -0.9594 -0.2820 -0.0000
vn -0.9573 -0.2891 -0.0000
vn -0.9546 -0.2979 -0.0000
vn -0.9518 -0.3068 -0.0000
vn -0.9488 -0.3159 -0.0000
vn -0.9457 -0.3251 -0.0000
vn -0.9425 -0.3343 -0.0000
vn -0.9391 -0.3438 -0.0000
vn -0.9355 -0.3534 -0.0000
vn -0.9317 -0.3633 -0.0000
vn -0.9277 -0.3732 -0.0000
vn -0.9237 -0.3832 -0.0000
vn -0.9191 -0.3941 -0.0000
vn -0.9136 -0.4066 -0.0000
vn -0.9076 -0.4199 -0.0000
vn -0.9013 -0.4332 -0.0000
vn -0.8947 -0.4467 -0.0000
vn -0.8877 -0.4604 -0.0000
vn -0.8805 -0.4740 -0.0000
vn -0.8730 -0.4877 -0.0000
vn -0.8651 -0.5015 -0.0000
vn -0.8569 -0.5155 -0.0000
vn -0.8483 -0.5295 -0.0000
vn -0.8394 -0.5435 -0.0000
vn -0.8275 -0.5614 -0.0000
vn -0.8097 -0.5869 -0.0000
vn -0.7883 -0.6153 -0.0000
vn -0.7663 -0.6424 -0.0000
vn -0.7438 -0.6684 -0.0000
vn -0.7207 -0.6932 -0.0000
vn -0.6974 -0.7167 -0.0000
vn -0.6737 -0.7390 -0.0000
vn -0.6499 -0.7600 -0.0000
vn -0.6260 -0.7798 -0.0000
vn -0.6022 -0.7983 -0.0000
vn -0.5787 -0.8156 -0.0000
vn -0.5511 -0.8344 -0.0000
vn -0.5181 -0.8553 -0.0000
vn -0.4868 -0.8735 -0.0000
vn -0.4609 -0.8874 -0.0000
vn -0.4392 -0.8984 -0.0000
vn -0.4208 -0.9072 -0.0000
vn -0.4049 -0.9144 -0.0000
vn -0.3911 -0.9203 -0.0000
vn -0.3791 -0.9254 -0.0000
vn -0.3685 -0.9296 -0.0000
vn -0.3591 -0.9333 -0.0000
vn -0.3506 -0.9365 -0.0000
vn -0.3412 -0.9400 -0.0000
vn -0.3288 -0.9444 -0.0000
vn -0.3154 -0.9490 -0.0000
vn -0.3026 -0.9531 -0.0000
vn -0.2905 -0.9569 -0.0000
vn -0.2790 -0.9603 -0.0000
vn -0.2681 -0.9634 -0.0000
vn -0.2577 -0.9662 -0.0000
vn -0.2478 -0.9688 -0.0000
vn -0.2384 -0.9712 -0.0000
vn -0.2295 -0.9733 -0.0000
vn -0.2209 -0.9753 -0.0000
vn -0.2124 -0.9772 -0.0000
vn -0.2035 -0.9791 -0.0000
vn -0.1945 -0.9809 -0.0000
vn -0.1858 -0.9826 -0.0000
vn -0.1774 -0.9841 -0.0000
vn -0.1694 -0.9856 -0.0000
vn -0.1616 -0.9869 -0.0000
vn -0.1541 -0.9881 -0.0000
vn -0.1468 -0.9892 -0.0000
vn -0.1398 -0.9902 -0.0000
vn -0.1330 -0.9911 -0.0000
vn -0.1264 -0.9920 -0.0000
vn -0.1188 -0.9929 -0.0000
vn -0.1089 -0.9941 -0.0000
vn -0.0980 -0.9952 -0.0000
vn -0.0873 -0.9962 -0.0000
vn -0.0768 -0.9970 -0.0000
vn -0.0666 -0.9978 -0.0000
vn -0.0565 -0.9984 -0.0000
vn -0.0466 -0.9989 -0.0000
vn -0.0369 -0.9993 -0.0000
vn -0.0274 -0.9996 -0.0000
vn -0.0181 -0.9998 -0.0000
vn -0.0090 -1.0000 -0.0000
vn 0.0015 -1.0000 -0.0000
vn 0.0151 -0.9999 -0.0000
vn 0.0307 -0.9995 -0.0000
vn 0.0467 -0.9989 -0.0000
vn 0.0633 -0.9980 -0.0000
vn 0.0804 -0.9968 -0.0000
vn 0.0981 -0.9952 -0.0000
vn 0.1164 -0.9932 -0.0000
vn 0.1352 -0.9908 -0.0000
vn 0.1545 -0.9880 -0.0000
vn 0.1745 -0.9847 -0.0000
vn 0.1950 -0.9808 -0.0000
vn 0.2165 -0.9763 -0.0000
vn 0.2395 -0.9709 -0.0000
vn 0.2636 -0.9646 -0.0000
vn 0.2886 -0.9575 -0.0000
vn 0.3143 -0.9493 -0.0000
vn 0.3408 -0.9401 -0.0000
vn 0.3679 -0.9298 -0.0000
vn 0.3958 -0.9183 -0.0000
vn 0.4243 -0.9055 -0.0000
vn 0.4533 -0.8914 -0.0000
vn 0.5125 -0.8587 -0.0000
vn 0.5427 -0.8400 -0.0000
vn 0.5734 -0.8193 -0.0000
vn 0.6043 -0.7967 -0.0000
vn 0.6351 -0.7725 -0.0000
vn 0.6655 -0.7464 -0.0000
vn 0.6953 -0.7187 -0.0000
vn 0.7245 -0.6893 -0.0000
vn 0.7527 -0.6584 -0.0000
vn 0.7798 -0.6260 -0.0000
vn 0.8056 -0.5924 -0.0000
vn 0.8301 -0.5577 -0.0000
vn 0.8529 -0.5220 -0.0000
vn 0.8748 -0.4845 -0.0000
vn 0.8961 -0.4439 -0.0000
vn 0.9159 -0.4015 -0.0000
vn 0.9334 -0.3588 -0.0000
vn 0.9488 -0.3160 -0.0000
vn 0.9619 -0.2734 -0.0000
vn 0.9729 -0.2314 -0.0000
vn 0.9818 -0.1901 -0.0000
vn 0.9887 -0.1497 -0.0000
vn 0.9939 -0.1103 -0.0000
vn 0.9974 -0.0723 -0.0000
vn 0.9994 -0.0355 -0.0000
vn 1.0000 -0.0024 -0.0000
vn 0.9997 0.0253 -0.0000
vn 0.9987 0.0502 -0.0000
vn 0.9972 0.0748 -0.0000
vn 0.9951 0.0988 -0.0000
vn 0.9925 0.1224 -0.0000
vn 0.9894 0.1454 -0.0000
vn 0.9858 0.1680 -0.0000
vn 0.9818 0.1900 -0.0000
vn 0.9774 0.2115 -0.0000
vn 0.9726 0.2324 -0.0000
vn 0.9676 0.2526 -0.0000
vn 0.9620 0.2732 -0.0000
vn 0.9556 0.2948 -0.0000
vn 0.9485 0.3169 -0.0000
vn 0.9409 0.3386 -0.0000
vn 0.9330 0.3599 -0.0000
vn 0.9246 0.3809 -0.0000
vn 0.9159 0.4014 -0.0000
vn 0.9068 0.4215 -0.0000
vn 0.8974 0.4411 -0.0000
vn 0.8878 0.4603 -0.0000
vn 0.8778 0.4790 -0.0000
vn 0.8676 0.4972 -0.0000
vn 0.8568 0.5156 -0.0000
vn 0.8450 0.5347 -0.0000
vn 0.8325 0.5541 -0.0000
vn 0.8197 0.5728 -0.0000
vn 0.8066 0.5910 -0.0000
vn 0.7934 0.6087 -0.0000
vn 0.7800 0.6258 -0.0000
vn 0.7664 0.6424 -0.0000
vn 0.7527 0.6583 -0.0000
vn 0.7390 0.6738 -0.0000
vn 0.7251 0.6886 -0.0000
vn 0.7113 0.7029 -0.0000
vn 0.6963 0.7177 -0.0000
vn 0.6790 0.7342 -0.0000
vn 0.6603 0.7510 -0.0000
vn 0.6415 0.7672 -0.0000
vn 0.6225 0.7826 -0.0000
vn 0.6035 0.7974 -0.0000
vn 0.5845 0.8114 -0.0000
vn 0.5654 0.8248 -0.0000
vn 0.5464 0.8375 -0.0000
vn 0.5276 0.8495 -0.0000
vn 0.5088 0.8609 -0.0000
vn 0.4902 0.8716 -0.0000
vn 0.4711 0.8821 -0.0000
vn 0.4509 0.8926 -0.0000
vn 0.4303 0.9027 -0.0000
vn 0.4098 0.9122 -0.0000
vn 0.3897 0.9209 -0.0000
vn 0.3698 0.9291 -0.0000
vn 0.3503 0.9366 -0.0000
vn 0.3311 0.9436 -0.0000
vn 0.3122 0.9500 -0.0000
vn 0.2937 0.9559 -0.0000
vn 0.2755 0.9613 -0.0000
vn 0.2577 0.9662 -0.0000
vn 0.2389 0.9711 -0.0000
vn 0.2175 0.9761 -0.0000
vn 0.1952 0.9808 -0.0000
vn 0.1734 0.9849 -0.0000
vn 0.1520 0.9884 -0.0000
vn 0.1312 0.9914 -0.0000
vn 0.1109 0.9938 -0.0000
vn 0.0911 0.9958 -0.0000
vn 0.0719 0.9974 -0.0000
vn 0.0531 0.9986 -0.0000
vn 0.0349 0.9994 -0.0000
vn 0.0172 0.9999 -0.0000
vn 0.0014 1.0000 -0.0000
vn -0.0116 0.9999 -0.0000
vn -0.0235 0.9997 -0.0000
vn -0.0355 0.9994 -0.0000
vn -0.0478 0.9989 -0.0000
vn -0.0602 0.9982 -0.0000
vn -0.0729 0.9973 -0.0000
vn -0.0858 0.9963 -0.0000
vn -0.0988 0.9951 -0.0000
vn -0.1121 0.9937 -0.0000
vn -0.1256 0.9921 -0.0000
vn -0.1392 0.9903 -0.0000
vn -0.1524 0.9883 -0.0000
vn -0.1647 0.9863 -0.0000
vn -0.1767 0.9843 -0.0000
vn -0.1892 0.9819 -0.0000
vn -0.2021 0.9794 -0.0000
vn -0.2156 0.9765 -0.0000
vn -0.2296 0.9733 -0.0000
vn -0.2441 0.9697 -0.0000
vn -0.2592 0.9658 -0.0000
vn -0.2749 0.9615 -0.0000
vn -0.2913 0.9566 -0.0000
vn -0.3082 0.9513 -0.0000
vn -0.3239 0.9461 -0.0000
vn -0.3365 0.9417 -0.0000
vn -0.3480 0.9375 -0.0000
vn -0.3608 0.9326 -0.0000
vn -0.3749 0.9271 -0.0000
vn -0.3906 0.9205 -0.0000
vn -0.4082 0.9129 -0.0000
vn -0.4279 0.9038 -0.0000
vn -0.4502 0.8929 -0.0000
vn -0.4756 0.8797 -0.0000
vn -0.5045 0.8634 -0.0000
vn -0.5378 0.8431 -0.0000
vn -0.9626 -0.2708 -0.0000
vn -0.9531 -0.3028 -0.0000
vn -0.9360 -0.3521 -0.0000
vn -0.9098 -0.4150 -0.0000
vn -0.8802 -0.4746 -0.0000
vn -0.8475 -0.5308 -0.0000
vn -0.8125 -0.5830 -0.0000
vn -0.7759 -0.6308 -0.0000
vn -0.7385 -0.6743 -0.0000
vn -0.7007 -0.7135 -0.0000
vn -0.6632 -0.7485 -0.0000
vn -0.6262 -0.7797 -0.0000
vn -0.5901 -0.8073 -0.0000
vn -0.5534 -0.8329 -0.0000
vn -0.5143 -0.8576 -0.0000
vn -0.4757 -0.8796 -0.0000
vn -0.4400 -0.8980 -0.0000
vn -0.4070 -0.9134 -0.0000
vn -0.3762 -0.9265 -0.0000
vn -0.3480 -0.9375 -0.0000
vn -0.3219 -0.9468 -0.0000
vn -0.2977 -0.9547 -0.0000
vn -0.2753 -0.9614 -0.0000
vn -0.2545 -0.9671 -0.0000
vn -0.2353 -0.9719 -0.0000
vn -0.2167 -0.9762 -0.0000
vn -0.1982 -0.9802 -0.0000
vn -0.1808 -0.9835 -0.0000
vn -0.1648 -0.9863 -0.0000
vn -0.1502 -0.9887 -0.0000
vn -0.1367 -0.9906 -0.0000
vn -0.1243 -0.9922 -0.0000
vn -0.1129 -0.9936 -0.0000
vn -0.1023 -0.9948 -0.0000
vn -0.0924 -0.9957 -0.0000
vn -0.0832 -0.9965 -0.0000
vn -0.0747 -0.9972 -0.0000
vn -0.0590 -0.9983 -0.0000
vn -0.0518 -0.9987 -0.0000
vn -0.0451 -0.9990 -0.0000
vn -0.0388 -0.9992 -0.0000
vn -0.0329 -0.9995 -0.0000
vn -0.0222 -0.9998 -0.0000
vn -0.0172 -0.9999 -0.0000
vn -0.0126 -0.9999 -0.0000
vn -0.0082 -1.0000 -0.0000
vn -0.0040 -1.0000 -0.0000
vn -0.0000 -1.0000 -0.0000
vn 0.0038 -1.0000 -0.0000
vn 0.0079 -1.0000 -0.0000
vn 0.0122 -0.9999 -0.0000
vn 0.0168 -0.9999 -0.0000
vn 0.0218 -0.9998 -0.0000
vn 0.0272 -0.9996 -0.0000
vn 0.0330 -0.9995 -0.0000
vn 0.0393 -0.9992 -0.0000
vn 0.0462 -0.9989 -0.0000
vn 0.0537 -0.9986 -0.0000
vn 0.0619 -0.9981 -0.0000
vn 0.0707 -0.9975 -0.0000
vn 0.0798 -0.9968 -0.0000
vn 0.0893 -0.9960 -0.0000
vn 0.0996 -0.9950 -0.0000
vn 0.1107 -0.9939 -0.0000
vn 0.1228 -0.9924 -0.0000
vn 0.1361 -0.9907 -0.0000
vn 0.1506 -0.9886 -0.0000
vn 0.1664 -0.9861 -0.0000
vn 0.1840 -0.9829 -0.0000
vn 0.2034 -0.9791 -0.0000
vn 0.2250 -0.9744 -0.0000
vn 0.2483 -0.9687 -0.0000
vn 0.2725 -0.9622 -0.0000
vn 0.2984 -0.9545 -0.0000
vn 0.3268 -0.9451 -0.0000
vn 0.3580 -0.9337 -0.0000
vn 0.3927 -0.9197 -0.0000
vn 0.4309 -0.9024 -0.0000
vn 0.4730 -0.8811 -0.0000
vn 0.5194 -0.8545 -0.0000
vn 0.5699 -0.8217 -0.0000
vn 0.6248 -0.7808 -0.0000
vn 0.6833 -0.7301 -0.0000
vn 0.7409 -0.6717 -0.0000
vn 0.7927 -0.6096 -0.0000
vn 0.8399 -0.5428 -0.0000
vn 0.8836 -0.4683 -0.0000
vn 0.9221 -0.3868 -0.0000
vn 0.9540 -0.2999 -0.0000
vn 0.9778 -0.2097 -0.0000
vn 0.9930 -0.1180 -0.0000
vn 0.9996 -0.0276 -0.0000
vn 0.9982 0.0593 -0.0000
vn 0.9900 0.1414 -0.0000
vn 0.9761 0.2172 -0.0000
vn 0.9628 0.2701 -0.0000
vn 0.9534 0.3017 -0.0000
vn 0.9384 0.3455 -0.0000
vn 0.9156 0.4021 -0.0000
vn 0.8899 0.4561 -0.0000
vn 0.8618 0.5072 -0.0000
vn 0.8318 0.5550 -0.0000
vn 0.8005 0.5994 -0.0000
vn 0.7682 0.6402 -0.0000
vn 0.7354 0.6777 -0.0000
vn 0.7025 0.7117 -0.0000
vn 0.6700 0.7424 -0.0000
vn 0.6379 0.7701 -0.0000
vn 0.6018 0.7986 -0.0000
vn 0.5577 0.8300 -0.0000
vn 0.5121 0.8589 -0.0000
vn 0.4703 0.8825 -0.0000
vn 0.4320 0.9019 -0.0000
vn 0.3970 0.9178 -0.0000
vn 0.3652 0.9309 -0.0000
vn 0.3361 0.9418 -0.0000
vn 0.3096 0.9509 -0.0000
vn 0.2853 0.9584 -0.0000
vn 0.2631 0.9648 -0.0000
vn 0.2427 0.9701 -0.0000
vn 0.2240 0.9746 -0.0000
vn 0.2070 0.9783 -0.0000
vn 0.1914 0.9815 -0.0000
vn 0.1769 0.9842 -0.0000
vn 0.1633 0.9866 -0.0000
vn 0.1507 0.9886 -0.0000
vn 0.1389 0.9903 -0.0000
vn 0.1278 0.9918 -0.0000
vn 0.1174 0.9931 -0.0000
vn 0.1076 0.9942 -0.0000
vn 0.0984 0.9951 -0.0000
vn 0.0897 0.9960 -0.0000
vn 0.0810 0.9967 -0.0000
vn 0.0718 0.9974 -0.0000
vn 0.0628 0.9980 -0.0000
vn 0.0544 0.9985 -0.0000
vn 0.0466 0.9989 -0.0000
vn 0.0394 0.9992 -0.0000
vn 0.0326 0.9995 -0.0000
vn 0.0263 0.9997 -0.0000
vn 0.0204 0.9998 -0.0000
vn 0.0148 0.9999 -0.0000
vn 0.0096 1.0000 -0.0000
vn 0.0047 1.0000 -0.0000
vn -0.0000 1.0000 -0.0000
vn -0.0047 1.0000 -0.0000
vn -0.0096 1.0000 -0.0000
vn -0.0149 0.9999 -0.0000
vn -0.0206 0.9998 -0.0000
vn -0.0266 0.9996 -0.0000
vn -0.0332 0.9994 -0.0000
vn -0.0401 0.9992 -0.0000
vn -0.0477 0.9989 -0.0000
vn -0.0559 0.9984 -0.0000
vn -0.0648 0.9979 -0.0000
vn -0.0745 0.9972 -0.0000
vn -0.0845 0.9964 -0.0000
vn -0.0943 0.9955 -0.0000
vn -0.1044 0.9945 -0.0000
vn -0.1153 0.9933 -0.0000
vn -0.1270 0.9919 -0.0000
vn -0.1398 0.9902 -0.0000
vn -0.1538 0.9881 -0.0000
vn -0.1690 0.9856 -0.0000
vn -0.1857 0.9826 -0.0000
vn -0.2245 0.9745 -0.0000
vn -0.2470 0.9690 -0.0000
vn -0.2716 0.9624 -0.0000
vn -0.2974 0.9548 -0.0000
vn -0.3252 0.9456 -0.0000
vn -0.3559 0.9345 -0.0000
vn -0.3898 0.9209 -0.0000
vn -0.4274 0.9041 -0.0000
vn -0.4689 0.8833 -0.0000
vn -0.5146 0.8574 -0.0000
vn -0.5649 0.8252 -0.0000
vn -0.6194 0.7851 -0.0000
vn -0.6776 0.7354 -0.0000
vn -0.7388 0.6739 -0.0000
vn -0.7958 0.6056 -0.0000
vn -0.8415 0.5402 -0.0000
vn -0.8802 0.4746 -0.0000
vn -0.9151 0.4031 -0.0000
vn -0.9451 0.3268 -0.0000
vn -0.9691 0.2466 -0.0000
vn -0.9864 0.1644 -0.0000
vn -0.9966 0.0818 -0.0000
vn -1.0000 0.0004 -0.0000
vn -0.9969 -0.0783 -0.0000
vn -0.9883 -0.1527 -0.0000
vn -0.9750 -0.2223 -0.0000
vn -0.8278 0.5610 -0.0000
vn -0.8516 0.5243 -0.0000
vn -0.8736 0.4867 -0.0000
vn -0.8947 0.4466 -0.0000
vn -0.9333 0.3591 -0.0000
vn -0.9501 0.3119 -0.0000
vn -0.9648 0.2628 -0.0000
vn -0.9773 0.2121 -0.0000
vn -0.9871 0.1599 -0.0000
vn -0.9943 0.1070 -0.0000
vn -0.9986 0.0535 -0.0000
vn -1.0000 -0.0009 -0.0000
vn -0.9983 -0.0574 -0.0000
vn -0.9932 -0.1160 -0.0000
vn -0.9845 -0.1754 -0.0000
vn -0.9720 -0.2350 -0.0000
vn -0.9558 -0.2941 -0.0000
vn -0.9360 -0.3520 -0.0000
vn -0.9129 -0.4081 -0.0000
vn -0.8870 -0.4618 -0.0000
vn -0.8585 -0.5128 -0.0000
vn -0.8281 -0.5606 -0.0000
vn -0.7962 -0.6051 -0.0000
vn -0.7624 -0.6471 -0.0000
vn -0.7263 -0.6874 -0.0000
vn -0.6892 -0.7246 -0.0000
vn -0.6525 -0.7578 -0.0000
vn -0.6165 -0.7874 -0.0000
vn -0.5815 -0.8136 -0.0000
vn -0.5477 -0.8367 -0.0000
vn -0.5153 -0.8570 -0.0000
vn -0.4844 -0.8749 -0.0000
vn -0.4549 -0.8906 -0.0000
vn -0.4269 -0.9043 -0.0000
vn -0.4003 -0.9164 -0.0000
vn -0.3745 -0.9272 -0.0000
vn -0.3487 -0.9372 -0.0000
vn -0.3238 -0.9461 -0.0000
vn -0.3002 -0.9539 -0.0000
vn -0.2778 -0.9606 -0.0000
vn -0.2568 -0.9665 -0.0000
vn -0.2369 -0.9715 -0.0000
vn -0.2180 -0.9759 -0.0000
vn -0.2002 -0.9798 -0.0000
vn -0.1834 -0.9830 -0.0000
vn -0.1674 -0.9859 -0.0000
vn -0.1523 -0.9883 -0.0000
vn -0.1376 -0.9905 -0.0000
vn -0.1228 -0.9924 -0.0000
vn -0.1085 -0.9941 -0.0000
vn -0.0949 -0.9955 -0.0000
vn -0.0821 -0.9966 -0.0000
vn -0.0699 -0.9976 -0.0000
vn -0.0584 -0.9983 -0.0000
vn -0.0474 -0.9989 -0.0000
vn -0.0370 -0.9993 -0.0000
vn -0.0271 -0.9996 -0.0000
vn -0.0176 -0.9998 -0.0000
vn -0.0086 -1.0000 -0.0000
vn -0.4909 -0.8712 -0.0000
vn -0.9701 -0.2426 -0.0000
vn -0.9725 -0.2330 -0.0000
vn -0.9747 -0.2233 -0.0000
vn -0.9769 -0.2136 -0.0000
vn -0.9790 -0.2037 -0.0000
vn -0.9810 -0.1938 -0.0000
vn -0.9830 -0.1837 -0.0000
vn -0.9848 -0.1736 -0.0000
vn -0.9866 -0.1632 -0.0000
vn -0.9882 -0.1529 -0.0000
vn -0.9898 -0.1425 -0.0000
vn -0.9912 -0.1323 -0.0000
vn -0.9924 -0.1227 -0.0000
vn -0.9936 -0.1131 -0.0000
vn -0.9947 -0.1033 -0.0000
vn -0.9956 -0.0932 -0.0000
vn -0.9966 -0.0827 -0.0000
vn -0.9974 -0.0720 -0.0000
vn -0.9981 -0.0609 -0.0000
vn -0.9988 -0.0494 -0.0000
vn -0.9993 -0.0377 -0.0000
vn -0.9997 -0.0254 -0.0000
vn -0.9999 -0.0129 -0.0000
vn -0.9999 0.0132 -0.0000
vn -0.9977 0.0681 -0.0000
vn -0.9901 0.1404 -0.0000
vn -0.9762 0.2170 -0.0000
vn -0.9550 0.2967 -0.0000
vn -0.9258 0.3780 -0.0000
vn -0.8885 0.4589 -0.0000
vn -0.8433 0.5374 -0.0000
vn -0.7913 0.6114 -0.0000
vn -0.7338 0.6794 -0.0000
vn -0.6726 0.7400 -0.0000
vn -0.6094 0.7928 -0.0000
vn -0.5442 0.8389 -0.0000
vn -0.4772 0.8788 -0.0000
vn -0.4121 0.9112 -0.0000
vn -0.3516 0.9362 -0.0000
vn -0.2960 0.9552 -0.0000
vn -0.2453 0.9695 -0.0000
vn -0.1992 0.9800 -0.0000
vn -0.1574 0.9875 -0.0000
vn -0.1196 0.9928 -0.0000
vn -0.0853 0.9964 -0.0000
vn -0.0543 0.9985 -0.0000
vn -0.0260 0.9997 -0.0000
vn -0.0043 1.0000 -0.0000
vn 0.0082 1.0000 -0.0000
vn 0.0166 0.9999 -0.0000
vn 0.0254 0.9997 -0.0000
vn 0.0344 0.9994 -0.0000
vn 0.0438 0.9990 -0.0000
vn 0.0535 0.9986 -0.0000
vn 0.0636 0.9980 -0.0000
vn 0.0740 0.9973 -0.0000
vn 0.0849 0.9964 -0.0000
vn 0.0961 0.9954 -0.0000
vn 0.1079 0.9942 -0.0000
vn 0.1180 0.9930 -0.0000
vn 0.1246 0.9922 -0.0000
vn 0.1294 0.9916 -0.0000
vn 0.1344 0.9909 -0.0000
vn 0.1396 0.9902 -0.0000
vn 0.1450 0.9894 -0.0000
vn 0.1566 0.9877 -0.0000
vn 0.1628 0.9867 -0.0000
vn 0.1693 0.9856 -0.0000
vn 0.1762 0.9844 -0.0000
vn 0.1833 0.9830 -0.0000
vn 0.1896 0.9819 -0.0000
vn 0.1935 0.9811 -0.0000
vn 0.1963 0.9806 -0.0000
vn 0.1992 0.9800 -0.0000
vn 0.2024 0.9793 -0.0000
vn 0.2058 0.9786 -0.0000
vn 0.2093 0.9778 -0.0000
vn 0.2132 0.9770 -0.0000
vn 0.2173 0.9761 -0.0000
vn 0.2217 0.9751 -0.0000
vn 0.2264 0.9740 -0.0000
vn 0.2316 0.9728 -0.0000
vn 0.2334 0.9724 -0.0000
vn 0.2278 0.9737 -0.0000
vn 0.2178 0.9760 -0.0000
vn 0.2067 0.9784 -0.0000
vn 0.1942 0.9810 -0.0000
vn 0.1802 0.9836 -0.0000
vn 0.1644 0.9864 -0.0000
vn 0.1463 0.9892 -0.0000
vn 0.1254 0.9921 -0.0000
vn 0.1012 0.9949 -0.0000
vn 0.0729 0.9973 -0.0000
vn 0.0393 0.9992 -0.0000
vn 0.0022 1.0000 -0.0000
vn -0.0345 0.9994 -0.0000
vn -0.0722 0.9974 -0.0000
vn -0.1138 0.9935 -0.0000
vn -0.1596 0.9872 -0.0000
vn -0.2101 0.9777 -0.0000
vn -0.2656 0.9641 -0.0000
vn -0.3260 0.9454 -0.0000
vn -0.3914 0.9202 -0.0000
vn -0.4611 0.8873 -0.0000
vn -0.5340 0.8455 -0.0000
vn -0.6086 0.7934 -0.0000
vn -0.6806 0.7327 -0.0000
vn -0.7444 0.6677 -0.0000
vn -0.7999 0.6002 -0.0000
vn -0.8478 0.5303 -0.0000
vn -0.8880 0.4599 -0.0000
vn -0.9207 0.3902 -0.0000
vn -0.9464 0.3230 -0.0000
vn -0.9658 0.2592 -0.0000
vn -0.9800 0.1990 -0.0000
vn -0.9897 0.1432 -0.0000
vn -0.9958 0.0916 -0.0000
vn -0.9990 0.0439 -0.0000
vn -1.0000 0.0053 -0.0000
vn -0.9998 -0.0213 -0.0000
vn -0.9991 -0.0419 -0.0000
vn -0.9981 -0.0614 -0.0000
vn -0.9968 -0.0799 -0.0000
vn -0.9952 -0.0975 -0.0000
vn -0.9934 -0.1143 -0.0000
vn -0.9915 -0.1304 -0.0000
vn -0.9893 -0.1457 -0.0000
vn -0.9871 -0.1603 -0.0000
vn -0.9847 -0.1742 -0.0000
vn -0.9823 -0.1874 -0.0000
vn -0.9797 -0.2004 -0.0000
vn -0.9769 -0.2138 -0.0000
vn -0.9738 -0.2273 -0.0000
vn -0.9706 -0.2409 -0.0000
vn -0.9671 -0.2543 -0.0000
vn -0.9635 -0.2677 -0.0000
vn -0.9598 -0.2809 -0.0000
vn -0.9558 -0.2940 -0.0000
vn -0.9517 -0.3071 -0.0000
vn -0.9475 -0.3199 -0.0000
vn -0.9385 -0.3453 -0.0000
vn -0.9333 -0.3590 -0.0000
vn -0.9270 -0.3750 -0.0000
vn -0.9199 -0.3922 -0.0000
vn -0.9124 -0.4092 -0.0000
vn -0.9046 -0.4262 -0.0000
vn -0.8965 -0.4430 -0.0000
vn -0.8880 -0.4598 -0.0000
vn -0.8792 -0.4764 -0.0000
vn -0.8701 -0.4929 -0.0000
vn -0.8607 -0.5091 -0.0000
vn -0.8510 -0.5251 -0.0000
vn -0.8410 -0.5410 -0.0000
vn -0.8292 -0.5590 -0.0000
vn -0.8135 -0.5816 -0.0000
vn -0.7948 -0.6068 -0.0000
vn -0.7746 -0.6324 -0.0000
vn -0.7529 -0.6582 -0.0000
vn -0.7295 -0.6840 -0.0000
vn -0.7044 -0.7098 -0.0000
vn -0.6776 -0.7354 -0.0000
vn -0.6491 -0.7607 -0.0000
vn -0.6189 -0.7855 -0.0000
vn -0.5870 -0.8096 -0.0000
vn -0.5535 -0.8328 -0.0000
vn -0.5330 -0.8461 -0.0000
vn -0.5065 -0.8622 -0.0000
vn -0.4638 -0.8859 -0.0000
vn -0.3949 -0.9187 -0.0000
vn -0.3670 -0.9302 -0.0000
vn -0.3425 -0.9395 -0.0000
vn -0.3209 -0.9471 -0.0000
vn -0.3018 -0.9534 -0.0000
vn -0.2847 -0.9586 -0.0000
vn -0.2693 -0.9630 -0.0000
vn -0.2555 -0.9668 -0.0000
vn -0.2432 -0.9700 -0.0000
vn -0.2323 -0.9726 -0.0000
vn -0.2223 -0.9750 -0.0000
vn -0.2129 -0.9771 -0.0000
vn -0.2039 -0.9790 -0.0000
vn -0.1955 -0.9807 -0.0000
vn -0.1874 -0.9823 -0.0000
vn -0.1798 -0.9837 -0.0000
vn -0.1725 -0.9850 -0.0000
vn -0.1656 -0.9862 -0.0000
vn -0.1591 -0.9873 -0.0000
vn -0.1528 -0.9883 -0.0000
vn -0.1465 -0.9892 -0.0000
vn -0.1331 -0.9911 -0.0000
vn -0.1266 -0.9920 -0.0000
vn -0.1203 -0.9927 -0.0000
vn -0.1143 -0.9934 -0.0000
vn -0.1084 -0.9941 -0.0000
vn -0.1028 -0.9947 -0.0000
vn -0.0974 -0.9952 -0.0000
vn -0.0921 -0.9957 -0.0000
vn -0.0870 -0.9962 -0.0000
vn -0.0706 -0.9975 -0.0000
vn -0.0641 -0.9979 -0.0000
vn -0.0575 -0.9983 -0.0000
vn -0.0510 -0.9987 -0.0000
vn -0.0445 -0.9990 -0.0000
vn -0.0381 -0.9993 -0.0000
vn -0.0316 -0.9995 -0.0000
vn -0.0252 -0.9997 -0.0000
vn -0.0189 -0.9998 -0.0000
vn -0.0125 -0.9999 -0.0000
vn -0.0063 -1.0000 -0.0000
vn 0.0014 -1.0000 -0.0000
vn 0.0119 -0.9999 -0.0000
vn 0.0243 -0.9997 -0.0000
vn 0.0372 -0.9993 -0.0000
vn 0.0507 -0.9987 -0.0000
vn 0.0648 -0.9979 -0.0000
vn 0.0796 -0.9968 -0.0000
vn 0.0950 -0.9955 -0.0000
vn 0.1111 -0.9938 -0.0000
vn 0.1280 -0.9918 -0.0000
vn 0.1457 -0.9893 -0.0000
vn 0.1643 -0.9864 -0.0000
vn 0.1838 -0.9830 -0.0000
vn 0.2045 -0.9789 -0.0000
vn 0.2262 -0.9741 -0.0000
vn 0.2489 -0.9685 -0.0000
vn 0.2971 -0.9548 -0.0000
vn 0.3227 -0.9465 -0.0000
vn 0.3492 -0.9370 -0.0000
vn 0.3767 -0.9263 -0.0000
vn 0.4051 -0.9143 -0.0000
vn 0.4344 -0.9007 -0.0000
vn 0.4646 -0.8855 -0.0000
vn 0.4958 -0.8684 -0.0000
vn 0.5284 -0.8490 -0.0000
vn 0.5618 -0.8273 -0.0000
vn 0.5955 -0.8034 -0.0000
vn 0.6292 -0.7773 -0.0000
vn 0.6627 -0.7489 -0.0000
vn 0.6958 -0.7182 -0.0000
vn 0.7282 -0.6853 -0.0000
vn 0.7597 -0.6503 -0.0000
vn 0.7898 -0.6134 -0.0000
vn 0.8184 -0.5746 -0.0000
vn 0.8453 -0.5343 -0.0000
vn 0.8702 -0.4927 -0.0000
vn 0.8931 -0.4498 -0.0000
vn 0.9138 -0.4063 -0.0000
vn 0.9320 -0.3624 -0.0000
vn 0.9479 -0.3187 -0.0000
vn 0.9614 -0.2753 -0.0000
vn 0.9726 -0.2325 -0.0000
vn 0.9817 -0.1907 -0.0000
vn 0.9887 -0.1499 -0.0000
vn 0.9974 -0.0721 -0.0000
vn 0.9994 -0.0354 -0.0000
vn 1.0000 -0.0029 -0.0000
vn 0.9997 0.0229 -0.0000
vn 0.9990 0.0454 -0.0000
vn 0.9977 0.0673 -0.0000
vn 0.9961 0.0885 -0.0000
vn 0.9940 0.1092 -0.0000
vn 0.9916 0.1293 -0.0000
vn 0.9889 0.1488 -0.0000
vn 0.9858 0.1677 -0.0000
vn 0.9825 0.1861 -0.0000
vn 0.9790 0.2038 -0.0000
vn 0.9753 0.2210 -0.0000
vn 0.9709 0.2395 -0.0000
vn 0.9653 0.2612 -0.0000
vn 0.9587 0.2844 -0.0000
vn 0.9517 0.3071 -0.0000
vn 0.9442 0.3294 -0.0000
vn 0.9363 0.3513 -0.0000
vn 0.9279 0.3728 -0.0000
vn 0.9192 0.3937 -0.0000
vn 0.9102 0.4141 -0.0000
vn 0.9009 0.4340 -0.0000
vn 0.8913 0.4534 -0.0000
vn 0.8815 0.4722 -0.0000
vn 0.8711 0.4912 -0.0000
vn 0.8597 0.5107 -0.0000
vn 0.8478 0.5304 -0.0000
vn 0.8355 0.5495 -0.0000
vn 0.8230 0.5681 -0.0000
vn 0.8103 0.5860 -0.0000
vn 0.7974 0.6034 -0.0000
vn 0.7844 0.6203 -0.0000
vn 0.7712 0.6366 -0.0000
vn 0.7580 0.6522 -0.0000
vn 0.7447 0.6674 -0.0000
vn 0.7314 0.6819 -0.0000
vn 0.7166 0.6975 -0.0000
vn 0.6987 0.7154 -0.0000
vn 0.6791 0.7340 -0.0000
vn 0.6594 0.7518 -0.0000
vn 0.6395 0.7688 -0.0000
vn 0.6195 0.7850 -0.0000
vn 0.5996 0.8003 -0.0000
vn 0.5796 0.8149 -0.0000
vn 0.5598 0.8286 -0.0000
vn 0.5401 0.8416 -0.0000
vn 0.5205 0.8538 -0.0000
vn 0.5012 0.8654 -0.0000
vn 0.4813 0.8766 -0.0000
vn 0.4603 0.8878 -0.0000
vn 0.4388 0.8986 -0.0000
vn 0.4176 0.9086 -0.0000
vn 0.3968 0.9179 -0.0000
vn 0.3763 0.9265 -0.0000
vn 0.3562 0.9344 -0.0000
vn 0.3366 0.9417 -0.0000
vn 0.3173 0.9483 -0.0000
vn 0.2985 0.9544 -0.0000
vn 0.2802 0.9600 -0.0000
vn 0.2622 0.9650 -0.0000
vn 0.2430 0.9700 -0.0000
vn 0.2206 0.9754 -0.0000
vn 0.1971 0.9804 -0.0000
vn 0.1743 0.9847 -0.0000
vn 0.1522 0.9884 -0.0000
vn 0.1308 0.9914 -0.0000
vn 0.1101 0.9939 -0.0000
vn 0.0901 0.9959 -0.0000
vn 0.0708 0.9975 -0.0000
vn 0.0521 0.9986 -0.0000
vn 0.0342 0.9994 -0.0000
vn 0.0168 0.9999 -0.0000
vn 0.0008 1.0000 -0.0000
vn -0.0135 0.9999 -0.0000
vn -0.0277 0.9996 -0.0000
vn -0.0425 0.9991 -0.0000
vn -0.0580 0.9983 -0.0000
vn -0.0743 0.9972 -0.0000
vn -0.0914 0.9958 -0.0000
vn -0.1094 0.9940 -0.0000
vn -0.1284 0.9917 -0.0000
vn -0.1483 0.9889 -0.0000
vn -0.1691 0.9856 -0.0000
vn -0.1911 0.9816 -0.0000
vn -0.2126 0.9771 -0.0000
vn -0.2318 0.9728 -0.0000
vn -0.2503 0.9682 -0.0000
vn -0.2697 0.9630 -0.0000
vn -0.2901 0.9570 -0.0000
vn -0.3114 0.9503 -0.0000
vn -0.3338 0.9426 -0.0000
vn -0.3573 0.9340 -0.0000
vn -0.3819 0.9242 -0.0000
vn -0.4076 0.9131 -0.0000
vn -0.4345 0.9007 -0.0000
vn -0.4625 0.8866 -0.0000
vn -0.4903 0.8715 -0.0000
vn -0.5167 0.8562 -0.0000
vn -0.5427 0.8399 -0.0000
vn -0.5695 0.8220 -0.0000
vn -0.5971 0.8021 -0.0000
vn -0.6255 0.7802 -0.0000
vn -0.6544 0.7561 -0.0000
vn -0.6837 0.7298 -0.0000
vn -0.7133 0.7009 -0.0000
vn -0.7429 0.6695 -0.0000
vn -0.7722 0.6354 -0.0000
vn -0.8010 0.5987 -0.0000
vn 0.7349 0.6782 -0.0000
vn 0.7693 0.6389 -0.0000
vn 0.8015 0.5981 -0.0000
vn 0.8331 0.5531 -0.0000
vn 0.8638 0.5039 -0.0000
vn 0.8927 0.4506 -0.0000
vn 0.9194 0.3934 -0.0000
vn 0.9431 0.3326 -0.0000
vn 0.9632 0.2689 -0.0000
vn 0.9792 0.2029 -0.0000
vn 0.9908 0.1354 -0.0000
vn 0.9977 0.0675 -0.0000
vn 1.0000 -0.0081 -0.0000
vn 0.9949 -0.1012 -0.0000
vn 0.9789 -0.2044 -0.0000
vn 0.9517 -0.3069 -0.0000
vn 0.9142 -0.4053 -0.0000
vn 0.8680 -0.4965 -0.0000
vn 0.8156 -0.5786 -0.0000
vn 0.7596 -0.6504 -0.0000
vn 0.7022 -0.7120 -0.0000
vn 0.6454 -0.7639 -0.0000
vn 0.5906 -0.8070 -0.0000
vn 0.5387 -0.8425 -0.0000
vn 0.4869 -0.8735 -0.0000
vn 0.4321 -0.9018 -0.0000
vn 0.3770 -0.9262 -0.0000
vn 0.3252 -0.9456 -0.0000
vn 0.2768 -0.9609 -0.0000
vn 0.2318 -0.9728 -0.0000
vn 0.1902 -0.9817 -0.0000
vn 0.1518 -0.9884 -0.0000
vn 0.1163 -0.9932 -0.0000
vn 0.0837 -0.9965 -0.0000
vn 0.0536 -0.9986 -0.0000
vn 0.0258 -0.9997 -0.0000
vn 0.0012 -1.0000 -0.0000
vn -0.0205 -0.9998 -0.0000
vn -0.0416 -0.9991 -0.0000
vn -0.0634 -0.9980 -0.0000
vn -0.0859 -0.9963 -0.0000
vn -0.1092 -0.9940 -0.0000
vn -0.1578 -0.9875 -0.0000
vn -0.1832 -0.9831 -0.0000
vn -0.2093 -0.9779 -0.0000
vn -0.2360 -0.9718 -0.0000
vn -0.2633 -0.9647 -0.0000
vn -0.2893 -0.9572 -0.0000
vn -0.3121 -0.9501 -0.0000
vn -0.3334 -0.9428 -0.0000
vn -0.3552 -0.9348 -0.0000
vn -0.3773 -0.9261 -0.0000
vn -0.3996 -0.9167 -0.0000
vn -0.4223 -0.9064 -0.0000
vn -0.4453 -0.8954 -0.0000
vn -0.4684 -0.8835 -0.0000
vn -0.4916 -0.8708 -0.0000
vn -0.5149 -0.8572 -0.0000
vn -0.5383 -0.8428 -0.0000
vn -0.5609 -0.8279 -0.0000
vn -0.5822 -0.8131 -0.0000
vn -0.6026 -0.7980 -0.0000
vn -0.6230 -0.7823 -0.0000
vn -0.6430 -0.7659 -0.0000
vn -0.6628 -0.7488 -0.0000
vn -0.6823 -0.7310 -0.0000
vn -0.7014 -0.7127 -0.0000
vn -0.7202 -0.6938 -0.0000
vn -0.7384 -0.6744 -0.0000
vn -0.7561 -0.6544 -0.0000
vn -0.7734 -0.6340 -0.0000
vn -0.7892 -0.6141 -0.0000
vn -0.8030 -0.5960 -0.0000
vn -0.8157 -0.5785 -0.0000
vn -0.8281 -0.5605 -0.0000
vn -0.8403 -0.5422 -0.0000
vn -0.8521 -0.5234 -0.0000
vn -0.8636 -0.5043 -0.0000
vn -0.8747 -0.4847 -0.0000
vn -0.8854 -0.4649 -0.0000
vn -0.8957 -0.4447 -0.0000
vn -0.9055 -0.4243 -0.0000
vn -0.9149 -0.4036 -0.0000
vn -0.6627 0.7489 -0.0000
vn 0.0018 1.0000 -0.0000
vn 0.0076 1.0000 -0.0000
vn 0.0155 0.9999 -0.0000
vn 0.0239 0.9997 -0.0000
vn 0.0328 0.9995 -0.0000
vn 0.0423 0.9991 -0.0000
vn 0.0523 0.9986 -0.0000
vn 0.0630 0.9980 -0.0000
vn 0.0745 0.9972 -0.0000
vn 0.0867 0.9962 -0.0000
vn 0.0998 0.9950 -0.0000
vn 0.1138 0.9935 -0.0000
vn 0.1279 0.9918 -0.0000
vn 0.1408 0.9900 -0.0000
vn 0.1536 0.9881 -0.0000
vn 0.1672 0.9859 -0.0000
vn 0.1817 0.9834 -0.0000
vn 0.1972 0.9804 -0.0000
vn 0.2138 0.9769 -0.0000
vn 0.2506 0.9681 -0.0000
vn 0.2711 0.9625 -0.0000
vn 0.2931 0.9561 -0.0000
vn 0.3168 0.9485 -0.0000
vn 0.3415 0.9399 -0.0000
vn 0.3659 0.9306 -0.0000
vn 0.3911 0.9204 -0.0000
vn 0.4179 0.9085 -0.0000
vn 0.4465 0.8948 -0.0000
vn 0.4768 0.8790 -0.0000
vn 0.5091 0.8607 -0.0000
vn 0.5432 0.8396 -0.0000
vn 0.5791 0.8152 -0.0000
vn 0.6168 0.7871 -0.0000
vn 0.6559 0.7548 -0.0000
vn 0.6962 0.7179 -0.0000
vn -0.9624 -0.2717 -0.0000
vn -0.9492 -0.3148 -0.0000
vn -0.8482 -0.5297 -0.0000
vn -0.7727 -0.6348 -0.0000
vn -0.6925 -0.7214 -0.0000
vn -0.6128 -0.7902 -0.0000
vn -0.5372 -0.8435 -0.0000
vn -0.4675 -0.8840 -0.0000
vn -0.4044 -0.9146 -0.0000
vn -0.3481 -0.9375 -0.0000
vn -0.2979 -0.9546 -0.0000
vn -0.2534 -0.9673 -0.0000
vn -0.2140 -0.9768 -0.0000
vn -0.1795 -0.9837 -0.0000
vn -0.1251 -0.9921 -0.0000
vn -0.1034 -0.9946 -0.0000
vn -0.0845 -0.9964 -0.0000
vn -0.0680 -0.9977 -0.0000
vn -0.0533 -0.9986 -0.0000
vn -0.0403 -0.9992 -0.0000
vn -0.0287 -0.9996 -0.0000
vn -0.0182 -0.9998 -0.0000
vn -0.0087 -1.0000 -0.0000
vn -0.0012 -1.0000 -0.0000
vn 0.0037 -1.0000 -0.0000
vn 0.0077 -1.0000 -0.0000
vn 0.0164 -0.9999 -0.0000
vn 0.0212 -0.9998 -0.0000
vn 0.0265 -0.9996 -0.0000
vn 0.0321 -0.9995 -0.0000
vn 0.0382 -0.9993 -0.0000
vn 0.0448 -0.9990 -0.0000
vn 0.0520 -0.9986 -0.0000
vn 0.0598 -0.9982 -0.0000
vn 0.0685 -0.9977 -0.0000
vn 0.0779 -0.9970 -0.0000
vn 0.0882 -0.9961 -0.0000
vn 0.0990 -0.9951 -0.0000
vn 0.1232 -0.9924 -0.0000
vn 0.1366 -0.9906 -0.0000
vn 0.1510 -0.9885 -0.0000
vn 0.1666 -0.9860 -0.0000
vn 0.1835 -0.9830 -0.0000
vn 0.2017 -0.9794 -0.0000
vn 0.2215 -0.9752 -0.0000
vn 0.2441 -0.9698 -0.0000
vn 0.2707 -0.9627 -0.0000
vn 0.3011 -0.9536 -0.0000
vn 0.3350 -0.9422 -0.0000
vn 0.3724 -0.9281 -0.0000
vn 0.4138 -0.9104 -0.0000
vn 0.4596 -0.8881 -0.0000
vn 0.5103 -0.8600 -0.0000
vn 0.5658 -0.8245 -0.0000
vn 0.6258 -0.7800 -0.0000
vn 0.6893 -0.7244 -0.0000
vn 0.7549 -0.6558 -0.0000
vn 0.8151 -0.5793 -0.0000
vn 0.8630 -0.5051 -0.0000
vn 0.9018 -0.4321 -0.0000
vn 0.9347 -0.3554 -0.0000
vn 0.9608 -0.2772 -0.0000
vn 0.9802 -0.1982 -0.0000
vn 0.9927 -0.1210 -0.0000
vn 0.9989 -0.0462 -0.0000
vn 0.9997 0.0248 -0.0000
vn 0.9958 0.0917 -0.0000
vn 0.9882 0.1534 -0.0000
vn 0.9777 0.2102 -0.0000
vn 0.9657 0.2595 -0.0000
vn 0.2191 -0.9757 -0.0000
vn -0.7943 -0.6076 -0.0000
vn -0.7706 -0.6373 -0.0000
vn -0.7477 -0.6640 -0.0000
vn -0.7257 -0.6880 -0.0000
vn -0.7047 -0.7095 -0.0000
vn -0.6846 -0.7289 -0.0000
vn -0.6655 -0.7464 -0.0000
vn -0.6473 -0.7622 -0.0000
vn -0.6301 -0.7765 -0.0000
vn -0.6137 -0.7895 -0.0000
vn -0.5982 -0.8014 -0.0000
vn -0.5826 -0.8127 -0.0000
vn -0.5660 -0.8244 -0.0000
vn -0.5488 -0.8359 -0.0000
vn -0.5320 -0.8467 -0.0000
vn -0.5155 -0.8569 -0.0000
vn -0.4992 -0.8665 -0.0000
vn -0.4834 -0.8754 -0.0000
vn -0.4678 -0.8838 -0.0000
vn -0.4526 -0.8917 -0.0000
vn -0.4378 -0.8991 -0.0000
vn -0.4232 -0.9060 -0.0000
vn -0.4091 -0.9125 -0.0000
vn -0.3948 -0.9188 -0.0000
vn -0.3799 -0.9250 -0.0000
vn -0.3648 -0.9311 -0.0000
vn -0.3499 -0.9368 -0.0000
vn -0.3352 -0.9421 -0.0000
vn -0.3208 -0.9472 -0.0000
vn -0.3066 -0.9518 -0.0000
vn -0.2927 -0.9562 -0.0000
vn -0.2655 -0.9641 -0.0000
vn -0.2523 -0.9676 -0.0000
vn -0.2394 -0.9709 -0.0000
vn -0.2251 -0.9743 -0.0000
vn -0.2076 -0.9782 -0.0000
vn -0.1885 -0.9821 -0.0000
vn -0.1693 -0.9856 -0.0000
vn -0.1311 -0.9914 -0.0000
vn -0.1121 -0.9937 -0.0000
vn -0.0931 -0.9957 -0.0000
vn -0.0742 -0.9972 -0.0000
vn -0.0554 -0.9985 -0.0000
vn -0.0368 -0.9993 -0.0000
vn -0.0183 -0.9998 -0.0000
vn 0.0004 -1.0000 -0.0000
vn 0.0202 -0.9998 -0.0000
vn 0.0414 -0.9991 -0.0000
vn 0.0638 -0.9980 -0.0000
vn 0.0876 -0.9962 -0.0000
vn 0.1127 -0.9936 -0.0000
vn 0.1394 -0.9902 -0.0000
vn 0.1675 -0.9859 -0.0000
vn 0.1972 -0.9804 -0.0000
vn 0.2286 -0.9735 -0.0000
vn 0.2617 -0.9652 -0.0000
vn 0.2964 -0.9551 -0.0000
vn 0.3302 -0.9439 -0.0000
vn 0.3601 -0.9329 -0.0000
vn 0.3885 -0.9215 -0.0000
vn 0.4177 -0.9086 -0.0000
vn 0.4478 -0.8941 -0.0000
vn 0.4786 -0.8780 -0.0000
vn 0.5101 -0.8601 -0.0000
vn 0.5421 -0.8403 -0.0000
vn 0.5745 -0.8185 -0.0000
vn 0.6071 -0.7946 -0.0000
vn 0.6396 -0.7687 -0.0000
vn 0.6720 -0.7406 -0.0000
vn 0.7024 -0.7118 -0.0000
vn 0.7293 -0.6842 -0.0000
vn 0.7542 -0.6566 -0.0000
vn 0.7786 -0.6275 -0.0000
vn 0.8022 -0.5970 -0.0000
vn 0.8250 -0.5651 -0.0000
vn 0.8468 -0.5319 -0.0000
vn 0.8674 -0.4976 -0.0000
vn 0.8867 -0.4624 -0.0000
vn 0.9046 -0.4263 -0.0000
vn 0.9210 -0.3895 -0.0000
vn 0.9359 -0.3523 -0.0000
vn 0.9482 -0.3176 -0.0000
vn 0.9575 -0.2886 -0.0000
vn 0.9650 -0.2623 -0.0000
vn 0.9718 -0.2359 -0.0000
vn 0.9779 -0.2093 -0.0000
vn 0.9832 -0.1826 -0.0000
vn 0.9877 -0.1561 -0.0000
vn 0.9916 -0.1296 -0.0000
vn 0.9947 -0.1032 -0.0000
vn 0.9970 -0.0770 -0.0000
vn 0.9987 -0.0511 -0.0000
vn 0.9997 -0.0254 -0.0000
vn 1.0000 -0.0004 -0.0000
vn 0.9997 0.0233 -0.0000
vn 0.9989 0.0460 -0.0000
vn 0.9977 0.0680 -0.0000
vn 0.9960 0.0892 -0.0000
vn 0.9940 0.1097 -0.0000
vn 0.9916 0.1295 -0.0000
vn 0.9889 0.1486 -0.0000
vn 0.9859 0.1671 -0.0000
vn 0.9828 0.1849 -0.0000
vn 0.9794 0.2020 -0.0000
vn 0.9758 0.2185 -0.0000
vn 0.9718 0.2356 -0.0000
vn 0.9671 0.2545 -0.0000
vn 0.9617 0.2742 -0.0000
vn 0.9559 0.2936 -0.0000
vn 0.9499 0.3126 -0.0000
vn 0.9435 0.3313 -0.0000
vn 0.9369 0.3496 -0.0000
vn 0.9300 0.3676 -0.0000
vn 0.9229 0.3851 -0.0000
vn 0.9155 0.4023 -0.0000
vn 0.9079 0.4191 -0.0000
vn 0.9002 0.4355 -0.0000
vn 0.8919 0.4523 -0.0000
vn 0.8825 0.4703 -0.0000
vn 0.8724 0.4887 -0.0000
vn 0.8621 0.5067 -0.0000
vn 0.8515 0.5243 -0.0000
vn 0.8407 0.5414 -0.0000
vn 0.8297 0.5581 -0.0000
vn 0.8186 0.5744 -0.0000
vn 0.8072 0.5902 -0.0000
vn 0.7958 0.6056 -0.0000
vn 0.7843 0.6204 -0.0000
vn 0.7726 0.6349 -0.0000
vn 0.7597 0.6503 -0.0000
vn 0.7440 0.6681 -0.0000
vn 0.7268 0.6868 -0.0000
vn 0.7093 0.7049 -0.0000
vn 0.6915 0.7223 -0.0000
vn 0.6735 0.7392 -0.0000
vn 0.6553 0.7553 -0.0000
vn 0.6370 0.7709 -0.0000
vn 0.6185 0.7858 -0.0000
vn 0.6000 0.8000 -0.0000
vn 0.5815 0.8135 -0.0000
vn 0.5630 0.8265 -0.0000
vn 0.5436 0.8394 -0.0000
vn 0.5222 0.8528 -0.0000
vn 0.4998 0.8661 -0.0000
vn 0.4775 0.8786 -0.0000
vn 0.4553 0.8903 -0.0000
vn 0.4333 0.9013 -0.0000
vn 0.4114 0.9115 -0.0000
vn 0.3683 0.9297 -0.0000
vn 0.3472 0.9378 -0.0000
vn 0.3264 0.9452 -0.0000
vn 0.3060 0.9520 -0.0000
vn 0.2840 0.9588 -0.0000
vn 0.2586 0.9660 -0.0000
vn 0.2317 0.9728 -0.0000
vn 0.2055 0.9786 -0.0000
vn 0.1800 0.9837 -0.0000
vn 0.1550 0.9879 -0.0000
vn 0.1073 0.9942 -0.0000
vn 0.0844 0.9964 -0.0000
vn 0.0623 0.9981 -0.0000
vn 0.0408 0.9992 -0.0000
vn 0.0201 0.9998 -0.0000
vn -0.0009 1.0000 -0.0000
vn -0.0237 0.9997 -0.0000
vn -0.0481 0.9988 -0.0000
vn -0.0735 0.9973 -0.0000
vn -0.0997 0.9950 -0.0000
vn -0.1269 0.9919 -0.0000
vn -0.1549 0.9879 -0.0000
vn -0.1837 0.9830 -0.0000
vn -0.2134 0.9770 -0.0000
vn -0.2437 0.9698 -0.0000
vn -0.2748 0.9615 -0.0000
vn -0.3065 0.9519 -0.0000
vn -0.3378 0.9412 -0.0000
vn -0.3678 0.9299 -0.0000
vn -0.3971 0.9178 -0.0000
vn -0.4558 0.8901 -0.0000
vn -0.4849 0.8745 -0.0000
vn -0.5139 0.8579 -0.0000
vn -0.5424 0.8401 -0.0000
vn -0.5705 0.8213 -0.0000
vn -0.5980 0.8015 -0.0000
vn -0.6248 0.7807 -0.0000
vn -0.6509 0.7591 -0.0000
vn 0.1494 0.9888 -0.0000
vn 0.9487 0.3163 -0.0000
vn 0.9130 0.4081 -0.0000
vn 0.8482 0.5297 -0.0000
vn 0.7727 0.6348 -0.0000
vn 0.6925 0.7214 -0.0000
vn 0.6129 0.7902 -0.0000
vn 0.5371 0.8435 -0.0000
vn 0.4675 0.8840 -0.0000
vn 0.4045 0.9145 -0.0000
vn 0.3481 0.9375 -0.0000
vn 0.2979 0.9546 -0.0000
vn 0.2534 0.9673 -0.0000
vn 0.2140 0.9768 -0.0000
vn 0.1795 0.9838 -0.0000
vn 0.1502 0.9887 -0.0000
vn 0.1251 0.9921 -0.0000
vn 0.1034 0.9946 -0.0000
vn 0.0845 0.9964 -0.0000
vn 0.0680 0.9977 -0.0000
vn 0.0533 0.9986 -0.0000
vn 0.0403 0.9992 -0.0000
vn 0.0287 0.9996 -0.0000
vn 0.0182 0.9998 -0.0000
vn 0.0087 1.0000 -0.0000
vn 0.0009 1.0000 -0.0000
vn -0.0048 1.0000 -0.0000
vn -0.0099 1.0000 -0.0000
vn -0.0152 0.9999 -0.0000
vn -0.0209 0.9998 -0.0000
vn -0.0270 0.9996 -0.0000
vn -0.0334 0.9994 -0.0000
vn -0.0403 0.9992 -0.0000
vn -0.0556 0.9985 -0.0000
vn -0.0641 0.9979 -0.0000
vn -0.0733 0.9973 -0.0000
vn -0.0828 0.9966 -0.0000
vn -0.0920 0.9958 -0.0000
vn -0.1013 0.9949 -0.0000
vn -0.1115 0.9938 -0.0000
vn -0.1223 0.9925 -0.0000
vn -0.1341 0.9910 -0.0000
vn -0.1469 0.9891 -0.0000
vn -0.1608 0.9870 -0.0000
vn -0.1759 0.9844 -0.0000
vn -0.1925 0.9813 -0.0000
vn -0.2108 0.9775 -0.0000
vn -0.2309 0.9730 -0.0000
vn -0.2537 0.9673 -0.0000
vn -0.2801 0.9600 -0.0000
vn -0.3100 0.9507 -0.0000
vn -0.3426 0.9395 -0.0000
vn -0.3781 0.9258 -0.0000
vn -0.4170 0.9089 -0.0000
vn -0.4596 0.8881 -0.0000
vn -0.5057 0.8627 -0.0000
vn -0.5556 0.8315 -0.0000
vn -0.6091 0.7931 -0.0000
vn -0.6653 0.7466 -0.0000
vn -0.7233 0.6905 -0.0000
vn -0.7786 0.6275 -0.0000
vn -0.8269 0.5623 -0.0000
vn -0.8696 0.4937 -0.0000
vn -0.9081 0.4188 -0.0000
vn -0.9410 0.3385 -0.0000
vn -0.9671 0.2546 -0.0000
vn -0.9856 0.1689 -0.0000
vn -0.9965 0.0838 -0.0000
vn -1.0000 0.0005 -0.0000
vn -0.9969 -0.0793 -0.0000
vn -0.9881 -0.1538 -0.0000
vn -0.9748 -0.2231 -0.0000
vn 0.9536 0.3009 -0.0000
vn 0.9618 -0.2739 -0.0000
vn 0.7026 -0.7116 -0.0000
vn 0.6803 -0.7329 -0.0000
vn 0.6568 -0.7541 -0.0000
vn 0.6321 -0.7749 -0.0000
vn 0.6062 -0.7953 -0.0000
vn 0.5792 -0.8152 -0.0000
vn 0.5510 -0.8345 -0.0000
vn 0.5219 -0.8530 -0.0000
vn 0.4917 -0.8708 -0.0000
vn 0.4607 -0.8875 -0.0000
vn 0.4289 -0.9033 -0.0000
vn 0.3955 -0.9185 -0.0000
vn 0.3599 -0.9330 -0.0000
vn 0.3235 -0.9462 -0.0000
vn 0.2875 -0.9578 -0.0000
vn 0.2521 -0.9677 -0.0000
vn 0.2173 -0.9761 -0.0000
vn 0.1833 -0.9831 -0.0000
vn 0.1502 -0.9887 -0.0000
vn 0.1181 -0.9930 -0.0000
vn 0.0870 -0.9962 -0.0000
vn 0.0570 -0.9984 -0.0000
vn 0.0280 -0.9996 -0.0000
vn 0.0002 -1.0000 -0.0000
vn -0.0270 -0.9996 -0.0000
vn -0.0545 -0.9985 -0.0000
vn -0.0827 -0.9966 -0.0000
vn -0.1116 -0.9938 -0.0000
vn -0.1410 -0.9900 -0.0000
vn -0.1709 -0.9853 -0.0000
vn -0.2012 -0.9795 -0.0000
vn -0.2319 -0.9727 -0.0000
vn -0.2629 -0.9648 -0.0000
vn -0.2940 -0.9558 -0.0000
vn -0.3253 -0.9456 -0.0000
vn -0.3545 -0.9351 -0.0000
vn -0.3800 -0.9250 -0.0000
vn -0.4037 -0.9149 -0.0000
vn -0.4275 -0.9040 -0.0000
vn -0.4514 -0.8923 -0.0000
vn -0.4753 -0.8798 -0.0000
vn -0.5229 -0.8524 -0.0000
vn -0.5465 -0.8375 -0.0000
vn -0.5699 -0.8217 -0.0000
vn -0.5929 -0.8053 -0.0000
vn -0.6156 -0.7881 -0.0000
vn -0.6367 -0.7711 -0.0000
vn -0.6552 -0.7554 -0.0000
vn -0.6722 -0.7404 -0.0000
vn -0.6889 -0.7249 -0.0000
vn -0.7052 -0.7090 -0.0000
vn -0.7211 -0.6928 -0.0000
vn -0.7366 -0.6763 -0.0000
vn -0.7517 -0.6595 -0.0000
vn -0.7663 -0.6425 -0.0000
vn -0.7805 -0.6252 -0.0000
vn -0.7942 -0.6077 -0.0000
vn -0.8073 -0.5901 -0.0000
vn -0.8193 -0.5734 -0.0000
vn -0.8294 -0.5586 -0.0000
vn -0.8386 -0.5447 -0.0000
vn -0.8477 -0.5305 -0.0000
vn -0.8566 -0.5160 -0.0000
vn -0.8653 -0.5013 -0.0000
vn -0.8738 -0.4863 -0.0000
vn -0.8821 -0.4711 -0.0000
vn -0.8902 -0.4556 -0.0000
vn -0.8980 -0.4399 -0.0000
vn -0.9056 -0.4241 -0.0000
vn -0.9130 -0.4080 -0.0000
vn -0.9199 -0.3920 -0.0000
vn -0.9264 -0.3766 -0.0000
vn -0.9324 -0.3614 -0.0000
vn -0.9383 -0.3458 -0.0000
vn -0.9440 -0.3300 -0.0000
vn -0.9494 -0.3140 -0.0000
vn -0.9596 -0.2815 -0.0000
vn -0.9643 -0.2649 -0.0000
vn -0.9729 -0.2311 -0.0000
vn -0.9768 -0.2140 -0.0000
vn -0.9802 -0.1978 -0.0000
vn -0.9831 -0.1832 -0.0000
vn -0.9856 -0.1692 -0.0000
vn -0.9880 -0.1546 -0.0000
vn -0.9902 -0.1397 -0.0000
vn -0.9923 -0.1242 -0.0000
vn -0.9941 -0.1081 -0.0000
vn -0.9958 -0.0915 -0.0000
vn -0.9972 -0.0743 -0.0000
vn -0.9984 -0.0566 -0.0000
vn -0.9993 -0.0383 -0.0000
vn -0.9998 -0.0194 -0.0000
vn -1.0000 -0.0002 -0.0000
vn -0.9998 0.0189 -0.0000
vn -0.9993 0.0381 -0.0000
vn -0.9983 0.0576 -0.0000
vn -0.9970 0.0772 -0.0000
vn -0.9953 0.0972 -0.0000
vn -0.9931 0.1175 -0.0000
vn -0.9905 0.1379 -0.0000
vn -0.9874 0.1585 -0.0000
vn -0.9838 0.1792 -0.0000
vn -0.9798 0.2001 -0.0000
vn -0.9752 0.2212 -0.0000
vn -0.9693 0.2460 -0.0000
vn -0.9605 0.2784 -0.0000
vn -0.9492 0.3146 -0.0000
vn -0.9365 0.3508 -0.0000
vn -0.9221 0.3869 -0.0000
vn -0.9063 0.4226 -0.0000
vn -0.8890 0.4578 -0.0000
vn -0.8704 0.4924 -0.0000
vn -0.8504 0.5262 -0.0000
vn -0.8292 0.5590 -0.0000
vn -0.8069 0.5907 -0.0000
vn -0.7837 0.6211 -0.0000
vn -0.7586 0.6515 -0.0000
vn -0.7304 0.6830 -0.0000
vn -0.7001 0.7140 -0.0000
vn -0.6690 0.7433 -0.0000
vn -0.6372 0.7707 -0.0000
vn -0.6051 0.7961 -0.0000
vn -0.5728 0.8197 -0.0000
vn -0.5406 0.8413 -0.0000
vn -0.5086 0.8610 -0.0000
vn -0.4768 0.8790 -0.0000
vn -0.4456 0.8952 -0.0000
vn -0.4151 0.9098 -0.0000
vn -0.3820 0.9242 -0.0000
vn -0.3436 0.9391 -0.0000
vn -0.3036 0.9528 -0.0000
vn -0.2654 0.9641 -0.0000
vn -0.2290 0.9734 -0.0000
vn -0.1945 0.9809 -0.0000
vn -0.1617 0.9868 -0.0000
vn -0.1307 0.9914 -0.0000
vn -0.1014 0.9948 -0.0000
vn -0.0739 0.9973 -0.0000
vn -0.0233 0.9997 -0.0000
vn 0.0026 1.0000 -0.0000
vn 0.0333 0.9994 -0.0000
vn 0.0663 0.9978 -0.0000
vn 0.0988 0.9951 -0.0000
vn 0.1621 0.9868 -0.0000
vn 0.1928 0.9812 -0.0000
vn 0.2226 0.9749 -0.0000
vn 0.2517 0.9678 -0.0000
vn 0.2798 0.9600 -0.0000
vn 0.3071 0.9517 -0.0000
vn 0.3334 0.9428 -0.0000
vn 0.3582 0.9336 -0.0000
vn 0.3810 0.9246 -0.0000
vn 0.4028 0.9153 -0.0000
vn 0.4245 0.9054 -0.0000
vn 0.4459 0.8951 -0.0000
vn 0.4670 0.8842 -0.0000
vn 0.4879 0.8729 -0.0000
vn 0.5084 0.8611 -0.0000
vn 0.5285 0.8489 -0.0000
vn 0.5482 0.8363 -0.0000
vn 0.5675 0.8234 -0.0000
vn 0.5864 0.8100 -0.0000
vn 0.6048 0.7964 -0.0000
vn 0.6228 0.7824 -0.0000
vn 0.6406 0.7679 -0.0000
vn 0.6580 0.7530 -0.0000
vn 0.6752 0.7377 -0.0000
vn 0.6920 0.7219 -0.0000
vn 0.7084 0.7058 -0.0000
vn 0.7245 0.6893 -0.0000
vn 0.7401 0.6725 -0.0000
vn 0.7553 0.6554 -0.0000
vn 0.7700 0.6380 -0.0000
vn 0.7988 0.6016 -0.0000
vn 0.8143 0.5804 -0.0000
vn 0.8303 0.5573 -0.0000
vn 0.8458 0.5335 -0.0000
vn 0.8608 0.5090 -0.0000
vn 0.8753 0.4836 -0.0000
vn 0.8891 0.4577 -0.0000
vn 0.9023 0.4310 -0.0000
vn 0.9148 0.4038 -0.0000
vn 0.9265 0.3762 -0.0000
vn 0.9375 0.3480 -0.0000
vn 0.9476 0.3196 -0.0000
vn -0.5313 0.8472 -0.0000
vn -0.6242 0.7813 -0.0000
vn -0.6909 0.7229 -0.0000
vn -0.7541 0.6567 -0.0000
vn -0.8115 0.5844 -0.0000
vn -0.8616 0.5076 -0.0000
vn -0.9036 0.4284 -0.0000
vn -0.9371 0.3490 -0.0000
vn -0.9626 0.2711 -0.0000
vn -0.9805 0.1967 -0.0000
vn -0.9920 0.1263 -0.0000
vn -0.9981 0.0610 -0.0000
vn -1.0000 0.0063 -0.0000
vn -0.9995 -0.0310 -0.0000
vn -0.9984 -0.0558 -0.0000
vn -0.9971 -0.0760 -0.0000
vn -0.9957 -0.0929 -0.0000
vn -0.9943 -0.1069 -0.0000
vn -0.9929 -0.1188 -0.0000
vn -0.9917 -0.1289 -0.0000
vn -0.9905 -0.1378 -0.0000
vn -0.9883 -0.1525 -0.0000
vn -0.9873 -0.1587 -0.0000
vn -0.9863 -0.1651 -0.0000
vn -0.9850 -0.1727 -0.0000
vn -0.9835 -0.1808 -0.0000
vn -0.9821 -0.1885 -0.0000
vn -0.9806 -0.1958 -0.0000
vn -0.9792 -0.2027 -0.0000
vn -0.9779 -0.2091 -0.0000
vn -0.9765 -0.2154 -0.0000
vn -0.9752 -0.2213 -0.0000
vn -0.9739 -0.2269 -0.0000
vn -0.9727 -0.2322 -0.0000
vn -0.9714 -0.2373 -0.0000
vn -0.9700 -0.2430 -0.0000
vn -0.9681 -0.2505 -0.0000
vn -0.9660 -0.2586 -0.0000
vn -0.9638 -0.2665 -0.0000
vn -0.9616 -0.2743 -0.0000
vn -0.9594 -0.2821 -0.0000
vn -0.9572 -0.2896 -0.0000
vn -0.9549 -0.2970 -0.0000
vn -0.9526 -0.3043 -0.0000
vn -0.9502 -0.3116 -0.0000
vn -0.9479 -0.3186 -0.0000
vn -0.9455 -0.3255 -0.0000
vn -0.9429 -0.3331 -0.0000
vn -0.9397 -0.3420 -0.0000
vn -0.9361 -0.3517 -0.0000
vn -0.9323 -0.3616 -0.0000
vn -0.9284 -0.3715 -0.0000
vn -0.9244 -0.3815 -0.0000
vn -0.9201 -0.3917 -0.0000
vn -0.9156 -0.4020 -0.0000
vn -0.9110 -0.4124 -0.0000
vn -0.9062 -0.4228 -0.0000
vn -0.9012 -0.4333 -0.0000
vn -0.8960 -0.4441 -0.0000
vn -0.8895 -0.4569 -0.0000
vn -0.8805 -0.4741 -0.0000
vn -0.8696 -0.4938 -0.0000
vn -0.8578 -0.5140 -0.0000
vn -0.8450 -0.5348 -0.0000
vn -0.8312 -0.5560 -0.0000
vn -0.8163 -0.5776 -0.0000
vn -0.8003 -0.5996 -0.0000
vn -0.7831 -0.6219 -0.0000
vn -0.7647 -0.6444 -0.0000
vn -0.7449 -0.6672 -0.0000
vn -0.7237 -0.6901 -0.0000
vn -0.6983 -0.7158 -0.0000
vn -0.6644 -0.7474 -0.0000
vn -0.6236 -0.7817 -0.0000
vn -0.5782 -0.8159 -0.0000
vn -0.5282 -0.8491 -0.0000
vn -0.4735 -0.8808 -0.0000
vn -0.4141 -0.9102 -0.0000
vn -0.3507 -0.9365 -0.0000
vn -0.2840 -0.9588 -0.0000
vn -0.2145 -0.9767 -0.0000
vn -0.1432 -0.9897 -0.0000
vn -0.0714 -0.9974 -0.0000
vn -0.0124 -0.9999 -0.0000
vn 0.0216 -0.9998 -0.0000
vn 0.0432 -0.9991 -0.0000
vn 0.0647 -0.9979 -0.0000
vn 0.0862 -0.9963 -0.0000
vn 0.1075 -0.9942 -0.0000
vn 0.1287 -0.9917 -0.0000
vn 0.1498 -0.9887 -0.0000
vn 0.1705 -0.9854 -0.0000
vn 0.1911 -0.9816 -0.0000
vn 0.2115 -0.9774 -0.0000
vn 0.2315 -0.9728 -0.0000
vn 0.2453 -0.9694 -0.0000
vn 0.2470 -0.9690 -0.0000
vn 0.2430 -0.9700 -0.0000
vn 0.2389 -0.9710 -0.0000
vn 0.2350 -0.9720 -0.0000
vn 0.2312 -0.9729 -0.0000
vn 0.2275 -0.9738 -0.0000
vn 0.2240 -0.9746 -0.0000
vn 0.2206 -0.9754 -0.0000
vn 0.2141 -0.9768 -0.0000
vn 0.2108 -0.9775 -0.0000
vn 0.2078 -0.9782 -0.0000
vn 0.2048 -0.9788 -0.0000
vn 0.2020 -0.9794 -0.0000
vn 0.1991 -0.9800 -0.0000
vn 0.1964 -0.9805 -0.0000
vn 0.1938 -0.9810 -0.0000
vn 0.1886 -0.9821 -0.0000
vn 0.1861 -0.9825 -0.0000
vn 0.1815 -0.9834 -0.0000
vn 0.1791 -0.9838 -0.0000
vn 0.1728 -0.9850 -0.0000
vn 0.1587 -0.9873 -0.0000
vn 0.1412 -0.9900 -0.0000
vn 0.1243 -0.9922 -0.0000
vn 0.1081 -0.9941 -0.0000
vn 0.0927 -0.9957 -0.0000
vn 0.0777 -0.9970 -0.0000
vn 0.0634 -0.9980 -0.0000
vn 0.0497 -0.9988 -0.0000
vn 0.0365 -0.9993 -0.0000
vn 0.0239 -0.9997 -0.0000
vn 0.0117 -0.9999 -0.0000
vn -0.0077 -1.0000 -0.0000
vn -0.0419 -0.9991 -0.0000
vn -0.0828 -0.9966 -0.0000
vn -0.1224 -0.9925 -0.0000
vn -0.1606 -0.9870 -0.0000
vn -0.1974 -0.9803 -0.0000
vn -0.2326 -0.9726 -0.0000
vn -0.2662 -0.9639 -0.0000
vn -0.2983 -0.9545 -0.0000
vn -0.3287 -0.9444 -0.0000
vn -0.3576 -0.9339 -0.0000
vn -0.3850 -0.9229 -0.0000
vn -0.4098 -0.9122 -0.0000
vn -0.4315 -0.9021 -0.0000
vn -0.4516 -0.8922 -0.0000
vn -0.4714 -0.8819 -0.0000
vn -0.4907 -0.8713 -0.0000
vn -0.5097 -0.8603 -0.0000
vn -0.5463 -0.8376 -0.0000
vn -0.5639 -0.8258 -0.0000
vn -0.5811 -0.8138 -0.0000
vn -0.5978 -0.8016 -0.0000
vn -0.6140 -0.7893 -0.0000
vn -0.6302 -0.7765 -0.0000
vn -0.6468 -0.7627 -0.0000
vn -0.6635 -0.7482 -0.0000
vn -0.6799 -0.7333 -0.0000
vn -0.6958 -0.7182 -0.0000
vn -0.7114 -0.7028 -0.0000
vn -0.7266 -0.6871 -0.0000
vn -0.7413 -0.6712 -0.0000
vn -0.7556 -0.6551 -0.0000
vn -0.7694 -0.6388 -0.0000
vn -0.7827 -0.6223 -0.0000
vn -0.7956 -0.6058 -0.0000
vn -0.8089 -0.5880 -0.0000
vn -0.8234 -0.5675 -0.0000
vn -0.8385 -0.5450 -0.0000
vn -0.8532 -0.5216 -0.0000
vn -0.8675 -0.4975 -0.0000
vn -0.8814 -0.4724 -0.0000
vn -0.9074 -0.4202 -0.0000
vn -0.9195 -0.3930 -0.0000
vn -0.9310 -0.3651 -0.0000
vn -0.9416 -0.3367 -0.0000
vn -0.9515 -0.3078 -0.0000
vn -0.9571 -0.2897 -0.0000
vn -0.9530 -0.3030 -0.0000
vn -0.9099 -0.4148 -0.0000
vn -0.8474 -0.5310 -0.0000
vn -0.8124 -0.5831 -0.0000
vn -0.7007 -0.7134 -0.0000
vn -0.6631 -0.7485 -0.0000
vn -0.6263 -0.7796 -0.0000
vn -0.5902 -0.8073 -0.0000
vn -0.5528 -0.8333 -0.0000
vn -0.5124 -0.8587 -0.0000
vn -0.4723 -0.8814 -0.0000
vn -0.4354 -0.9002 -0.0000
vn -0.4014 -0.9159 -0.0000
vn -0.3700 -0.9290 -0.0000
vn -0.3413 -0.9399 -0.0000
vn -0.3149 -0.9491 -0.0000
vn -0.2906 -0.9568 -0.0000
vn -0.2682 -0.9634 -0.0000
vn -0.2475 -0.9689 -0.0000
vn -0.2284 -0.9736 -0.0000
vn -0.2103 -0.9776 -0.0000
vn -0.1929 -0.9812 -0.0000
vn -0.1765 -0.9843 -0.0000
vn -0.1614 -0.9869 -0.0000
vn -0.1475 -0.9891 -0.0000
vn -0.1347 -0.9909 -0.0000
vn -0.1117 -0.9937 -0.0000
vn -0.1015 -0.9948 -0.0000
vn -0.0919 -0.9958 -0.0000
vn -0.0829 -0.9966 -0.0000
vn -0.0746 -0.9972 -0.0000
vn 0.0039 -1.0000 -0.0000
vn 0.0080 -1.0000 -0.0000
vn 0.0125 -0.9999 -0.0000
vn 0.0172 -0.9999 -0.0000
vn 0.0222 -0.9998 -0.0000
vn 0.0276 -0.9996 -0.0000
vn 0.0335 -0.9994 -0.0000
vn 0.0398 -0.9992 -0.0000
vn 0.0466 -0.9989 -0.0000
vn 0.0540 -0.9985 -0.0000
vn 0.0621 -0.9981 -0.0000
vn 0.0889 -0.9960 -0.0000
vn 0.1098 -0.9940 -0.0000
vn 0.1215 -0.9926 -0.0000
vn 0.1342 -0.9909 -0.0000
vn 0.1481 -0.9890 -0.0000
vn 0.1632 -0.9866 -0.0000
vn 0.1798 -0.9837 -0.0000
vn 0.1980 -0.9802 -0.0000
vn 0.2181 -0.9759 -0.0000
vn 0.2402 -0.9707 -0.0000
vn 0.2643 -0.9644 -0.0000
vn 0.2908 -0.9568 -0.0000
vn 0.3202 -0.9474 -0.0000
vn 0.3531 -0.9356 -0.0000
vn 0.3899 -0.9209 -0.0000
vn 0.4769 -0.8789 -0.0000
vn 0.5283 -0.8491 -0.0000
vn 0.5849 -0.8111 -0.0000
vn 0.6468 -0.7626 -0.0000
vn 0.7133 -0.7008 -0.0000
vn 0.7760 -0.6307 -0.0000
vn 0.8268 -0.5624 -0.0000
vn 0.8697 -0.4935 -0.0000
vn 0.9082 -0.4186 -0.0000
vn 0.9410 -0.3385 -0.0000
vn 0.9670 -0.2548 -0.0000
vn 0.9856 -0.1690 -0.0000
vn 0.9965 -0.0836 -0.0000
vn 1.0000 -0.0005 -0.0000
vn 0.9969 0.0790 -0.0000
vn 0.9881 0.1539 -0.0000
vn 0.9747 0.2233 -0.0000
vn 0.9625 0.2711 -0.0000
vn 0.9534 0.3016 -0.0000
vn 0.9379 0.3469 -0.0000
vn 0.9143 0.4051 -0.0000
vn 0.8874 0.4610 -0.0000
vn 0.8578 0.5139 -0.0000
vn 0.8259 0.5639 -0.0000
vn 0.7922 0.6103 -0.0000
vn 0.7575 0.6528 -0.0000
vn 0.7219 0.6920 -0.0000
vn 0.6862 0.7274 -0.0000
vn 0.6508 0.7592 -0.0000
vn 0.6160 0.7878 -0.0000
vn 0.5797 0.8148 -0.0000
vn 0.5404 0.8414 -0.0000
vn 0.5008 0.8656 -0.0000
vn 0.4633 0.8862 -0.0000
vn 0.4281 0.9037 -0.0000
vn 0.3951 0.9186 -0.0000
vn 0.3643 0.9313 -0.0000
vn 0.3354 0.9421 -0.0000
vn 0.3084 0.9513 -0.0000
vn 0.2833 0.9590 -0.0000
vn 0.2598 0.9657 -0.0000
vn 0.2378 0.9713 -0.0000
vn 0.2179 0.9760 -0.0000
vn 0.2003 0.9797 -0.0000
vn 0.1845 0.9828 -0.0000
vn 0.1701 0.9854 -0.0000
vn 0.1564 0.9877 -0.0000
vn 0.1440 0.9896 -0.0000
vn 0.1325 0.9912 -0.0000
vn 0.1217 0.9926 -0.0000
vn 0.1116 0.9937 -0.0000
vn 0.1023 0.9948 -0.0000
vn 0.0934 0.9956 -0.0000
vn 0.0852 0.9964 -0.0000
vn 0.0771 0.9970 -0.0000
vn 0.0688 0.9976 -0.0000
vn 0.0606 0.9982 -0.0000
vn 0.0530 0.9986 -0.0000
vn 0.0457 0.9990 -0.0000
vn 0.0389 0.9992 -0.0000
vn 0.0324 0.9995 -0.0000
vn 0.0205 0.9998 -0.0000
vn 0.0150 0.9999 -0.0000
vn 0.0098 1.0000 -0.0000
vn 0.0048 1.0000 -0.0000
vn -0.0205 0.9998 -0.0000
vn -0.0331 0.9995 -0.0000
vn -0.0560 0.9984 -0.0000
vn -0.0649 0.9979 -0.0000
vn -0.0747 0.9972 -0.0000
vn -0.0848 0.9964 -0.0000
vn -0.0944 0.9955 -0.0000
vn -0.1041 0.9946 -0.0000
vn -0.1146 0.9934 -0.0000
vn -0.1260 0.9920 -0.0000
vn -0.1382 0.9904 -0.0000
vn -0.1516 0.9884 -0.0000
vn -0.1662 0.9861 -0.0000
vn -0.1821 0.9833 -0.0000
vn -0.1996 0.9799 -0.0000
vn -0.2189 0.9758 -0.0000
vn -0.2402 0.9707 -0.0000
vn -0.2645 0.9644 -0.0000
vn -0.2926 0.9562 -0.0000
vn -0.3243 0.9460 -0.0000
vn -0.3589 0.9334 -0.0000
vn -0.3969 0.9179 -0.0000
vn -0.4386 0.8987 -0.0000
vn -0.4841 0.8750 -0.0000
vn -0.5333 0.8459 -0.0000
vn -0.5865 0.8100 -0.0000
vn -0.6428 0.7660 -0.0000
vn -0.7015 0.7127 -0.0000
vn -0.7613 0.6484 -0.0000
vn -0.8161 0.5779 -0.0000
vn -0.8608 0.5089 -0.0000
vn -0.8982 0.4396 -0.0000
vn -0.9310 0.3650 -0.0000
vn -0.9579 0.2872 -0.0000
vn -0.9782 0.2075 -0.0000
vn -0.9918 0.1279 -0.0000
vn -0.9988 0.0491 -0.0000
vn -0.9996 -0.0270 -0.0000
vn -0.9951 -0.0989 -0.0000
vn -0.9861 -0.1664 -0.0000
vn -0.9734 -0.2291 -0.0000
vn -0.9626 -0.2711 -0.0000
vn -0.2410 0.9705 -0.0000
vn 0.7546 0.6562 -0.0000
vn 0.7418 0.6706 -0.0000
vn 0.7288 0.6847 -0.0000
vn 0.7156 0.6985 -0.0000
vn 0.7023 0.7118 -0.0000
vn 0.6889 0.7249 -0.0000
vn 0.6753 0.7375 -0.0000
vn 0.6617 0.7498 -0.0000
vn 0.6480 0.7617 -0.0000
vn 0.6342 0.7732 -0.0000
vn 0.6204 0.7843 -0.0000
vn 0.6069 0.7947 -0.0000
vn 0.5940 0.8045 -0.0000
vn 0.5812 0.8137 -0.0000
vn 0.5683 0.8228 -0.0000
vn 0.5553 0.8317 -0.0000
vn 0.5420 0.8404 -0.0000
vn 0.5286 0.8489 -0.0000
vn 0.5151 0.8571 -0.0000
vn 0.5015 0.8651 -0.0000
vn 0.4878 0.8730 -0.0000
vn 0.4740 0.8806 -0.0000
vn 0.4601 0.8879 -0.0000
vn 0.4458 0.8951 -0.0000
vn 0.4309 0.9024 -0.0000
vn 0.4156 0.9095 -0.0000
vn 0.4001 0.9165 -0.0000
vn 0.3845 0.9231 -0.0000
vn 0.3687 0.9296 -0.0000
vn 0.3527 0.9357 -0.0000
vn 0.3366 0.9416 -0.0000
vn 0.3205 0.9473 -0.0000
vn 0.3042 0.9526 -0.0000
vn 0.2878 0.9577 -0.0000
vn 0.2713 0.9625 -0.0000
vn 0.2541 0.9672 -0.0000
vn 0.2353 0.9719 -0.0000
vn 0.2153 0.9765 -0.0000
vn 0.1951 0.9808 -0.0000
vn 0.1745 0.9847 -0.0000
vn 0.1323 0.9912 -0.0000
vn 0.1108 0.9938 -0.0000
vn 0.0890 0.9960 -0.0000
vn 0.0670 0.9978 -0.0000
vn 0.0448 0.9990 -0.0000
vn 0.0225 0.9997 -0.0000
vn 0.0037 1.0000 -0.0000
vn -0.0074 1.0000 -0.0000
vn -0.0147 0.9999 -0.0000
vn -0.0221 0.9998 -0.0000
vn -0.0293 0.9996 -0.0000
vn -0.0366 0.9993 -0.0000
vn -0.0437 0.9990 -0.0000
vn -0.0509 0.9987 -0.0000
vn -0.0650 0.9979 -0.0000
vn -0.0720 0.9974 -0.0000
vn -0.0789 0.9969 -0.0000
vn -0.0903 0.9959 -0.0000
vn -0.0950 0.9955 -0.0000
vn -0.1045 0.9945 -0.0000
vn -0.1143 0.9934 -0.0000
vn -0.1195 0.9928 -0.0000
vn -0.1247 0.9922 -0.0000
vn -0.1300 0.9915 -0.0000
vn -0.1355 0.9908 -0.0000
vn -0.1411 0.9900 -0.0000
vn -0.1475 0.9891 -0.0000
vn -0.1556 0.9878 -0.0000
vn -0.1740 0.9847 -0.0000
vn -0.1838 0.9830 -0.0000
vn -0.1939 0.9810 -0.0000
vn -0.2043 0.9789 -0.0000
vn -0.2150 0.9766 -0.0000
vn -0.2263 0.9741 -0.0000
vn -0.2379 0.9713 -0.0000
vn -0.2498 0.9683 -0.0000
vn -0.2622 0.9650 -0.0000
vn -0.2870 0.9579 -0.0000
vn -0.2996 0.9541 -0.0000
vn -0.3129 0.9498 -0.0000
vn -0.3272 0.9450 -0.0000
vn -0.3590 0.9334 -0.0000
vn -0.3765 0.9264 -0.0000
vn -0.3954 0.9185 -0.0000
vn -0.4157 0.9095 -0.0000
vn -0.4376 0.8992 -0.0000
vn -0.4610 0.8874 -0.0000
vt 0.897872 0.000000
vt 0.902128 0.000000
vt 0.900000 0.000000
vt 0.904255 0.000000
vt 0.906383 0.000000
vt 0.895745 0.000000
vt 0.908511 0.000000
vt 0.910638 0.000000
vt 0.912766 0.000000
vt 0.893617 0.000000
vt 0.914894 0.000000
vt 0.917021 0.000000
vt 0.919149 0.000000
vt 0.891489 0.000000
vt 0.921277 0.000000
vt 0.923404 0.000000
vt 0.889362 0.000000
vt 0.925532 0.000000
vt 0.927660 0.000000
vt 0.929787 0.000000
vt 0.887234 0.000000
vt 0.931915 0.000000
vt 0.934043 0.000000
vt 0.936170 0.000000
vt 0.885106 0.000000
vt 0.938298 0.000000
vt 0.940426 0.000000
vt 0.942553 0.000000
vt 0.882979 0.000000
vt 0.944681 0.000000
vt 0.946809 0.000000
vt 0.948936 0.000000
vt 0.951064 0.000000
vt 0.880851 0.000000
vt 0.953192 0.000000
vt 0.955319 0.000000
vt 0.957447 0.000000
vt 0.878723 0.000000
vt 0.959574 0.000000
vt 0.961702 0.000000
vt 0.963830 0.000000
vt 0.965957 0.000000
vt 0.876596 0.000000
vt 0.968085 0.000000
vt 0.970213 0.000000
vt 0.972340 0.000000
vt 0.874468 0.000000
vt 0.974468 0.000000
vt 0.976596 0.000000
vt 0.978723 0.000000
vt 0.872340 0.000000
vt 0.980851 0.000000
vt 0.982979 0.000000
vt 0.985106 0.000000
vt 0.691489 0.000000
vt 0.695745 0.000000
vt 0.693617 0.000000
vt 0.689362 0.000000
vt 0.697872 0.000000
vt 0.687234 0.000000
vt 0.700000 0.000000
vt 0.685106 0.000000
vt 0.702128 0.000000
vt 0.682979 0.000000
vt 0.704255 0.000000
vt 0.680851 0.000000
vt 0.706383 0.000000
vt 0.987234 0.000000
vt 0.870213 0.000000
vt 0.678723 0.000000
vt 0.708511 0.000000
vt 0.676596 0.000000
vt 0.710638 0.000000
vt 0.674468 0.000000
vt 0.712766 0.000000
vt 0.989362 0.000000
vt 0.672340 0.000000
vt 0.714894 0.000000
vt 0.670213 0.000000
vt 0.717021 0.000000
vt 0.668085 0.000000
vt 0.719149 0.000000
vt 0.991489 0.000000
vt 0.665957 0.000000
vt 0.721277 0.000000
vt 0.993617 0.000000
vt 0.663830 0.000000
vt 0.723404 0.000000
vt 0.868085 0.000000
vt 0.661702 0.000000
vt 0.725532 0.000000
vt 0.995745 0.000000
vt 0.659574 0.000000
vt 0.727660 0.000000
vt 0.657447 0.000000
vt 0.729787 0.000000
vt 0.997872 0.000000
vt 0.655319 0.000000
vt 0.731915 0.000000
vt 1.000000 0.000000
vt 0.653192 0.000000
vt 0.734043 0.000000
vt 0.651064 0.000000
vt 0.736170 0.000000
vt 0.000000 0.000000
vt 0.865957 0.000000
vt 0.648936 0.000000
vt 0.738298 0.000000
vt 0.002128 0.000000
vt 0.646809 0.000000
vt 0.740426 0.000000
vt 0.004255 0.000000
vt 0.644681 0.000000
vt 0.742553 0.000000
vt 0.642553 0.000000
vt 0.744681 0.000000
vt 0.006383 0.000000
vt 0.863830 0.000000
vt 0.640426 0.000000
vt 0.746809 0.000000
vt 0.638298 0.000000
vt 0.748936 0.000000
vt 0.008511 0.000000
vt 0.636170 0.000000
vt 0.751064 0.000000
vt 0.010638 0.000000
vt 0.634043 0.000000
vt 0.753191 0.000000
vt 0.861702 0.000000
vt 0.631915 0.000000
vt 0.755319 0.000000
vt 0.012766 0.000000
vt 0.629787 0.000000
vt 0.757447 0.000000
vt 0.014894 0.000000
vt 0.627660 0.000000
vt 0.759574 0.000000
vt 0.625532 0.000000
vt 0.761702 0.000000
vt 0.859574 0.000000
vt 0.017021 0.000000
vt 0.623404 0.000000
vt 0.763830 0.000000
vt 0.621277 0.000000
vt 0.765957 0.000000
vt 0.019149 0.000000
vt 0.619149 0.000000
vt 0.768085 0.000000
vt 0.857447 0.000000
vt 0.021277 0.000000
vt 0.617021 0.000000
vt 0.770213 0.000000
vt 0.614894 0.000000
vt 0.772340 0.000000
vt 0.023404 0.000000
vt 0.612766 0.000000
vt 0.774468 0.000000
vt 0.855319 0.000000
vt 0.025532 0.000000
vt 0.610638 0.000000
vt 0.776596 0.000000
vt 0.608511 0.000000
vt 0.778723 0.000000
vt 0.027660 0.000000
vt 0.606383 0.000000
vt 0.780851 0.000000
vt 0.853191 0.000000
vt 0.029787 0.000000
vt 0.604255 0.000000
vt 0.782979 0.000000
vt 0.031915 0.000000
vt 0.602128 0.000000
vt 0.785106 0.000000
vt 0.034043 0.000000
vt 0.851064 0.000000
vt 0.600000 0.000000
vt 0.787234 0.000000
vt 0.036170 0.000000
vt 0.597872 0.000000
vt 0.789362 0.000000
vt 0.038298 0.000000
vt 0.595745 0.000000
vt 0.791489 0.000000
vt 0.848936 0.000000
vt 0.593617 0.000000
vt 0.793617 0.000000
vt 0.040426 0.000000
vt 0.591489 0.000000
vt 0.795745 0.000000
vt 0.042553 0.000000
vt 0.589362 0.000000
vt 0.797872 0.000000
vt 0.846808 0.000000
vt 0.044681 0.000000
vt 0.046809 0.000000
vt 0.844681 0.000000
vt 0.048936 0.000000
vt 0.051064 0.000000
vt 0.842553 0.000000
vt 0.053191 0.000000
vt 0.840426 0.000000
vt 0.055319 0.000000
vt 0.057447 0.000000
vt 0.838298 0.000000
vt 0.059574 0.000000
vt 0.836170 0.000000
vt 0.061702 0.000000
vt 0.063830 0.000000
vt 0.834043 0.000000
vt 0.065957 0.000000
vt 0.831915 0.000000
vt 0.068085 0.000000
vt 0.070213 0.000000
vt 0.829787 0.000000
vt 0.072340 0.000000
vt 0.827660 0.000000
vt 0.074468 0.000000
vt 0.076596 0.000000
vt 0.825532 0.000000
vt 0.078723 0.000000
vt 0.823404 0.000000
vt 0.080851 0.000000
vt 0.082979 0.000000
vt 0.821277 0.000000
vt 0.085106 0.000000
vt 0.819149 0.000000
vt 0.087234 0.000000
vt 0.089362 0.000000
vt 0.817021 0.000000
vt 0.091489 0.000000
vt 0.814894 0.000000
vt 0.093617 0.000000
vt 0.095745 0.000000
vt 0.812766 0.000000
vt 0.097872 0.000000
vt 0.810638 0.000000
vt 0.100000 0.000000
vt 0.102128 0.000000
vt 0.808511 0.000000
vt 0.104255 0.000000
vt 0.806383 0.000000
vt 0.106383 0.000000
vt 0.108511 0.000000
vt 0.804255 0.000000
vt 0.110638 0.000000
vt 0.112766 0.000000
vt 0.802128 0.000000
vt 0.114894 0.000000
vt 0.800000 0.000000
vt 0.117021 0.000000
vt 0.119149 0.000000
vt 0.121277 0.000000
vt 0.123404 0.000000
vt 0.340426 0.000000
vt 0.338298 0.000000
vt 0.336170 0.000000
vt 0.334043 0.000000
vt 0.331915 0.000000
vt 0.329787 0.000000
vt 0.327660 0.000000
vt 0.325532 0.000000
vt 0.323404 0.000000
vt 0.321277 0.000000
vt 0.319149 0.000000
vt 0.317021 0.000000
vt 0.314894 0.000000
vt 0.312766 0.000000
vt 0.310638 0.000000
vt 0.308511 0.000000
vt 0.306383 0.000000
vt 0.304255 0.000000
vt 0.302128 0.000000
vt 0.300000 0.000000
vt 0.297872 0.000000
vt 0.295745 0.000000
vt 0.293617 0.000000
vt 0.291489 0.000000
vt 0.289362 0.000000
vt 0.125532 0.000000
vt 0.287234 0.000000
vt 0.127660 0.000000
vt 0.129787 0.000000
vt 0.131915 0.000000
vt 0.285106 0.000000
vt 0.134043 0.000000
vt 0.136170 0.000000
vt 0.138298 0.000000
vt 0.282979 0.000000
vt 0.140426 0.000000
vt 0.142553 0.000000
vt 0.280851 0.000000
vt 0.144681 0.000000
vt 0.146809 0.000000
vt 0.278723 0.000000
vt 0.148936 0.000000
vt 0.276596 0.000000
vt 0.274468 0.000000
vt 0.272340 0.000000
vt 0.270213 0.000000
vt 0.268085 0.000000
vt 0.265957 0.000000
vt 0.263830 0.000000
vt 0.261702 0.000000
vt 0.259574 0.000000
vt 0.151064 0.000000
vt 0.257447 0.000000
vt 0.255319 0.000000
vt 0.253192 0.000000
vt 0.251064 0.000000
vt 0.153191 0.000000
vt 0.248936 0.000000
vt 0.246809 0.000000
vt 0.244681 0.000000
vt 0.242553 0.000000
vt 0.240426 0.000000
vt 0.155319 0.000000
vt 0.238298 0.000000
vt 0.236170 0.000000
vt 0.234043 0.000000
vt 0.157447 0.000000
vt 0.231915 0.000000
vt 0.229787 0.000000
vt 0.227660 0.000000
vt 0.225532 0.000000
vt 0.159574 0.000000
vt 0.223404 0.000000
vt 0.221277 0.000000
vt 0.219149 0.000000
vt 0.161702 0.000000
vt 0.217021 0.000000
vt 0.214894 0.000000
vt 0.212766 0.000000
vt 0.163830 0.000000
vt 0.210638 0.000000
vt 0.208511 0.000000
vt 0.165957 0.000000
vt 0.206383 0.000000
vt 0.204255 0.000000
vt 0.168085 0.000000
vt 0.202128 0.000000
vt 0.200000 0.000000
vt 0.197872 0.000000
vt 0.170213 0.000000
vt 0.195745 0.000000
vt 0.193617 0.000000
vt 0.172340 0.000000
vt 0.191489 0.000000
vt 0.174468 0.000000
vt 0.189362 0.000000
vt 0.187234 0.000000
vt 0.176596 0.000000
vt 0.185106 0.000000
vt 0.182979 0.000000
vt 0.178723 0.000000
vt 0.180851 0.000000
vt 0.342553 0.000000
vt 0.344681 0.000000
vt 0.346809 0.000000
vt 0.348936 0.000000
vt 0.351064 0.000000
vt 0.353191 0.000000
vt 0.355319 0.000000
vt 0.357447 0.000000
vt 0.359574 0.000000
vt 0.361702 0.000000
vt 0.363830 0.000000
vt 0.365957 0.000000
vt 0.368085 0.000000
vt 0.370213 0.000000
vt 0.372340 0.000000
vt 0.374468 0.000000
vt 0.376596 0.000000
vt 0.378723 0.000000
vt 0.380851 0.000000
vt 0.382979 0.000000
vt 0.385106 0.000000
vt 0.587234 0.000000
vt 0.387234 0.000000
vt 0.585106 0.000000
vt 0.389362 0.000000
vt 0.582979 0.000000
vt 0.391489 0.000000
vt 0.580851 0.000000
vt 0.393617 0.000000
vt 0.578723 0.000000
vt 0.395745 0.000000
vt 0.576596 0.000000
vt 0.397872 0.000000
vt 0.574468 0.000000
vt 0.400000 0.000000
vt 0.572340 0.000000
vt 0.402128 0.000000
vt 0.570213 0.000000
vt 0.404255 0.000000
vt 0.568085 0.000000
vt 0.406383 0.000000
vt 0.565957 0.000000
vt 0.408511 0.000000
vt 0.563830 0.000000
vt 0.410638 0.000000
vt 0.561702 0.000000
vt 0.412766 0.000000
vt 0.559574 0.000000
vt 0.414894 0.000000
vt 0.557447 0.000000
vt 0.417021 0.000000
vt 0.555319 0.000000
vt 0.419149 0.000000
vt 0.553191 0.000000
vt 0.421277 0.000000
vt 0.551064 0.000000
vt 0.423404 0.000000
vt 0.548936 0.000000
vt 0.425532 0.000000
vt 0.546808 0.000000
vt 0.427660 0.000000
vt 0.544681 0.000000
vt 0.429787 0.000000
vt 0.542553 0.000000
vt 0.431915 0.000000
vt 0.540426 0.000000
vt 0.434043 0.000000
vt 0.538298 0.000000
vt 0.436170 0.000000
vt 0.536170 0.000000
vt 0.438298 0.000000
vt 0.534043 0.000000
vt 0.440426 0.000000
vt 0.531915 0.000000
vt 0.442553 0.000000
vt 0.529787 0.000000
vt 0.444681 0.000000
vt 0.527660 0.000000
vt 0.446809 0.000000
vt 0.525532 0.000000
vt 0.448936 0.000000
vt 0.523404 0.000000
vt 0.451064 0.000000
vt 0.521277 0.000000
vt 0.453191 0.000000
vt 0.519149 0.000000
vt 0.455319 0.000000
vt 0.517021 0.000000
vt 0.457447 0.000000
vt 0.514894 0.000000
vt 0.459574 0.000000
vt 0.512766 0.000000
vt 0.461702 0.000000
vt 0.510638 0.000000
vt 0.463830 0.000000
vt 0.508511 0.000000
vt 0.465957 0.000000
vt 0.506383 0.000000
vt 0.468085 0.000000
vt 0.504255 0.000000
vt 0.470213 0.000000
vt 0.502128 0.000000
vt 0.472340 0.000000
vt 0.500000 0.000000
vt 0.474468 0.000000
vt 0.497872 0.000000
vt 0.476596 0.000000
vt 0.495745 0.000000
vt 0.478723 0.000000
vt 0.493617 0.000000
vt 0.480851 0.000000
vt 0.491489 0.000000
vt 0.482979 0.000000
vt 0.489362 0.000000
vt 0.485106 0.000000
vt 0.487234 0.000000
vt 0.453861 0.000000
vt 0.457627 0.000000
vt 0.455744 0.000000
vt 0.451977 0.000000
vt 0.459510 0.000000
vt 0.450094 0.000000
vt 0.461394 0.000000
vt 0.448211 0.000000
vt 0.463277 0.000000
vt 0.446328 0.000000
vt 0.465160 0.000000
vt 0.444444 0.000000
vt 0.467043 0.000000
vt 0.442561 0.000000
vt 0.468927 0.000000
vt 0.440678 0.000000
vt 0.470810 0.000000
vt 0.438795 0.000000
vt 0.472693 0.000000
vt 0.546139 0.000000
vt 0.549906 0.000000
vt 0.548023 0.000000
vt 0.551789 0.000000
vt 0.544256 0.000000
vt 0.553672 0.000000
vt 0.555556 0.000000
vt 0.542373 0.000000
vt 0.557439 0.000000
vt 0.559322 0.000000
vt 0.540490 0.000000
vt 0.561205 0.000000
vt 0.436911 0.000000
vt 0.563089 0.000000
vt 0.538606 0.000000
vt 0.564972 0.000000
vt 0.566855 0.000000
vt 0.536723 0.000000
vt 0.568738 0.000000
vt 0.570621 0.000000
vt 0.534840 0.000000
vt 0.474576 0.000000
vt 0.572505 0.000000
vt 0.574388 0.000000
vt 0.532957 0.000000
vt 0.576271 0.000000
vt 0.578154 0.000000
vt 0.531073 0.000000
vt 0.580038 0.000000
vt 0.435028 0.000000
vt 0.581921 0.000000
vt 0.529190 0.000000
vt 0.583804 0.000000
vt 0.585687 0.000000
vt 0.527307 0.000000
vt 0.587571 0.000000
vt 0.476460 0.000000
vt 0.589454 0.000000
vt 0.525424 0.000000
vt 0.591337 0.000000
vt 0.593220 0.000000
vt 0.523540 0.000000
vt 0.433145 0.000000
vt 0.595104 0.000000
vt 0.596987 0.000000
vt 0.521657 0.000000
vt 0.598870 0.000000
vt 0.600753 0.000000
vt 0.478343 0.000000
vt 0.519774 0.000000
vt 0.602637 0.000000
vt 0.604520 0.000000
vt 0.517891 0.000000
vt 0.431262 0.000000
vt 0.606403 0.000000
vt 0.608286 0.000000
vt 0.516008 0.000000
vt 0.610169 0.000000
vt 0.480226 0.000000
vt 0.612053 0.000000
vt 0.514124 0.000000
vt 0.613936 0.000000
vt 0.429379 0.000000
vt 0.615819 0.000000
vt 0.512241 0.000000
vt 0.617702 0.000000
vt 0.619586 0.000000
vt 0.482109 0.000000
vt 0.510358 0.000000
vt 0.621469 0.000000
vt 0.623352 0.000000
vt 0.427495 0.000000
vt 0.508475 0.000000
vt 0.625235 0.000000
vt 0.627119 0.000000
vt 0.506591 0.000000
vt 0.629002 0.000000
vt 0.483992 0.000000
vt 0.630885 0.000000
vt 0.425612 0.000000
vt 0.504708 0.000000
vt 0.632768 0.000000
vt 0.634652 0.000000
vt 0.502825 0.000000
vt 0.636535 0.000000
vt 0.485876 0.000000
vt 0.423729 0.000000
vt 0.500942 0.000000
vt 0.001883 0.000000
vt 0.487759 0.000000
vt 0.421846 0.000000
vt 0.419962 0.000000
vt 0.489642 0.000000
vt 0.418079 0.000000
vt 0.491525 0.000000
vt 0.416196 0.000000
vt 0.493409 0.000000
vt 0.414313 0.000000
vt 0.495292 0.000000
vt 0.412429 0.000000
vt 0.497175 0.000000
vt 0.410546 0.000000
vt 0.499058 0.000000
vt 0.408663 0.000000
vt 0.406780 0.000000
vt 0.404896 0.000000
vt 0.676083 0.000000
vt 0.674200 0.000000
vt 0.672316 0.000000
vt 0.670433 0.000000
vt 0.668550 0.000000
vt 0.666667 0.000000
vt 0.664783 0.000000
vt 0.662900 0.000000
vt 0.661017 0.000000
vt 0.659134 0.000000
vt 0.657250 0.000000
vt 0.655367 0.000000
vt 0.653484 0.000000
vt 0.651601 0.000000
vt 0.649718 0.000000
vt 0.647834 0.000000
vt 0.645951 0.000000
vt 0.644068 0.000000
vt 0.642185 0.000000
vt 0.640301 0.000000
vt 0.403013 0.000000
vt 0.677966 0.000000
vt 0.401130 0.000000
vt 0.679849 0.000000
vt 0.399247 0.000000
vt 0.397363 0.000000
vt 0.681733 0.000000
vt 0.395480 0.000000
vt 0.683616 0.000000
vt 0.393597 0.000000
vt 0.391714 0.000000
vt 0.685499 0.000000
vt 0.687382 0.000000
vt 0.689266 0.000000
vt 0.691149 0.000000
vt 0.389830 0.000000
vt 0.693032 0.000000
vt 0.694915 0.000000
vt 0.696799 0.000000
vt 0.698682 0.000000
vt 0.700565 0.000000
vt 0.702448 0.000000
vt 0.704331 0.000000
vt 0.387947 0.000000
vt 0.706215 0.000000
vt 0.708098 0.000000
vt 0.709981 0.000000
vt 0.711864 0.000000
vt 0.386064 0.000000
vt 0.713748 0.000000
vt 0.715631 0.000000
vt 0.717514 0.000000
vt 0.384181 0.000000
vt 0.719397 0.000000
vt 0.721281 0.000000
vt 0.382298 0.000000
vt 0.723164 0.000000
vt 0.725047 0.000000
vt 0.726930 0.000000
vt 0.380414 0.000000
vt 0.728814 0.000000
vt 0.730697 0.000000
vt 0.378531 0.000000
vt 0.732580 0.000000
vt 0.734463 0.000000
vt 0.376648 0.000000
vt 0.736347 0.000000
vt 0.738230 0.000000
vt 0.374765 0.000000
vt 0.740113 0.000000
vt 0.741996 0.000000
vt 0.372881 0.000000
vt 0.743879 0.000000
vt 0.638418 0.000000
vt 0.745763 0.000000
vt 0.370998 0.000000
vt 0.747646 0.000000
vt 0.369115 0.000000
vt 0.749529 0.000000
vt 0.751412 0.000000
vt 0.367232 0.000000
vt 0.753296 0.000000
vt 0.755179 0.000000
vt 0.365348 0.000000
vt 0.757062 0.000000
vt 0.758945 0.000000
vt 0.363465 0.000000
vt 0.760829 0.000000
vt 0.361582 0.000000
vt 0.762712 0.000000
vt 0.764595 0.000000
vt 0.359699 0.000000
vt 0.766478 0.000000
vt 0.357815 0.000000
vt 0.768362 0.000000
vt 0.770245 0.000000
vt 0.355932 0.000000
vt 0.772128 0.000000
vt 0.774011 0.000000
vt 0.354049 0.000000
vt 0.775895 0.000000
vt 0.352166 0.000000
vt 0.777778 0.000000
vt 0.779661 0.000000
vt 0.350282 0.000000
vt 0.998117 0.000000
vt 0.781544 0.000000
vt 0.348399 0.000000
vt 0.783427 0.000000
vt 0.996234 0.000000
vt 0.785311 0.000000
vt 0.346516 0.000000
vt 0.994350 0.000000
vt 0.787194 0.000000
vt 0.344633 0.000000
vt 0.992467 0.000000
vt 0.789077 0.000000
vt 0.790960 0.000000
vt 0.990584 0.000000
vt 0.342750 0.000000
vt 0.792844 0.000000
vt 0.988701 0.000000
vt 0.794727 0.000000
vt 0.340866 0.000000
vt 0.796610 0.000000
vt 0.986817 0.000000
vt 0.338983 0.000000
vt 0.798493 0.000000
vt 0.984934 0.000000
vt 0.800377 0.000000
vt 0.337100 0.000000
vt 0.983051 0.000000
vt 0.802260 0.000000
vt 0.335217 0.000000
vt 0.981168 0.000000
vt 0.804143 0.000000
vt 0.806026 0.000000
vt 0.333333 0.000000
vt 0.979284 0.000000
vt 0.807910 0.000000
vt 0.977401 0.000000
vt 0.331450 0.000000
vt 0.809793 0.000000
vt 0.975518 0.000000
vt 0.811676 0.000000
vt 0.329567 0.000000
vt 0.813559 0.000000
vt 0.973635 0.000000
vt 0.327684 0.000000
vt 0.815443 0.000000
vt 0.971751 0.000000
vt 0.817326 0.000000
vt 0.325800 0.000000
vt 0.969868 0.000000
vt 0.819209 0.000000
vt 0.323917 0.000000
vt 0.821092 0.000000
vt 0.967985 0.000000
vt 0.822976 0.000000
vt 0.322034 0.000000
vt 0.966102 0.000000
vt 0.824859 0.000000
vt 0.826742 0.000000
vt 0.964218 0.000000
vt 0.320151 0.000000
vt 0.828625 0.000000
vt 0.830508 0.000000
vt 0.962335 0.000000
vt 0.318267 0.000000
vt 0.832392 0.000000
vt 0.960452 0.000000
vt 0.834275 0.000000
vt 0.836158 0.000000
vt 0.316384 0.000000
vt 0.958569 0.000000
vt 0.838041 0.000000
vt 0.839925 0.000000
vt 0.956685 0.000000
vt 0.314501 0.000000
vt 0.841808 0.000000
vt 0.843691 0.000000
vt 0.954802 0.000000
vt 0.845574 0.000000
vt 0.312618 0.000000
vt 0.952919 0.000000
vt 0.847458 0.000000
vt 0.849341 0.000000
vt 0.951036 0.000000
vt 0.310734 0.000000
vt 0.851224 0.000000
vt 0.949153 0.000000
vt 0.853107 0.000000
vt 0.854991 0.000000
vt 0.308851 0.000000
vt 0.947269 0.000000
vt 0.139360 0.000000
vt 0.856874 0.000000
vt 0.858757 0.000000
vt 0.945386 0.000000
vt 0.306968 0.000000
vt 0.860640 0.000000
vt 0.943503 0.000000
vt 0.862524 0.000000
vt 0.864407 0.000000
vt 0.941620 0.000000
vt 0.305085 0.000000
vt 0.866290 0.000000
vt 0.939736 0.000000
vt 0.868173 0.000000
vt 0.870057 0.000000
vt 0.937853 0.000000
vt 0.303201 0.000000
vt 0.871940 0.000000
vt 0.873823 0.000000
vt 0.935970 0.000000
vt 0.875706 0.000000
vt 0.934087 0.000000
vt 0.877589 0.000000
vt 0.301318 0.000000
vt 0.879473 0.000000
vt 0.932203 0.000000
vt 0.881356 0.000000
vt 0.930320 0.000000
vt 0.883239 0.000000
vt 0.299435 0.000000
vt 0.885122 0.000000
vt 0.928437 0.000000
vt 0.887006 0.000000
vt 0.926554 0.000000
vt 0.888889 0.000000
vt 0.890772 0.000000
vt 0.924670 0.000000
vt 0.892655 0.000000
vt 0.297552 0.000000
vt 0.922787 0.000000
vt 0.894539 0.000000
vt 0.896422 0.000000
vt 0.920904 0.000000
vt 0.898305 0.000000
vt 0.919021 0.000000
vt 0.900188 0.000000
vt 0.902072 0.000000
vt 0.917138 0.000000
vt 0.903955 0.000000
vt 0.915254 0.000000
vt 0.905838 0.000000
vt 0.907721 0.000000
vt 0.913371 0.000000
vt 0.909605 0.000000
vt 0.911488 0.000000
vt 0.295669 0.000000
vt 0.293785 0.000000
vt 0.141243 0.000000
vt 0.137476 0.000000
vt 0.143126 0.000000
vt 0.291902 0.000000
vt 0.145009 0.000000
vt 0.146893 0.000000
vt 0.290019 0.000000
vt 0.148776 0.000000
vt 0.288136 0.000000
vt 0.150659 0.000000
vt 0.152542 0.000000
vt 0.286252 0.000000
vt 0.154426 0.000000
vt 0.156309 0.000000
vt 0.284369 0.000000
vt 0.158192 0.000000
vt 0.282486 0.000000
vt 0.160075 0.000000
vt 0.161959 0.000000
vt 0.280603 0.000000
vt 0.163842 0.000000
vt 0.278719 0.000000
vt 0.165725 0.000000
vt 0.167608 0.000000
vt 0.276836 0.000000
vt 0.169492 0.000000
vt 0.274953 0.000000
vt 0.171375 0.000000
vt 0.273070 0.000000
vt 0.173258 0.000000
vt 0.175141 0.000000
vt 0.271186 0.000000
vt 0.177024 0.000000
vt 0.269303 0.000000
vt 0.178908 0.000000
vt 0.180791 0.000000
vt 0.267420 0.000000
vt 0.182674 0.000000
vt 0.265537 0.000000
vt 0.184557 0.000000
vt 0.263653 0.000000
vt 0.186441 0.000000
vt 0.188324 0.000000
vt 0.261770 0.000000
vt 0.190207 0.000000
vt 0.135593 0.000000
vt 0.003766 0.000000
vt 0.259887 0.000000
vt 0.133710 0.000000
vt 0.192090 0.000000
vt 0.005650 0.000000
vt 0.131827 0.000000
vt 0.129944 0.000000
vt 0.007533 0.000000
vt 0.128060 0.000000
vt 0.258004 0.000000
vt 0.193974 0.000000
vt 0.126177 0.000000
vt 0.009416 0.000000
vt 0.124294 0.000000
vt 0.195857 0.000000
vt 0.122411 0.000000
vt 0.011299 0.000000
vt 0.256121 0.000000
vt 0.120527 0.000000
vt 0.118644 0.000000
vt 0.013183 0.000000
vt 0.197740 0.000000
vt 0.116761 0.000000
vt 0.114878 0.000000
vt 0.015066 0.000000
vt 0.254237 0.000000
vt 0.112994 0.000000
vt 0.199623 0.000000
vt 0.111111 0.000000
vt 0.016949 0.000000
vt 0.109228 0.000000
vt 0.107345 0.000000
vt 0.018832 0.000000
vt 0.105461 0.000000
vt 0.252354 0.000000
vt 0.201507 0.000000
vt 0.103578 0.000000
vt 0.020716 0.000000
vt 0.101695 0.000000
vt 0.099812 0.000000
vt 0.022599 0.000000
vt 0.203390 0.000000
vt 0.097928 0.000000
vt 0.250471 0.000000
vt 0.096045 0.000000
vt 0.024482 0.000000
vt 0.094162 0.000000
vt 0.092279 0.000000
vt 0.026365 0.000000
vt 0.205273 0.000000
vt 0.090395 0.000000
vt 0.088512 0.000000
vt 0.028249 0.000000
vt 0.086629 0.000000
vt 0.248588 0.000000
vt 0.084746 0.000000
vt 0.030132 0.000000
vt 0.082863 0.000000
vt 0.207156 0.000000
vt 0.080979 0.000000
vt 0.032015 0.000000
vt 0.079096 0.000000
vt 0.077213 0.000000
vt 0.033898 0.000000
vt 0.075330 0.000000
vt 0.073446 0.000000
vt 0.035782 0.000000
vt 0.071563 0.000000
vt 0.246704 0.000000
vt 0.069680 0.000000
vt 0.037665 0.000000
vt 0.209040 0.000000
vt 0.067797 0.000000
vt 0.065913 0.000000
vt 0.039548 0.000000
vt 0.064030 0.000000
vt 0.062147 0.000000
vt 0.041431 0.000000
vt 0.060264 0.000000
vt 0.058380 0.000000
vt 0.043315 0.000000
vt 0.056497 0.000000
vt 0.054614 0.000000
vt 0.045198 0.000000
vt 0.052731 0.000000
vt 0.050847 0.000000
vt 0.047081 0.000000
vt 0.048964 0.000000
vt 0.210923 0.000000
vt 0.244821 0.000000
vt 0.212806 0.000000
vt 0.242938 0.000000
vt 0.214689 0.000000
vt 0.241055 0.000000
vt 0.216573 0.000000
vt 0.239171 0.000000
vt 0.218456 0.000000
vt 0.237288 0.000000
vt 0.220339 0.000000
vt 0.222222 0.000000
vt 0.235405 0.000000
vt 0.224105 0.000000
vt 0.233522 0.000000
vt 0.225989 0.000000
vt 0.231638 0.000000
vt 0.227872 0.000000
vt 0.229755 0.000000
vt 0.716094 0.000000
vt 0.719711 0.000000
vt 0.717902 0.000000
vt 0.721519 0.000000
vt 0.714286 0.000000
vt 0.723327 0.000000
vt 0.712477 0.000000
vt 0.725136 0.000000
vt 0.710669 0.000000
vt 0.726944 0.000000
vt 0.708861 0.000000
vt 0.728752 0.000000
vt 0.730561 0.000000
vt 0.707052 0.000000
vt 0.732369 0.000000
vt 0.705244 0.000000
vt 0.734177 0.000000
vt 0.703436 0.000000
vt 0.735986 0.000000
vt 0.701627 0.000000
vt 0.737794 0.000000
vt 0.699819 0.000000
vt 0.739602 0.000000
vt 0.741410 0.000000
vt 0.698011 0.000000
vt 0.743219 0.000000
vt 0.696203 0.000000
vt 0.745027 0.000000
vt 0.694394 0.000000
vt 0.746835 0.000000
vt 0.692586 0.000000
vt 0.748644 0.000000
vt 0.750452 0.000000
vt 0.690778 0.000000
vt 0.752260 0.000000
vt 0.688969 0.000000
vt 0.754069 0.000000
vt 0.687161 0.000000
vt 0.755877 0.000000
vt 0.685353 0.000000
vt 0.757685 0.000000
vt 0.759494 0.000000
vt 0.683544 0.000000
vt 0.761302 0.000000
vt 0.681736 0.000000
vt 0.763110 0.000000
vt 0.679928 0.000000
vt 0.764919 0.000000
vt 0.678119 0.000000
vt 0.766727 0.000000
vt 0.768535 0.000000
vt 0.676311 0.000000
vt 0.770344 0.000000
vt 0.674503 0.000000
vt 0.772152 0.000000
vt 0.672694 0.000000
vt 0.773960 0.000000
vt 0.670886 0.000000
vt 0.775769 0.000000
vt 0.777577 0.000000
vt 0.669078 0.000000
vt 0.779385 0.000000
vt 0.667269 0.000000
vt 0.781193 0.000000
vt 0.665461 0.000000
vt 0.663653 0.000000
vt 0.001808 0.000000
vt 0.003617 0.000000
vt 0.661844 0.000000
vt 0.848101 0.000000
vt 0.005425 0.000000
vt 0.849910 0.000000
vt 0.846293 0.000000
vt 0.851718 0.000000
vt 0.844485 0.000000
vt 0.660036 0.000000
vt 0.853526 0.000000
vt 0.842676 0.000000
vt 0.855335 0.000000
vt 0.840868 0.000000
vt 0.857143 0.000000
vt 0.839060 0.000000
vt 0.858951 0.000000
vt 0.007233 0.000000
vt 0.860759 0.000000
vt 0.837251 0.000000
vt 0.862568 0.000000
vt 0.835443 0.000000
vt 0.864376 0.000000
vt 0.833635 0.000000
vt 0.866184 0.000000
vt 0.658228 0.000000
vt 0.009042 0.000000
vt 0.831826 0.000000
vt 0.867993 0.000000
vt 0.830018 0.000000
vt 0.869801 0.000000
vt 0.871609 0.000000
vt 0.828210 0.000000
vt 0.010850 0.000000
vt 0.656420 0.000000
vt 0.873418 0.000000
vt 0.826401 0.000000
vt 0.875226 0.000000
vt 0.824593 0.000000
vt 0.012658 0.000000
vt 0.877034 0.000000
vt 0.822785 0.000000
vt 0.878843 0.000000
vt 0.654611 0.000000
vt 0.014467 0.000000
vt 0.880651 0.000000
vt 0.820976 0.000000
vt 0.882459 0.000000
vt 0.819168 0.000000
vt 0.016275 0.000000
vt 0.652803 0.000000
vt 0.884268 0.000000
vt 0.817360 0.000000
vt 0.886076 0.000000
vt 0.018083 0.000000
vt 0.815552 0.000000
vt 0.887884 0.000000
vt 0.650995 0.000000
vt 0.813743 0.000000
vt 0.889693 0.000000
vt 0.019892 0.000000
vt 0.891501 0.000000
vt 0.811935 0.000000
vt 0.649186 0.000000
vt 0.021700 0.000000
vt 0.893309 0.000000
vt 0.810127 0.000000
vt 0.895118 0.000000
vt 0.808318 0.000000
vt 0.023508 0.000000
vt 0.647378 0.000000
vt 0.896926 0.000000
vt 0.806510 0.000000
vt 0.898734 0.000000
vt 0.025316 0.000000
vt 0.804702 0.000000
vt 0.900542 0.000000
vt 0.645570 0.000000
vt 0.802893 0.000000
vt 0.902351 0.000000
vt 0.027125 0.000000
vt 0.801085 0.000000
vt 0.904159 0.000000
vt 0.643761 0.000000
vt 0.799277 0.000000
vt 0.905967 0.000000
vt 0.797468 0.000000
vt 0.028933 0.000000
vt 0.795660 0.000000
vt 0.641953 0.000000
vt 0.907776 0.000000
vt 0.793852 0.000000
vt 0.909584 0.000000
vt 0.792043 0.000000
vt 0.030741 0.000000
vt 0.640145 0.000000
vt 0.790235 0.000000
vt 0.911392 0.000000
vt 0.788427 0.000000
vt 0.032550 0.000000
vt 0.913201 0.000000
vt 0.786618 0.000000
vt 0.638336 0.000000
vt 0.784810 0.000000
vt 0.915009 0.000000
vt 0.783002 0.000000
vt 0.034358 0.000000
vt 0.916817 0.000000
vt 0.636528 0.000000
vt 0.998192 0.000000
vt 0.918626 0.000000
vt 0.036166 0.000000
vt 0.996383 0.000000
vt 0.994575 0.000000
vt 0.920434 0.000000
vt 0.634720 0.000000
vt 0.992767 0.000000
vt 0.037975 0.000000
vt 0.990958 0.000000
vt 0.922242 0.000000
vt 0.989150 0.000000
vt 0.632911 0.000000
vt 0.987342 0.000000
vt 0.039783 0.000000
vt 0.924051 0.000000
vt 0.985533 0.000000
vt 0.983725 0.000000
vt 0.925859 0.000000
vt 0.981917 0.000000
vt 0.041591 0.000000
vt 0.631103 0.000000
vt 0.980108 0.000000
vt 0.978300 0.000000
vt 0.927667 0.000000
vt 0.976492 0.000000
vt 0.974684 0.000000
vt 0.043400 0.000000
vt 0.929476 0.000000
vt 0.629295 0.000000
vt 0.972875 0.000000
vt 0.971067 0.000000
vt 0.969259 0.000000
vt 0.045208 0.000000
vt 0.931284 0.000000
vt 0.967450 0.000000
vt 0.965642 0.000000
vt 0.963834 0.000000
vt 0.627486 0.000000
vt 0.962025 0.000000
vt 0.933092 0.000000
vt 0.960217 0.000000
vt 0.047016 0.000000
vt 0.958409 0.000000
vt 0.956600 0.000000
vt 0.954792 0.000000
vt 0.934901 0.000000
vt 0.952984 0.000000
vt 0.951175 0.000000
vt 0.625678 0.000000
vt 0.048825 0.000000
vt 0.949367 0.000000
vt 0.947559 0.000000
vt 0.945750 0.000000
vt 0.943942 0.000000
vt 0.942134 0.000000
vt 0.940325 0.000000
vt 0.938517 0.000000
vt 0.936709 0.000000
vt 0.050633 0.000000
vt 0.623870 0.000000
vt 0.052441 0.000000
vt 0.622061 0.000000
vt 0.054250 0.000000
vt 0.056058 0.000000
vt 0.620253 0.000000
vt 0.057866 0.000000
vt 0.618445 0.000000
vt 0.059675 0.000000
vt 0.061483 0.000000
vt 0.616637 0.000000
vt 0.063291 0.000000
vt 0.065099 0.000000
vt 0.614828 0.000000
vt 0.066908 0.000000
vt 0.068716 0.000000
vt 0.613020 0.000000
vt 0.070524 0.000000
vt 0.072333 0.000000
vt 0.611212 0.000000
vt 0.074141 0.000000
vt 0.075949 0.000000
vt 0.609403 0.000000
vt 0.077758 0.000000
vt 0.079566 0.000000
vt 0.607595 0.000000
vt 0.081374 0.000000
vt 0.083183 0.000000
vt 0.084991 0.000000
vt 0.605787 0.000000
vt 0.086799 0.000000
vt 0.088608 0.000000
vt 0.090416 0.000000
vt 0.092224 0.000000
vt 0.603978 0.000000
vt 0.094033 0.000000
vt 0.095841 0.000000
vt 0.097649 0.000000
vt 0.099458 0.000000
vt 0.101266 0.000000
vt 0.602170 0.000000
vt 0.110307 0.000000
vt 0.103074 0.000000
vt 0.104882 0.000000
vt 0.106691 0.000000
vt 0.108499 0.000000
vt 0.112116 0.000000
vt 0.113924 0.000000
vt 0.115732 0.000000
vt 0.600362 0.000000
vt 0.117541 0.000000
vt 0.119349 0.000000
vt 0.121157 0.000000
vt 0.598553 0.000000
vt 0.122966 0.000000
vt 0.124774 0.000000
vt 0.126582 0.000000
vt 0.596745 0.000000
vt 0.128391 0.000000
vt 0.130199 0.000000
vt 0.132007 0.000000
vt 0.133816 0.000000
vt 0.594937 0.000000
vt 0.135624 0.000000
vt 0.137432 0.000000
vt 0.139241 0.000000
vt 0.593128 0.000000
vt 0.141049 0.000000
vt 0.142857 0.000000
vt 0.144665 0.000000
vt 0.591320 0.000000
vt 0.146474 0.000000
vt 0.148282 0.000000
vt 0.150090 0.000000
vt 0.589512 0.000000
vt 0.151899 0.000000
vt 0.153707 0.000000
vt 0.155515 0.000000
vt 0.587703 0.000000
vt 0.157324 0.000000
vt 0.585895 0.000000
vt 0.159132 0.000000
vt 0.584087 0.000000
vt 0.160940 0.000000
vt 0.582278 0.000000
vt 0.162749 0.000000
vt 0.580470 0.000000
vt 0.164557 0.000000
vt 0.166365 0.000000
vt 0.578662 0.000000
vt 0.168174 0.000000
vt 0.576854 0.000000
vt 0.169982 0.000000
vt 0.575045 0.000000
vt 0.171790 0.000000
vt 0.282098 0.000000
vt 0.285714 0.000000
vt 0.283906 0.000000
vt 0.287523 0.000000
vt 0.280289 0.000000
vt 0.289331 0.000000
vt 0.278481 0.000000
vt 0.291139 0.000000
vt 0.276673 0.000000
vt 0.292948 0.000000
vt 0.274864 0.000000
vt 0.294756 0.000000
vt 0.273056 0.000000
vt 0.296564 0.000000
vt 0.271248 0.000000
vt 0.298373 0.000000
vt 0.300181 0.000000
vt 0.269439 0.000000
vt 0.301989 0.000000
vt 0.267631 0.000000
vt 0.303797 0.000000
vt 0.173599 0.000000
vt 0.265823 0.000000
vt 0.305606 0.000000
vt 0.264014 0.000000
vt 0.307414 0.000000
vt 0.573237 0.000000
vt 0.262206 0.000000
vt 0.309222 0.000000
vt 0.260398 0.000000
vt 0.311031 0.000000
vt 0.312839 0.000000
vt 0.258590 0.000000
vt 0.314647 0.000000
vt 0.256781 0.000000
vt 0.175407 0.000000
vt 0.316456 0.000000
vt 0.254973 0.000000
vt 0.318264 0.000000
vt 0.253165 0.000000
vt 0.251356 0.000000
vt 0.320072 0.000000
vt 0.249548 0.000000
vt 0.571429 0.000000
vt 0.321881 0.000000
vt 0.177215 0.000000
vt 0.247740 0.000000
vt 0.323689 0.000000
vt 0.245931 0.000000
vt 0.325497 0.000000
vt 0.244123 0.000000
vt 0.179024 0.000000
vt 0.327306 0.000000
vt 0.242315 0.000000
vt 0.240506 0.000000
vt 0.329114 0.000000
vt 0.238698 0.000000
vt 0.569620 0.000000
vt 0.330922 0.000000
vt 0.236890 0.000000
vt 0.180832 0.000000
vt 0.235081 0.000000
vt 0.332731 0.000000
vt 0.233273 0.000000
vt 0.334539 0.000000
vt 0.182640 0.000000
vt 0.231465 0.000000
vt 0.229656 0.000000
vt 0.336347 0.000000
vt 0.227848 0.000000
vt 0.567812 0.000000
vt 0.184448 0.000000
vt 0.226040 0.000000
vt 0.338156 0.000000
vt 0.224231 0.000000
vt 0.222423 0.000000
vt 0.186257 0.000000
vt 0.339964 0.000000
vt 0.220615 0.000000
vt 0.218807 0.000000
vt 0.341772 0.000000
vt 0.188065 0.000000
vt 0.216998 0.000000
vt 0.215190 0.000000
vt 0.566004 0.000000
vt 0.189873 0.000000
vt 0.343580 0.000000
vt 0.213382 0.000000
vt 0.211573 0.000000
vt 0.191682 0.000000
vt 0.209765 0.000000
vt 0.345389 0.000000
vt 0.207957 0.000000
vt 0.193490 0.000000
vt 0.206148 0.000000
vt 0.204340 0.000000
vt 0.195298 0.000000
vt 0.202532 0.000000
vt 0.200723 0.000000
vt 0.197107 0.000000
vt 0.198915 0.000000
vt 0.347197 0.000000
vt 0.349005 0.000000
vt 0.564195 0.000000
vt 0.350814 0.000000
vt 0.352622 0.000000
vt 0.562387 0.000000
vt 0.354430 0.000000
vt 0.356239 0.000000
vt 0.358047 0.000000
vt 0.560579 0.000000
vt 0.359855 0.000000
vt 0.361664 0.000000
vt 0.363472 0.000000
vt 0.558770 0.000000
vt 0.365280 0.000000
vt 0.367089 0.000000
vt 0.368897 0.000000
vt 0.556962 0.000000
vt 0.370705 0.000000
vt 0.372514 0.000000
vt 0.555154 0.000000
vt 0.374322 0.000000
vt 0.376130 0.000000
vt 0.377939 0.000000
vt 0.553345 0.000000
vt 0.379747 0.000000
vt 0.381555 0.000000
vt 0.551537 0.000000
vt 0.383363 0.000000
vt 0.385172 0.000000
vt 0.386980 0.000000
vt 0.549729 0.000000
vt 0.388788 0.000000
vt 0.390597 0.000000
vt 0.547920 0.000000
vt 0.392405 0.000000
vt 0.394213 0.000000
vt 0.546112 0.000000
vt 0.396022 0.000000
vt 0.397830 0.000000
vt 0.399638 0.000000
vt 0.544304 0.000000
vt 0.401447 0.000000
vt 0.403255 0.000000
vt 0.405063 0.000000
vt 0.542495 0.000000
vt 0.406872 0.000000
vt 0.408680 0.000000
vt 0.410488 0.000000
vt 0.540687 0.000000
vt 0.412297 0.000000
vt 0.414105 0.000000
vt 0.415913 0.000000
vt 0.538879 0.000000
vt 0.417722 0.000000
vt 0.419530 0.000000
vt 0.421338 0.000000
vt 0.537071 0.000000
vt 0.423146 0.000000
vt 0.424955 0.000000
vt 0.426763 0.000000
vt 0.535262 0.000000
vt 0.428571 0.000000
vt 0.430380 0.000000
vt 0.432188 0.000000
vt 0.533454 0.000000
vt 0.433996 0.000000
vt 0.435805 0.000000
vt 0.531646 0.000000
vt 0.437613 0.000000
vt 0.439421 0.000000
vt 0.441230 0.000000
vt 0.529837 0.000000
vt 0.443038 0.000000
vt 0.444846 0.000000
vt 0.528029 0.000000
vt 0.446655 0.000000
vt 0.448463 0.000000
vt 0.450271 0.000000
vt 0.526221 0.000000
vt 0.452080 0.000000
vt 0.453888 0.000000
vt 0.524412 0.000000
vt 0.455696 0.000000
vt 0.457505 0.000000
vt 0.522604 0.000000
vt 0.459313 0.000000
vt 0.461121 0.000000
vt 0.520796 0.000000
vt 0.462929 0.000000
vt 0.464738 0.000000
vt 0.518987 0.000000
vt 0.466546 0.000000
vt 0.468354 0.000000
vt 0.517179 0.000000
vt 0.470163 0.000000
vt 0.471971 0.000000
vt 0.515371 0.000000
vt 0.473779 0.000000
vt 0.475588 0.000000
vt 0.513562 0.000000
vt 0.477396 0.000000
vt 0.479204 0.000000
vt 0.511754 0.000000
vt 0.481013 0.000000
vt 0.482821 0.000000
vt 0.509946 0.000000
vt 0.484629 0.000000
vt 0.486438 0.000000
vt 0.508137 0.000000
vt 0.488246 0.000000
vt 0.506329 0.000000
vt 0.490054 0.000000
vt 0.491863 0.000000
vt 0.504521 0.000000
vt 0.493671 0.000000
vt 0.495479 0.000000
vt 0.502712 0.000000
vt 0.497288 0.000000
vt 0.499096 0.000000
vt 0.500904 0.000000
vt 0.751295 0.000000
vt 0.761658 0.000000
vt 0.756477 0.000000
vt 0.746114 0.000000
vt 0.766839 0.000000
vt 0.740933 0.000000
vt 0.772021 0.000000
vt 0.735751 0.000000
vt 0.777202 0.000000
vt 0.730570 0.000000
vt 0.782383 0.000000
vt 0.725389 0.000000
vt 0.787565 0.000000
vt 0.720207 0.000000
vt 0.792746 0.000000
vt 0.715026 0.000000
vt 0.797927 0.000000
vt 0.709845 0.000000
vt 0.803109 0.000000
vt 0.704663 0.000000
vt 0.808290 0.000000
vt 0.699482 0.000000
vt 0.813471 0.000000
vt 0.694301 0.000000
vt 0.818653 0.000000
vt 0.689119 0.000000
vt 0.823834 0.000000
vt 0.829016 0.000000
vt 0.683938 0.000000
vt 0.834197 0.000000
vt 0.678756 0.000000
vt 0.839378 0.000000
vt 0.673575 0.000000
vt 0.844560 0.000000
vt 0.668394 0.000000
vt 0.849741 0.000000
vt 0.663212 0.000000
vt 0.854922 0.000000
vt 0.658031 0.000000
vt 0.860104 0.000000
vt 0.652850 0.000000
vt 0.865285 0.000000
vt 0.647668 0.000000
vt 0.870466 0.000000
vt 0.642487 0.000000
vt 0.875648 0.000000
vt 0.637306 0.000000
vt 0.880829 0.000000
vt 0.632124 0.000000
vt 0.626943 0.000000
vt 0.886010 0.000000
vt 0.621762 0.000000
vt 0.891192 0.000000
vt 0.616580 0.000000
vt 0.896373 0.000000
vt 0.611399 0.000000
vt 0.901554 0.000000
vt 0.606218 0.000000
vt 0.906736 0.000000
vt 0.601036 0.000000
vt 0.911917 0.000000
vt 0.595855 0.000000
vt 0.917098 0.000000
vt 0.590674 0.000000
vt 0.922280 0.000000
vt 0.585492 0.000000
vt 0.927461 0.000000
vt 0.580311 0.000000
vt 0.932642 0.000000
vt 0.575130 0.000000
vt 0.937824 0.000000
vt 0.569948 0.000000
vt 0.943005 0.000000
vt 0.564767 0.000000
vt 0.948187 0.000000
vt 0.559586 0.000000
vt 0.953368 0.000000
vt 0.554404 0.000000
vt 0.958549 0.000000
vt 0.549223 0.000000
vt 0.963731 0.000000
vt 0.544041 0.000000
vt 0.968912 0.000000
vt 0.538860 0.000000
vt 0.974093 0.000000
vt 0.533679 0.000000
vt 0.979275 0.000000
vt 0.528497 0.000000
vt 0.984456 0.000000
vt 0.523316 0.000000
vt 0.989637 0.000000
vt 0.518135 0.000000
vt 0.994819 0.000000
vt 0.512953 0.000000
vt 0.507772 0.000000
vt 0.502591 0.000000
vt 0.005181 0.000000
vt 0.497409 0.000000
vt 0.010363 0.000000
vt 0.492228 0.000000
vt 0.015544 0.000000
vt 0.487047 0.000000
vt 0.020725 0.000000
vt 0.481865 0.000000
vt 0.025907 0.000000
vt 0.476684 0.000000
vt 0.031088 0.000000
vt 0.471503 0.000000
vt 0.036269 0.000000
vt 0.466321 0.000000
vt 0.041451 0.000000
vt 0.461140 0.000000
vt 0.046632 0.000000
vt 0.455959 0.000000
vt 0.051813 0.000000
vt 0.450777 0.000000
vt 0.056995 0.000000
vt 0.445596 0.000000
vt 0.062176 0.000000
vt 0.440415 0.000000
vt 0.067358 0.000000
vt 0.435233 0.000000
vt 0.072539 0.000000
vt 0.430052 0.000000
vt 0.077720 0.000000
vt 0.424870 0.000000
vt 0.082902 0.000000
vt 0.419689 0.000000
vt 0.088083 0.000000
vt 0.414508 0.000000
vt 0.093264 0.000000
vt 0.409326 0.000000
vt 0.098446 0.000000
vt 0.404145 0.000000
vt 0.103627 0.000000
vt 0.398964 0.000000
vt 0.108808 0.000000
vt 0.393782 0.000000
vt 0.113990 0.000000
vt 0.388601 0.000000
vt 0.119171 0.000000
vt 0.383420 0.000000
vt 0.124352 0.000000
vt 0.378238 0.000000
vt 0.129534 0.000000
vt 0.373057 0.000000
vt 0.134715 0.000000
vt 0.367876 0.000000
vt 0.139896 0.000000
vt 0.362694 0.000000
vt 0.145078 0.000000
vt 0.357513 0.000000
vt 0.150259 0.000000
vt 0.352332 0.000000
vt 0.155440 0.000000
vt 0.347150 0.000000
vt 0.160622 0.000000
vt 0.341969 0.000000
vt 0.165803 0.000000
vt 0.336788 0.000000
vt 0.170984 0.000000
vt 0.331606 0.000000
vt 0.176166 0.000000
vt 0.326425 0.000000
vt 0.181347 0.000000
vt 0.321244 0.000000
vt 0.186529 0.000000
vt 0.316062 0.000000
vt 0.191710 0.000000
vt 0.310881 0.000000
vt 0.196891 0.000000
vt 0.305699 0.000000
vt 0.202073 0.000000
vt 0.300518 0.000000
vt 0.207254 0.000000
vt 0.295337 0.000000
vt 0.212435 0.000000
vt 0.290155 0.000000
vt 0.217617 0.000000
vt 0.284974 0.000000
vt 0.222798 0.000000
vt 0.279793 0.000000
vt 0.227979 0.000000
vt 0.274611 0.000000
vt 0.233161 0.000000
vt 0.269430 0.000000
vt 0.238342 0.000000
vt 0.264249 0.000000
vt 0.243523 0.000000
vt 0.259067 0.000000
vt 0.248705 0.000000
vt 0.253886 0.000000
vt 0.936057 0.000000
vt 0.939609 0.000000
vt 0.937833 0.000000
vt 0.941385 0.000000
vt 0.934281 0.000000
vt 0.943162 0.000000
vt 0.944938 0.000000
vt 0.932504 0.000000
vt 0.946714 0.000000
vt 0.930728 0.000000
vt 0.948490 0.000000
vt 0.950266 0.000000
vt 0.928952 0.000000
vt 0.952043 0.000000
vt 0.953819 0.000000
vt 0.927176 0.000000
vt 0.955595 0.000000
vt 0.925400 0.000000
vt 0.957371 0.000000
vt 0.959147 0.000000
vt 0.923623 0.000000
vt 0.960924 0.000000
vt 0.921847 0.000000
vt 0.962700 0.000000
vt 0.964476 0.000000
vt 0.920071 0.000000
vt 0.966252 0.000000
vt 0.968028 0.000000
vt 0.918295 0.000000
vt 0.969805 0.000000
vt 0.971581 0.000000
vt 0.916519 0.000000
vt 0.973357 0.000000
vt 0.914742 0.000000
vt 0.975133 0.000000
vt 0.976909 0.000000
vt 0.912966 0.000000
vt 0.978686 0.000000
vt 0.980462 0.000000
vt 0.911190 0.000000
vt 0.982238 0.000000
vt 0.984014 0.000000
vt 0.909414 0.000000
vt 0.985790 0.000000
vt 0.987567 0.000000
vt 0.907638 0.000000
vt 0.989343 0.000000
vt 0.991119 0.000000
vt 0.905861 0.000000
vt 0.992895 0.000000
vt 0.994671 0.000000
vt 0.904085 0.000000
vt 0.996448 0.000000
vt 0.998224 0.000000
vt 0.902309 0.000000
vt 0.001776 0.000000
vt 0.003552 0.000000
vt 0.900533 0.000000
vt 0.005329 0.000000
vt 0.007105 0.000000
vt 0.898757 0.000000
vt 0.008881 0.000000
vt 0.010657 0.000000
vt 0.012433 0.000000
vt 0.896980 0.000000
vt 0.014210 0.000000
vt 0.015986 0.000000
vt 0.895204 0.000000
vt 0.017762 0.000000
vt 0.019538 0.000000
vt 0.893428 0.000000
vt 0.021314 0.000000
vt 0.023091 0.000000
vt 0.024867 0.000000
vt 0.891652 0.000000
vt 0.026643 0.000000
vt 0.028419 0.000000
vt 0.889876 0.000000
vt 0.030195 0.000000
vt 0.031972 0.000000
vt 0.888099 0.000000
vt 0.033748 0.000000
vt 0.035524 0.000000
vt 0.886323 0.000000
vt 0.037300 0.000000
vt 0.884547 0.000000
vt 0.039076 0.000000
vt 0.040853 0.000000
vt 0.882771 0.000000
vt 0.170515 0.000000
vt 0.042629 0.000000
vt 0.172291 0.000000
vt 0.168739 0.000000
vt 0.044405 0.000000
vt 0.166963 0.000000
vt 0.174067 0.000000
vt 0.165186 0.000000
vt 0.175844 0.000000
vt 0.163410 0.000000
vt 0.161634 0.000000
vt 0.177620 0.000000
vt 0.880995 0.000000
vt 0.159858 0.000000
vt 0.179396 0.000000
vt 0.158082 0.000000
vt 0.181172 0.000000
vt 0.156306 0.000000
vt 0.154529 0.000000
vt 0.182948 0.000000
vt 0.046181 0.000000
vt 0.152753 0.000000
vt 0.184725 0.000000
vt 0.150977 0.000000
vt 0.186501 0.000000
vt 0.149201 0.000000
vt 0.879218 0.000000
vt 0.047957 0.000000
vt 0.147425 0.000000
vt 0.188277 0.000000
vt 0.145648 0.000000
vt 0.190053 0.000000
vt 0.143872 0.000000
vt 0.049734 0.000000
vt 0.191829 0.000000
vt 0.142096 0.000000
vt 0.140320 0.000000
vt 0.877442 0.000000
vt 0.051510 0.000000
vt 0.193606 0.000000
vt 0.138544 0.000000
vt 0.136767 0.000000
vt 0.195382 0.000000
vt 0.053286 0.000000
vt 0.134991 0.000000
vt 0.133215 0.000000
vt 0.197158 0.000000
vt 0.875666 0.000000
vt 0.055062 0.000000
vt 0.131439 0.000000
vt 0.198934 0.000000
vt 0.129663 0.000000
vt 0.056838 0.000000
vt 0.127886 0.000000
vt 0.200710 0.000000
vt 0.126110 0.000000
vt 0.058615 0.000000
vt 0.124334 0.000000
vt 0.873890 0.000000
vt 0.202487 0.000000
vt 0.122558 0.000000
vt 0.060391 0.000000
vt 0.120782 0.000000
vt 0.204263 0.000000
vt 0.119005 0.000000
vt 0.062167 0.000000
vt 0.117229 0.000000
vt 0.872114 0.000000
vt 0.115453 0.000000
vt 0.206039 0.000000
vt 0.063943 0.000000
vt 0.113677 0.000000
vt 0.065719 0.000000
vt 0.111901 0.000000
vt 0.207815 0.000000
vt 0.110124 0.000000
vt 0.067496 0.000000
vt 0.108348 0.000000
vt 0.069272 0.000000
vt 0.870337 0.000000
vt 0.209591 0.000000
vt 0.106572 0.000000
vt 0.104796 0.000000
vt 0.071048 0.000000
vt 0.103020 0.000000
vt 0.072824 0.000000
vt 0.211368 0.000000
vt 0.101243 0.000000
vt 0.074600 0.000000
vt 0.099467 0.000000
vt 0.097691 0.000000
vt 0.076377 0.000000
vt 0.095915 0.000000
vt 0.868561 0.000000
vt 0.078153 0.000000
vt 0.213144 0.000000
vt 0.094139 0.000000
vt 0.079929 0.000000
vt 0.092362 0.000000
vt 0.090586 0.000000
vt 0.081705 0.000000
vt 0.088810 0.000000
vt 0.083481 0.000000
vt 0.087034 0.000000
vt 0.085258 0.000000
vt 0.214920 0.000000
vt 0.866785 0.000000
vt 0.216696 0.000000
vt 0.218472 0.000000
vt 0.865009 0.000000
vt 0.220249 0.000000
vt 0.222025 0.000000
vt 0.863233 0.000000
vt 0.223801 0.000000
vt 0.861456 0.000000
vt 0.225577 0.000000
vt 0.227353 0.000000
vt 0.859680 0.000000
vt 0.229130 0.000000
vt 0.230906 0.000000
vt 0.857904 0.000000
vt 0.232682 0.000000
vt 0.856128 0.000000
vt 0.234458 0.000000
vt 0.236234 0.000000
vt 0.854352 0.000000
vt 0.238011 0.000000
vt 0.852575 0.000000
vt 0.239787 0.000000
vt 0.241563 0.000000
vt 0.850799 0.000000
vt 0.243339 0.000000
vt 0.849023 0.000000
vt 0.245115 0.000000
vt 0.246892 0.000000
vt 0.847247 0.000000
vt 0.248668 0.000000
vt 0.845471 0.000000
vt 0.250444 0.000000
vt 0.252220 0.000000
vt 0.843695 0.000000
vt 0.253996 0.000000
vt 0.841918 0.000000
vt 0.255773 0.000000
vt 0.840142 0.000000
vt 0.257549 0.000000
vt 0.259325 0.000000
vt 0.838366 0.000000
vt 0.261101 0.000000
vt 0.836590 0.000000
vt 0.262877 0.000000
vt 0.264654 0.000000
vt 0.834813 0.000000
vt 0.266430 0.000000
vt 0.833037 0.000000
vt 0.268206 0.000000
vt 0.269982 0.000000
vt 0.831261 0.000000
vt 0.271758 0.000000
vt 0.829485 0.000000
vt 0.273535 0.000000
vt 0.275311 0.000000
vt 0.827709 0.000000
vt 0.277087 0.000000
vt 0.825933 0.000000
vt 0.278863 0.000000
vt 0.280639 0.000000
vt 0.824156 0.000000
vt 0.282416 0.000000
vt 0.822380 0.000000
vt 0.284192 0.000000
vt 0.285968 0.000000
vt 0.820604 0.000000
vt 0.287744 0.000000
vt 0.818828 0.000000
vt 0.289520 0.000000
vt 0.291297 0.000000
vt 0.817052 0.000000
vt 0.293073 0.000000
vt 0.815275 0.000000
vt 0.294849 0.000000
vt 0.296625 0.000000
vt 0.813499 0.000000
vt 0.298401 0.000000
vt 0.811723 0.000000
vt 0.300178 0.000000
vt 0.301954 0.000000
vt 0.809947 0.000000
vt 0.303730 0.000000
vt 0.808170 0.000000
vt 0.305506 0.000000
vt 0.307282 0.000000
vt 0.806394 0.000000
vt 0.309059 0.000000
vt 0.310835 0.000000
vt 0.804618 0.000000
vt 0.312611 0.000000
vt 0.314387 0.000000
vt 0.802842 0.000000
vt 0.316163 0.000000
vt 0.317940 0.000000
vt 0.801066 0.000000
vt 0.319716 0.000000
vt 0.321492 0.000000
vt 0.799290 0.000000
vt 0.323268 0.000000
vt 0.325044 0.000000
vt 0.797513 0.000000
vt 0.326821 0.000000
vt 0.328597 0.000000
vt 0.795737 0.000000
vt 0.330373 0.000000
vt 0.332149 0.000000
vt 0.793961 0.000000
vt 0.333925 0.000000
vt 0.467140 0.000000
vt 0.470693 0.000000
vt 0.468917 0.000000
vt 0.472469 0.000000
vt 0.465364 0.000000
vt 0.474245 0.000000
vt 0.463588 0.000000
vt 0.476021 0.000000
vt 0.335702 0.000000
vt 0.461812 0.000000
vt 0.477798 0.000000
vt 0.479574 0.000000
vt 0.460036 0.000000
vt 0.481350 0.000000
vt 0.458259 0.000000
vt 0.483126 0.000000
vt 0.456483 0.000000
vt 0.484902 0.000000
vt 0.454707 0.000000
vt 0.486679 0.000000
vt 0.488455 0.000000
vt 0.452931 0.000000
vt 0.337478 0.000000
vt 0.792185 0.000000
vt 0.490231 0.000000
vt 0.451155 0.000000
vt 0.492007 0.000000
vt 0.449378 0.000000
vt 0.493783 0.000000
vt 0.447602 0.000000
vt 0.495560 0.000000
vt 0.339254 0.000000
vt 0.497336 0.000000
vt 0.445826 0.000000
vt 0.499112 0.000000
vt 0.444050 0.000000
vt 0.500888 0.000000
vt 0.341030 0.000000
vt 0.442274 0.000000
vt 0.502664 0.000000
vt 0.440497 0.000000
vt 0.504440 0.000000
vt 0.790409 0.000000
vt 0.438721 0.000000
vt 0.506217 0.000000
vt 0.342806 0.000000
vt 0.507993 0.000000
vt 0.436945 0.000000
vt 0.509769 0.000000
vt 0.435169 0.000000
vt 0.344583 0.000000
vt 0.511545 0.000000
vt 0.433393 0.000000
vt 0.513322 0.000000
vt 0.431616 0.000000
vt 0.346359 0.000000
vt 0.515098 0.000000
vt 0.516874 0.000000
vt 0.788632 0.000000
vt 0.429840 0.000000
vt 0.518650 0.000000
vt 0.520426 0.000000
vt 0.428064 0.000000
vt 0.348135 0.000000
vt 0.522202 0.000000
vt 0.523979 0.000000
vt 0.426288 0.000000
vt 0.525755 0.000000
vt 0.349911 0.000000
vt 0.424512 0.000000
vt 0.527531 0.000000
vt 0.529307 0.000000
vt 0.422735 0.000000
vt 0.351687 0.000000
vt 0.531083 0.000000
vt 0.420959 0.000000
vt 0.786856 0.000000
vt 0.532860 0.000000
vt 0.353464 0.000000
vt 0.419183 0.000000
vt 0.534636 0.000000
vt 0.536412 0.000000
vt 0.417407 0.000000
vt 0.355240 0.000000
vt 0.538188 0.000000
vt 0.415631 0.000000
vt 0.539964 0.000000
vt 0.357016 0.000000
vt 0.413854 0.000000
vt 0.541741 0.000000
vt 0.412078 0.000000
vt 0.785080 0.000000
vt 0.358792 0.000000
vt 0.543517 0.000000
vt 0.410302 0.000000
vt 0.545293 0.000000
vt 0.360568 0.000000
vt 0.408526 0.000000
vt 0.547069 0.000000
vt 0.362345 0.000000
vt 0.406750 0.000000
vt 0.548845 0.000000
vt 0.404973 0.000000
vt 0.364121 0.000000
vt 0.550622 0.000000
vt 0.403197 0.000000
vt 0.365897 0.000000
vt 0.552398 0.000000
vt 0.783304 0.000000
vt 0.401421 0.000000
vt 0.367673 0.000000
vt 0.399645 0.000000
vt 0.554174 0.000000
vt 0.369449 0.000000
vt 0.397869 0.000000
vt 0.371226 0.000000
vt 0.555950 0.000000
vt 0.396092 0.000000
vt 0.373002 0.000000
vt 0.394316 0.000000
vt 0.557726 0.000000
vt 0.374778 0.000000
vt 0.392540 0.000000
vt 0.376554 0.000000
vt 0.390764 0.000000
vt 0.378330 0.000000
vt 0.388988 0.000000
vt 0.559503 0.000000
vt 0.380107 0.000000
vt 0.387211 0.000000
vt 0.381883 0.000000
vt 0.385435 0.000000
vt 0.383659 0.000000
vt 0.781528 0.000000
vt 0.561279 0.000000
vt 0.563055 0.000000
vt 0.564831 0.000000
vt 0.566607 0.000000
vt 0.568384 0.000000
vt 0.779751 0.000000
vt 0.570160 0.000000
vt 0.571936 0.000000
vt 0.573712 0.000000
vt 0.777975 0.000000
vt 0.575488 0.000000
vt 0.577265 0.000000
vt 0.579041 0.000000
vt 0.580817 0.000000
vt 0.776199 0.000000
vt 0.582593 0.000000
vt 0.584369 0.000000
vt 0.586146 0.000000
vt 0.587922 0.000000
vt 0.774423 0.000000
vt 0.589698 0.000000
vt 0.591474 0.000000
vt 0.593250 0.000000
vt 0.595027 0.000000
vt 0.772647 0.000000
vt 0.596803 0.000000
vt 0.598579 0.000000
vt 0.600355 0.000000
vt 0.602131 0.000000
vt 0.770870 0.000000
vt 0.603908 0.000000
vt 0.605684 0.000000
vt 0.607460 0.000000
vt 0.609236 0.000000
vt 0.769094 0.000000
vt 0.611012 0.000000
vt 0.612789 0.000000
vt 0.614565 0.000000
vt 0.616341 0.000000
vt 0.767318 0.000000
vt 0.618117 0.000000
vt 0.619893 0.000000
vt 0.621670 0.000000
vt 0.623446 0.000000
vt 0.765542 0.000000
vt 0.625222 0.000000
vt 0.626998 0.000000
vt 0.628774 0.000000
vt 0.630551 0.000000
vt 0.763766 0.000000
vt 0.632327 0.000000
vt 0.634103 0.000000
vt 0.635879 0.000000
vt 0.637655 0.000000
vt 0.639432 0.000000
vt 0.761989 0.000000
vt 0.641208 0.000000
vt 0.642984 0.000000
vt 0.644760 0.000000
vt 0.646536 0.000000
vt 0.760213 0.000000
vt 0.648313 0.000000
vt 0.650089 0.000000
vt 0.651865 0.000000
vt 0.653641 0.000000
vt 0.758437 0.000000
vt 0.655417 0.000000
vt 0.657194 0.000000
vt 0.658970 0.000000
vt 0.756661 0.000000
vt 0.660746 0.000000
vt 0.662522 0.000000
vt 0.664298 0.000000
vt 0.754885 0.000000
vt 0.666075 0.000000
vt 0.667851 0.000000
vt 0.753108 0.000000
vt 0.669627 0.000000
vt 0.671403 0.000000
vt 0.751332 0.000000
vt 0.673179 0.000000
vt 0.674956 0.000000
vt 0.676732 0.000000
vt 0.749556 0.000000
vt 0.678508 0.000000
vt 0.680284 0.000000
vt 0.747780 0.000000
vt 0.682060 0.000000
vt 0.683837 0.000000
vt 0.746004 0.000000
vt 0.685613 0.000000
vt 0.687389 0.000000
vt 0.744227 0.000000
vt 0.689165 0.000000
vt 0.690941 0.000000
vt 0.742451 0.000000
vt 0.692718 0.000000
vt 0.694494 0.000000
vt 0.740675 0.000000
vt 0.696270 0.000000
vt 0.698046 0.000000
vt 0.738899 0.000000
vt 0.699822 0.000000
vt 0.701599 0.000000
vt 0.737123 0.000000
vt 0.703375 0.000000
vt 0.705151 0.000000
vt 0.735346 0.000000
vt 0.706927 0.000000
vt 0.708703 0.000000
vt 0.733570 0.000000
vt 0.710480 0.000000
vt 0.731794 0.000000
vt 0.712256 0.000000
vt 0.714032 0.000000
vt 0.730018 0.000000
vt 0.715808 0.000000
vt 0.717584 0.000000
vt 0.728242 0.000000
vt 0.719361 0.000000
vt 0.726465 0.000000
vt 0.721137 0.000000
vt 0.722913 0.000000
vt 0.724689 0.000000
vt 0.000000 1.000000
vt 0.001773 1.000000
vt 0.001773 0.000000
vt 0.003546 1.000000
vt 0.003546 0.000000
vt 0.005319 1.000000
vt 0.005319 0.000000
vt 0.007092 1.000000
vt 0.007092 0.000000
vt 0.008865 1.000000
vt 0.008865 0.000000
vt 0.010638 1.000000
vt 0.012411 1.000000
vt 0.012411 0.000000
vt 0.014184 1.000000
vt 0.014184 0.000000
vt 0.015957 1.000000
vt 0.015957 0.000000
vt 0.017730 1.000000
vt 0.017730 0.000000
vt 0.019504 1.000000
vt 0.019504 0.000000
vt 0.021277 1.000000
vt 0.023050 1.000000
vt 0.023050 0.000000
vt 0.024823 1.000000
vt 0.024823 0.000000
vt 0.026596 1.000000
vt 0.026596 0.000000
vt 0.028369 1.000000
vt 0.028369 0.000000
vt 0.030142 1.000000
vt 0.030142 0.000000
vt 0.031915 1.000000
vt 0.033688 1.000000
vt 0.033688 0.000000
vt 0.035461 1.000000
vt 0.035461 0.000000
vt 0.037234 1.000000
vt 0.037234 0.000000
vt 0.039007 1.000000
vt 0.039007 0.000000
vt 0.040780 1.000000
vt 0.040780 0.000000
vt 0.042553 1.000000
vt 0.044326 1.000000
vt 0.044326 0.000000
vt 0.046099 1.000000
vt 0.046099 0.000000
vt 0.047872 1.000000
vt 0.047872 0.000000
vt 0.049645 1.000000
vt 0.049645 0.000000
vt 0.051418 1.000000
vt 0.051418 0.000000
vt 0.053191 1.000000
vt 0.054965 1.000000
vt 0.054965 0.000000
vt 0.056738 1.000000
vt 0.056738 0.000000
vt 0.058511 1.000000
vt 0.058511 0.000000
vt 0.060284 1.000000
vt 0.060284 0.000000
vt 0.062057 1.000000
vt 0.062057 0.000000
vt 0.063830 1.000000
vt 0.065603 1.000000
vt 0.065603 0.000000
vt 0.067376 1.000000
vt 0.067376 0.000000
vt 0.069149 1.000000
vt 0.069149 0.000000
vt 0.070922 1.000000
vt 0.070922 0.000000
vt 0.072695 1.000000
vt 0.072695 0.000000
vt 0.074468 1.000000
vt 0.076241 1.000000
vt 0.076241 0.000000
vt 0.078014 1.000000
vt 0.078014 0.000000
vt 0.079787 1.000000
vt 0.079787 0.000000
vt 0.081560 1.000000
vt 0.081560 0.000000
vt 0.083333 1.000000
vt 0.083333 0.000000
vt 0.085106 1.000000
vt 0.086879 1.000000
vt 0.086879 0.000000
vt 0.088652 1.000000
vt 0.088652 0.000000
vt 0.090426 1.000000
vt 0.090426 0.000000
vt 0.092199 1.000000
vt 0.092199 0.000000
vt 0.093972 1.000000
vt 0.093972 0.000000
vt 0.095745 1.000000
vt 0.097518 1.000000
vt 0.097518 0.000000
vt 0.099291 1.000000
vt 0.099291 0.000000
vt 0.101064 1.000000
vt 0.101064 0.000000
vt 0.102837 1.000000
vt 0.102837 0.000000
vt 0.104610 1.000000
vt 0.104610 0.000000
vt 0.106383 1.000000
vt 0.108156 1.000000
vt 0.108156 0.000000
vt 0.109929 1.000000
vt 0.109929 0.000000
vt 0.111702 1.000000
vt 0.111702 0.000000
vt 0.113475 1.000000
vt 0.113475 0.000000
vt 0.115248 1.000000
vt 0.115248 0.000000
vt 0.117021 1.000000
vt 0.118794 1.000000
vt 0.118794 0.000000
vt 0.120567 1.000000
vt 0.120567 0.000000
vt 0.122340 1.000000
vt 0.122340 0.000000
vt 0.124113 1.000000
vt 0.124113 0.000000
vt 0.125887 1.000000
vt 0.125887 0.000000
vt 0.127660 1.000000
vt 0.129433 1.000000
vt 0.129433 0.000000
vt 0.131206 1.000000
vt 0.131206 0.000000
vt 0.132979 1.000000
vt 0.132979 0.000000
vt 0.134752 1.000000
vt 0.134752 0.000000
vt 0.136525 1.000000
vt 0.136525 0.000000
vt 0.138298 1.000000
vt 0.140071 1.000000
vt 0.140071 0.000000
vt 0.141844 1.000000
vt 0.141844 0.000000
vt 0.143617 1.000000
vt 0.143617 0.000000
vt 0.145390 1.000000
vt 0.145390 0.000000
vt 0.147163 1.000000
vt 0.147163 0.000000
vt 0.148936 1.000000
vt 0.150709 1.000000
vt 0.150709 0.000000
vt 0.152482 1.000000
vt 0.152482 0.000000
vt 0.154255 1.000000
vt 0.154255 0.000000
vt 0.156028 1.000000
vt 0.156028 0.000000
vt 0.157801 1.000000
vt 0.157801 0.000000
vt 0.159574 1.000000
vt 0.161348 1.000000
vt 0.161348 0.000000
vt 0.163121 1.000000
vt 0.163121 0.000000
vt 0.164894 1.000000
vt 0.164894 0.000000
vt 0.166667 1.000000
vt 0.166667 0.000000
vt 0.168440 1.000000
vt 0.168440 0.000000
vt 0.170213 1.000000
vt 0.171986 1.000000
vt 0.171986 0.000000
vt 0.173759 1.000000
vt 0.173759 0.000000
vt 0.175532 1.000000
vt 0.175532 0.000000
vt 0.177305 1.000000
vt 0.177305 0.000000
vt 0.179078 1.000000
vt 0.179078 0.000000
vt 0.180851 1.000000
vt 0.182624 1.000000
vt 0.182624 0.000000
vt 0.184397 1.000000
vt 0.184397 0.000000
vt 0.186170 1.000000
vt 0.186170 0.000000
vt 0.187943 1.000000
vt 0.187943 0.000000
vt 0.189716 1.000000
vt 0.189716 0.000000
vt 0.191489 1.000000
vt 0.193262 1.000000
vt 0.193262 0.000000
vt 0.195035 1.000000
vt 0.195035 0.000000
vt 0.196809 1.000000
vt 0.196809 0.000000
vt 0.198582 1.000000
vt 0.198582 0.000000
vt 0.200355 1.000000
vt 0.200355 0.000000
vt 0.202128 1.000000
vt 0.203901 1.000000
vt 0.203901 0.000000
vt 0.205674 1.000000
vt 0.205674 0.000000
vt 0.207447 1.000000
vt 0.207447 0.000000
vt 0.209220 1.000000
vt 0.209220 0.000000
vt 0.210993 1.000000
vt 0.210993 0.000000
vt 0.212766 1.000000
vt 0.214539 1.000000
vt 0.214539 0.000000
vt 0.216312 1.000000
vt 0.216312 0.000000
vt 0.218085 1.000000
vt 0.218085 0.000000
vt 0.219858 1.000000
vt 0.219858 0.000000
vt 0.221631 1.000000
vt 0.221631 0.000000
vt 0.223404 1.000000
vt 0.225177 1.000000
vt 0.225177 0.000000
vt 0.226950 1.000000
vt 0.226950 0.000000
vt 0.228723 1.000000
vt 0.228723 0.000000
vt 0.230496 1.000000
vt 0.230496 0.000000
vt 0.232270 1.000000
vt 0.232270 0.000000
vt 0.234043 1.000000
vt 0.235816 1.000000
vt 0.235816 0.000000
vt 0.237589 1.000000
vt 0.237589 0.000000
vt 0.239362 1.000000
vt 0.239362 0.000000
vt 0.241135 1.000000
vt 0.241135 0.000000
vt 0.242908 1.000000
vt 0.242908 0.000000
vt 0.244681 1.000000
vt 0.246454 1.000000
vt 0.246454 0.000000
vt 0.248227 1.000000
vt 0.248227 0.000000
vt 0.250000 1.000000
vt 0.250000 0.000000
vt 0.251773 1.000000
vt 0.251773 0.000000
vt 0.253546 1.000000
vt 0.253546 0.000000
vt 0.255319 1.000000
vt 0.257092 1.000000
vt 0.257092 0.000000
vt 0.258865 1.000000
vt 0.258865 0.000000
vt 0.260638 1.000000
vt 0.260638 0.000000
vt 0.262411 1.000000
vt 0.262411 0.000000
vt 0.264184 1.000000
vt 0.264184 0.000000
vt 0.265957 1.000000
vt 0.267731 1.000000
vt 0.267731 0.000000
vt 0.269504 1.000000
vt 0.269504 0.000000
vt 0.271277 1.000000
vt 0.271277 0.000000
vt 0.273050 1.000000
vt 0.273050 0.000000
vt 0.274823 1.000000
vt 0.274823 0.000000
vt 0.276596 1.000000
vt 0.278369 1.000000
vt 0.278369 0.000000
vt 0.280142 1.000000
vt 0.280142 0.000000
vt 0.281915 1.000000
vt 0.281915 0.000000
vt 0.283688 1.000000
vt 0.283688 0.000000
vt 0.285461 1.000000
vt 0.285461 0.000000
vt 0.287234 1.000000
vt 0.289007 1.000000
vt 0.289007 0.000000
vt 0.290780 1.000000
vt 0.290780 0.000000
vt 0.292553 1.000000
vt 0.292553 0.000000
vt 0.294326 1.000000
vt 0.294326 0.000000
vt 0.296099 1.000000
vt 0.296099 0.000000
vt 0.297872 1.000000
vt 0.299645 1.000000
vt 0.299645 0.000000
vt 0.301418 1.000000
vt 0.301418 0.000000
vt 0.303191 1.000000
vt 0.303191 0.000000
vt 0.304965 1.000000
vt 0.304965 0.000000
vt 0.306738 1.000000
vt 0.306738 0.000000
vt 0.308511 1.000000
vt 0.310284 1.000000
vt 0.310284 0.000000
vt 0.312057 1.000000
vt 0.312057 0.000000
vt 0.313830 1.000000
vt 0.313830 0.000000
vt 0.315603 1.000000
vt 0.315603 0.000000
vt 0.317376 1.000000
vt 0.317376 0.000000
vt 0.319149 1.000000
vt 0.320922 1.000000
vt 0.320922 0.000000
vt 0.322695 1.000000
vt 0.322695 0.000000
vt 0.324468 1.000000
vt 0.324468 0.000000
vt 0.326241 1.000000
vt 0.326241 0.000000
vt 0.328014 1.000000
vt 0.328014 0.000000
vt 0.329787 1.000000
vt 0.331560 1.000000
vt 0.331560 0.000000
vt 0.333333 1.000000
vt 0.335106 1.000000
vt 0.335106 0.000000
vt 0.336879 1.000000
vt 0.336879 0.000000
vt 0.338652 1.000000
vt 0.338652 0.000000
vt 0.340426 1.000000
vt 0.342199 1.000000
vt 0.342199 0.000000
vt 0.343972 1.000000
vt 0.343972 0.000000
vt 0.345745 1.000000
vt 0.345745 0.000000
vt 0.347518 1.000000
vt 0.347518 0.000000
vt 0.349291 1.000000
vt 0.349291 0.000000
vt 0.351064 1.000000
vt 0.352837 1.000000
vt 0.352837 0.000000
vt 0.354610 1.000000
vt 0.354610 0.000000
vt 0.356383 1.000000
vt 0.356383 0.000000
vt 0.358156 1.000000
vt 0.358156 0.000000
vt 0.359929 1.000000
vt 0.359929 0.000000
vt 0.361702 1.000000
vt 0.363475 1.000000
vt 0.363475 0.000000
vt 0.365248 1.000000
vt 0.365248 0.000000
vt 0.367021 1.000000
vt 0.367021 0.000000
vt 0.368794 1.000000
vt 0.368794 0.000000
vt 0.370567 1.000000
vt 0.370567 0.000000
vt 0.372340 1.000000
vt 0.374113 1.000000
vt 0.374113 0.000000
vt 0.375887 1.000000
vt 0.375887 0.000000
vt 0.377660 1.000000
vt 0.377660 0.000000
vt 0.379433 1.000000
vt 0.379433 0.000000
vt 0.381206 1.000000
vt 0.381206 0.000000
vt 0.382979 1.000000
vt 0.384752 1.000000
vt 0.384752 0.000000
vt 0.386525 1.000000
vt 0.386525 0.000000
vt 0.388298 1.000000
vt 0.388298 0.000000
vt 0.390071 1.000000
vt 0.390071 0.000000
vt 0.391844 1.000000
vt 0.391844 0.000000
vt 0.393617 1.000000
vt 0.395390 1.000000
vt 0.395390 0.000000
vt 0.397163 1.000000
vt 0.397163 0.000000
vt 0.398936 1.000000
vt 0.398936 0.000000
vt 0.400709 1.000000
vt 0.400709 0.000000
vt 0.402482 1.000000
vt 0.402482 0.000000
vt 0.404255 1.000000
vt 0.406028 1.000000
vt 0.406028 0.000000
vt 0.407801 1.000000
vt 0.407801 0.000000
vt 0.409574 1.000000
vt 0.409574 0.000000
vt 0.411348 1.000000
vt 0.411348 0.000000
vt 0.413121 1.000000
vt 0.413121 0.000000
vt 0.414894 1.000000
vt 0.416667 1.000000
vt 0.416667 0.000000
vt 0.418440 1.000000
vt 0.418440 0.000000
vt 0.420213 1.000000
vt 0.420213 0.000000
vt 0.421986 1.000000
vt 0.421986 0.000000
vt 0.423759 1.000000
vt 0.423759 0.000000
vt 0.425532 1.000000
vt 0.427305 1.000000
vt 0.427305 0.000000
vt 0.429078 1.000000
vt 0.429078 0.000000
vt 0.430851 1.000000
vt 0.430851 0.000000
vt 0.432624 1.000000
vt 0.432624 0.000000
vt 0.434397 1.000000
vt 0.434397 0.000000
vt 0.436170 1.000000
vt 0.437943 1.000000
vt 0.437943 0.000000
vt 0.439716 1.000000
vt 0.439716 0.000000
vt 0.441489 1.000000
vt 0.441489 0.000000
vt 0.443262 1.000000
vt 0.443262 0.000000
vt 0.445035 1.000000
vt 0.445035 0.000000
vt 0.446809 1.000000
vt 0.448582 1.000000
vt 0.448582 0.000000
vt 0.450355 1.000000
vt 0.450355 0.000000
vt 0.452128 1.000000
vt 0.452128 0.000000
vt 0.453901 1.000000
vt 0.453901 0.000000
vt 0.455674 1.000000
vt 0.455674 0.000000
vt 0.457447 1.000000
vt 0.459220 1.000000
vt 0.459220 0.000000
vt 0.460993 1.000000
vt 0.460993 0.000000
vt 0.462766 1.000000
vt 0.462766 0.000000
vt 0.464539 1.000000
vt 0.464539 0.000000
vt 0.466312 1.000000
vt 0.466312 0.000000
vt 0.468085 1.000000
vt 0.469858 1.000000
vt 0.469858 0.000000
vt 0.471631 1.000000
vt 0.471631 0.000000
vt 0.473404 1.000000
vt 0.473404 0.000000
vt 0.475177 1.000000
vt 0.475177 0.000000
vt 0.476950 1.000000
vt 0.476950 0.000000
vt 0.478723 1.000000
vt 0.480496 1.000000
vt 0.480496 0.000000
vt 0.482269 1.000000
vt 0.482269 0.000000
vt 0.484043 1.000000
vt 0.484043 0.000000
vt 0.485816 1.000000
vt 0.485816 0.000000
vt 0.487589 1.000000
vt 0.487589 0.000000
vt 0.489362 1.000000
vt 0.491135 1.000000
vt 0.491135 0.000000
vt 0.492908 1.000000
vt 0.492908 0.000000
vt 0.494681 1.000000
vt 0.494681 0.000000
vt 0.496454 1.000000
vt 0.496454 0.000000
vt 0.498227 1.000000
vt 0.498227 0.000000
vt 0.500000 1.000000
vt 0.501773 1.000000
vt 0.501773 0.000000
vt 0.503546 1.000000
vt 0.503546 0.000000
vt 0.505319 1.000000
vt 0.505319 0.000000
vt 0.507092 1.000000
vt 0.507092 0.000000
vt 0.508865 1.000000
vt 0.508865 0.000000
vt 0.510638 1.000000
vt 0.512411 1.000000
vt 0.512411 0.000000
vt 0.514184 1.000000
vt 0.514184 0.000000
vt 0.515957 1.000000
vt 0.515957 0.000000
vt 0.517730 1.000000
vt 0.517730 0.000000
vt 0.519504 1.000000
vt 0.519504 0.000000
vt 0.521277 1.000000
vt 0.523050 1.000000
vt 0.523050 0.000000
vt 0.524823 1.000000
vt 0.524823 0.000000
vt 0.526596 1.000000
vt 0.526596 0.000000
vt 0.528369 1.000000
vt 0.528369 0.000000
vt 0.530142 1.000000
vt 0.530142 0.000000
vt 0.531915 1.000000
vt 0.533688 1.000000
vt 0.533688 0.000000
vt 0.535461 1.000000
vt 0.535461 0.000000
vt 0.537234 1.000000
vt 0.537234 0.000000
vt 0.539007 1.000000
vt 0.539007 0.000000
vt 0.540780 1.000000
vt 0.540780 0.000000
vt 0.542553 1.000000
vt 0.544326 1.000000
vt 0.544326 0.000000
vt 0.546099 1.000000
vt 0.546099 0.000000
vt 0.547872 1.000000
vt 0.547872 0.000000
vt 0.549645 1.000000
vt 0.549645 0.000000
vt 0.551418 1.000000
vt 0.551418 0.000000
vt 0.553191 1.000000
vt 0.554965 1.000000
vt 0.554965 0.000000
vt 0.556738 1.000000
vt 0.556738 0.000000
vt 0.558511 1.000000
vt 0.558511 0.000000
vt 0.560284 1.000000
vt 0.560284 0.000000
vt 0.562057 1.000000
vt 0.562057 0.000000
vt 0.563830 1.000000
vt 0.565603 1.000000
vt 0.565603 0.000000
vt 0.567376 1.000000
vt 0.567376 0.000000
vt 0.569149 1.000000
vt 0.569149 0.000000
vt 0.570922 1.000000
vt 0.570922 0.000000
vt 0.572695 1.000000
vt 0.572695 0.000000
vt 0.574468 1.000000
vt 0.576241 1.000000
vt 0.576241 0.000000
vt 0.578014 1.000000
vt 0.578014 0.000000
vt 0.579787 1.000000
vt 0.579787 0.000000
vt 0.581560 1.000000
vt 0.581560 0.000000
vt 0.583333 1.000000
vt 0.583333 0.000000
vt 0.585106 1.000000
vt 0.586879 1.000000
vt 0.586879 0.000000
vt 0.588652 1.000000
vt 0.588652 0.000000
vt 0.590426 1.000000
vt 0.590426 0.000000
vt 0.592199 1.000000
vt 0.592199 0.000000
vt 0.593972 1.000000
vt 0.593972 0.000000
vt 0.595745 1.000000
vt 0.597518 1.000000
vt 0.597518 0.000000
vt 0.599291 1.000000
vt 0.599291 0.000000
vt 0.601064 1.000000
vt 0.601064 0.000000
vt 0.602837 1.000000
vt 0.602837 0.000000
vt 0.604610 1.000000
vt 0.604610 0.000000
vt 0.606383 1.000000
vt 0.608156 1.000000
vt 0.608156 0.000000
vt 0.609929 1.000000
vt 0.609929 0.000000
vt 0.611702 1.000000
vt 0.611702 0.000000
vt 0.613475 1.000000
vt 0.613475 0.000000
vt 0.615248 1.000000
vt 0.615248 0.000000
vt 0.617021 1.000000
vt 0.618794 1.000000
vt 0.618794 0.000000
vt 0.620567 1.000000
vt 0.620567 0.000000
vt 0.622340 1.000000
vt 0.622340 0.000000
vt 0.624114 1.000000
vt 0.624114 0.000000
vt 0.625886 1.000000
vt 0.625886 0.000000
vt 0.627660 1.000000
vt 0.629433 1.000000
vt 0.629433 0.000000
vt 0.631206 1.000000
vt 0.631206 0.000000
vt 0.632979 1.000000
vt 0.632979 0.000000
vt 0.634752 1.000000
vt 0.634752 0.000000
vt 0.636525 1.000000
vt 0.636525 0.000000
vt 0.638298 1.000000
vt 0.640071 1.000000
vt 0.640071 0.000000
vt 0.641844 1.000000
vt 0.641844 0.000000
vt 0.643617 1.000000
vt 0.643617 0.000000
vt 0.645390 1.000000
vt 0.645390 0.000000
vt 0.647163 1.000000
vt 0.647163 0.000000
vt 0.648936 1.000000
vt 0.650709 1.000000
vt 0.650709 0.000000
vt 0.652482 1.000000
vt 0.652482 0.000000
vt 0.654255 1.000000
vt 0.654255 0.000000
vt 0.656028 1.000000
vt 0.656028 0.000000
vt 0.657801 1.000000
vt 0.657801 0.000000
vt 0.659574 1.000000
vt 0.661348 1.000000
vt 0.661348 0.000000
vt 0.663121 1.000000
vt 0.663121 0.000000
vt 0.664894 1.000000
vt 0.664894 0.000000
vt 0.666667 1.000000
vt 0.668440 1.000000
vt 0.668440 0.000000
vt 0.670213 1.000000
vt 0.671986 1.000000
vt 0.671986 0.000000
vt 0.673759 1.000000
vt 0.673759 0.000000
vt 0.675532 1.000000
vt 0.675532 0.000000
vt 0.677305 1.000000
vt 0.677305 0.000000
vt 0.679078 1.000000
vt 0.679078 0.000000
vt 0.680851 1.000000
vt 0.682624 1.000000
vt 0.682624 0.000000
vt 0.684397 1.000000
vt 0.684397 0.000000
vt 0.686170 1.000000
vt 0.686170 0.000000
vt 0.687943 1.000000
vt 0.687943 0.000000
vt 0.689716 1.000000
vt 0.689716 0.000000
vt 0.691489 1.000000
vt 0.693262 1.000000
vt 0.693262 0.000000
vt 0.695035 1.000000
vt 0.695035 0.000000
vt 0.696809 1.000000
vt 0.696809 0.000000
vt 0.698582 1.000000
vt 0.698582 0.000000
vt 0.700355 1.000000
vt 0.700355 0.000000
vt 0.702128 1.000000
vt 0.703901 1.000000
vt 0.703901 0.000000
vt 0.705674 1.000000
vt 0.705674 0.000000
vt 0.707447 1.000000
vt 0.707447 0.000000
vt 0.709220 1.000000
vt 0.709220 0.000000
vt 0.710993 1.000000
vt 0.710993 0.000000
vt 0.712766 1.000000
vt 0.714539 1.000000
vt 0.714539 0.000000
vt 0.716312 1.000000
vt 0.716312 0.000000
vt 0.718085 1.000000
vt 0.718085 0.000000
vt 0.719858 1.000000
vt 0.719858 0.000000
vt 0.721631 1.000000
vt 0.721631 0.000000
vt 0.723404 1.000000
vt 0.725177 1.000000
vt 0.725177 0.000000
vt 0.726950 1.000000
vt 0.726950 0.000000
vt 0.728723 1.000000
vt 0.728723 0.000000
vt 0.730496 1.000000
vt 0.730496 0.000000
vt 0.732270 1.000000
vt 0.732270 0.000000
vt 0.734043 1.000000
vt 0.735816 1.000000
vt 0.735816 0.000000
vt 0.737589 1.000000
vt 0.737589 0.000000
vt 0.739362 1.000000
vt 0.739362 0.000000
vt 0.741135 1.000000
vt 0.741135 0.000000
vt 0.742908 1.000000
vt 0.742908 0.000000
vt 0.744681 1.000000
vt 0.746454 1.000000
vt 0.746454 0.000000
vt 0.748227 1.000000
vt 0.748227 0.000000
vt 0.750000 1.000000
vt 0.750000 0.000000
vt 0.751773 1.000000
vt 0.751773 0.000000
vt 0.753546 1.000000
vt 0.753546 0.000000
vt 0.755319 1.000000
vt 0.757092 1.000000
vt 0.757092 0.000000
vt 0.758865 1.000000
vt 0.758865 0.000000
vt 0.760638 1.000000
vt 0.760638 0.000000
vt 0.762411 1.000000
vt 0.762411 0.000000
vt 0.764184 1.000000
vt 0.764184 0.000000
vt 0.765957 1.000000
vt 0.767730 1.000000
vt 0.767730 0.000000
vt 0.769504 1.000000
vt 0.769504 0.000000
vt 0.771277 1.000000
vt 0.771277 0.000000
vt 0.773050 1.000000
vt 0.773050 0.000000
vt 0.774823 1.000000
vt 0.774823 0.000000
vt 0.776596 1.000000
vt 0.778369 1.000000
vt 0.778369 0.000000
vt 0.780142 1.000000
vt 0.780142 0.000000
vt 0.781915 1.000000
vt 0.781915 0.000000
vt 0.783688 1.000000
vt 0.783688 0.000000
vt 0.785461 1.000000
vt 0.785461 0.000000
vt 0.787234 1.000000
vt 0.789007 1.000000
vt 0.789007 0.000000
vt 0.790780 1.000000
vt 0.790780 0.000000
vt 0.792553 1.000000
vt 0.792553 0.000000
vt 0.794326 1.000000
vt 0.794326 0.000000
vt 0.796099 1.000000
vt 0.796099 0.000000
vt 0.797872 1.000000
vt 0.799645 1.000000
vt 0.799645 0.000000
vt 0.801418 1.000000
vt 0.801418 0.000000
vt 0.803191 1.000000
vt 0.803191 0.000000
vt 0.804965 1.000000
vt 0.804965 0.000000
vt 0.806738 1.000000
vt 0.806738 0.000000
vt 0.808511 1.000000
vt 0.810284 1.000000
vt 0.810284 0.000000
vt 0.812057 1.000000
vt 0.812057 0.000000
vt 0.813830 1.000000
vt 0.813830 0.000000
vt 0.815603 1.000000
vt 0.815603 0.000000
vt 0.817376 1.000000
vt 0.817376 0.000000
vt 0.819149 1.000000
vt 0.820922 1.000000
vt 0.820922 0.000000
vt 0.822695 1.000000
vt 0.822695 0.000000
vt 0.824468 1.000000
vt 0.824468 0.000000
vt 0.826241 1.000000
vt 0.826241 0.000000
vt 0.828014 1.000000
vt 0.828014 0.000000
vt 0.829787 1.000000
vt 0.831560 1.000000
vt 0.831560 0.000000
vt 0.833333 1.000000
vt 0.833333 0.000000
vt 0.835106 1.000000
vt 0.835106 0.000000
vt 0.836879 1.000000
vt 0.836879 0.000000
vt 0.838652 1.000000
vt 0.838652 0.000000
vt 0.840426 1.000000
vt 0.842199 1.000000
vt 0.842199 0.000000
vt 0.843972 1.000000
vt 0.843972 0.000000
vt 0.845745 1.000000
vt 0.845745 0.000000
vt 0.847518 1.000000
vt 0.847518 0.000000
vt 0.849291 1.000000
vt 0.849291 0.000000
vt 0.851064 1.000000
vt 0.852837 1.000000
vt 0.852837 0.000000
vt 0.854610 1.000000
vt 0.854610 0.000000
vt 0.856383 1.000000
vt 0.856383 0.000000
vt 0.858156 1.000000
vt 0.858156 0.000000
vt 0.859929 1.000000
vt 0.859929 0.000000
vt 0.861702 1.000000
vt 0.863475 1.000000
vt 0.863475 0.000000
vt 0.865248 1.000000
vt 0.865248 0.000000
vt 0.867021 1.000000
vt 0.867021 0.000000
vt 0.868794 1.000000
vt 0.868794 0.000000
vt 0.870567 1.000000
vt 0.870567 0.000000
vt 0.872340 1.000000
vt 0.874114 1.000000
vt 0.874114 0.000000
vt 0.875886 1.000000
vt 0.875886 0.000000
vt 0.877660 1.000000
vt 0.877660 0.000000
vt 0.879433 1.000000
vt 0.879433 0.000000
vt 0.881206 1.000000
vt 0.881206 0.000000
vt 0.882979 1.000000
vt 0.884752 1.000000
vt 0.884752 0.000000
vt 0.886525 1.000000
vt 0.886525 0.000000
vt 0.888298 1.000000
vt 0.888298 0.000000
vt 0.890071 1.000000
vt 0.890071 0.000000
vt 0.891844 1.000000
vt 0.891844 0.000000
vt 0.893617 1.000000
vt 0.895390 1.000000
vt 0.895390 0.000000
vt 0.897163 1.000000
vt 0.897163 0.000000
vt 0.898936 1.000000
vt 0.898936 0.000000
vt 0.900709 1.000000
vt 0.900709 0.000000
vt 0.902482 1.000000
vt 0.902482 0.000000
vt 0.904255 1.000000
vt 0.906028 1.000000
vt 0.906028 0.000000
vt 0.907801 1.000000
vt 0.907801 0.000000
vt 0.909574 1.000000
vt 0.909574 0.000000
vt 0.911348 1.000000
vt 0.911348 0.000000
vt 0.913121 1.000000
vt 0.913121 0.000000
vt 0.914894 1.000000
vt 0.916667 1.000000
vt 0.916667 0.000000
vt 0.918440 1.000000
vt 0.918440 0.000000
vt 0.920213 1.000000
vt 0.920213 0.000000
vt 0.921986 1.000000
vt 0.921986 0.000000
vt 0.923759 1.000000
vt 0.923759 0.000000
vt 0.925532 1.000000
vt 0.927305 1.000000
vt 0.927305 0.000000
vt 0.929078 1.000000
vt 0.929078 0.000000
vt 0.930851 1.000000
vt 0.930851 0.000000
vt 0.932624 1.000000
vt 0.932624 0.000000
vt 0.934397 1.000000
vt 0.934397 0.000000
vt 0.936170 1.000000
vt 0.937943 1.000000
vt 0.937943 0.000000
vt 0.939716 1.000000
vt 0.939716 0.000000
vt 0.941489 1.000000
vt 0.941489 0.000000
vt 0.943262 1.000000
vt 0.943262 0.000000
vt 0.945035 1.000000
vt 0.945035 0.000000
vt 0.946809 1.000000
vt 0.948582 1.000000
vt 0.948582 0.000000
vt 0.950355 1.000000
vt 0.950355 0.000000
vt 0.952128 1.000000
vt 0.952128 0.000000
vt 0.953901 1.000000
vt 0.953901 0.000000
vt 0.955674 1.000000
vt 0.955674 0.000000
vt 0.957447 1.000000
vt 0.959220 1.000000
vt 0.959220 0.000000
vt 0.960993 1.000000
vt 0.960993 0.000000
vt 0.962766 1.000000
vt 0.962766 0.000000
vt 0.964539 1.000000
vt 0.964539 0.000000
vt 0.966312 1.000000
vt 0.966312 0.000000
vt 0.968085 1.000000
vt 0.969858 1.000000
vt 0.969858 0.000000
vt 0.971631 1.000000
vt 0.971631 0.000000
vt 0.973404 1.000000
vt 0.973404 0.000000
vt 0.975177 1.000000
vt 0.975177 0.000000
vt 0.976950 1.000000
vt 0.976950 0.000000
vt 0.978723 1.000000
vt 0.980496 1.000000
vt 0.980496 0.000000
vt 0.982270 1.000000
vt 0.982270 0.000000
vt 0.984043 1.000000
vt 0.984043 0.000000
vt 0.985816 1.000000
vt 0.985816 0.000000
vt 0.987589 1.000000
vt 0.987589 0.000000
vt 0.989362 1.000000
vt 0.991135 1.000000
vt 0.991135 0.000000
vt 0.992908 1.000000
vt 0.992908 0.000000
vt 0.994681 1.000000
vt 0.994681 0.000000
vt 0.996454 1.000000
vt 0.996454 0.000000
vt 0.998227 1.000000
vt 0.998227 0.000000
vt 1.000000 1.000000
vt 0.005155 1.000000
vt 0.005155 0.000000
vt 0.010309 1.000000
vt 0.010309 0.000000
vt 0.015464 1.000000
vt 0.015464 0.000000
vt 0.020619 1.000000
vt 0.020619 0.000000
vt 0.025773 1.000000
vt 0.025773 0.000000
vt 0.030928 1.000000
vt 0.030928 0.000000
vt 0.036082 1.000000
vt 0.036082 0.000000
vt 0.041237 1.000000
vt 0.041237 0.000000
vt 0.046392 1.000000
vt 0.046392 0.000000
vt 0.051546 1.000000
vt 0.051546 0.000000
vt 0.056701 1.000000
vt 0.056701 0.000000
vt 0.061856 1.000000
vt 0.061856 0.000000
vt 0.067010 1.000000
vt 0.067010 0.000000
vt 0.072165 1.000000
vt 0.072165 0.000000
vt 0.077320 1.000000
vt 0.077320 0.000000
vt 0.082474 1.000000
vt 0.082474 0.000000
vt 0.087629 1.000000
vt 0.087629 0.000000
vt 0.092784 1.000000
vt 0.092784 0.000000
vt 0.097938 1.000000
vt 0.097938 0.000000
vt 0.103093 1.000000
vt 0.103093 0.000000
vt 0.108247 1.000000
vt 0.108247 0.000000
vt 0.113402 1.000000
vt 0.113402 0.000000
vt 0.118557 1.000000
vt 0.118557 0.000000
vt 0.123711 1.000000
vt 0.123711 0.000000
vt 0.128866 1.000000
vt 0.128866 0.000000
vt 0.134021 1.000000
vt 0.134021 0.000000
vt 0.139175 1.000000
vt 0.139175 0.000000
vt 0.144330 1.000000
vt 0.144330 0.000000
vt 0.149485 1.000000
vt 0.149485 0.000000
vt 0.154639 1.000000
vt 0.154639 0.000000
vt 0.159794 1.000000
vt 0.159794 0.000000
vt 0.164948 1.000000
vt 0.164948 0.000000
vt 0.170103 1.000000
vt 0.170103 0.000000
vt 0.175258 1.000000
vt 0.175258 0.000000
vt 0.180412 1.000000
vt 0.180412 0.000000
vt 0.185567 1.000000
vt 0.185567 0.000000
vt 0.190722 1.000000
vt 0.190722 0.000000
vt 0.195876 1.000000
vt 0.195876 0.000000
vt 0.201031 1.000000
vt 0.201031 0.000000
vt 0.206186 1.000000
vt 0.206186 0.000000
vt 0.211340 1.000000
vt 0.211340 0.000000
vt 0.216495 1.000000
vt 0.216495 0.000000
vt 0.221649 1.000000
vt 0.221649 0.000000
vt 0.226804 1.000000
vt 0.226804 0.000000
vt 0.231959 1.000000
vt 0.231959 0.000000
vt 0.237113 1.000000
vt 0.237113 0.000000
vt 0.242268 1.000000
vt 0.242268 0.000000
vt 0.247423 1.000000
vt 0.247423 0.000000
vt 0.252577 1.000000
vt 0.252577 0.000000
vt 0.257732 1.000000
vt 0.257732 0.000000
vt 0.262887 1.000000
vt 0.262887 0.000000
vt 0.268041 1.000000
vt 0.268041 0.000000
vt 0.273196 1.000000
vt 0.273196 0.000000
vt 0.278351 1.000000
vt 0.278351 0.000000
vt 0.283505 1.000000
vt 0.283505 0.000000
vt 0.288660 1.000000
vt 0.288660 0.000000
vt 0.293814 1.000000
vt 0.293814 0.000000
vt 0.298969 1.000000
vt 0.298969 0.000000
vt 0.304124 1.000000
vt 0.304124 0.000000
vt 0.309278 1.000000
vt 0.309278 0.000000
vt 0.314433 1.000000
vt 0.314433 0.000000
vt 0.319588 1.000000
vt 0.319588 0.000000
vt 0.324742 1.000000
vt 0.324742 0.000000
vt 0.329897 1.000000
vt 0.329897 0.000000
vt 0.335052 1.000000
vt 0.335052 0.000000
vt 0.340206 1.000000
vt 0.340206 0.000000
vt 0.345361 1.000000
vt 0.345361 0.000000
vt 0.350515 1.000000
vt 0.350515 0.000000
vt 0.355670 1.000000
vt 0.355670 0.000000
vt 0.360825 1.000000
vt 0.360825 0.000000
vt 0.365979 1.000000
vt 0.365979 0.000000
vt 0.371134 1.000000
vt 0.371134 0.000000
vt 0.376289 1.000000
vt 0.376289 0.000000
vt 0.381443 1.000000
vt 0.381443 0.000000
vt 0.386598 1.000000
vt 0.386598 0.000000
vt 0.391753 1.000000
vt 0.391753 0.000000
vt 0.396907 1.000000
vt 0.396907 0.000000
vt 0.402062 1.000000
vt 0.402062 0.000000
vt 0.407216 1.000000
vt 0.407216 0.000000
vt 0.412371 1.000000
vt 0.412371 0.000000
vt 0.417526 1.000000
vt 0.417526 0.000000
vt 0.422680 1.000000
vt 0.422680 0.000000
vt 0.427835 1.000000
vt 0.427835 0.000000
vt 0.432990 1.000000
vt 0.432990 0.000000
vt 0.438144 1.000000
vt 0.438144 0.000000
vt 0.443299 1.000000
vt 0.443299 0.000000
vt 0.448454 1.000000
vt 0.448454 0.000000
vt 0.453608 1.000000
vt 0.453608 0.000000
vt 0.458763 1.000000
vt 0.458763 0.000000
vt 0.463918 1.000000
vt 0.463918 0.000000
vt 0.469072 1.000000
vt 0.469072 0.000000
vt 0.474227 1.000000
vt 0.474227 0.000000
vt 0.479381 1.000000
vt 0.479381 0.000000
vt 0.484536 1.000000
vt 0.484536 0.000000
vt 0.489691 1.000000
vt 0.489691 0.000000
vt 0.494845 1.000000
vt 0.494845 0.000000
vt 0.505155 1.000000
vt 0.505155 0.000000
vt 0.510309 1.000000
vt 0.510309 0.000000
vt 0.515464 1.000000
vt 0.515464 0.000000
vt 0.520619 1.000000
vt 0.520619 0.000000
vt 0.525773 1.000000
vt 0.525773 0.000000
vt 0.530928 1.000000
vt 0.530928 0.000000
vt 0.536082 1.000000
vt 0.536082 0.000000
vt 0.541237 1.000000
vt 0.541237 0.000000
vt 0.546392 1.000000
vt 0.546392 0.000000
vt 0.551546 1.000000
vt 0.551546 0.000000
vt 0.556701 1.000000
vt 0.556701 0.000000
vt 0.561856 1.000000
vt 0.561856 0.000000
vt 0.567010 1.000000
vt 0.567010 0.000000
vt 0.572165 1.000000
vt 0.572165 0.000000
vt 0.577320 1.000000
vt 0.577320 0.000000
vt 0.582474 1.000000
vt 0.582474 0.000000
vt 0.587629 1.000000
vt 0.587629 0.000000
vt 0.592784 1.000000
vt 0.592784 0.000000
vt 0.597938 1.000000
vt 0.597938 0.000000
vt 0.603093 1.000000
vt 0.603093 0.000000
vt 0.608247 1.000000
vt 0.608247 0.000000
vt 0.613402 1.000000
vt 0.613402 0.000000
vt 0.618557 1.000000
vt 0.618557 0.000000
vt 0.623711 1.000000
vt 0.623711 0.000000
vt 0.628866 1.000000
vt 0.628866 0.000000
vt 0.634021 1.000000
vt 0.634021 0.000000
vt 0.639175 1.000000
vt 0.639175 0.000000
vt 0.644330 1.000000
vt 0.644330 0.000000
vt 0.649485 1.000000
vt 0.649485 0.000000
vt 0.654639 1.000000
vt 0.654639 0.000000
vt 0.659794 1.000000
vt 0.659794 0.000000
vt 0.664948 1.000000
vt 0.664948 0.000000
vt 0.670103 1.000000
vt 0.670103 0.000000
vt 0.675258 1.000000
vt 0.675258 0.000000
vt 0.680412 1.000000
vt 0.680412 0.000000
vt 0.685567 1.000000
vt 0.685567 0.000000
vt 0.690722 1.000000
vt 0.690722 0.000000
vt 0.695876 1.000000
vt 0.695876 0.000000
vt 0.701031 1.000000
vt 0.701031 0.000000
vt 0.706186 1.000000
vt 0.706186 0.000000
vt 0.711340 1.000000
vt 0.711340 0.000000
vt 0.716495 1.000000
vt 0.716495 0.000000
vt 0.721649 1.000000
vt 0.721649 0.000000
vt 0.726804 1.000000
vt 0.726804 0.000000
vt 0.731959 1.000000
vt 0.731959 0.000000
vt 0.737113 1.000000
vt 0.737113 0.000000
vt 0.742268 1.000000
vt 0.742268 0.000000
vt 0.747423 1.000000
vt 0.747423 0.000000
vt 0.752577 1.000000
vt 0.752577 0.000000
vt 0.757732 1.000000
vt 0.757732 0.000000
vt 0.762887 1.000000
vt 0.762887 0.000000
vt 0.768041 1.000000
vt 0.768041 0.000000
vt 0.773196 1.000000
vt 0.773196 0.000000
vt 0.778351 1.000000
vt 0.778351 0.000000
vt 0.783505 1.000000
vt 0.783505 0.000000
vt 0.788660 1.000000
vt 0.788660 0.000000
vt 0.793814 1.000000
vt 0.793814 0.000000
vt 0.798969 1.000000
vt 0.798969 0.000000
vt 0.804124 1.000000
vt 0.804124 0.000000
vt 0.809278 1.000000
vt 0.809278 0.000000
vt 0.814433 1.000000
vt 0.814433 0.000000
vt 0.819588 1.000000
vt 0.819588 0.000000
vt 0.824742 1.000000
vt 0.824742 0.000000
vt 0.829897 1.000000
vt 0.829897 0.000000
vt 0.835052 1.000000
vt 0.835052 0.000000
vt 0.840206 1.000000
vt 0.840206 0.000000
vt 0.845361 1.000000
vt 0.845361 0.000000
vt 0.850515 1.000000
vt 0.850515 0.000000
vt 0.855670 1.000000
vt 0.855670 0.000000
vt 0.860825 1.000000
vt 0.860825 0.000000
vt 0.865979 1.000000
vt 0.865979 0.000000
vt 0.871134 1.000000
vt 0.871134 0.000000
vt 0.876289 1.000000
vt 0.876289 0.000000
vt 0.881443 1.000000
vt 0.881443 0.000000
vt 0.886598 1.000000
vt 0.886598 0.000000
vt 0.891753 1.000000
vt 0.891753 0.000000
vt 0.896907 1.000000
vt 0.896907 0.000000
vt 0.902062 1.000000
vt 0.902062 0.000000
vt 0.907216 1.000000
vt 0.907216 0.000000
vt 0.912371 1.000000
vt 0.912371 0.000000
vt 0.917526 1.000000
vt 0.917526 0.000000
vt 0.922680 1.000000
vt 0.922680 0.000000
vt 0.927835 1.000000
vt 0.927835 0.000000
vt 0.932990 1.000000
vt 0.932990 0.000000
vt 0.938144 1.000000
vt 0.938144 0.000000
vt 0.943299 1.000000
vt 0.943299 0.000000
vt 0.948454 1.000000
vt 0.948454 0.000000
vt 0.953608 1.000000
vt 0.953608 0.000000
vt 0.958763 1.000000
vt 0.958763 0.000000
vt 0.963918 1.000000
vt 0.963918 0.000000
vt 0.969072 1.000000
vt 0.969072 0.000000
vt 0.974227 1.000000
vt 0.974227 0.000000
vt 0.979381 1.000000
vt 0.979381 0.000000
vt 0.984536 1.000000
vt 0.984536 0.000000
vt 0.989691 1.000000
vt 0.989691 0.000000
vt 0.994845 1.000000
vt 0.994845 0.000000
vt 0.002309 1.000000
vt 0.002309 0.000000
vt 0.004619 1.000000
vt 0.004619 0.000000
vt 0.006928 1.000000
vt 0.006928 0.000000
vt 0.009238 1.000000
vt 0.009238 0.000000
vt 0.011547 1.000000
vt 0.011547 0.000000
vt 0.013857 1.000000
vt 0.013857 0.000000
vt 0.016166 1.000000
vt 0.016166 0.000000
vt 0.018476 1.000000
vt 0.018476 0.000000
vt 0.020785 1.000000
vt 0.020785 0.000000
vt 0.023095 1.000000
vt 0.023095 0.000000
vt 0.025404 1.000000
vt 0.025404 0.000000
vt 0.027714 1.000000
vt 0.027714 0.000000
vt 0.030023 1.000000
vt 0.030023 0.000000
vt 0.032333 1.000000
vt 0.032333 0.000000
vt 0.034642 1.000000
vt 0.034642 0.000000
vt 0.036952 1.000000
vt 0.036952 0.000000
vt 0.039261 1.000000
vt 0.039261 0.000000
vt 0.041570 1.000000
vt 0.041570 0.000000
vt 0.043880 1.000000
vt 0.043880 0.000000
vt 0.046189 1.000000
vt 0.046189 0.000000
vt 0.048499 1.000000
vt 0.048499 0.000000
vt 0.050808 1.000000
vt 0.050808 0.000000
vt 0.053118 1.000000
vt 0.053118 0.000000
vt 0.055427 1.000000
vt 0.055427 0.000000
vt 0.057737 1.000000
vt 0.057737 0.000000
vt 0.060046 1.000000
vt 0.060046 0.000000
vt 0.062356 1.000000
vt 0.062356 0.000000
vt 0.064665 1.000000
vt 0.064665 0.000000
vt 0.066975 1.000000
vt 0.066975 0.000000
vt 0.069284 1.000000
vt 0.069284 0.000000
vt 0.071594 1.000000
vt 0.071594 0.000000
vt 0.073903 1.000000
vt 0.073903 0.000000
vt 0.076212 1.000000
vt 0.076212 0.000000
vt 0.078522 1.000000
vt 0.078522 0.000000
vt 0.080831 1.000000
vt 0.080831 0.000000
vt 0.083141 1.000000
vt 0.083141 0.000000
vt 0.085450 1.000000
vt 0.085450 0.000000
vt 0.087760 1.000000
vt 0.087760 0.000000
vt 0.090069 1.000000
vt 0.090069 0.000000
vt 0.092379 1.000000
vt 0.092379 0.000000
vt 0.094688 1.000000
vt 0.094688 0.000000
vt 0.096998 1.000000
vt 0.096998 0.000000
vt 0.099307 1.000000
vt 0.099307 0.000000
vt 0.101617 1.000000
vt 0.101617 0.000000
vt 0.103926 1.000000
vt 0.103926 0.000000
vt 0.106236 1.000000
vt 0.106236 0.000000
vt 0.108545 1.000000
vt 0.108545 0.000000
vt 0.110855 1.000000
vt 0.110855 0.000000
vt 0.113164 1.000000
vt 0.113164 0.000000
vt 0.115473 1.000000
vt 0.115473 0.000000
vt 0.117783 1.000000
vt 0.117783 0.000000
vt 0.120092 1.000000
vt 0.120092 0.000000
vt 0.122402 1.000000
vt 0.122402 0.000000
vt 0.124711 1.000000
vt 0.124711 0.000000
vt 0.127021 1.000000
vt 0.127021 0.000000
vt 0.129330 1.000000
vt 0.129330 0.000000
vt 0.131640 1.000000
vt 0.131640 0.000000
vt 0.133949 1.000000
vt 0.133949 0.000000
vt 0.136259 1.000000
vt 0.136259 0.000000
vt 0.138568 1.000000
vt 0.138568 0.000000
vt 0.140878 1.000000
vt 0.140878 0.000000
vt 0.143187 1.000000
vt 0.143187 0.000000
vt 0.145497 1.000000
vt 0.145497 0.000000
vt 0.147806 1.000000
vt 0.147806 0.000000
vt 0.150115 1.000000
vt 0.150115 0.000000
vt 0.152425 1.000000
vt 0.152425 0.000000
vt 0.154734 1.000000
vt 0.154734 0.000000
vt 0.157044 1.000000
vt 0.157044 0.000000
vt 0.159353 1.000000
vt 0.159353 0.000000
vt 0.161663 1.000000
vt 0.161663 0.000000
vt 0.163972 1.000000
vt 0.163972 0.000000
vt 0.166282 1.000000
vt 0.166282 0.000000
vt 0.168591 1.000000
vt 0.168591 0.000000
vt 0.170901 1.000000
vt 0.170901 0.000000
vt 0.173210 1.000000
vt 0.173210 0.000000
vt 0.175520 1.000000
vt 0.175520 0.000000
vt 0.177829 1.000000
vt 0.177829 0.000000
vt 0.180139 1.000000
vt 0.180139 0.000000
vt 0.182448 1.000000
vt 0.182448 0.000000
vt 0.184758 1.000000
vt 0.184758 0.000000
vt 0.187067 1.000000
vt 0.187067 0.000000
vt 0.189376 1.000000
vt 0.189376 0.000000
vt 0.191686 1.000000
vt 0.191686 0.000000
vt 0.193995 1.000000
vt 0.193995 0.000000
vt 0.196305 1.000000
vt 0.196305 0.000000
vt 0.198614 1.000000
vt 0.198614 0.000000
vt 0.200924 1.000000
vt 0.200924 0.000000
vt 0.203233 1.000000
vt 0.203233 0.000000
vt 0.205543 1.000000
vt 0.205543 0.000000
vt 0.207852 1.000000
vt 0.207852 0.000000
vt 0.210162 1.000000
vt 0.210162 0.000000
vt 0.212471 1.000000
vt 0.212471 0.000000
vt 0.214781 1.000000
vt 0.214781 0.000000
vt 0.217090 1.000000
vt 0.217090 0.000000
vt 0.219400 1.000000
vt 0.219400 0.000000
vt 0.221709 1.000000
vt 0.221709 0.000000
vt 0.224018 1.000000
vt 0.224018 0.000000
vt 0.226328 1.000000
vt 0.226328 0.000000
vt 0.228637 1.000000
vt 0.228637 0.000000
vt 0.230947 1.000000
vt 0.230947 0.000000
vt 0.233256 1.000000
vt 0.233256 0.000000
vt 0.235566 1.000000
vt 0.235566 0.000000
vt 0.237875 1.000000
vt 0.237875 0.000000
vt 0.240185 1.000000
vt 0.240185 0.000000
vt 0.242494 1.000000
vt 0.242494 0.000000
vt 0.244804 1.000000
vt 0.244804 0.000000
vt 0.247113 1.000000
vt 0.247113 0.000000
vt 0.249423 1.000000
vt 0.249423 0.000000
vt 0.251732 1.000000
vt 0.251732 0.000000
vt 0.254042 1.000000
vt 0.254042 0.000000
vt 0.256351 1.000000
vt 0.256351 0.000000
vt 0.258660 1.000000
vt 0.258660 0.000000
vt 0.260970 1.000000
vt 0.260970 0.000000
vt 0.263279 1.000000
vt 0.263279 0.000000
vt 0.265589 1.000000
vt 0.265589 0.000000
vt 0.267898 1.000000
vt 0.267898 0.000000
vt 0.270208 1.000000
vt 0.270208 0.000000
vt 0.272517 1.000000
vt 0.272517 0.000000
vt 0.274827 1.000000
vt 0.274827 0.000000
vt 0.277136 1.000000
vt 0.277136 0.000000
vt 0.279446 1.000000
vt 0.279446 0.000000
vt 0.281755 1.000000
vt 0.281755 0.000000
vt 0.284065 1.000000
vt 0.284065 0.000000
vt 0.286374 1.000000
vt 0.286374 0.000000
vt 0.288684 1.000000
vt 0.288684 0.000000
vt 0.290993 1.000000
vt 0.290993 0.000000
vt 0.293303 1.000000
vt 0.293303 0.000000
vt 0.295612 1.000000
vt 0.295612 0.000000
vt 0.297921 1.000000
vt 0.297921 0.000000
vt 0.300231 1.000000
vt 0.300231 0.000000
vt 0.302540 1.000000
vt 0.302540 0.000000
vt 0.304850 1.000000
vt 0.304850 0.000000
vt 0.307159 1.000000
vt 0.307159 0.000000
vt 0.309469 1.000000
vt 0.309469 0.000000
vt 0.311778 1.000000
vt 0.311778 0.000000
vt 0.314088 1.000000
vt 0.314088 0.000000
vt 0.316397 1.000000
vt 0.316397 0.000000
vt 0.318707 1.000000
vt 0.318707 0.000000
vt 0.321016 1.000000
vt 0.321016 0.000000
vt 0.323326 1.000000
vt 0.323326 0.000000
vt 0.325635 1.000000
vt 0.325635 0.000000
vt 0.327945 1.000000
vt 0.327945 0.000000
vt 0.330254 1.000000
vt 0.330254 0.000000
vt 0.332564 1.000000
vt 0.332564 0.000000
vt 0.334873 1.000000
vt 0.334873 0.000000
vt 0.337182 1.000000
vt 0.337182 0.000000
vt 0.339492 1.000000
vt 0.339492 0.000000
vt 0.341801 1.000000
vt 0.341801 0.000000
vt 0.344111 1.000000
vt 0.344111 0.000000
vt 0.346420 1.000000
vt 0.346420 0.000000
vt 0.348730 1.000000
vt 0.348730 0.000000
vt 0.351039 1.000000
vt 0.351039 0.000000
vt 0.353349 1.000000
vt 0.353349 0.000000
vt 0.355658 1.000000
vt 0.355658 0.000000
vt 0.357968 1.000000
vt 0.357968 0.000000
vt 0.360277 1.000000
vt 0.360277 0.000000
vt 0.362587 1.000000
vt 0.362587 0.000000
vt 0.364896 1.000000
vt 0.364896 0.000000
vt 0.367206 1.000000
vt 0.367206 0.000000
vt 0.369515 1.000000
vt 0.369515 0.000000
vt 0.371824 1.000000
vt 0.371824 0.000000
vt 0.374134 1.000000
vt 0.374134 0.000000
vt 0.376443 1.000000
vt 0.376443 0.000000
vt 0.378753 1.000000
vt 0.378753 0.000000
vt 0.381062 1.000000
vt 0.381062 0.000000
vt 0.383372 1.000000
vt 0.383372 0.000000
vt 0.385681 1.000000
vt 0.385681 0.000000
vt 0.387991 1.000000
vt 0.387991 0.000000
vt 0.390300 1.000000
vt 0.390300 0.000000
vt 0.392610 1.000000
vt 0.392610 0.000000
vt 0.394919 1.000000
vt 0.394919 0.000000
vt 0.397229 1.000000
vt 0.397229 0.000000
vt 0.399538 1.000000
vt 0.399538 0.000000
vt 0.401848 1.000000
vt 0.401848 0.000000
vt 0.404157 1.000000
vt 0.404157 0.000000
vt 0.406467 1.000000
vt 0.406467 0.000000
vt 0.408776 1.000000
vt 0.408776 0.000000
vt 0.411085 1.000000
vt 0.411085 0.000000
vt 0.413395 1.000000
vt 0.413395 0.000000
vt 0.415704 1.000000
vt 0.415704 0.000000
vt 0.418014 1.000000
vt 0.418014 0.000000
vt 0.420323 1.000000
vt 0.420323 0.000000
vt 0.422633 1.000000
vt 0.422633 0.000000
vt 0.424942 1.000000
vt 0.424942 0.000000
vt 0.427252 1.000000
vt 0.427252 0.000000
vt 0.429561 1.000000
vt 0.429561 0.000000
vt 0.431871 1.000000
vt 0.431871 0.000000
vt 0.434180 1.000000
vt 0.434180 0.000000
vt 0.436490 1.000000
vt 0.436490 0.000000
vt 0.438799 1.000000
vt 0.438799 0.000000
vt 0.441109 1.000000
vt 0.441109 0.000000
vt 0.443418 1.000000
vt 0.443418 0.000000
vt 0.445727 1.000000
vt 0.445727 0.000000
vt 0.448037 1.000000
vt 0.448037 0.000000
vt 0.450346 1.000000
vt 0.450346 0.000000
vt 0.452656 1.000000
vt 0.452656 0.000000
vt 0.454965 1.000000
vt 0.454965 0.000000
vt 0.457275 1.000000
vt 0.457275 0.000000
vt 0.459584 1.000000
vt 0.459584 0.000000
vt 0.461894 1.000000
vt 0.461894 0.000000
vt 0.464203 1.000000
vt 0.464203 0.000000
vt 0.466513 1.000000
vt 0.466513 0.000000
vt 0.468822 1.000000
vt 0.468822 0.000000
vt 0.471132 1.000000
vt 0.471132 0.000000
vt 0.473441 1.000000
vt 0.473441 0.000000
vt 0.475751 1.000000
vt 0.475751 0.000000
vt 0.478060 1.000000
vt 0.478060 0.000000
vt 0.480370 1.000000
vt 0.480370 0.000000
vt 0.482679 1.000000
vt 0.482679 0.000000
vt 0.484988 1.000000
vt 0.484988 0.000000
vt 0.487298 1.000000
vt 0.487298 0.000000
vt 0.489607 1.000000
vt 0.489607 0.000000
vt 0.491917 1.000000
vt 0.491917 0.000000
vt 0.494226 1.000000
vt 0.494226 0.000000
vt 0.496536 1.000000
vt 0.496536 0.000000
vt 0.498845 1.000000
vt 0.498845 0.000000
vt 0.501155 1.000000
vt 0.501155 0.000000
vt 0.503464 1.000000
vt 0.503464 0.000000
vt 0.505774 1.000000
vt 0.505774 0.000000
vt 0.508083 1.000000
vt 0.508083 0.000000
vt 0.510393 1.000000
vt 0.510393 0.000000
vt 0.512702 1.000000
vt 0.512702 0.000000
vt 0.515012 1.000000
vt 0.515012 0.000000
vt 0.517321 1.000000
vt 0.517321 0.000000
vt 0.519630 1.000000
vt 0.519630 0.000000
vt 0.521940 1.000000
vt 0.521940 0.000000
vt 0.524249 1.000000
vt 0.524249 0.000000
vt 0.526559 1.000000
vt 0.526559 0.000000
vt 0.528868 1.000000
vt 0.528868 0.000000
vt 0.531178 1.000000
vt 0.531178 0.000000
vt 0.533487 1.000000
vt 0.533487 0.000000
vt 0.535797 1.000000
vt 0.535797 0.000000
vt 0.538106 1.000000
vt 0.538106 0.000000
vt 0.540416 1.000000
vt 0.540416 0.000000
vt 0.542725 1.000000
vt 0.542725 0.000000
vt 0.545035 1.000000
vt 0.545035 0.000000
vt 0.547344 1.000000
vt 0.547344 0.000000
vt 0.549654 1.000000
vt 0.549654 0.000000
vt 0.551963 1.000000
vt 0.551963 0.000000
vt 0.554273 1.000000
vt 0.554273 0.000000
vt 0.556582 1.000000
vt 0.556582 0.000000
vt 0.558891 1.000000
vt 0.558891 0.000000
vt 0.561201 1.000000
vt 0.561201 0.000000
vt 0.563510 1.000000
vt 0.563510 0.000000
vt 0.565820 1.000000
vt 0.565820 0.000000
vt 0.568129 1.000000
vt 0.568129 0.000000
vt 0.570439 1.000000
vt 0.570439 0.000000
vt 0.572748 1.000000
vt 0.572748 0.000000
vt 0.575058 1.000000
vt 0.575058 0.000000
vt 0.577367 1.000000
vt 0.577367 0.000000
vt 0.579677 1.000000
vt 0.579677 0.000000
vt 0.581986 1.000000
vt 0.581986 0.000000
vt 0.584296 1.000000
vt 0.584296 0.000000
vt 0.586605 1.000000
vt 0.586605 0.000000
vt 0.588915 1.000000
vt 0.588915 0.000000
vt 0.591224 1.000000
vt 0.591224 0.000000
vt 0.593534 1.000000
vt 0.593534 0.000000
vt 0.595843 1.000000
vt 0.595843 0.000000
vt 0.598152 1.000000
vt 0.598152 0.000000
vt 0.600462 1.000000
vt 0.600462 0.000000
vt 0.602771 1.000000
vt 0.602771 0.000000
vt 0.605081 1.000000
vt 0.605081 0.000000
vt 0.607390 1.000000
vt 0.607390 0.000000
vt 0.609700 1.000000
vt 0.609700 0.000000
vt 0.612009 1.000000
vt 0.612009 0.000000
vt 0.614319 1.000000
vt 0.614319 0.000000
vt 0.616628 1.000000
vt 0.616628 0.000000
vt 0.618938 1.000000
vt 0.618938 0.000000
vt 0.621247 1.000000
vt 0.621247 0.000000
vt 0.623557 1.000000
vt 0.623557 0.000000
vt 0.625866 1.000000
vt 0.625866 0.000000
vt 0.628175 1.000000
vt 0.628175 0.000000
vt 0.630485 1.000000
vt 0.630485 0.000000
vt 0.632794 1.000000
vt 0.632794 0.000000
vt 0.635104 1.000000
vt 0.635104 0.000000
vt 0.637413 1.000000
vt 0.637413 0.000000
vt 0.639723 1.000000
vt 0.639723 0.000000
vt 0.642032 1.000000
vt 0.642032 0.000000
vt 0.644342 1.000000
vt 0.644342 0.000000
vt 0.646651 1.000000
vt 0.646651 0.000000
vt 0.648961 1.000000
vt 0.648961 0.000000
vt 0.651270 1.000000
vt 0.651270 0.000000
vt 0.653580 1.000000
vt 0.653580 0.000000
vt 0.655889 1.000000
vt 0.655889 0.000000
vt 0.658199 1.000000
vt 0.658199 0.000000
vt 0.660508 1.000000
vt 0.660508 0.000000
vt 0.662818 1.000000
vt 0.662818 0.000000
vt 0.665127 1.000000
vt 0.665127 0.000000
vt 0.667436 1.000000
vt 0.667436 0.000000
vt 0.669746 1.000000
vt 0.669746 0.000000
vt 0.672055 1.000000
vt 0.672055 0.000000
vt 0.674365 1.000000
vt 0.674365 0.000000
vt 0.676674 1.000000
vt 0.676674 0.000000
vt 0.678984 1.000000
vt 0.678984 0.000000
vt 0.681293 1.000000
vt 0.681293 0.000000
vt 0.683603 1.000000
vt 0.683603 0.000000
vt 0.685912 1.000000
vt 0.685912 0.000000
vt 0.688222 1.000000
vt 0.688222 0.000000
vt 0.690531 1.000000
vt 0.690531 0.000000
vt 0.692841 1.000000
vt 0.692841 0.000000
vt 0.695150 1.000000
vt 0.695150 0.000000
vt 0.697460 1.000000
vt 0.697460 0.000000
vt 0.699769 1.000000
vt 0.699769 0.000000
vt 0.702079 1.000000
vt 0.702079 0.000000
vt 0.704388 1.000000
vt 0.704388 0.000000
vt 0.706697 1.000000
vt 0.706697 0.000000
vt 0.709007 1.000000
vt 0.709007 0.000000
vt 0.711316 1.000000
vt 0.711316 0.000000
vt 0.713626 1.000000
vt 0.713626 0.000000
vt 0.715935 1.000000
vt 0.715935 0.000000
vt 0.718245 1.000000
vt 0.718245 0.000000
vt 0.720554 1.000000
vt 0.720554 0.000000
vt 0.722864 1.000000
vt 0.722864 0.000000
vt 0.725173 1.000000
vt 0.725173 0.000000
vt 0.727483 1.000000
vt 0.727483 0.000000
vt 0.729792 1.000000
vt 0.729792 0.000000
vt 0.732102 1.000000
vt 0.732102 0.000000
vt 0.734411 1.000000
vt 0.734411 0.000000
vt 0.736721 1.000000
vt 0.736721 0.000000
vt 0.739030 1.000000
vt 0.739030 0.000000
vt 0.741340 1.000000
vt 0.741340 0.000000
vt 0.743649 1.000000
vt 0.743649 0.000000
vt 0.745958 1.000000
vt 0.745958 0.000000
vt 0.748268 1.000000
vt 0.748268 0.000000
vt 0.750577 1.000000
vt 0.750577 0.000000
vt 0.752887 1.000000
vt 0.752887 0.000000
vt 0.755196 1.000000
vt 0.755196 0.000000
vt 0.757506 1.000000
vt 0.757506 0.000000
vt 0.759815 1.000000
vt 0.759815 0.000000
vt 0.762125 1.000000
vt 0.762125 0.000000
vt 0.764434 1.000000
vt 0.764434 0.000000
vt 0.766744 1.000000
vt 0.766744 0.000000
vt 0.769053 1.000000
vt 0.769053 0.000000
vt 0.771363 1.000000
vt 0.771363 0.000000
vt 0.773672 1.000000
vt 0.773672 0.000000
vt 0.775982 1.000000
vt 0.775982 0.000000
vt 0.778291 1.000000
vt 0.778291 0.000000
vt 0.780600 1.000000
vt 0.780600 0.000000
vt 0.782910 1.000000
vt 0.782910 0.000000
vt 0.785219 1.000000
vt 0.785219 0.000000
vt 0.787529 1.000000
vt 0.787529 0.000000
vt 0.789838 1.000000
vt 0.789838 0.000000
vt 0.792148 1.000000
vt 0.792148 0.000000
vt 0.794457 1.000000
vt 0.794457 0.000000
vt 0.796767 1.000000
vt 0.796767 0.000000
vt 0.799076 1.000000
vt 0.799076 0.000000
vt 0.801386 1.000000
vt 0.801386 0.000000
vt 0.803695 1.000000
vt 0.803695 0.000000
vt 0.806005 1.000000
vt 0.806005 0.000000
vt 0.808314 1.000000
vt 0.808314 0.000000
vt 0.810624 1.000000
vt 0.810624 0.000000
vt 0.812933 1.000000
vt 0.812933 0.000000
vt 0.815242 1.000000
vt 0.815242 0.000000
vt 0.817552 1.000000
vt 0.817552 0.000000
vt 0.819861 1.000000
vt 0.819861 0.000000
vt 0.822171 1.000000
vt 0.822171 0.000000
vt 0.824480 1.000000
vt 0.824480 0.000000
vt 0.826790 1.000000
vt 0.826790 0.000000
vt 0.829099 1.000000
vt 0.829099 0.000000
vt 0.831409 1.000000
vt 0.831409 0.000000
vt 0.833718 1.000000
vt 0.833718 0.000000
vt 0.836028 1.000000
vt 0.836028 0.000000
vt 0.838337 1.000000
vt 0.838337 0.000000
vt 0.840647 1.000000
vt 0.840647 0.000000
vt 0.842956 1.000000
vt 0.842956 0.000000
vt 0.845266 1.000000
vt 0.845266 0.000000
vt 0.847575 1.000000
vt 0.847575 0.000000
vt 0.849885 1.000000
vt 0.849885 0.000000
vt 0.852194 1.000000
vt 0.852194 0.000000
vt 0.854503 1.000000
vt 0.854503 0.000000
vt 0.856813 1.000000
vt 0.856813 0.000000
vt 0.859122 1.000000
vt 0.859122 0.000000
vt 0.861432 1.000000
vt 0.861432 0.000000
vt 0.863741 1.000000
vt 0.863741 0.000000
vt 0.866051 1.000000
vt 0.866051 0.000000
vt 0.868360 1.000000
vt 0.868360 0.000000
vt 0.870670 1.000000
vt 0.870670 0.000000
vt 0.872979 1.000000
vt 0.872979 0.000000
vt 0.875289 1.000000
vt 0.875289 0.000000
vt 0.877598 1.000000
vt 0.877598 0.000000
vt 0.879908 1.000000
vt 0.879908 0.000000
vt 0.882217 1.000000
vt 0.882217 0.000000
vt 0.884527 1.000000
vt 0.884527 0.000000
vt 0.886836 1.000000
vt 0.886836 0.000000
vt 0.889145 1.000000
vt 0.889145 0.000000
vt 0.891455 1.000000
vt 0.891455 0.000000
vt 0.893764 1.000000
vt 0.893764 0.000000
vt 0.896074 1.000000
vt 0.896074 0.000000
vt 0.898383 1.000000
vt 0.898383 0.000000
vt 0.900693 1.000000
vt 0.900693 0.000000
vt 0.903002 1.000000
vt 0.903002 0.000000
vt 0.905312 1.000000
vt 0.905312 0.000000
vt 0.907621 1.000000
vt 0.907621 0.000000
vt 0.909931 1.000000
vt 0.909931 0.000000
vt 0.912240 1.000000
vt 0.912240 0.000000
vt 0.914550 1.000000
vt 0.914550 0.000000
vt 0.916859 1.000000
vt 0.916859 0.000000
vt 0.919169 1.000000
vt 0.919169 0.000000
vt 0.921478 1.000000
vt 0.921478 0.000000
vt 0.923788 1.000000
vt 0.923788 0.000000
vt 0.926097 1.000000
vt 0.926097 0.000000
vt 0.928406 1.000000
vt 0.928406 0.000000
vt 0.930716 1.000000
vt 0.930716 0.000000
vt 0.933025 1.000000
vt 0.933025 0.000000
vt 0.935335 1.000000
vt 0.935335 0.000000
vt 0.937644 1.000000
vt 0.937644 0.000000
vt 0.939954 1.000000
vt 0.939954 0.000000
vt 0.942263 1.000000
vt 0.942263 0.000000
vt 0.944573 1.000000
vt 0.944573 0.000000
vt 0.946882 1.000000
vt 0.946882 0.000000
vt 0.949192 1.000000
vt 0.949192 0.000000
vt 0.951501 1.000000
vt 0.951501 0.000000
vt 0.953811 1.000000
vt 0.953811 0.000000
vt 0.956120 1.000000
vt 0.956120 0.000000
vt 0.958430 1.000000
vt 0.958430 0.000000
vt 0.960739 1.000000
vt 0.960739 0.000000
vt 0.963049 1.000000
vt 0.963049 0.000000
vt 0.965358 1.000000
vt 0.965358 0.000000
vt 0.967667 1.000000
vt 0.967667 0.000000
vt 0.969977 1.000000
vt 0.969977 0.000000
vt 0.972286 1.000000
vt 0.972286 0.000000
vt 0.974596 1.000000
vt 0.974596 0.000000
vt 0.976905 1.000000
vt 0.976905 0.000000
vt 0.979215 1.000000
vt 0.979215 0.000000
vt 0.981524 1.000000
vt 0.981524 0.000000
vt 0.983834 1.000000
vt 0.983834 0.000000
vt 0.986143 1.000000
vt 0.986143 0.000000
vt 0.988453 1.000000
vt 0.988453 0.000000
vt 0.990762 1.000000
vt 0.990762 0.000000
vt 0.993072 1.000000
vt 0.993072 0.000000
vt 0.995381 1.000000
vt 0.995381 0.000000
vt 0.997691 1.000000
vt 0.997691 0.000000
vt 0.008264 1.000000
vt 0.008264 0.000000
vt 0.016529 1.000000
vt 0.016529 0.000000
vt 0.024793 1.000000
vt 0.024793 0.000000
vt 0.033058 1.000000
vt 0.033058 0.000000
vt 0.041322 1.000000
vt 0.041322 0.000000
vt 0.049587 1.000000
vt 0.049587 0.000000
vt 0.057851 1.000000
vt 0.057851 0.000000
vt 0.066116 1.000000
vt 0.066116 0.000000
vt 0.074380 1.000000
vt 0.074380 0.000000
vt 0.082645 1.000000
vt 0.082645 0.000000
vt 0.090909 1.000000
vt 0.090909 0.000000
vt 0.099174 1.000000
vt 0.099174 0.000000
vt 0.107438 1.000000
vt 0.107438 0.000000
vt 0.115702 1.000000
vt 0.115702 0.000000
vt 0.123967 1.000000
vt 0.123967 0.000000
vt 0.132231 1.000000
vt 0.132231 0.000000
vt 0.140496 1.000000
vt 0.140496 0.000000
vt 0.148760 1.000000
vt 0.148760 0.000000
vt 0.157025 1.000000
vt 0.157025 0.000000
vt 0.165289 1.000000
vt 0.165289 0.000000
vt 0.173554 1.000000
vt 0.173554 0.000000
vt 0.181818 1.000000
vt 0.181818 0.000000
vt 0.190083 1.000000
vt 0.190083 0.000000
vt 0.198347 1.000000
vt 0.198347 0.000000
vt 0.206612 1.000000
vt 0.206612 0.000000
vt 0.214876 1.000000
vt 0.214876 0.000000
vt 0.223140 1.000000
vt 0.223140 0.000000
vt 0.231405 1.000000
vt 0.231405 0.000000
vt 0.239669 1.000000
vt 0.239669 0.000000
vt 0.247934 1.000000
vt 0.247934 0.000000
vt 0.256198 1.000000
vt 0.256198 0.000000
vt 0.264463 1.000000
vt 0.264463 0.000000
vt 0.272727 1.000000
vt 0.272727 0.000000
vt 0.280992 1.000000
vt 0.280992 0.000000
vt 0.289256 1.000000
vt 0.289256 0.000000
vt 0.297521 1.000000
vt 0.297521 0.000000
vt 0.305785 1.000000
vt 0.305785 0.000000
vt 0.314050 1.000000
vt 0.314050 0.000000
vt 0.322314 1.000000
vt 0.322314 0.000000
vt 0.330579 1.000000
vt 0.330579 0.000000
vt 0.338843 1.000000
vt 0.338843 0.000000
vt 0.347107 1.000000
vt 0.347107 0.000000
vt 0.355372 1.000000
vt 0.355372 0.000000
vt 0.363636 1.000000
vt 0.363636 0.000000
vt 0.371901 1.000000
vt 0.371901 0.000000
vt 0.380165 1.000000
vt 0.380165 0.000000
vt 0.388430 1.000000
vt 0.388430 0.000000
vt 0.396694 1.000000
vt 0.396694 0.000000
vt 0.404959 1.000000
vt 0.404959 0.000000
vt 0.413223 1.000000
vt 0.413223 0.000000
vt 0.421488 1.000000
vt 0.421488 0.000000
vt 0.429752 1.000000
vt 0.429752 0.000000
vt 0.438017 1.000000
vt 0.438017 0.000000
vt 0.446281 1.000000
vt 0.446281 0.000000
vt 0.454545 1.000000
vt 0.454545 0.000000
vt 0.462810 1.000000
vt 0.462810 0.000000
vt 0.471074 1.000000
vt 0.471074 0.000000
vt 0.479339 1.000000
vt 0.479339 0.000000
vt 0.487603 1.000000
vt 0.487603 0.000000
vt 0.495868 1.000000
vt 0.495868 0.000000
vt 0.504132 1.000000
vt 0.504132 0.000000
vt 0.512397 1.000000
vt 0.512397 0.000000
vt 0.520661 1.000000
vt 0.520661 0.000000
vt 0.528926 1.000000
vt 0.528926 0.000000
vt 0.537190 1.000000
vt 0.537190 0.000000
vt 0.545455 1.000000
vt 0.545455 0.000000
vt 0.553719 1.000000
vt 0.553719 0.000000
vt 0.561983 1.000000
vt 0.561983 0.000000
vt 0.570248 1.000000
vt 0.570248 0.000000
vt 0.578512 1.000000
vt 0.578512 0.000000
vt 0.586777 1.000000
vt 0.586777 0.000000
vt 0.595041 1.000000
vt 0.595041 0.000000
vt 0.603306 1.000000
vt 0.603306 0.000000
vt 0.611570 1.000000
vt 0.611570 0.000000
vt 0.619835 1.000000
vt 0.619835 0.000000
vt 0.628099 1.000000
vt 0.628099 0.000000
vt 0.636364 1.000000
vt 0.636364 0.000000
vt 0.644628 1.000000
vt 0.644628 0.000000
vt 0.652893 1.000000
vt 0.652893 0.000000
vt 0.661157 1.000000
vt 0.661157 0.000000
vt 0.669421 1.000000
vt 0.669421 0.000000
vt 0.677686 1.000000
vt 0.677686 0.000000
vt 0.685950 1.000000
vt 0.685950 0.000000
vt 0.694215 1.000000
vt 0.694215 0.000000
vt 0.702479 1.000000
vt 0.702479 0.000000
vt 0.710744 1.000000
vt 0.710744 0.000000
vt 0.719008 1.000000
vt 0.719008 0.000000
vt 0.727273 1.000000
vt 0.727273 0.000000
vt 0.735537 1.000000
vt 0.735537 0.000000
vt 0.743802 1.000000
vt 0.743802 0.000000
vt 0.752066 1.000000
vt 0.752066 0.000000
vt 0.760331 1.000000
vt 0.760331 0.000000
vt 0.768595 1.000000
vt 0.768595 0.000000
vt 0.776860 1.000000
vt 0.776860 0.000000
vt 0.785124 1.000000
vt 0.785124 0.000000
vt 0.793388 1.000000
vt 0.793388 0.000000
vt 0.801653 1.000000
vt 0.801653 0.000000
vt 0.809917 1.000000
vt 0.809917 0.000000
vt 0.818182 1.000000
vt 0.818182 0.000000
vt 0.826446 1.000000
vt 0.826446 0.000000
vt 0.834711 1.000000
vt 0.834711 0.000000
vt 0.842975 1.000000
vt 0.842975 0.000000
vt 0.851240 1.000000
vt 0.851240 0.000000
vt 0.859504 1.000000
vt 0.859504 0.000000
vt 0.867769 1.000000
vt 0.867769 0.000000
vt 0.876033 1.000000
vt 0.876033 0.000000
vt 0.884298 1.000000
vt 0.884298 0.000000
vt 0.892562 1.000000
vt 0.892562 0.000000
vt 0.900826 1.000000
vt 0.900826 0.000000
vt 0.909091 1.000000
vt 0.909091 0.000000
vt 0.917355 1.000000
vt 0.917355 0.000000
vt 0.925620 1.000000
vt 0.925620 0.000000
vt 0.933884 1.000000
vt 0.933884 0.000000
vt 0.942149 1.000000
vt 0.942149 0.000000
vt 0.950413 1.000000
vt 0.950413 0.000000
vt 0.958678 1.000000
vt 0.958678 0.000000
vt 0.966942 1.000000
vt 0.966942 0.000000
vt 0.975207 1.000000
vt 0.975207 0.000000
vt 0.983471 1.000000
vt 0.983471 0.000000
vt 0.991736 1.000000
vt 0.991736 0.000000
vt 0.002950 1.000000
vt 0.002950 0.000000
vt 0.005900 1.000000
vt 0.005900 0.000000
vt 0.008850 1.000000
vt 0.008850 0.000000
vt 0.011799 1.000000
vt 0.011799 0.000000
vt 0.014749 1.000000
vt 0.014749 0.000000
vt 0.017699 1.000000
vt 0.017699 0.000000
vt 0.020649 1.000000
vt 0.020649 0.000000
vt 0.023599 1.000000
vt 0.023599 0.000000
vt 0.026549 1.000000
vt 0.026549 0.000000
vt 0.029499 1.000000
vt 0.029499 0.000000
vt 0.032448 1.000000
vt 0.032448 0.000000
vt 0.035398 1.000000
vt 0.035398 0.000000
vt 0.038348 1.000000
vt 0.038348 0.000000
vt 0.041298 1.000000
vt 0.041298 0.000000
vt 0.044248 1.000000
vt 0.044248 0.000000
vt 0.047198 1.000000
vt 0.047198 0.000000
vt 0.050147 1.000000
vt 0.050147 0.000000
vt 0.053097 1.000000
vt 0.053097 0.000000
vt 0.056047 1.000000
vt 0.056047 0.000000
vt 0.058997 1.000000
vt 0.058997 0.000000
vt 0.061947 1.000000
vt 0.061947 0.000000
vt 0.064897 1.000000
vt 0.064897 0.000000
vt 0.067847 1.000000
vt 0.067847 0.000000
vt 0.070796 1.000000
vt 0.070796 0.000000
vt 0.073746 1.000000
vt 0.073746 0.000000
vt 0.076696 1.000000
vt 0.076696 0.000000
vt 0.079646 1.000000
vt 0.079646 0.000000
vt 0.082596 1.000000
vt 0.082596 0.000000
vt 0.085546 1.000000
vt 0.085546 0.000000
vt 0.088496 1.000000
vt 0.088496 0.000000
vt 0.091445 1.000000
vt 0.091445 0.000000
vt 0.094395 1.000000
vt 0.094395 0.000000
vt 0.097345 1.000000
vt 0.097345 0.000000
vt 0.100295 1.000000
vt 0.100295 0.000000
vt 0.103245 1.000000
vt 0.103245 0.000000
vt 0.106195 1.000000
vt 0.106195 0.000000
vt 0.109145 1.000000
vt 0.109145 0.000000
vt 0.112094 1.000000
vt 0.112094 0.000000
vt 0.115044 1.000000
vt 0.115044 0.000000
vt 0.117994 1.000000
vt 0.117994 0.000000
vt 0.120944 1.000000
vt 0.120944 0.000000
vt 0.123894 1.000000
vt 0.123894 0.000000
vt 0.126844 1.000000
vt 0.126844 0.000000
vt 0.129794 1.000000
vt 0.129794 0.000000
vt 0.132743 1.000000
vt 0.132743 0.000000
vt 0.135693 1.000000
vt 0.135693 0.000000
vt 0.138643 1.000000
vt 0.138643 0.000000
vt 0.141593 1.000000
vt 0.141593 0.000000
vt 0.144543 1.000000
vt 0.144543 0.000000
vt 0.147493 1.000000
vt 0.147493 0.000000
vt 0.150442 1.000000
vt 0.150442 0.000000
vt 0.153392 1.000000
vt 0.153392 0.000000
vt 0.156342 1.000000
vt 0.156342 0.000000
vt 0.159292 1.000000
vt 0.159292 0.000000
vt 0.162242 1.000000
vt 0.162242 0.000000
vt 0.165192 1.000000
vt 0.165192 0.000000
vt 0.168142 1.000000
vt 0.168142 0.000000
vt 0.171091 1.000000
vt 0.171091 0.000000
vt 0.174041 1.000000
vt 0.174041 0.000000
vt 0.176991 1.000000
vt 0.176991 0.000000
vt 0.179941 1.000000
vt 0.179941 0.000000
vt 0.182891 1.000000
vt 0.182891 0.000000
vt 0.185841 1.000000
vt 0.185841 0.000000
vt 0.188791 1.000000
vt 0.188791 0.000000
vt 0.191740 1.000000
vt 0.191740 0.000000
vt 0.194690 1.000000
vt 0.194690 0.000000
vt 0.197640 1.000000
vt 0.197640 0.000000
vt 0.200590 1.000000
vt 0.200590 0.000000
vt 0.203540 1.000000
vt 0.203540 0.000000
vt 0.206490 1.000000
vt 0.206490 0.000000
vt 0.209440 1.000000
vt 0.209440 0.000000
vt 0.212389 1.000000
vt 0.212389 0.000000
vt 0.215339 1.000000
vt 0.215339 0.000000
vt 0.218289 1.000000
vt 0.218289 0.000000
vt 0.221239 1.000000
vt 0.221239 0.000000
vt 0.224189 1.000000
vt 0.224189 0.000000
vt 0.227139 1.000000
vt 0.227139 0.000000
vt 0.230089 1.000000
vt 0.230089 0.000000
vt 0.233038 1.000000
vt 0.233038 0.000000
vt 0.235988 1.000000
vt 0.235988 0.000000
vt 0.238938 1.000000
vt 0.238938 0.000000
vt 0.241888 1.000000
vt 0.241888 0.000000
vt 0.244838 1.000000
vt 0.244838 0.000000
vt 0.247788 1.000000
vt 0.247788 0.000000
vt 0.250737 1.000000
vt 0.250737 0.000000
vt 0.253687 1.000000
vt 0.253687 0.000000
vt 0.256637 1.000000
vt 0.256637 0.000000
vt 0.259587 1.000000
vt 0.259587 0.000000
vt 0.262537 1.000000
vt 0.262537 0.000000
vt 0.265487 1.000000
vt 0.265487 0.000000
vt 0.268437 1.000000
vt 0.268437 0.000000
vt 0.271386 1.000000
vt 0.271386 0.000000
vt 0.274336 1.000000
vt 0.274336 0.000000
vt 0.277286 1.000000
vt 0.277286 0.000000
vt 0.280236 1.000000
vt 0.280236 0.000000
vt 0.283186 1.000000
vt 0.283186 0.000000
vt 0.286136 1.000000
vt 0.286136 0.000000
vt 0.289086 1.000000
vt 0.289086 0.000000
vt 0.292035 1.000000
vt 0.292035 0.000000
vt 0.294985 1.000000
vt 0.294985 0.000000
vt 0.297935 1.000000
vt 0.297935 0.000000
vt 0.300885 1.000000
vt 0.300885 0.000000
vt 0.303835 1.000000
vt 0.303835 0.000000
vt 0.306785 1.000000
vt 0.306785 0.000000
vt 0.309735 1.000000
vt 0.309735 0.000000
vt 0.312684 1.000000
vt 0.312684 0.000000
vt 0.315634 1.000000
vt 0.315634 0.000000
vt 0.318584 1.000000
vt 0.318584 0.000000
vt 0.321534 1.000000
vt 0.321534 0.000000
vt 0.324484 1.000000
vt 0.324484 0.000000
vt 0.327434 1.000000
vt 0.327434 0.000000
vt 0.330383 1.000000
vt 0.330383 0.000000
vt 0.336283 1.000000
vt 0.336283 0.000000
vt 0.339233 1.000000
vt 0.339233 0.000000
vt 0.342183 1.000000
vt 0.342183 0.000000
vt 0.345133 1.000000
vt 0.345133 0.000000
vt 0.348083 1.000000
vt 0.348083 0.000000
vt 0.351032 1.000000
vt 0.351032 0.000000
vt 0.353982 1.000000
vt 0.353982 0.000000
vt 0.356932 1.000000
vt 0.356932 0.000000
vt 0.359882 1.000000
vt 0.359882 0.000000
vt 0.362832 1.000000
vt 0.362832 0.000000
vt 0.365782 1.000000
vt 0.365782 0.000000
vt 0.368732 1.000000
vt 0.368732 0.000000
vt 0.371681 1.000000
vt 0.371681 0.000000
vt 0.374631 1.000000
vt 0.374631 0.000000
vt 0.377581 1.000000
vt 0.377581 0.000000
vt 0.380531 1.000000
vt 0.380531 0.000000
vt 0.383481 1.000000
vt 0.383481 0.000000
vt 0.386431 1.000000
vt 0.386431 0.000000
vt 0.389381 1.000000
vt 0.389381 0.000000
vt 0.392330 1.000000
vt 0.392330 0.000000
vt 0.395280 1.000000
vt 0.395280 0.000000
vt 0.398230 1.000000
vt 0.398230 0.000000
vt 0.401180 1.000000
vt 0.401180 0.000000
vt 0.404130 1.000000
vt 0.404130 0.000000
vt 0.407080 1.000000
vt 0.407080 0.000000
vt 0.410030 1.000000
vt 0.410030 0.000000
vt 0.412979 1.000000
vt 0.412979 0.000000
vt 0.415929 1.000000
vt 0.415929 0.000000
vt 0.418879 1.000000
vt 0.418879 0.000000
vt 0.421829 1.000000
vt 0.421829 0.000000
vt 0.424779 1.000000
vt 0.424779 0.000000
vt 0.427729 1.000000
vt 0.427729 0.000000
vt 0.430678 1.000000
vt 0.430678 0.000000
vt 0.433628 1.000000
vt 0.433628 0.000000
vt 0.436578 1.000000
vt 0.436578 0.000000
vt 0.439528 1.000000
vt 0.439528 0.000000
vt 0.442478 1.000000
vt 0.442478 0.000000
vt 0.445428 1.000000
vt 0.445428 0.000000
vt 0.448378 1.000000
vt 0.448378 0.000000
vt 0.451327 1.000000
vt 0.451327 0.000000
vt 0.454277 1.000000
vt 0.454277 0.000000
vt 0.457227 1.000000
vt 0.457227 0.000000
vt 0.460177 1.000000
vt 0.460177 0.000000
vt 0.463127 1.000000
vt 0.463127 0.000000
vt 0.466077 1.000000
vt 0.466077 0.000000
vt 0.469027 1.000000
vt 0.469027 0.000000
vt 0.471976 1.000000
vt 0.471976 0.000000
vt 0.474926 1.000000
vt 0.474926 0.000000
vt 0.477876 1.000000
vt 0.477876 0.000000
vt 0.480826 1.000000
vt 0.480826 0.000000
vt 0.483776 1.000000
vt 0.483776 0.000000
vt 0.486726 1.000000
vt 0.486726 0.000000
vt 0.489676 1.000000
vt 0.489676 0.000000
vt 0.492625 1.000000
vt 0.492625 0.000000
vt 0.495575 1.000000
vt 0.495575 0.000000
vt 0.498525 1.000000
vt 0.498525 0.000000
vt 0.501475 1.000000
vt 0.501475 0.000000
vt 0.504425 1.000000
vt 0.504425 0.000000
vt 0.507375 1.000000
vt 0.507375 0.000000
vt 0.510324 1.000000
vt 0.510324 0.000000
vt 0.513274 1.000000
vt 0.513274 0.000000
vt 0.516224 1.000000
vt 0.516224 0.000000
vt 0.519174 1.000000
vt 0.519174 0.000000
vt 0.522124 1.000000
vt 0.522124 0.000000
vt 0.525074 1.000000
vt 0.525074 0.000000
vt 0.528024 1.000000
vt 0.528024 0.000000
vt 0.530973 1.000000
vt 0.530973 0.000000
vt 0.533923 1.000000
vt 0.533923 0.000000
vt 0.536873 1.000000
vt 0.536873 0.000000
vt 0.539823 1.000000
vt 0.539823 0.000000
vt 0.542773 1.000000
vt 0.542773 0.000000
vt 0.545723 1.000000
vt 0.545723 0.000000
vt 0.548673 1.000000
vt 0.548673 0.000000
vt 0.551622 1.000000
vt 0.551622 0.000000
vt 0.554572 1.000000
vt 0.554572 0.000000
vt 0.557522 1.000000
vt 0.557522 0.000000
vt 0.560472 1.000000
vt 0.560472 0.000000
vt 0.563422 1.000000
vt 0.563422 0.000000
vt 0.566372 1.000000
vt 0.566372 0.000000
vt 0.569322 1.000000
vt 0.569322 0.000000
vt 0.572271 1.000000
vt 0.572271 0.000000
vt 0.575221 1.000000
vt 0.575221 0.000000
vt 0.578171 1.000000
vt 0.578171 0.000000
vt 0.581121 1.000000
vt 0.581121 0.000000
vt 0.584071 1.000000
vt 0.584071 0.000000
vt 0.587021 1.000000
vt 0.587021 0.000000
vt 0.589971 1.000000
vt 0.589971 0.000000
vt 0.592920 1.000000
vt 0.592920 0.000000
vt 0.595870 1.000000
vt 0.595870 0.000000
vt 0.598820 1.000000
vt 0.598820 0.000000
vt 0.601770 1.000000
vt 0.601770 0.000000
vt 0.604720 1.000000
vt 0.604720 0.000000
vt 0.607670 1.000000
vt 0.607670 0.000000
vt 0.610619 1.000000
vt 0.610619 0.000000
vt 0.613569 1.000000
vt 0.613569 0.000000
vt 0.616519 1.000000
vt 0.616519 0.000000
vt 0.619469 1.000000
vt 0.619469 0.000000
vt 0.622419 1.000000
vt 0.622419 0.000000
vt 0.625369 1.000000
vt 0.625369 0.000000
vt 0.628319 1.000000
vt 0.628319 0.000000
vt 0.631268 1.000000
vt 0.631268 0.000000
vt 0.634218 1.000000
vt 0.634218 0.000000
vt 0.637168 1.000000
vt 0.637168 0.000000
vt 0.640118 1.000000
vt 0.640118 0.000000
vt 0.643068 1.000000
vt 0.643068 0.000000
vt 0.646018 1.000000
vt 0.646018 0.000000
vt 0.648968 1.000000
vt 0.648968 0.000000
vt 0.651917 1.000000
vt 0.651917 0.000000
vt 0.654867 1.000000
vt 0.654867 0.000000
vt 0.657817 1.000000
vt 0.657817 0.000000
vt 0.660767 1.000000
vt 0.660767 0.000000
vt 0.663717 1.000000
vt 0.663717 0.000000
vt 0.669617 1.000000
vt 0.669617 0.000000
vt 0.672566 1.000000
vt 0.672566 0.000000
vt 0.675516 1.000000
vt 0.675516 0.000000
vt 0.678466 1.000000
vt 0.678466 0.000000
vt 0.681416 1.000000
vt 0.681416 0.000000
vt 0.684366 1.000000
vt 0.684366 0.000000
vt 0.687316 1.000000
vt 0.687316 0.000000
vt 0.690265 1.000000
vt 0.690265 0.000000
vt 0.693215 1.000000
vt 0.693215 0.000000
vt 0.696165 1.000000
vt 0.696165 0.000000
vt 0.699115 1.000000
vt 0.699115 0.000000
vt 0.702065 1.000000
vt 0.702065 0.000000
vt 0.705015 1.000000
vt 0.705015 0.000000
vt 0.707965 1.000000
vt 0.707965 0.000000
vt 0.710914 1.000000
vt 0.710914 0.000000
vt 0.713864 1.000000
vt 0.713864 0.000000
vt 0.716814 1.000000
vt 0.716814 0.000000
vt 0.719764 1.000000
vt 0.719764 0.000000
vt 0.722714 1.000000
vt 0.722714 0.000000
vt 0.725664 1.000000
vt 0.725664 0.000000
vt 0.728614 1.000000
vt 0.728614 0.000000
vt 0.731563 1.000000
vt 0.731563 0.000000
vt 0.734513 1.000000
vt 0.734513 0.000000
vt 0.737463 1.000000
vt 0.737463 0.000000
vt 0.740413 1.000000
vt 0.740413 0.000000
vt 0.743363 1.000000
vt 0.743363 0.000000
vt 0.746313 1.000000
vt 0.746313 0.000000
vt 0.749263 1.000000
vt 0.749263 0.000000
vt 0.752212 1.000000
vt 0.752212 0.000000
vt 0.755162 1.000000
vt 0.755162 0.000000
vt 0.758112 1.000000
vt 0.758112 0.000000
vt 0.761062 1.000000
vt 0.761062 0.000000
vt 0.764012 1.000000
vt 0.764012 0.000000
vt 0.766962 1.000000
vt 0.766962 0.000000
vt 0.769912 1.000000
vt 0.769912 0.000000
vt 0.772861 1.000000
vt 0.772861 0.000000
vt 0.775811 1.000000
vt 0.775811 0.000000
vt 0.778761 1.000000
vt 0.778761 0.000000
vt 0.781711 1.000000
vt 0.781711 0.000000
vt 0.784661 1.000000
vt 0.784661 0.000000
vt 0.787611 1.000000
vt 0.787611 0.000000
vt 0.790560 1.000000
vt 0.790560 0.000000
vt 0.793510 1.000000
vt 0.793510 0.000000
vt 0.796460 1.000000
vt 0.796460 0.000000
vt 0.799410 1.000000
vt 0.799410 0.000000
vt 0.802360 1.000000
vt 0.802360 0.000000
vt 0.805310 1.000000
vt 0.805310 0.000000
vt 0.808260 1.000000
vt 0.808260 0.000000
vt 0.811209 1.000000
vt 0.811209 0.000000
vt 0.814159 1.000000
vt 0.814159 0.000000
vt 0.817109 1.000000
vt 0.817109 0.000000
vt 0.820059 1.000000
vt 0.820059 0.000000
vt 0.823009 1.000000
vt 0.823009 0.000000
vt 0.825959 1.000000
vt 0.825959 0.000000
vt 0.828909 1.000000
vt 0.828909 0.000000
vt 0.831858 1.000000
vt 0.831858 0.000000
vt 0.834808 1.000000
vt 0.834808 0.000000
vt 0.837758 1.000000
vt 0.837758 0.000000
vt 0.840708 1.000000
vt 0.840708 0.000000
vt 0.843658 1.000000
vt 0.843658 0.000000
vt 0.846608 1.000000
vt 0.846608 0.000000
vt 0.849558 1.000000
vt 0.849558 0.000000
vt 0.852507 1.000000
vt 0.852507 0.000000
vt 0.855457 1.000000
vt 0.855457 0.000000
vt 0.858407 1.000000
vt 0.858407 0.000000
vt 0.861357 1.000000
vt 0.861357 0.000000
vt 0.864307 1.000000
vt 0.864307 0.000000
vt 0.867257 1.000000
vt 0.867257 0.000000
vt 0.870206 1.000000
vt 0.870206 0.000000
vt 0.873156 1.000000
vt 0.873156 0.000000
vt 0.876106 1.000000
vt 0.876106 0.000000
vt 0.879056 1.000000
vt 0.879056 0.000000
vt 0.882006 1.000000
vt 0.882006 0.000000
vt 0.884956 1.000000
vt 0.884956 0.000000
vt 0.887906 1.000000
vt 0.887906 0.000000
vt 0.890855 1.000000
vt 0.890855 0.000000
vt 0.893805 1.000000
vt 0.893805 0.000000
vt 0.896755 1.000000
vt 0.896755 0.000000
vt 0.899705 1.000000
vt 0.899705 0.000000
vt 0.902655 1.000000
vt 0.902655 0.000000
vt 0.905605 1.000000
vt 0.905605 0.000000
vt 0.908555 1.000000
vt 0.908555 0.000000
vt 0.911504 1.000000
vt 0.911504 0.000000
vt 0.914454 1.000000
vt 0.914454 0.000000
vt 0.917404 1.000000
vt 0.917404 0.000000
vt 0.920354 1.000000
vt 0.920354 0.000000
vt 0.923304 1.000000
vt 0.923304 0.000000
vt 0.926254 1.000000
vt 0.926254 0.000000
vt 0.929204 1.000000
vt 0.929204 0.000000
vt 0.932153 1.000000
vt 0.932153 0.000000
vt 0.935103 1.000000
vt 0.935103 0.000000
vt 0.938053 1.000000
vt 0.938053 0.000000
vt 0.941003 1.000000
vt 0.941003 0.000000
vt 0.943953 1.000000
vt 0.943953 0.000000
vt 0.946903 1.000000
vt 0.946903 0.000000
vt 0.949853 1.000000
vt 0.949853 0.000000
vt 0.952802 1.000000
vt 0.952802 0.000000
vt 0.955752 1.000000
vt 0.955752 0.000000
vt 0.958702 1.000000
vt 0.958702 0.000000
vt 0.961652 1.000000
vt 0.961652 0.000000
vt 0.964602 1.000000
vt 0.964602 0.000000
vt 0.967552 1.000000
vt 0.967552 0.000000
vt 0.970501 1.000000
vt 0.970501 0.000000
vt 0.973451 1.000000
vt 0.973451 0.000000
vt 0.976401 1.000000
vt 0.976401 0.000000
vt 0.979351 1.000000
vt 0.979351 0.000000
vt 0.982301 1.000000
vt 0.982301 0.000000
vt 0.985251 1.000000
vt 0.985251 0.000000
vt 0.988201 1.000000
vt 0.988201 0.000000
vt 0.991150 1.000000
vt 0.991150 0.000000
vt 0.994100 1.000000
vt 0.994100 0.000000
vt 0.997050 1.000000
vt 0.997050 0.000000
vt 0.005181 1.000000
vt 0.010363 1.000000
vt 0.015544 1.000000
vt 0.020725 1.000000
vt 0.025907 1.000000
vt 0.031088 1.000000
vt 0.036269 1.000000
vt 0.041451 1.000000
vt 0.046632 1.000000
vt 0.051813 1.000000
vt 0.056995 1.000000
vt 0.062176 1.000000
vt 0.067358 1.000000
vt 0.072539 1.000000
vt 0.077720 1.000000
vt 0.082902 1.000000
vt 0.088083 1.000000
vt 0.093264 1.000000
vt 0.098446 1.000000
vt 0.103627 1.000000
vt 0.108808 1.000000
vt 0.113990 1.000000
vt 0.119171 1.000000
vt 0.124352 1.000000
vt 0.129534 1.000000
vt 0.134715 1.000000
vt 0.139896 1.000000
vt 0.145078 1.000000
vt 0.150259 1.000000
vt 0.155440 1.000000
vt 0.160622 1.000000
vt 0.165803 1.000000
vt 0.170984 1.000000
vt 0.176166 1.000000
vt 0.181347 1.000000
vt 0.186529 1.000000
vt 0.191710 1.000000
vt 0.196891 1.000000
vt 0.202073 1.000000
vt 0.207254 1.000000
vt 0.212435 1.000000
vt 0.217617 1.000000
vt 0.222798 1.000000
vt 0.227979 1.000000
vt 0.233161 1.000000
vt 0.238342 1.000000
vt 0.243523 1.000000
vt 0.248705 1.000000
vt 0.253886 1.000000
vt 0.259067 1.000000
vt 0.264249 1.000000
vt 0.269430 1.000000
vt 0.274611 1.000000
vt 0.279793 1.000000
vt 0.284974 1.000000
vt 0.290155 1.000000
vt 0.295337 1.000000
vt 0.300518 1.000000
vt 0.305699 1.000000
vt 0.310881 1.000000
vt 0.316062 1.000000
vt 0.321244 1.000000
vt 0.326425 1.000000
vt 0.331606 1.000000
vt 0.336788 1.000000
vt 0.341969 1.000000
vt 0.347150 1.000000
vt 0.352332 1.000000
vt 0.357513 1.000000
vt 0.362694 1.000000
vt 0.367876 1.000000
vt 0.373057 1.000000
vt 0.378238 1.000000
vt 0.383420 1.000000
vt 0.388601 1.000000
vt 0.393782 1.000000
vt 0.398964 1.000000
vt 0.404145 1.000000
vt 0.409326 1.000000
vt 0.414508 1.000000
vt 0.419689 1.000000
vt 0.424870 1.000000
vt 0.430052 1.000000
vt 0.435233 1.000000
vt 0.440415 1.000000
vt 0.445596 1.000000
vt 0.450777 1.000000
vt 0.455959 1.000000
vt 0.461140 1.000000
vt 0.466321 1.000000
vt 0.471503 1.000000
vt 0.476684 1.000000
vt 0.481865 1.000000
vt 0.487047 1.000000
vt 0.492228 1.000000
vt 0.497409 1.000000
vt 0.502591 1.000000
vt 0.507772 1.000000
vt 0.512953 1.000000
vt 0.518135 1.000000
vt 0.523316 1.000000
vt 0.528497 1.000000
vt 0.533679 1.000000
vt 0.538860 1.000000
vt 0.544041 1.000000
vt 0.549223 1.000000
vt 0.554404 1.000000
vt 0.559586 1.000000
vt 0.564767 1.000000
vt 0.569948 1.000000
vt 0.575130 1.000000
vt 0.580311 1.000000
vt 0.585492 1.000000
vt 0.590674 1.000000
vt 0.595855 1.000000
vt 0.601036 1.000000
vt 0.606218 1.000000
vt 0.611399 1.000000
vt 0.616580 1.000000
vt 0.621762 1.000000
vt 0.626943 1.000000
vt 0.632124 1.000000
vt 0.637306 1.000000
vt 0.642487 1.000000
vt 0.647668 1.000000
vt 0.652850 1.000000
vt 0.658031 1.000000
vt 0.663212 1.000000
vt 0.668394 1.000000
vt 0.673575 1.000000
vt 0.678756 1.000000
vt 0.683938 1.000000
vt 0.689119 1.000000
vt 0.694301 1.000000
vt 0.699482 1.000000
vt 0.704663 1.000000
vt 0.709845 1.000000
vt 0.715026 1.000000
vt 0.720207 1.000000
vt 0.725389 1.000000
vt 0.730570 1.000000
vt 0.735751 1.000000
vt 0.740933 1.000000
vt 0.746114 1.000000
vt 0.751295 1.000000
vt 0.756477 1.000000
vt 0.761658 1.000000
vt 0.766839 1.000000
vt 0.772021 1.000000
vt 0.777202 1.000000
vt 0.782383 1.000000
vt 0.787565 1.000000
vt 0.792746 1.000000
vt 0.797927 1.000000
vt 0.803109 1.000000
vt 0.808290 1.000000
vt 0.813471 1.000000
vt 0.818653 1.000000
vt 0.823834 1.000000
vt 0.829016 1.000000
vt 0.834197 1.000000
vt 0.839378 1.000000
vt 0.844560 1.000000
vt 0.849741 1.000000
vt 0.854922 1.000000
vt 0.860104 1.000000
vt 0.865285 1.000000
vt 0.870466 1.000000
vt 0.875648 1.000000
vt 0.880829 1.000000
vt 0.886010 1.000000
vt 0.891192 1.000000
vt 0.896373 1.000000
vt 0.901554 1.000000
vt 0.906736 1.000000
vt 0.911917 1.000000
vt 0.917098 1.000000
vt 0.922280 1.000000
vt 0.927461 1.000000
vt 0.932642 1.000000
vt 0.937824 1.000000
vt 0.943005 1.000000
vt 0.948187 1.000000
vt 0.953368 1.000000
vt 0.958549 1.000000
vt 0.963731 1.000000
vt 0.968912 1.000000
vt 0.974093 1.000000
vt 0.979275 1.000000
vt 0.984456 1.000000
vt 0.989637 1.000000
vt 0.994819 1.000000
vt 0.002123 1.000000
vt 0.002123 0.000000
vt 0.004246 1.000000
vt 0.004246 0.000000
vt 0.006369 1.000000
vt 0.006369 0.000000
vt 0.008493 1.000000
vt 0.008493 0.000000
vt 0.010616 1.000000
vt 0.010616 0.000000
vt 0.012739 1.000000
vt 0.012739 0.000000
vt 0.014862 1.000000
vt 0.014862 0.000000
vt 0.016985 1.000000
vt 0.016985 0.000000
vt 0.019108 1.000000
vt 0.019108 0.000000
vt 0.021231 1.000000
vt 0.021231 0.000000
vt 0.023355 1.000000
vt 0.023355 0.000000
vt 0.025478 1.000000
vt 0.025478 0.000000
vt 0.027601 1.000000
vt 0.027601 0.000000
vt 0.029724 1.000000
vt 0.029724 0.000000
vt 0.031847 1.000000
vt 0.031847 0.000000
vt 0.033970 1.000000
vt 0.033970 0.000000
vt 0.036093 1.000000
vt 0.036093 0.000000
vt 0.038217 1.000000
vt 0.038217 0.000000
vt 0.040340 1.000000
vt 0.040340 0.000000
vt 0.042463 1.000000
vt 0.042463 0.000000
vt 0.044586 1.000000
vt 0.044586 0.000000
vt 0.046709 1.000000
vt 0.046709 0.000000
vt 0.048832 1.000000
vt 0.048832 0.000000
vt 0.050955 1.000000
vt 0.050955 0.000000
vt 0.053079 1.000000
vt 0.053079 0.000000
vt 0.055202 1.000000
vt 0.055202 0.000000
vt 0.057325 1.000000
vt 0.057325 0.000000
vt 0.059448 1.000000
vt 0.059448 0.000000
vt 0.061571 1.000000
vt 0.061571 0.000000
vt 0.063694 1.000000
vt 0.063694 0.000000
vt 0.065817 1.000000
vt 0.065817 0.000000
vt 0.067941 1.000000
vt 0.067941 0.000000
vt 0.070064 1.000000
vt 0.070064 0.000000
vt 0.072187 1.000000
vt 0.072187 0.000000
vt 0.074310 1.000000
vt 0.074310 0.000000
vt 0.076433 1.000000
vt 0.076433 0.000000
vt 0.078556 1.000000
vt 0.078556 0.000000
vt 0.080679 1.000000
vt 0.080679 0.000000
vt 0.082803 1.000000
vt 0.082803 0.000000
vt 0.084926 1.000000
vt 0.084926 0.000000
vt 0.087049 1.000000
vt 0.087049 0.000000
vt 0.089172 1.000000
vt 0.089172 0.000000
vt 0.091295 1.000000
vt 0.091295 0.000000
vt 0.093418 1.000000
vt 0.093418 0.000000
vt 0.095541 1.000000
vt 0.095541 0.000000
vt 0.097665 1.000000
vt 0.097665 0.000000
vt 0.099788 1.000000
vt 0.099788 0.000000
vt 0.101911 1.000000
vt 0.101911 0.000000
vt 0.104034 1.000000
vt 0.104034 0.000000
vt 0.106157 1.000000
vt 0.106157 0.000000
vt 0.108280 1.000000
vt 0.108280 0.000000
vt 0.110403 1.000000
vt 0.110403 0.000000
vt 0.112527 1.000000
vt 0.112527 0.000000
vt 0.114650 1.000000
vt 0.114650 0.000000
vt 0.116773 1.000000
vt 0.116773 0.000000
vt 0.118896 1.000000
vt 0.118896 0.000000
vt 0.121019 1.000000
vt 0.121019 0.000000
vt 0.123142 1.000000
vt 0.123142 0.000000
vt 0.125265 1.000000
vt 0.125265 0.000000
vt 0.127389 1.000000
vt 0.127389 0.000000
vt 0.129512 1.000000
vt 0.129512 0.000000
vt 0.131635 1.000000
vt 0.131635 0.000000
vt 0.133758 1.000000
vt 0.133758 0.000000
vt 0.135881 1.000000
vt 0.135881 0.000000
vt 0.138004 1.000000
vt 0.138004 0.000000
vt 0.140127 1.000000
vt 0.140127 0.000000
vt 0.142251 1.000000
vt 0.142251 0.000000
vt 0.144374 1.000000
vt 0.144374 0.000000
vt 0.146497 1.000000
vt 0.146497 0.000000
vt 0.148620 1.000000
vt 0.148620 0.000000
vt 0.150743 1.000000
vt 0.150743 0.000000
vt 0.152866 1.000000
vt 0.152866 0.000000
vt 0.154989 1.000000
vt 0.154989 0.000000
vt 0.157113 1.000000
vt 0.157113 0.000000
vt 0.159236 1.000000
vt 0.159236 0.000000
vt 0.161359 1.000000
vt 0.161359 0.000000
vt 0.163482 1.000000
vt 0.163482 0.000000
vt 0.165605 1.000000
vt 0.165605 0.000000
vt 0.167728 1.000000
vt 0.167728 0.000000
vt 0.169851 1.000000
vt 0.169851 0.000000
vt 0.171975 1.000000
vt 0.171975 0.000000
vt 0.174098 1.000000
vt 0.174098 0.000000
vt 0.176221 1.000000
vt 0.176221 0.000000
vt 0.178344 1.000000
vt 0.178344 0.000000
vt 0.180467 1.000000
vt 0.180467 0.000000
vt 0.182590 1.000000
vt 0.182590 0.000000
vt 0.184713 1.000000
vt 0.184713 0.000000
vt 0.186837 1.000000
vt 0.186837 0.000000
vt 0.188960 1.000000
vt 0.188960 0.000000
vt 0.191083 1.000000
vt 0.191083 0.000000
vt 0.193206 1.000000
vt 0.193206 0.000000
vt 0.195329 1.000000
vt 0.195329 0.000000
vt 0.197452 1.000000
vt 0.197452 0.000000
vt 0.199575 1.000000
vt 0.199575 0.000000
vt 0.201699 1.000000
vt 0.201699 0.000000
vt 0.203822 1.000000
vt 0.203822 0.000000
vt 0.205945 1.000000
vt 0.205945 0.000000
vt 0.208068 1.000000
vt 0.208068 0.000000
vt 0.210191 1.000000
vt 0.210191 0.000000
vt 0.212314 1.000000
vt 0.212314 0.000000
vt 0.214437 1.000000
vt 0.214437 0.000000
vt 0.216561 1.000000
vt 0.216561 0.000000
vt 0.218684 1.000000
vt 0.218684 0.000000
vt 0.220807 1.000000
vt 0.220807 0.000000
vt 0.222930 1.000000
vt 0.222930 0.000000
vt 0.225053 1.000000
vt 0.225053 0.000000
vt 0.227176 1.000000
vt 0.227176 0.000000
vt 0.229299 1.000000
vt 0.229299 0.000000
vt 0.231422 1.000000
vt 0.231422 0.000000
vt 0.233546 1.000000
vt 0.233546 0.000000
vt 0.235669 1.000000
vt 0.235669 0.000000
vt 0.237792 1.000000
vt 0.237792 0.000000
vt 0.239915 1.000000
vt 0.239915 0.000000
vt 0.242038 1.000000
vt 0.242038 0.000000
vt 0.244161 1.000000
vt 0.244161 0.000000
vt 0.246284 1.000000
vt 0.246284 0.000000
vt 0.248408 1.000000
vt 0.248408 0.000000
vt 0.250531 1.000000
vt 0.250531 0.000000
vt 0.252654 1.000000
vt 0.252654 0.000000
vt 0.254777 1.000000
vt 0.254777 0.000000
vt 0.256900 1.000000
vt 0.256900 0.000000
vt 0.259023 1.000000
vt 0.259023 0.000000
vt 0.261146 1.000000
vt 0.261146 0.000000
vt 0.263270 1.000000
vt 0.263270 0.000000
vt 0.265393 1.000000
vt 0.265393 0.000000
vt 0.267516 1.000000
vt 0.267516 0.000000
vt 0.269639 1.000000
vt 0.269639 0.000000
vt 0.271762 1.000000
vt 0.271762 0.000000
vt 0.273885 1.000000
vt 0.273885 0.000000
vt 0.276008 1.000000
vt 0.276008 0.000000
vt 0.278132 1.000000
vt 0.278132 0.000000
vt 0.280255 1.000000
vt 0.280255 0.000000
vt 0.282378 1.000000
vt 0.282378 0.000000
vt 0.284501 1.000000
vt 0.284501 0.000000
vt 0.286624 1.000000
vt 0.286624 0.000000
vt 0.288747 1.000000
vt 0.288747 0.000000
vt 0.290870 1.000000
vt 0.290870 0.000000
vt 0.292994 1.000000
vt 0.292994 0.000000
vt 0.295117 1.000000
vt 0.295117 0.000000
vt 0.297240 1.000000
vt 0.297240 0.000000
vt 0.299363 1.000000
vt 0.299363 0.000000
vt 0.301486 1.000000
vt 0.301486 0.000000
vt 0.303609 1.000000
vt 0.303609 0.000000
vt 0.305732 1.000000
vt 0.305732 0.000000
vt 0.307856 1.000000
vt 0.307856 0.000000
vt 0.309979 1.000000
vt 0.309979 0.000000
vt 0.312102 1.000000
vt 0.312102 0.000000
vt 0.314225 1.000000
vt 0.314225 0.000000
vt 0.316348 1.000000
vt 0.316348 0.000000
vt 0.318471 1.000000
vt 0.318471 0.000000
vt 0.320594 1.000000
vt 0.320594 0.000000
vt 0.322718 1.000000
vt 0.322718 0.000000
vt 0.324841 1.000000
vt 0.324841 0.000000
vt 0.326964 1.000000
vt 0.326964 0.000000
vt 0.329087 1.000000
vt 0.329087 0.000000
vt 0.331210 1.000000
vt 0.331210 0.000000
vt 0.335456 1.000000
vt 0.335456 0.000000
vt 0.337580 1.000000
vt 0.337580 0.000000
vt 0.339703 1.000000
vt 0.339703 0.000000
vt 0.341826 1.000000
vt 0.341826 0.000000
vt 0.343949 1.000000
vt 0.343949 0.000000
vt 0.346072 1.000000
vt 0.346072 0.000000
vt 0.348195 1.000000
vt 0.348195 0.000000
vt 0.350318 1.000000
vt 0.350318 0.000000
vt 0.352442 1.000000
vt 0.352442 0.000000
vt 0.354565 1.000000
vt 0.354565 0.000000
vt 0.356688 1.000000
vt 0.356688 0.000000
vt 0.358811 1.000000
vt 0.358811 0.000000
vt 0.360934 1.000000
vt 0.360934 0.000000
vt 0.363057 1.000000
vt 0.363057 0.000000
vt 0.365180 1.000000
vt 0.365180 0.000000
vt 0.367304 1.000000
vt 0.367304 0.000000
vt 0.369427 1.000000
vt 0.369427 0.000000
vt 0.371550 1.000000
vt 0.371550 0.000000
vt 0.373673 1.000000
vt 0.373673 0.000000
vt 0.375796 1.000000
vt 0.375796 0.000000
vt 0.377919 1.000000
vt 0.377919 0.000000
vt 0.380042 1.000000
vt 0.380042 0.000000
vt 0.382166 1.000000
vt 0.382166 0.000000
vt 0.384289 1.000000
vt 0.384289 0.000000
vt 0.386412 1.000000
vt 0.386412 0.000000
vt 0.388535 1.000000
vt 0.388535 0.000000
vt 0.390658 1.000000
vt 0.390658 0.000000
vt 0.392781 1.000000
vt 0.392781 0.000000
vt 0.394904 1.000000
vt 0.394904 0.000000
vt 0.397028 1.000000
vt 0.397028 0.000000
vt 0.399151 1.000000
vt 0.399151 0.000000
vt 0.401274 1.000000
vt 0.401274 0.000000
vt 0.403397 1.000000
vt 0.403397 0.000000
vt 0.405520 1.000000
vt 0.405520 0.000000
vt 0.407643 1.000000
vt 0.407643 0.000000
vt 0.409766 1.000000
vt 0.409766 0.000000
vt 0.411890 1.000000
vt 0.411890 0.000000
vt 0.414013 1.000000
vt 0.414013 0.000000
vt 0.416136 1.000000
vt 0.416136 0.000000
vt 0.418259 1.000000
vt 0.418259 0.000000
vt 0.420382 1.000000
vt 0.420382 0.000000
vt 0.422505 1.000000
vt 0.422505 0.000000
vt 0.424628 1.000000
vt 0.424628 0.000000
vt 0.426752 1.000000
vt 0.426752 0.000000
vt 0.428875 1.000000
vt 0.428875 0.000000
vt 0.430998 1.000000
vt 0.430998 0.000000
vt 0.433121 1.000000
vt 0.433121 0.000000
vt 0.435244 1.000000
vt 0.435244 0.000000
vt 0.437367 1.000000
vt 0.437367 0.000000
vt 0.439490 1.000000
vt 0.439490 0.000000
vt 0.441614 1.000000
vt 0.441614 0.000000
vt 0.443737 1.000000
vt 0.443737 0.000000
vt 0.445860 1.000000
vt 0.445860 0.000000
vt 0.447983 1.000000
vt 0.447983 0.000000
vt 0.450106 1.000000
vt 0.450106 0.000000
vt 0.452229 1.000000
vt 0.452229 0.000000
vt 0.454352 1.000000
vt 0.454352 0.000000
vt 0.456476 1.000000
vt 0.456476 0.000000
vt 0.458599 1.000000
vt 0.458599 0.000000
vt 0.460722 1.000000
vt 0.460722 0.000000
vt 0.462845 1.000000
vt 0.462845 0.000000
vt 0.464968 1.000000
vt 0.464968 0.000000
vt 0.467091 1.000000
vt 0.467091 0.000000
vt 0.469214 1.000000
vt 0.469214 0.000000
vt 0.471338 1.000000
vt 0.471338 0.000000
vt 0.473461 1.000000
vt 0.473461 0.000000
vt 0.475584 1.000000
vt 0.475584 0.000000
vt 0.477707 1.000000
vt 0.477707 0.000000
vt 0.479830 1.000000
vt 0.479830 0.000000
vt 0.481953 1.000000
vt 0.481953 0.000000
vt 0.484076 1.000000
vt 0.484076 0.000000
vt 0.486200 1.000000
vt 0.486200 0.000000
vt 0.488323 1.000000
vt 0.488323 0.000000
vt 0.490446 1.000000
vt 0.490446 0.000000
vt 0.492569 1.000000
vt 0.492569 0.000000
vt 0.494692 1.000000
vt 0.494692 0.000000
vt 0.496815 1.000000
vt 0.496815 0.000000
vt 0.498938 1.000000
vt 0.498938 0.000000
vt 0.501062 1.000000
vt 0.501062 0.000000
vt 0.503185 1.000000
vt 0.503185 0.000000
vt 0.505308 1.000000
vt 0.505308 0.000000
vt 0.507431 1.000000
vt 0.507431 0.000000
vt 0.509554 1.000000
vt 0.509554 0.000000
vt 0.511677 1.000000
vt 0.511677 0.000000
vt 0.513800 1.000000
vt 0.513800 0.000000
vt 0.515924 1.000000
vt 0.515924 0.000000
vt 0.518047 1.000000
vt 0.518047 0.000000
vt 0.520170 1.000000
vt 0.520170 0.000000
vt 0.522293 1.000000
vt 0.522293 0.000000
vt 0.524416 1.000000
vt 0.524416 0.000000
vt 0.526539 1.000000
vt 0.526539 0.000000
vt 0.528662 1.000000
vt 0.528662 0.000000
vt 0.530786 1.000000
vt 0.530786 0.000000
vt 0.532909 1.000000
vt 0.532909 0.000000
vt 0.535032 1.000000
vt 0.535032 0.000000
vt 0.537155 1.000000
vt 0.537155 0.000000
vt 0.539278 1.000000
vt 0.539278 0.000000
vt 0.541401 1.000000
vt 0.541401 0.000000
vt 0.543524 1.000000
vt 0.543524 0.000000
vt 0.545648 1.000000
vt 0.545648 0.000000
vt 0.547771 1.000000
vt 0.547771 0.000000
vt 0.549894 1.000000
vt 0.549894 0.000000
vt 0.552017 1.000000
vt 0.552017 0.000000
vt 0.554140 1.000000
vt 0.554140 0.000000
vt 0.556263 1.000000
vt 0.556263 0.000000
vt 0.558386 1.000000
vt 0.558386 0.000000
vt 0.560510 1.000000
vt 0.560510 0.000000
vt 0.562633 1.000000
vt 0.562633 0.000000
vt 0.564756 1.000000
vt 0.564756 0.000000
vt 0.566879 1.000000
vt 0.566879 0.000000
vt 0.569002 1.000000
vt 0.569002 0.000000
vt 0.571125 1.000000
vt 0.571125 0.000000
vt 0.573248 1.000000
vt 0.573248 0.000000
vt 0.575372 1.000000
vt 0.575372 0.000000
vt 0.577495 1.000000
vt 0.577495 0.000000
vt 0.579618 1.000000
vt 0.579618 0.000000
vt 0.581741 1.000000
vt 0.581741 0.000000
vt 0.583864 1.000000
vt 0.583864 0.000000
vt 0.585987 1.000000
vt 0.585987 0.000000
vt 0.588110 1.000000
vt 0.588110 0.000000
vt 0.590234 1.000000
vt 0.590234 0.000000
vt 0.592357 1.000000
vt 0.592357 0.000000
vt 0.594480 1.000000
vt 0.594480 0.000000
vt 0.596603 1.000000
vt 0.596603 0.000000
vt 0.598726 1.000000
vt 0.598726 0.000000
vt 0.600849 1.000000
vt 0.600849 0.000000
vt 0.602972 1.000000
vt 0.602972 0.000000
vt 0.605096 1.000000
vt 0.605096 0.000000
vt 0.607219 1.000000
vt 0.607219 0.000000
vt 0.609342 1.000000
vt 0.609342 0.000000
vt 0.611465 1.000000
vt 0.611465 0.000000
vt 0.613588 1.000000
vt 0.613588 0.000000
vt 0.615711 1.000000
vt 0.615711 0.000000
vt 0.617834 1.000000
vt 0.617834 0.000000
vt 0.619958 1.000000
vt 0.619958 0.000000
vt 0.622081 1.000000
vt 0.622081 0.000000
vt 0.624204 1.000000
vt 0.624204 0.000000
vt 0.626327 1.000000
vt 0.626327 0.000000
vt 0.628450 1.000000
vt 0.628450 0.000000
vt 0.630573 1.000000
vt 0.630573 0.000000
vt 0.632696 1.000000
vt 0.632696 0.000000
vt 0.634820 1.000000
vt 0.634820 0.000000
vt 0.636943 1.000000
vt 0.636943 0.000000
vt 0.639066 1.000000
vt 0.639066 0.000000
vt 0.641189 1.000000
vt 0.641189 0.000000
vt 0.643312 1.000000
vt 0.643312 0.000000
vt 0.645435 1.000000
vt 0.645435 0.000000
vt 0.647558 1.000000
vt 0.647558 0.000000
vt 0.649682 1.000000
vt 0.649682 0.000000
vt 0.651805 1.000000
vt 0.651805 0.000000
vt 0.653928 1.000000
vt 0.653928 0.000000
vt 0.656051 1.000000
vt 0.656051 0.000000
vt 0.658174 1.000000
vt 0.658174 0.000000
vt 0.660297 1.000000
vt 0.660297 0.000000
vt 0.662420 1.000000
vt 0.662420 0.000000
vt 0.664544 1.000000
vt 0.664544 0.000000
vt 0.668790 1.000000
vt 0.668790 0.000000
vt 0.670913 1.000000
vt 0.670913 0.000000
vt 0.673036 1.000000
vt 0.673036 0.000000
vt 0.675159 1.000000
vt 0.675159 0.000000
vt 0.677282 1.000000
vt 0.677282 0.000000
vt 0.679406 1.000000
vt 0.679406 0.000000
vt 0.681529 1.000000
vt 0.681529 0.000000
vt 0.683652 1.000000
vt 0.683652 0.000000
vt 0.685775 1.000000
vt 0.685775 0.000000
vt 0.687898 1.000000
vt 0.687898 0.000000
vt 0.690021 1.000000
vt 0.690021 0.000000
vt 0.692144 1.000000
vt 0.692144 0.000000
vt 0.694268 1.000000
vt 0.694268 0.000000
vt 0.696391 1.000000
vt 0.696391 0.000000
vt 0.698514 1.000000
vt 0.698514 0.000000
vt 0.700637 1.000000
vt 0.700637 0.000000
vt 0.702760 1.000000
vt 0.702760 0.000000
vt 0.704883 1.000000
vt 0.704883 0.000000
vt 0.707006 1.000000
vt 0.707006 0.000000
vt 0.709130 1.000000
vt 0.709130 0.000000
vt 0.711253 1.000000
vt 0.711253 0.000000
vt 0.713376 1.000000
vt 0.713376 0.000000
vt 0.715499 1.000000
vt 0.715499 0.000000
vt 0.717622 1.000000
vt 0.717622 0.000000
vt 0.719745 1.000000
vt 0.719745 0.000000
vt 0.721868 1.000000
vt 0.721868 0.000000
vt 0.723992 1.000000
vt 0.723992 0.000000
vt 0.726115 1.000000
vt 0.726115 0.000000
vt 0.728238 1.000000
vt 0.728238 0.000000
vt 0.730361 1.000000
vt 0.730361 0.000000
vt 0.732484 1.000000
vt 0.732484 0.000000
vt 0.734607 1.000000
vt 0.734607 0.000000
vt 0.736730 1.000000
vt 0.736730 0.000000
vt 0.738854 1.000000
vt 0.738854 0.000000
vt 0.740977 1.000000
vt 0.740977 0.000000
vt 0.743100 1.000000
vt 0.743100 0.000000
vt 0.745223 1.000000
vt 0.745223 0.000000
vt 0.747346 1.000000
vt 0.747346 0.000000
vt 0.749469 1.000000
vt 0.749469 0.000000
vt 0.751592 1.000000
vt 0.751592 0.000000
vt 0.753716 1.000000
vt 0.753716 0.000000
vt 0.755839 1.000000
vt 0.755839 0.000000
vt 0.757962 1.000000
vt 0.757962 0.000000
vt 0.760085 1.000000
vt 0.760085 0.000000
vt 0.762208 1.000000
vt 0.762208 0.000000
vt 0.764331 1.000000
vt 0.764331 0.000000
vt 0.766454 1.000000
vt 0.766454 0.000000
vt 0.768578 1.000000
vt 0.768578 0.000000
vt 0.770701 1.000000
vt 0.770701 0.000000
vt 0.772824 1.000000
vt 0.772824 0.000000
vt 0.774947 1.000000
vt 0.774947 0.000000
vt 0.777070 1.000000
vt 0.777070 0.000000
vt 0.779193 1.000000
vt 0.779193 0.000000
vt 0.781316 1.000000
vt 0.781316 0.000000
vt 0.783440 1.000000
vt 0.783440 0.000000
vt 0.785563 1.000000
vt 0.785563 0.000000
vt 0.787686 1.000000
vt 0.787686 0.000000
vt 0.789809 1.000000
vt 0.789809 0.000000
vt 0.791932 1.000000
vt 0.791932 0.000000
vt 0.794055 1.000000
vt 0.794055 0.000000
vt 0.796178 1.000000
vt 0.796178 0.000000
vt 0.798301 1.000000
vt 0.798301 0.000000
vt 0.800425 1.000000
vt 0.800425 0.000000
vt 0.802548 1.000000
vt 0.802548 0.000000
vt 0.804671 1.000000
vt 0.804671 0.000000
vt 0.806794 1.000000
vt 0.806794 0.000000
vt 0.808917 1.000000
vt 0.808917 0.000000
vt 0.811040 1.000000
vt 0.811040 0.000000
vt 0.813163 1.000000
vt 0.813163 0.000000
vt 0.815287 1.000000
vt 0.815287 0.000000
vt 0.817410 1.000000
vt 0.817410 0.000000
vt 0.819533 1.000000
vt 0.819533 0.000000
vt 0.821656 1.000000
vt 0.821656 0.000000
vt 0.823779 1.000000
vt 0.823779 0.000000
vt 0.825902 1.000000
vt 0.825902 0.000000
vt 0.828025 1.000000
vt 0.828025 0.000000
vt 0.830149 1.000000
vt 0.830149 0.000000
vt 0.832272 1.000000
vt 0.832272 0.000000
vt 0.834395 1.000000
vt 0.834395 0.000000
vt 0.836518 1.000000
vt 0.836518 0.000000
vt 0.838641 1.000000
vt 0.838641 0.000000
vt 0.840764 1.000000
vt 0.840764 0.000000
vt 0.842887 1.000000
vt 0.842887 0.000000
vt 0.845011 1.000000
vt 0.845011 0.000000
vt 0.847134 1.000000
vt 0.847134 0.000000
vt 0.849257 1.000000
vt 0.849257 0.000000
vt 0.851380 1.000000
vt 0.851380 0.000000
vt 0.853503 1.000000
vt 0.853503 0.000000
vt 0.855626 1.000000
vt 0.855626 0.000000
vt 0.857749 1.000000
vt 0.857749 0.000000
vt 0.859873 1.000000
vt 0.859873 0.000000
vt 0.861996 1.000000
vt 0.861996 0.000000
vt 0.864119 1.000000
vt 0.864119 0.000000
vt 0.866242 1.000000
vt 0.866242 0.000000
vt 0.868365 1.000000
vt 0.868365 0.000000
vt 0.870488 1.000000
vt 0.870488 0.000000
vt 0.872611 1.000000
vt 0.872611 0.000000
vt 0.874735 1.000000
vt 0.874735 0.000000
vt 0.876858 1.000000
vt 0.876858 0.000000
vt 0.878981 1.000000
vt 0.878981 0.000000
vt 0.881104 1.000000
vt 0.881104 0.000000
vt 0.883227 1.000000
vt 0.883227 0.000000
vt 0.885350 1.000000
vt 0.885350 0.000000
vt 0.887473 1.000000
vt 0.887473 0.000000
vt 0.889597 1.000000
vt 0.889597 0.000000
vt 0.891720 1.000000
vt 0.891720 0.000000
vt 0.893843 1.000000
vt 0.893843 0.000000
vt 0.895966 1.000000
vt 0.895966 0.000000
vt 0.898089 1.000000
vt 0.898089 0.000000
vt 0.900212 1.000000
vt 0.900212 0.000000
vt 0.902335 1.000000
vt 0.902335 0.000000
vt 0.904459 1.000000
vt 0.904459 0.000000
vt 0.906582 1.000000
vt 0.906582 0.000000
vt 0.908705 1.000000
vt 0.908705 0.000000
vt 0.910828 1.000000
vt 0.910828 0.000000
vt 0.912951 1.000000
vt 0.912951 0.000000
vt 0.915074 1.000000
vt 0.915074 0.000000
vt 0.917197 1.000000
vt 0.917197 0.000000
vt 0.919321 1.000000
vt 0.919321 0.000000
vt 0.921444 1.000000
vt 0.921444 0.000000
vt 0.923567 1.000000
vt 0.923567 0.000000
vt 0.925690 1.000000
vt 0.925690 0.000000
vt 0.927813 1.000000
vt 0.927813 0.000000
vt 0.929936 1.000000
vt 0.929936 0.000000
vt 0.932059 1.000000
vt 0.932059 0.000000
vt 0.934183 1.000000
vt 0.934183 0.000000
vt 0.936306 1.000000
vt 0.936306 0.000000
vt 0.938429 1.000000
vt 0.938429 0.000000
vt 0.940552 1.000000
vt 0.940552 0.000000
vt 0.942675 1.000000
vt 0.942675 0.000000
vt 0.944798 1.000000
vt 0.944798 0.000000
vt 0.946921 1.000000
vt 0.946921 0.000000
vt 0.949045 1.000000
vt 0.949045 0.000000
vt 0.951168 1.000000
vt 0.951168 0.000000
vt 0.953291 1.000000
vt 0.953291 0.000000
vt 0.955414 1.000000
vt 0.955414 0.000000
vt 0.957537 1.000000
vt 0.957537 0.000000
vt 0.959660 1.000000
vt 0.959660 0.000000
vt 0.961783 1.000000
vt 0.961783 0.000000
vt 0.963907 1.000000
vt 0.963907 0.000000
vt 0.966030 1.000000
vt 0.966030 0.000000
vt 0.968153 1.000000
vt 0.968153 0.000000
vt 0.970276 1.000000
vt 0.970276 0.000000
vt 0.972399 1.000000
vt 0.972399 0.000000
vt 0.974522 1.000000
vt 0.974522 0.000000
vt 0.976645 1.000000
vt 0.976645 0.000000
vt 0.978769 1.000000
vt 0.978769 0.000000
vt 0.980892 1.000000
vt 0.980892 0.000000
vt 0.983015 1.000000
vt 0.983015 0.000000
vt 0.985138 1.000000
vt 0.985138 0.000000
vt 0.987261 1.000000
vt 0.987261 0.000000
vt 0.989384 1.000000
vt 0.989384 0.000000
vt 0.991507 1.000000
vt 0.991507 0.000000
vt 0.993631 1.000000
vt 0.993631 0.000000
vt 0.995754 1.000000
vt 0.995754 0.000000
vt 0.997877 1.000000
vt 0.997877 0.000000
s 1
f 423/1/1 425/2/1 424/3/1
f 423/1/1 426/4/1 425/2/1
f 423/1/1 427/5/1 426/4/1
f 422/6/1 427/5/1 423/1/1
f 422/6/1 428/7/1 427/5/1
f 422/6/1 429/8/1 428/7/1
f 422/6/1 430/9/1 429/8/1
f 421/10/1 430/9/1 422/6/1
f 421/10/1 431/11/1 430/9/1
f 421/10/1 432/12/1 431/11/1
f 421/10/1 433/13/1 432/12/1
f 420/14/1 433/13/1 421/10/1
f 420/14/1 434/15/1 433/13/1
f 420/14/1 435/16/1 434/15/1
f 419/17/1 435/16/1 420/14/1
f 419/17/1 436/18/1 435/16/1
f 419/17/1 437/19/1 436/18/1
f 419/17/1 438/20/1 437/19/1
f 418/21/1 438/20/1 419/17/1
f 418/21/1 439/22/1 438/20/1
f 418/21/1 440/23/1 439/22/1
f 418/21/1 441/24/1 440/23/1
f 417/25/1 441/24/1 418/21/1
f 417/25/1 442/26/1 441/24/1
f 417/25/1 443/27/1 442/26/1
f 417/25/1 444/28/1 443/27/1
f 416/29/1 444/28/1 417/25/1
f 416/29/1 445/30/1 444/28/1
f 416/29/1 446/31/1 445/30/1
f 416/29/1 447/32/1 446/31/1
f 416/29/1 448/33/1 447/32/1
f 415/34/1 448/33/1 416/29/1
f 415/34/1 449/35/1 448/33/1
f 415/34/1 450/36/1 449/35/1
f 415/34/1 451/37/1 450/36/1
f 414/38/1 451/37/1 415/34/1
f 414/38/1 452/39/1 451/37/1
f 414/38/1 453/40/1 452/39/1
f 414/38/1 454/41/1 453/40/1
f 414/38/1 455/42/1 454/41/1
f 413/43/1 455/42/1 414/38/1
f 413/43/1 456/44/1 455/42/1
f 413/43/1 457/45/1 456/44/1
f 413/43/1 458/46/1 457/45/1
f 412/47/1 458/46/1 413/43/1
f 412/47/1 459/48/1 458/46/1
f 412/47/1 460/49/1 459/48/1
f 412/47/1 461/50/1 460/49/1
f 411/51/1 461/50/1 412/47/1
f 411/51/1 462/52/1 461/50/1
f 411/51/1 463/53/1 462/52/1
f 411/51/1 464/54/1 463/53/1
f 326/55/1 328/56/1 327/57/1
f 325/58/1 328/56/1 326/55/1
f 325/58/1 329/59/1 328/56/1
f 324/60/1 329/59/1 325/58/1
f 324/60/1 330/61/1 329/59/1
f 323/62/1 330/61/1 324/60/1
f 323/62/1 331/63/1 330/61/1
f 322/64/1 331/63/1 323/62/1
f 322/64/1 332/65/1 331/63/1
f 321/66/1 332/65/1 322/64/1
f 321/66/1 333/67/1 332/65/1
f 411/51/1 465/68/1 464/54/1
f 410/69/1 465/68/1 411/51/1
f 320/70/1 333/67/1 321/66/1
f 320/70/1 334/71/1 333/67/1
f 319/72/1 334/71/1 320/70/1
f 319/72/1 335/73/1 334/71/1
f 318/74/1 335/73/1 319/72/1
f 318/74/1 336/75/1 335/73/1
f 410/69/1 466/76/1 465/68/1
f 317/77/1 336/75/1 318/74/1
f 317/77/1 337/78/1 336/75/1
f 316/79/1 337/78/1 317/77/1
f 316/79/1 338/80/1 337/78/1
f 315/81/1 338/80/1 316/79/1
f 315/81/1 339/82/1 338/80/1
f 410/69/1 467/83/1 466/76/1
f 314/84/1 339/82/1 315/81/1
f 314/84/1 340/85/1 339/82/1
f 410/69/1 468/86/1 467/83/1
f 313/87/1 340/85/1 314/84/1
f 313/87/1 341/88/1 340/85/1
f 409/89/1 468/86/1 410/69/1
f 312/90/1 341/88/1 313/87/1
f 312/90/1 342/91/1 341/88/1
f 409/89/1 469/92/1 468/86/1
f 311/93/1 342/91/1 312/90/1
f 311/93/1 343/94/1 342/91/1
f 310/95/1 343/94/1 311/93/1
f 310/95/1 344/96/1 343/94/1
f 409/89/1 470/97/1 469/92/1
f 309/98/1 344/96/1 310/95/1
f 309/98/1 345/99/1 344/96/1
f 409/89/1 471/100/1 470/97/1
f 308/101/1 345/99/1 309/98/1
f 308/101/1 346/102/1 345/99/1
f 307/103/1 346/102/1 308/101/1
f 307/103/1 347/104/1 346/102/1
f 409/89/1 1/105/1 471/100/1
f 408/106/1 1/105/1 409/89/1
f 306/107/1 347/104/1 307/103/1
f 306/107/1 348/108/1 347/104/1
f 408/106/1 2/109/1 1/105/1
f 305/110/1 348/108/1 306/107/1
f 305/110/1 349/111/1 348/108/1
f 408/106/1 3/112/1 2/109/1
f 304/113/1 349/111/1 305/110/1
f 304/113/1 350/114/1 349/111/1
f 303/115/1 350/114/1 304/113/1
f 303/115/1 351/116/1 350/114/1
f 408/106/1 4/117/1 3/112/1
f 407/118/1 4/117/1 408/106/1
f 302/119/1 351/116/1 303/115/1
f 302/119/1 352/120/1 351/116/1
f 301/121/1 352/120/1 302/119/1
f 301/121/1 353/122/1 352/120/1
f 407/118/1 5/123/1 4/117/1
f 300/124/1 353/122/1 301/121/1
f 300/124/1 354/125/1 353/122/1
f 407/118/1 6/126/1 5/123/1
f 299/127/1 354/125/1 300/124/1
f 299/127/1 355/128/1 354/125/1
f 406/129/1 6/126/1 407/118/1
f 298/130/1 355/128/1 299/127/1
f 298/130/1 356/131/1 355/128/1
f 406/129/1 7/132/1 6/126/1
f 297/133/1 356/131/1 298/130/1
f 297/133/1 357/134/1 356/131/1
f 406/129/1 8/135/1 7/132/1
f 296/136/1 357/134/1 297/133/1
f 296/136/1 358/137/1 357/134/1
f 295/138/1 358/137/1 296/136/1
f 295/138/1 359/139/1 358/137/1
f 405/140/1 8/135/1 406/129/1
f 405/140/1 9/141/1 8/135/1
f 294/142/1 359/139/1 295/138/1
f 294/142/1 360/143/1 359/139/1
f 293/144/1 360/143/1 294/142/1
f 293/144/1 361/145/1 360/143/1
f 405/140/1 10/146/1 9/141/1
f 292/147/1 361/145/1 293/144/1
f 292/147/1 362/148/1 361/145/1
f 404/149/1 10/146/1 405/140/1
f 404/149/1 11/150/1 10/146/1
f 291/151/1 362/148/1 292/147/1
f 291/151/1 363/152/1 362/148/1
f 290/153/1 363/152/1 291/151/1
f 290/153/1 364/154/1 363/152/1
f 404/149/1 12/155/1 11/150/1
f 289/156/1 364/154/1 290/153/1
f 289/156/1 365/157/1 364/154/1
f 403/158/1 12/155/1 404/149/1
f 403/158/1 13/159/1 12/155/1
f 288/160/1 365/157/1 289/156/1
f 288/160/1 366/161/1 365/157/1
f 287/162/1 366/161/1 288/160/1
f 287/162/1 367/163/1 366/161/1
f 403/158/1 14/164/1 13/159/1
f 286/165/1 367/163/1 287/162/1
f 286/165/1 368/166/1 367/163/1
f 402/167/1 14/164/1 403/158/1
f 402/167/1 15/168/1 14/164/1
f 285/169/1 368/166/1 286/165/1
f 285/169/1 369/170/1 368/166/1
f 402/167/1 16/171/1 15/168/1
f 284/172/1 369/170/1 285/169/1
f 284/172/1 370/173/1 369/170/1
f 402/167/1 17/174/1 16/171/1
f 401/175/1 17/174/1 402/167/1
f 283/176/1 370/173/1 284/172/1
f 283/176/1 371/177/1 370/173/1
f 401/175/1 18/178/1 17/174/1
f 282/179/1 371/177/1 283/176/1
f 282/179/1 372/180/1 371/177/1
f 401/175/1 19/181/1 18/178/1
f 281/182/1 372/180/1 282/179/1
f 281/182/1 373/183/1 372/180/1
f 400/184/1 19/181/1 401/175/1
f 280/185/1 373/183/1 281/182/1
f 280/185/1 374/186/1 373/183/1
f 400/184/1 20/187/1 19/181/1
f 279/188/1 374/186/1 280/185/1
f 279/188/1 375/189/1 374/186/1
f 400/184/1 21/190/1 20/187/1
f 278/191/1 375/189/1 279/188/1
f 278/191/1 376/192/1 375/189/1
f 399/193/1 21/190/1 400/184/1
f 399/193/1 22/194/1 21/190/1
f 399/193/1 23/195/1 22/194/1
f 398/196/1 23/195/1 399/193/1
f 398/196/1 24/197/1 23/195/1
f 398/196/1 25/198/1 24/197/1
f 397/199/1 25/198/1 398/196/1
f 397/199/1 26/200/1 25/198/1
f 396/201/1 26/200/1 397/199/1
f 396/201/1 27/202/1 26/200/1
f 396/201/1 28/203/1 27/202/1
f 395/204/1 28/203/1 396/201/1
f 395/204/1 29/205/1 28/203/1
f 394/206/1 29/205/1 395/204/1
f 394/206/1 30/207/1 29/205/1
f 394/206/1 31/208/1 30/207/1
f 393/209/1 31/208/1 394/206/1
f 393/209/1 32/210/1 31/208/1
f 392/211/1 32/210/1 393/209/1
f 392/211/1 33/212/1 32/210/1
f 392/211/1 34/213/1 33/212/1
f 391/214/1 34/213/1 392/211/1
f 391/214/1 35/215/1 34/213/1
f 390/216/1 35/215/1 391/214/1
f 390/216/1 36/217/1 35/215/1
f 390/216/1 37/218/1 36/217/1
f 389/219/1 37/218/1 390/216/1
f 389/219/1 38/220/1 37/218/1
f 388/221/1 38/220/1 389/219/1
f 388/221/1 39/222/1 38/220/1
f 388/221/1 40/223/1 39/222/1
f 387/224/1 40/223/1 388/221/1
f 387/224/1 41/225/1 40/223/1
f 386/226/1 41/225/1 387/224/1
f 386/226/1 42/227/1 41/225/1
f 386/226/1 43/228/1 42/227/1
f 385/229/1 43/228/1 386/226/1
f 385/229/1 44/230/1 43/228/1
f 384/231/1 44/230/1 385/229/1
f 384/231/1 45/232/1 44/230/1
f 384/231/1 46/233/1 45/232/1
f 383/234/1 46/233/1 384/231/1
f 383/234/1 47/235/1 46/233/1
f 382/236/1 47/235/1 383/234/1
f 382/236/1 48/237/1 47/235/1
f 382/236/1 49/238/1 48/237/1
f 381/239/1 49/238/1 382/236/1
f 381/239/1 50/240/1 49/238/1
f 380/241/1 50/240/1 381/239/1
f 380/241/1 51/242/1 50/240/1
f 380/241/1 52/243/1 51/242/1
f 379/244/1 52/243/1 380/241/1
f 379/244/1 53/245/1 52/243/1
f 379/244/1 54/246/1 53/245/1
f 378/247/1 54/246/1 379/244/1
f 378/247/1 55/248/1 54/246/1
f 377/249/1 55/248/1 378/247/1
f 377/249/1 56/250/1 55/248/1
f 377/249/1 57/251/1 56/250/1
f 376/192/1 57/251/1 377/249/1
f 376/192/1 58/252/1 57/251/1
f 376/192/1 59/253/1 58/252/1
f 278/191/1 161/254/1 376/192/1
f 161/254/1 160/255/1 376/192/1
f 160/255/1 159/256/1 376/192/1
f 159/256/1 158/257/1 376/192/1
f 158/257/1 157/258/1 376/192/1
f 157/258/1 156/259/1 376/192/1
f 156/259/1 155/260/1 376/192/1
f 155/260/1 154/261/1 376/192/1
f 154/261/1 153/262/1 376/192/1
f 153/262/1 152/263/1 376/192/1
f 152/263/1 151/264/1 376/192/1
f 151/264/1 150/265/1 376/192/1
f 150/265/1 149/266/1 376/192/1
f 149/266/1 148/267/1 376/192/1
f 148/267/1 147/268/1 376/192/1
f 147/268/1 146/269/1 376/192/1
f 146/269/1 145/270/1 376/192/1
f 145/270/1 144/271/1 376/192/1
f 144/271/1 143/272/1 376/192/1
f 143/272/1 142/273/1 376/192/1
f 142/273/1 141/274/1 376/192/1
f 141/274/1 140/275/1 376/192/1
f 140/275/1 139/276/1 376/192/1
f 139/276/1 138/277/1 376/192/1
f 138/277/1 137/278/1 376/192/1
f 137/278/1 59/253/1 376/192/1
f 137/278/1 60/279/1 59/253/1
f 137/278/1 136/280/2 60/279/1
f 136/280/2 61/281/1 60/279/1
f 136/280/2 62/282/1 61/281/1
f 136/280/2 63/283/1 62/282/1
f 136/280/2 135/284/1 63/283/1
f 135/284/1 64/285/1 63/283/1
f 135/284/1 65/286/1 64/285/1
f 135/284/1 66/287/1 65/286/1
f 135/284/1 134/288/3 66/287/1
f 134/288/3 67/289/1 66/287/1
f 134/288/3 68/290/1 67/289/1
f 134/288/3 133/291/1 68/290/1
f 133/291/1 69/292/1 68/290/1
f 133/291/1 70/293/1 69/292/1
f 133/291/1 132/294/1 70/293/1
f 132/294/1 71/295/1 70/293/1
f 131/296/1 71/295/1 132/294/1
f 130/297/1 71/295/1 131/296/1
f 129/298/1 71/295/1 130/297/1
f 128/299/1 71/295/1 129/298/1
f 127/300/1 71/295/1 128/299/1
f 126/301/1 71/295/1 127/300/1
f 125/302/1 71/295/1 126/301/1
f 124/303/1 71/295/1 125/302/1
f 123/304/1 71/295/1 124/303/1
f 123/304/1 72/305/1 71/295/1
f 122/306/1 72/305/1 123/304/1
f 121/307/1 72/305/1 122/306/1
f 120/308/1 72/305/1 121/307/1
f 119/309/1 72/305/1 120/308/1
f 119/309/1 73/310/1 72/305/1
f 118/311/1 73/310/1 119/309/1
f 117/312/1 73/310/1 118/311/1
f 116/313/1 73/310/1 117/312/1
f 115/314/1 73/310/1 116/313/1
f 114/315/1 73/310/1 115/314/1
f 114/315/1 74/316/1 73/310/1
f 113/317/1 74/316/1 114/315/1
f 112/318/1 74/316/1 113/317/1
f 111/319/1 74/316/1 112/318/1
f 111/319/1 75/320/1 74/316/1
f 110/321/1 75/320/1 111/319/1
f 109/322/1 75/320/1 110/321/1
f 108/323/1 75/320/1 109/322/1
f 107/324/1 75/320/1 108/323/1
f 107/324/1 76/325/1 75/320/1
f 106/326/1 76/325/1 107/324/1
f 105/327/1 76/325/1 106/326/1
f 104/328/1 76/325/1 105/327/1
f 104/328/1 77/329/1 76/325/1
f 103/330/1 77/329/1 104/328/1
f 102/331/1 77/329/1 103/330/1
f 101/332/1 77/329/1 102/331/1
f 101/332/1 78/333/1 77/329/1
f 100/334/1 78/333/1 101/332/1
f 99/335/1 78/333/1 100/334/1
f 99/335/1 79/336/1 78/333/1
f 98/337/1 79/336/1 99/335/1
f 97/338/1 79/336/1 98/337/1
f 97/338/1 80/339/1 79/336/1
f 96/340/1 80/339/1 97/338/1
f 95/341/1 80/339/1 96/340/1
f 94/342/1 80/339/1 95/341/1
f 94/342/1 81/343/1 80/339/1
f 93/344/1 81/343/1 94/342/1
f 92/345/1 81/343/1 93/344/1
f 92/345/1 82/346/1 81/343/1
f 91/347/1 82/346/1 92/345/1
f 91/347/1 83/348/1 82/346/1
f 90/349/1 83/348/1 91/347/1
f 89/350/1 83/348/1 90/349/1
f 89/350/1 84/351/1 83/348/1
f 88/352/1 84/351/1 89/350/1
f 87/353/1 84/351/1 88/352/1
f 87/353/1 85/354/1 84/351/1
f 86/355/1 85/354/1 87/353/1
f 278/191/1 162/356/1 161/254/1
f 278/191/1 163/357/1 162/356/1
f 278/191/1 164/358/1 163/357/1
f 278/191/1 165/359/1 164/358/1
f 278/191/1 166/360/1 165/359/1
f 278/191/1 167/361/1 166/360/1
f 278/191/1 168/362/1 167/361/1
f 278/191/1 169/363/1 168/362/1
f 278/191/1 170/364/1 169/363/1
f 278/191/1 171/365/1 170/364/1
f 278/191/1 172/366/1 171/365/1
f 278/191/1 173/367/1 172/366/1
f 278/191/1 174/368/1 173/367/1
f 278/191/1 175/369/1 174/368/1
f 278/191/1 176/370/1 175/369/1
f 278/191/1 177/371/1 176/370/1
f 278/191/1 178/372/1 177/371/1
f 278/191/1 179/373/1 178/372/1
f 278/191/1 180/374/1 179/373/1
f 278/191/1 181/375/1 180/374/1
f 278/191/1 182/376/1 181/375/1
f 277/377/1 182/376/1 278/191/1
f 277/377/1 183/378/1 182/376/1
f 276/379/1 183/378/1 277/377/1
f 276/379/1 184/380/1 183/378/1
f 275/381/1 184/380/1 276/379/1
f 275/381/1 185/382/1 184/380/1
f 274/383/1 185/382/1 275/381/1
f 274/383/1 186/384/1 185/382/1
f 273/385/1 186/384/1 274/383/1
f 273/385/1 187/386/1 186/384/1
f 272/387/1 187/386/1 273/385/1
f 272/387/1 188/388/1 187/386/1
f 271/389/1 188/388/1 272/387/1
f 271/389/1 189/390/1 188/388/1
f 270/391/1 189/390/1 271/389/1
f 270/391/1 190/392/1 189/390/1
f 269/393/1 190/392/1 270/391/1
f 269/393/1 191/394/1 190/392/1
f 268/395/1 191/394/1 269/393/1
f 268/395/1 192/396/1 191/394/1
f 267/397/1 192/396/1 268/395/1
f 267/397/1 193/398/1 192/396/1
f 266/399/1 193/398/1 267/397/1
f 266/399/1 194/400/1 193/398/1
f 265/401/1 194/400/1 266/399/1
f 265/401/1 195/402/1 194/400/1
f 264/403/1 195/402/1 265/401/1
f 264/403/1 196/404/1 195/402/1
f 263/405/1 196/404/1 264/403/1
f 263/405/1 197/406/1 196/404/1
f 262/407/1 197/406/1 263/405/1
f 262/407/1 198/408/1 197/406/1
f 261/409/1 198/408/1 262/407/1
f 261/409/1 199/410/1 198/408/1
f 260/411/1 199/410/1 261/409/1
f 260/411/1 200/412/1 199/410/1
f 259/413/1 200/412/1 260/411/1
f 259/413/1 201/414/1 200/412/1
f 258/415/1 201/414/1 259/413/1
f 258/415/1 202/416/1 201/414/1
f 257/417/1 202/416/1 258/415/1
f 257/417/1 203/418/1 202/416/1
f 256/419/1 203/418/1 257/417/1
f 256/419/1 204/420/1 203/418/1
f 255/421/1 204/420/1 256/419/1
f 255/421/1 205/422/1 204/420/1
f 254/423/1 205/422/1 255/421/1
f 254/423/1 206/424/1 205/422/1
f 253/425/1 206/424/1 254/423/1
f 253/425/1 207/426/1 206/424/1
f 252/427/1 207/426/1 253/425/1
f 252/427/1 208/428/1 207/426/1
f 251/429/1 208/428/1 252/427/1
f 251/429/1 209/430/1 208/428/1
f 250/431/1 209/430/1 251/429/1
f 250/431/1 210/432/1 209/430/1
f 249/433/1 210/432/1 250/431/1
f 249/433/1 211/434/1 210/432/1
f 248/435/1 211/434/1 249/433/1
f 248/435/1 212/436/1 211/434/1
f 247/437/1 212/436/1 248/435/1
f 247/437/1 213/438/1 212/436/1
f 246/439/1 213/438/1 247/437/1
f 246/439/1 214/440/1 213/438/1
f 245/441/1 214/440/1 246/439/1
f 245/441/1 215/442/1 214/440/1
f 244/443/1 215/442/1 245/441/1
f 244/443/1 216/444/1 215/442/1
f 243/445/1 216/444/1 244/443/1
f 243/445/1 217/446/1 216/444/1
f 242/447/1 217/446/1 243/445/1
f 242/447/1 218/448/1 217/446/1
f 241/449/1 218/448/1 242/447/1
f 241/449/1 219/450/1 218/448/1
f 240/451/1 219/450/1 241/449/1
f 240/451/1 220/452/1 219/450/1
f 239/453/1 220/452/1 240/451/1
f 239/453/1 221/454/1 220/452/1
f 238/455/1 221/454/1 239/453/1
f 238/455/1 222/456/1 221/454/1
f 237/457/1 222/456/1 238/455/1
f 237/457/1 223/458/1 222/456/1
f 236/459/1 223/458/1 237/457/1
f 236/459/1 224/460/1 223/458/1
f 235/461/1 224/460/1 236/459/1
f 235/461/1 225/462/1 224/460/1
f 234/463/1 225/462/1 235/461/1
f 234/463/1 226/464/1 225/462/1
f 233/465/1 226/464/1 234/463/1
f 233/465/1 227/466/1 226/464/1
f 232/467/1 227/466/1 233/465/1
f 232/467/1 228/468/1 227/466/1
f 231/469/1 228/468/1 232/467/1
f 231/469/1 229/470/1 228/468/1
f 230/471/1 229/470/1 231/469/1
f 713/472/1 715/473/1 714/474/1
f 712/475/1 715/473/1 713/472/1
f 712/475/1 716/476/1 715/473/1
f 711/477/1 716/476/1 712/475/1
f 711/477/1 717/478/1 716/476/1
f 710/479/1 717/478/1 711/477/1
f 710/479/1 718/480/1 717/478/1
f 709/481/1 718/480/1 710/479/1
f 709/481/1 719/482/1 718/480/1
f 708/483/1 719/482/1 709/481/1
f 708/483/1 720/484/1 719/482/1
f 707/485/1 720/484/1 708/483/1
f 707/485/1 721/486/1 720/484/1
f 706/487/1 721/486/1 707/485/1
f 706/487/1 722/488/1 721/486/1
f 705/489/1 722/488/1 706/487/1
f 705/489/1 723/490/1 722/488/1
f 762/491/1 764/492/1 763/493/1
f 762/491/1 765/494/1 764/492/1
f 761/495/1 765/494/1 762/491/1
f 761/495/1 766/496/1 765/494/1
f 761/495/1 767/497/1 766/496/1
f 760/498/1 767/497/1 761/495/1
f 760/498/1 768/499/1 767/497/1
f 760/498/1 769/500/1 768/499/1
f 759/501/1 769/500/1 760/498/1
f 759/501/1 770/502/1 769/500/1
f 704/503/1 723/490/1 705/489/1
f 759/501/1 771/504/1 770/502/1
f 758/505/1 771/504/1 759/501/1
f 758/505/1 772/506/1 771/504/1
f 758/505/1 773/507/1 772/506/1
f 757/508/1 773/507/1 758/505/1
f 757/508/1 774/509/1 773/507/1
f 757/508/1 775/510/1 774/509/1
f 756/511/1 775/510/1 757/508/1
f 704/503/1 724/512/1 723/490/1
f 756/511/1 776/513/1 775/510/1
f 756/511/1 777/514/1 776/513/1
f 755/515/1 777/514/1 756/511/1
f 755/515/1 778/516/1 777/514/1
f 755/515/1 779/517/1 778/516/1
f 754/518/1 779/517/1 755/515/1
f 754/518/1 780/519/1 779/517/1
f 703/520/1 724/512/1 704/503/1
f 754/518/1 781/521/1 780/519/1
f 753/522/1 781/521/1 754/518/1
f 753/522/1 782/523/1 781/521/1
f 753/522/1 783/524/1 782/523/1
f 752/525/1 783/524/1 753/522/1
f 752/525/1 784/526/1 783/524/1
f 703/520/1 725/527/1 724/512/1
f 752/525/1 785/528/1 784/526/1
f 751/529/1 785/528/1 752/525/1
f 751/529/1 786/530/1 785/528/1
f 751/529/1 787/531/1 786/530/1
f 750/532/1 787/531/1 751/529/1
f 702/533/1 725/527/1 703/520/1
f 750/532/1 788/534/1 787/531/1
f 750/532/1 789/535/1 788/534/1
f 749/536/1 789/535/1 750/532/1
f 749/536/1 790/537/1 789/535/1
f 749/536/1 791/538/1 790/537/1
f 702/533/1 726/539/1 725/527/1
f 748/540/1 791/538/1 749/536/1
f 748/540/1 792/541/1 791/538/1
f 748/540/1 793/542/1 792/541/1
f 747/543/1 793/542/1 748/540/1
f 701/544/1 726/539/1 702/533/1
f 747/543/1 794/545/1 793/542/1
f 747/543/1 795/546/1 794/545/1
f 746/547/1 795/546/1 747/543/1
f 746/547/1 796/548/1 795/546/1
f 701/544/1 727/549/1 726/539/1
f 746/547/1 797/550/1 796/548/1
f 745/551/1 797/550/1 746/547/1
f 745/551/1 798/552/1 797/550/1
f 700/553/1 727/549/1 701/544/1
f 745/551/1 799/554/1 798/552/1
f 744/555/1 799/554/1 745/551/1
f 744/555/1 800/556/1 799/554/1
f 744/555/1 801/557/1 800/556/1
f 700/553/1 728/558/1 727/549/1
f 743/559/1 801/557/1 744/555/1
f 743/559/1 802/560/1 801/557/1
f 743/559/1 803/561/1 802/560/1
f 699/562/1 728/558/1 700/553/1
f 742/563/1 803/561/1 743/559/1
f 742/563/1 804/564/1 803/561/1
f 742/563/1 805/565/1 804/564/1
f 741/566/1 805/565/1 742/563/1
f 741/566/1 806/567/1 805/565/1
f 699/562/1 729/568/1 728/558/1
f 741/566/1 807/569/1 806/567/1
f 698/570/1 729/568/1 699/562/1
f 740/571/1 807/569/1 741/566/1
f 740/571/1 808/572/1 807/569/1
f 740/571/1 809/573/1 808/572/1
f 739/574/1 809/573/1 740/571/1
f 739/574/1 810/575/1 809/573/1
f 698/570/1 730/576/1 729/568/1
f 739/574/1 472/105/1 810/575/1
f 697/577/1 730/576/1 698/570/1
f 738/578/1 472/105/1 739/574/1
f 738/578/1 473/579/1 472/105/1
f 697/577/1 731/580/1 730/576/1
f 696/581/1 731/580/1 697/577/1
f 695/582/1 731/580/1 696/581/1
f 695/582/1 732/583/1 731/580/1
f 694/584/1 732/583/1 695/582/1
f 694/584/1 733/585/1 732/583/1
f 693/586/1 733/585/1 694/584/1
f 693/586/1 734/587/1 733/585/1
f 692/588/1 734/587/1 693/586/1
f 692/588/1 735/589/1 734/587/1
f 691/590/1 735/589/1 692/588/1
f 691/590/1 736/591/1 735/589/1
f 690/592/1 736/591/1 691/590/1
f 690/592/1 737/593/1 736/591/1
f 689/594/1 737/593/1 690/592/1
f 689/594/1 738/578/1 737/593/1
f 688/595/1 738/578/1 689/594/1
f 687/596/1 738/578/1 688/595/1
f 687/596/1 831/597/1 738/578/1
f 831/597/1 830/598/1 738/578/1
f 830/598/1 829/599/1 738/578/1
f 829/599/1 828/600/1 738/578/1
f 828/600/1 827/601/1 738/578/1
f 827/601/1 826/602/1 738/578/1
f 826/602/1 825/603/1 738/578/1
f 825/603/1 824/604/1 738/578/1
f 824/604/1 823/605/1 738/578/1
f 823/605/1 822/606/1 738/578/1
f 822/606/1 821/607/1 738/578/1
f 821/607/1 820/608/1 738/578/1
f 820/608/1 819/609/1 738/578/1
f 819/609/1 818/610/1 738/578/1
f 818/610/1 817/611/1 738/578/1
f 817/611/1 816/612/1 738/578/1
f 816/612/1 815/613/1 738/578/1
f 815/613/1 814/614/1 738/578/1
f 814/614/1 813/615/1 738/578/1
f 813/615/1 812/616/1 738/578/1
f 812/616/1 473/579/1 738/578/1
f 686/617/1 832/618/1 687/596/1
f 832/618/1 831/597/1 687/596/1
f 685/619/1 833/620/1 686/617/1
f 833/620/1 832/618/1 686/617/1
f 684/621/1 833/620/1 685/619/1
f 683/622/1 834/623/1 684/621/1
f 834/623/1 833/620/1 684/621/1
f 682/624/1 835/625/1 683/622/1
f 835/625/1 834/623/1 683/622/1
f 681/626/1 835/625/1 682/624/1
f 680/627/1 836/628/1 681/626/1
f 836/628/1 835/625/1 681/626/1
f 680/627/1 837/629/1 836/628/1
f 680/627/1 838/630/1 837/629/1
f 680/627/1 839/631/1 838/630/1
f 679/632/1 839/631/1 680/627/1
f 679/632/1 840/633/1 839/631/1
f 679/632/1 841/634/1 840/633/1
f 679/632/1 842/635/1 841/634/1
f 679/632/1 843/636/1 842/635/1
f 679/632/1 844/637/1 843/636/1
f 679/632/1 845/638/1 844/637/1
f 679/632/1 846/639/1 845/638/1
f 678/640/1 846/639/1 679/632/1
f 678/640/1 847/641/1 846/639/1
f 678/640/1 848/642/1 847/641/1
f 678/640/1 849/643/1 848/642/1
f 678/640/1 850/644/1 849/643/1
f 677/645/1 850/644/1 678/640/1
f 677/645/1 851/646/1 850/644/1
f 677/645/1 852/647/1 851/646/1
f 677/645/1 853/648/1 852/647/1
f 676/649/1 853/648/1 677/645/1
f 676/649/1 854/650/1 853/648/1
f 676/649/1 855/651/1 854/650/1
f 675/652/1 855/651/1 676/649/1
f 675/652/1 856/653/1 855/651/1
f 675/652/1 857/654/1 856/653/1
f 675/652/1 858/655/1 857/654/1
f 674/656/1 858/655/1 675/652/1
f 674/656/1 859/657/1 858/655/1
f 674/656/1 860/658/1 859/657/1
f 673/659/1 860/658/1 674/656/1
f 673/659/1 861/660/1 860/658/1
f 673/659/1 862/661/1 861/660/1
f 672/662/1 862/661/1 673/659/1
f 672/662/1 863/663/1 862/661/1
f 672/662/1 864/664/1 863/663/1
f 671/665/1 864/664/1 672/662/1
f 671/665/1 865/666/1 864/664/1
f 671/665/1 866/667/1 865/666/1
f 670/668/1 866/667/1 671/665/1
f 670/668/1 867/669/1 866/667/1
f 811/670/1 473/579/1 812/616/1
f 670/668/1 868/671/1 867/669/1
f 669/672/1 868/671/1 670/668/1
f 669/672/1 869/673/1 868/671/1
f 668/674/1 869/673/1 669/672/1
f 668/674/1 870/675/1 869/673/1
f 668/674/1 871/676/1 870/675/1
f 667/677/1 871/676/1 668/674/1
f 667/677/1 872/678/1 871/676/1
f 667/677/1 873/679/1 872/678/1
f 666/680/1 873/679/1 667/677/1
f 666/680/1 874/681/1 873/679/1
f 666/680/1 875/682/1 874/681/1
f 665/683/1 875/682/1 666/680/1
f 665/683/1 876/684/1 875/682/1
f 664/685/1 876/684/1 665/683/1
f 664/685/1 877/686/1 876/684/1
f 664/685/1 878/687/1 877/686/1
f 663/688/1 878/687/1 664/685/1
f 663/688/1 879/689/1 878/687/1
f 662/690/1 879/689/1 663/688/1
f 662/690/1 880/691/1 879/689/1
f 662/690/1 881/692/1 880/691/1
f 661/693/1 881/692/1 662/690/1
f 661/693/1 882/694/1 881/692/1
f 661/693/1 883/695/1 882/694/1
f 660/696/1 883/695/1 661/693/1
f 660/696/1 884/697/1 883/695/1
f 659/698/1 884/697/1 660/696/1
f 659/698/1 885/699/1 884/697/1
f 1003/100/1 473/579/1 811/670/1
f 659/698/1 886/700/1 885/699/1
f 658/701/1 886/700/1 659/698/1
f 1002/702/1 473/579/1 1003/100/1
f 658/701/1 887/703/1 886/700/1
f 657/704/1 887/703/1 658/701/1
f 657/704/1 888/705/1 887/703/1
f 1001/706/1 473/579/1 1002/702/1
f 657/704/1 889/707/1 888/705/1
f 656/708/1 889/707/1 657/704/1
f 1000/709/1 473/579/1 1001/706/1
f 656/708/1 890/710/1 889/707/1
f 655/711/1 890/710/1 656/708/1
f 999/712/1 473/579/1 1000/709/1
f 655/711/1 891/713/1 890/710/1
f 655/711/1 892/714/1 891/713/1
f 998/715/1 473/579/1 999/712/1
f 654/716/1 892/714/1 655/711/1
f 654/716/1 893/717/1 892/714/1
f 997/718/1 473/579/1 998/715/1
f 654/716/1 894/719/1 893/717/1
f 653/720/1 894/719/1 654/716/1
f 653/720/1 895/721/1 894/719/1
f 996/722/1 473/579/1 997/718/1
f 652/723/1 895/721/1 653/720/1
f 652/723/1 896/724/1 895/721/1
f 995/725/1 473/579/1 996/722/1
f 652/723/1 897/726/1 896/724/1
f 651/727/1 897/726/1 652/723/1
f 994/728/1 473/579/1 995/725/1
f 651/727/1 898/729/1 897/726/1
f 650/730/1 898/729/1 651/727/1
f 993/731/1 473/579/1 994/728/1
f 650/730/1 899/732/1 898/729/1
f 650/730/1 900/733/1 899/732/1
f 649/734/1 900/733/1 650/730/1
f 992/735/1 473/579/1 993/731/1
f 649/734/1 901/736/1 900/733/1
f 991/737/1 473/579/1 992/735/1
f 648/738/1 901/736/1 649/734/1
f 648/738/1 902/739/1 901/736/1
f 990/740/1 473/579/1 991/737/1
f 648/738/1 903/741/1 902/739/1
f 647/742/1 903/741/1 648/738/1
f 647/742/1 904/743/1 903/741/1
f 989/744/1 473/579/1 990/740/1
f 646/745/1 904/743/1 647/742/1
f 646/745/1 905/746/1 904/743/1
f 988/747/1 473/579/1 989/744/1
f 646/745/1 906/748/1 905/746/1
f 645/749/1 906/748/1 646/745/1
f 987/750/1 473/579/1 988/747/1
f 645/749/1 907/751/1 906/748/1
f 644/752/1 907/751/1 645/749/1
f 644/752/1 908/753/1 907/751/1
f 986/754/1 473/579/1 987/750/1
f 644/752/1 909/755/1 908/753/1
f 643/756/1 909/755/1 644/752/1
f 985/757/1 473/579/1 986/754/1
f 643/756/1 910/758/1 909/755/1
f 643/756/1 911/759/1 910/758/1
f 984/760/1 473/579/1 985/757/1
f 642/761/1 911/759/1 643/756/1
f 642/761/1 912/762/1 911/759/1
f 642/761/1 913/763/1 912/762/1
f 983/764/1 473/579/1 984/760/1
f 641/765/1 913/763/1 642/761/1
f 641/765/1 914/766/1 913/763/1
f 982/767/1 473/579/1 983/764/1
f 641/765/1 915/768/1 914/766/1
f 641/765/1 916/769/1 915/768/1
f 640/770/1 916/769/1 641/765/1
f 981/771/1 473/579/1 982/767/1
f 640/770/1 917/772/1 916/769/1
f 640/770/1 918/773/1 917/772/1
f 980/774/1 473/579/1 981/771/1
f 639/775/1 918/773/1 640/770/1
f 639/775/1 919/776/1 918/773/1
f 639/775/1 920/777/1 919/776/1
f 979/778/1 473/579/1 980/774/1
f 639/775/1 921/779/1 920/777/1
f 638/780/1 921/779/1 639/775/1
f 978/781/1 473/579/1 979/778/1
f 638/780/1 922/782/1 921/779/1
f 638/780/1 923/783/1 922/782/1
f 977/784/1 473/579/1 978/781/1
f 637/785/1 923/783/1 638/780/1
f 637/785/1 924/786/1 923/783/1
f 976/787/1 473/579/1 977/784/1
f 637/785/1 925/788/1 924/786/1
f 637/785/1 926/789/1 925/788/1
f 636/790/1 926/789/1 637/785/1
f 975/791/1 546/792/1 976/787/1
f 546/792/1 473/579/1 976/787/1
f 636/790/1 927/793/1 926/789/1
f 636/790/1 928/794/1 927/793/1
f 974/795/1 546/792/1 975/791/1
f 635/796/1 928/794/1 636/790/1
f 635/796/1 929/797/1 928/794/1
f 973/798/1 546/792/1 974/795/1
f 635/796/1 930/799/1 929/797/1
f 635/796/1 931/800/1 930/799/1
f 972/801/1 546/792/1 973/798/1
f 634/802/1 931/800/1 635/796/1
f 634/802/1 932/803/1 931/800/1
f 971/804/1 546/792/1 972/801/1
f 634/802/1 933/805/1 932/803/1
f 634/802/1 934/806/1 933/805/1
f 970/807/1 546/792/1 971/804/1
f 633/808/1 934/806/1 634/802/1
f 633/808/1 935/809/1 934/806/1
f 633/808/1 936/810/1 935/809/1
f 969/811/1 546/792/1 970/807/1
f 633/808/1 937/812/1 936/810/1
f 968/813/1 546/792/1 969/811/1
f 633/808/1 938/814/1 937/812/1
f 632/815/1 938/814/1 633/808/1
f 632/815/1 939/816/1 938/814/1
f 967/817/1 546/792/1 968/813/1
f 632/815/1 940/818/1 939/816/1
f 966/819/1 546/792/1 967/817/1
f 632/815/1 941/820/1 940/818/1
f 631/821/1 941/820/1 632/815/1
f 631/821/1 942/822/1 941/820/1
f 965/823/1 546/792/1 966/819/1
f 631/821/1 943/824/1 942/822/1
f 964/825/1 546/792/1 965/823/1
f 631/821/1 944/826/1 943/824/1
f 631/821/1 945/827/1 944/826/1
f 963/828/1 546/792/1 964/825/1
f 631/821/1 946/829/1 945/827/1
f 630/830/1 946/829/1 631/821/1
f 962/831/1 546/792/1 963/828/1
f 630/830/1 947/832/1 946/829/1
f 630/830/1 948/833/1 947/832/1
f 961/834/1 546/792/1 962/831/1
f 630/830/1 949/835/1 948/833/1
f 960/836/1 546/792/1 961/834/1
f 630/830/1 950/837/1 949/835/1
f 630/830/1 951/838/1 950/837/1
f 959/839/1 546/792/1 960/836/1
f 630/830/1 952/840/1 951/838/1
f 958/841/1 546/792/1 959/839/1
f 630/830/1 953/842/1 952/840/1
f 630/830/1 954/843/1 953/842/1
f 957/844/1 546/792/1 958/841/1
f 630/830/1 955/845/1 954/843/1
f 956/846/1 546/792/1 957/844/1
f 630/830/1 956/846/1 955/845/1
f 630/830/1 546/792/1 956/846/1
f 629/847/1 546/792/1 630/830/1
f 628/848/1 546/792/1 629/847/1
f 628/848/1 547/849/1 546/792/1
f 545/850/1 473/579/1 546/792/1
f 628/848/1 548/851/1 547/849/1
f 627/852/1 548/851/1 628/848/1
f 627/852/1 549/853/1 548/851/1
f 627/852/1 550/854/1 549/853/1
f 626/855/1 550/854/1 627/852/1
f 626/855/1 551/856/1 550/854/1
f 625/857/1 551/856/1 626/855/1
f 625/857/1 552/858/1 551/856/1
f 625/857/1 553/859/1 552/858/1
f 624/860/1 553/859/1 625/857/1
f 624/860/1 554/861/1 553/859/1
f 624/860/1 555/862/1 554/861/1
f 623/863/1 555/862/1 624/860/1
f 623/863/1 556/864/1 555/862/1
f 622/865/1 556/864/1 623/863/1
f 622/865/1 557/866/1 556/864/1
f 622/865/1 558/867/1 557/866/1
f 621/868/1 558/867/1 622/865/1
f 621/868/1 559/869/1 558/867/1
f 620/870/1 559/869/1 621/868/1
f 620/870/1 560/871/1 559/869/1
f 620/870/1 561/872/1 560/871/1
f 619/873/1 561/872/1 620/870/1
f 619/873/1 562/874/1 561/872/1
f 618/875/1 562/874/1 619/873/1
f 618/875/1 563/876/1 562/874/1
f 617/877/1 563/876/1 618/875/1
f 617/877/1 564/878/1 563/876/1
f 617/877/1 565/879/1 564/878/1
f 616/880/1 565/879/1 617/877/1
f 616/880/1 566/881/1 565/879/1
f 615/882/1 566/881/1 616/880/1
f 615/882/1 567/883/1 566/881/1
f 615/882/1 568/884/1 567/883/1
f 614/885/1 568/884/1 615/882/1
f 614/885/1 569/886/1 568/884/1
f 613/887/1 569/886/1 614/885/1
f 613/887/1 570/888/1 569/886/1
f 612/889/1 570/888/1 613/887/1
f 612/889/1 571/890/1 570/888/1
f 612/889/1 572/891/1 571/890/1
f 611/892/1 572/891/1 612/889/1
f 611/892/1 573/893/1 572/891/1
f 544/894/1 473/579/1 545/850/1
f 544/894/1 474/895/1 473/579/1
f 610/896/1 573/893/1 611/892/1
f 543/897/1 474/895/1 544/894/1
f 610/896/1 574/898/1 573/893/1
f 543/897/1 475/899/1 474/895/1
f 542/900/1 475/899/1 543/897/1
f 541/901/1 475/899/1 542/900/1
f 541/901/1 476/902/1 475/899/1
f 540/903/1 476/902/1 541/901/1
f 609/904/1 574/898/1 610/896/1
f 609/904/1 575/905/1 574/898/1
f 539/906/1 476/902/1 540/903/1
f 539/906/1 477/907/1 476/902/1
f 538/908/1 477/907/1 539/906/1
f 609/904/1 576/909/1 575/905/1
f 537/910/1 477/907/1 538/908/1
f 537/910/1 478/911/1 477/907/1
f 608/912/1 576/909/1 609/904/1
f 536/913/1 478/911/1 537/910/1
f 535/914/1 478/911/1 536/913/1
f 535/914/1 479/915/1 478/911/1
f 608/912/1 577/916/1 576/909/1
f 534/917/1 479/915/1 535/914/1
f 533/918/1 479/915/1 534/917/1
f 533/918/1 480/919/1 479/915/1
f 607/920/1 577/916/1 608/912/1
f 532/921/1 480/919/1 533/918/1
f 607/920/1 578/922/1 577/916/1
f 531/923/1 480/919/1 532/921/1
f 531/923/1 481/924/1 480/919/1
f 530/925/1 481/924/1 531/923/1
f 529/926/1 481/924/1 530/925/1
f 529/926/1 482/927/1 481/924/1
f 528/928/1 482/927/1 529/926/1
f 606/929/1 578/922/1 607/920/1
f 606/929/1 579/930/1 578/922/1
f 527/931/1 482/927/1 528/928/1
f 527/931/1 483/932/1 482/927/1
f 526/933/1 483/932/1 527/931/1
f 525/934/1 483/932/1 526/933/1
f 525/934/1 484/935/1 483/932/1
f 606/929/1 580/936/1 579/930/1
f 524/937/1 484/935/1 525/934/1
f 605/938/1 580/936/1 606/929/1
f 523/939/1 484/935/1 524/937/1
f 523/939/1 485/940/1 484/935/1
f 522/941/1 485/940/1 523/939/1
f 521/942/1 485/940/1 522/941/1
f 521/942/1 486/943/1 485/940/1
f 605/938/1 581/944/1 580/936/1
f 520/945/1 486/943/1 521/942/1
f 519/946/1 486/943/1 520/945/1
f 519/946/1 487/947/1 486/943/1
f 518/948/1 487/947/1 519/946/1
f 604/949/1 581/944/1 605/938/1
f 517/950/1 487/947/1 518/948/1
f 517/950/1 488/951/1 487/947/1
f 516/952/1 488/951/1 517/950/1
f 604/949/1 582/953/1 581/944/1
f 515/954/1 488/951/1 516/952/1
f 515/954/1 489/955/1 488/951/1
f 514/956/1 489/955/1 515/954/1
f 513/957/1 489/955/1 514/956/1
f 513/957/1 490/958/1 489/955/1
f 512/959/1 490/958/1 513/957/1
f 511/960/1 490/958/1 512/959/1
f 511/960/1 491/961/1 490/958/1
f 510/962/1 491/961/1 511/960/1
f 603/963/1 582/953/1 604/949/1
f 509/964/1 491/961/1 510/962/1
f 509/964/1 492/965/1 491/961/1
f 603/963/1 583/966/1 582/953/1
f 508/967/1 492/965/1 509/964/1
f 507/968/1 492/965/1 508/967/1
f 507/968/1 493/969/1 492/965/1
f 506/970/1 493/969/1 507/968/1
f 505/971/1 493/969/1 506/970/1
f 505/971/1 494/972/1 493/969/1
f 504/973/1 494/972/1 505/971/1
f 503/974/1 494/972/1 504/973/1
f 503/974/1 495/975/1 494/972/1
f 502/976/1 495/975/1 503/974/1
f 501/977/1 495/975/1 502/976/1
f 501/977/1 496/978/1 495/975/1
f 500/979/1 496/978/1 501/977/1
f 499/980/1 496/978/1 500/979/1
f 499/980/1 497/981/1 496/978/1
f 498/982/1 497/981/1 499/980/1
f 603/963/1 584/983/1 583/966/1
f 602/984/1 584/983/1 603/963/1
f 602/984/1 585/985/1 584/983/1
f 601/986/1 585/985/1 602/984/1
f 601/986/1 586/987/1 585/985/1
f 600/988/1 586/987/1 601/986/1
f 600/988/1 587/989/1 586/987/1
f 599/990/1 587/989/1 600/988/1
f 599/990/1 588/991/1 587/989/1
f 598/992/1 588/991/1 599/990/1
f 598/992/1 589/993/1 588/991/1
f 598/992/1 590/994/1 589/993/1
f 597/995/1 590/994/1 598/992/1
f 597/995/1 591/996/1 590/994/1
f 596/997/1 591/996/1 597/995/1
f 596/997/1 592/998/1 591/996/1
f 595/999/1 592/998/1 596/997/1
f 595/999/1 593/1000/1 592/998/1
f 594/1001/1 593/1000/1 595/999/1
f 1400/1002/1 1402/1003/1 1401/1004/1
f 1400/1002/1 1403/1005/1 1402/1003/1
f 1399/1006/1 1403/1005/1 1400/1002/1
f 1399/1006/1 1404/1007/1 1403/1005/1
f 1398/1008/1 1404/1007/1 1399/1006/1
f 1398/1008/1 1405/1009/1 1404/1007/1
f 1397/1010/1 1405/1009/1 1398/1008/1
f 1397/1010/1 1406/1011/1 1405/1009/1
f 1396/1012/1 1406/1011/1 1397/1010/1
f 1396/1012/1 1407/1013/1 1406/1011/1
f 1396/1012/1 1408/1014/1 1407/1013/1
f 1395/1015/1 1408/1014/1 1396/1012/1
f 1395/1015/1 1409/1016/1 1408/1014/1
f 1394/1017/1 1409/1016/1 1395/1015/1
f 1394/1017/1 1410/1018/1 1409/1016/1
f 1393/1019/1 1410/1018/1 1394/1017/1
f 1393/1019/1 1411/1020/1 1410/1018/1
f 1392/1021/1 1411/1020/1 1393/1019/1
f 1392/1021/1 1412/1022/1 1411/1020/1
f 1391/1023/1 1412/1022/1 1392/1021/1
f 1391/1023/1 1413/1024/1 1412/1022/1
f 1391/1023/1 1414/1025/1 1413/1024/1
f 1390/1026/1 1414/1025/1 1391/1023/1
f 1390/1026/1 1415/1027/1 1414/1025/1
f 1389/1028/1 1415/1027/1 1390/1026/1
f 1389/1028/1 1416/1029/1 1415/1027/1
f 1388/1030/1 1416/1029/1 1389/1028/1
f 1388/1030/1 1417/1031/1 1416/1029/1
f 1387/1032/1 1417/1031/1 1388/1030/1
f 1387/1032/1 1418/1033/1 1417/1031/1
f 1387/1032/1 1419/1034/1 1418/1033/1
f 1386/1035/1 1419/1034/1 1387/1032/1
f 1386/1035/1 1420/1036/1 1419/1034/1
f 1385/1037/1 1420/1036/1 1386/1035/1
f 1385/1037/1 1421/1038/1 1420/1036/1
f 1384/1039/1 1421/1038/1 1385/1037/1
f 1384/1039/1 1422/1040/1 1421/1038/1
f 1383/1041/1 1422/1040/1 1384/1039/1
f 1383/1041/1 1423/1042/1 1422/1040/1
f 1383/1041/1 1424/1043/1 1423/1042/1
f 1382/1044/1 1424/1043/1 1383/1041/1
f 1382/1044/1 1425/1045/1 1424/1043/1
f 1381/1046/1 1425/1045/1 1382/1044/1
f 1381/1046/1 1426/1047/1 1425/1045/1
f 1380/1048/1 1426/1047/1 1381/1046/1
f 1380/1048/1 1427/1049/1 1426/1047/1
f 1379/1050/1 1427/1049/1 1380/1048/1
f 1379/1050/1 1428/1051/1 1427/1049/1
f 1379/1050/1 1429/1052/1 1428/1051/1
f 1378/1053/1 1429/1052/1 1379/1050/1
f 1378/1053/1 1430/1054/1 1429/1052/1
f 1377/1055/1 1430/1054/1 1378/1053/1
f 1377/1055/1 1431/1056/1 1430/1054/1
f 1376/1057/1 1431/1056/1 1377/1055/1
f 1376/1057/1 1432/1058/1 1431/1056/1
f 1375/1059/1 1432/1058/1 1376/1057/1
f 1375/1059/1 1433/1060/1 1432/1058/1
f 1375/1059/1 1434/1061/1 1433/1060/1
f 1374/1062/1 1434/1061/1 1375/1059/1
f 1374/1062/1 1435/1063/1 1434/1061/1
f 1373/1064/1 1435/1063/1 1374/1062/1
f 1373/1064/1 1436/1065/1 1435/1063/1
f 1372/1066/1 1436/1065/1 1373/1064/1
f 1372/1066/1 1004/105/1 1436/1065/1
f 1371/1067/1 1004/105/1 1372/1066/1
f 1371/1067/1 1005/1068/1 1004/105/1
f 1371/1067/1 1006/1069/1 1005/1068/1
f 1370/1070/1 1006/1069/1 1371/1067/1
f 1370/1070/1 1473/1071/1 1006/1069/1
f 1473/1071/1 1007/1072/1 1006/1069/1
f 1370/1070/1 1474/1073/1 1473/1071/1
f 1472/1074/1 1007/1072/1 1473/1071/1
f 1370/1070/1 1475/1075/1 1474/1073/1
f 1471/1076/1 1007/1072/1 1472/1074/1
f 1369/1077/1 1475/1075/1 1370/1070/1
f 1369/1077/1 1476/1078/1 1475/1075/1
f 1470/1079/1 1007/1072/1 1471/1076/1
f 1369/1077/1 1477/1080/1 1476/1078/1
f 1469/1081/1 1007/1072/1 1470/1079/1
f 1369/1077/1 1478/1082/1 1477/1080/1
f 1468/1083/1 1007/1072/1 1469/1081/1
f 1369/1077/1 1479/1084/1 1478/1082/1
f 1468/1083/1 1008/1085/1 1007/1072/1
f 1369/1077/1 1480/1086/1 1479/1084/1
f 1467/1087/1 1008/1085/1 1468/1083/1
f 1369/1077/1 1481/1088/1 1480/1086/1
f 1466/1089/1 1008/1085/1 1467/1087/1
f 1369/1077/1 1482/1090/1 1481/1088/1
f 1465/1091/1 1008/1085/1 1466/1089/1
f 1369/1077/1 1483/1092/1 1482/1090/1
f 1368/1093/1 1483/1092/1 1369/1077/1
f 1465/1091/1 1009/1094/1 1008/1085/1
f 1464/1095/1 1009/1094/1 1465/1091/1
f 1368/1093/1 1484/1096/1 1483/1092/1
f 1463/1097/1 1009/1094/1 1464/1095/1
f 1368/1093/1 1485/1098/1 1484/1096/1
f 1368/1093/1 1486/1099/1 1485/1098/1
f 1462/1100/1 1009/1094/1 1463/1097/1
f 1462/1100/1 1010/1101/1 1009/1094/1
f 1367/1102/1 1486/1099/1 1368/1093/1
f 1367/1102/1 1487/1103/1 1486/1099/1
f 1461/1104/1 1010/1101/1 1462/1100/1
f 1367/1102/1 1488/1105/1 1487/1103/1
f 1460/1106/1 1010/1101/1 1461/1104/1
f 1460/1106/1 1011/1107/1 1010/1101/1
f 1367/1102/1 1489/1108/1 1488/1105/1
f 1459/1109/1 1011/1107/1 1460/1106/1
f 1367/1102/1 1490/1110/1 1489/1108/1
f 1366/1111/1 1490/1110/1 1367/1102/1
f 1459/1109/1 1012/1112/1 1011/1107/1
f 1366/1111/1 1491/1113/1 1490/1110/1
f 1458/1114/1 1012/1112/1 1459/1109/1
f 1366/1111/1 1492/1115/1 1491/1113/1
f 1457/1116/1 1012/1112/1 1458/1114/1
f 1457/1116/1 1013/1117/1 1012/1112/1
f 1365/1118/1 1492/1115/1 1366/1111/1
f 1365/1118/1 1493/1119/1 1492/1115/1
f 1456/1120/1 1013/1117/1 1457/1116/1
f 1365/1118/1 1494/1121/1 1493/1119/1
f 1456/1120/1 1014/1122/1 1013/1117/1
f 1455/1123/1 1014/1122/1 1456/1120/1
f 1365/1118/1 1495/1124/1 1494/1121/1
f 1364/1125/1 1495/1124/1 1365/1118/1
f 1454/1126/1 1014/1122/1 1455/1123/1
f 1364/1125/1 1496/1127/1 1495/1124/1
f 1454/1126/1 1015/1128/1 1014/1122/1
f 1364/1125/1 1497/1129/1 1496/1127/1
f 1453/1130/1 1015/1128/1 1454/1126/1
f 1363/1131/1 1497/1129/1 1364/1125/1
f 1453/1130/1 1016/1132/1 1015/1128/1
f 1363/1131/1 1498/1133/1 1497/1129/1
f 1452/1134/1 1016/1132/1 1453/1130/1
f 1363/1131/1 1499/1135/1 1498/1133/1
f 1451/1136/1 1016/1132/1 1452/1134/1
f 1451/1136/1 1017/1137/1 1016/1132/1
f 1362/1138/1 1499/1135/1 1363/1131/1
f 1362/1138/1 1500/1139/1 1499/1135/1
f 1450/1140/1 1017/1137/1 1451/1136/1
f 1362/1138/1 1501/1141/1 1500/1139/1
f 1450/1140/1 1018/1142/1 1017/1137/1
f 1449/1143/1 1018/1142/1 1450/1140/1
f 1362/1138/1 1502/1144/1 1501/1141/1
f 1361/1145/1 1502/1144/1 1362/1138/1
f 1448/1146/1 1018/1142/1 1449/1143/1
f 1361/1145/1 1503/1147/1 1502/1144/1
f 1448/1146/1 1019/1148/1 1018/1142/1
f 1447/1149/1 1019/1148/1 1448/1146/1
f 1361/1145/1 1504/1150/1 1503/1147/1
f 1360/1151/1 1504/1150/1 1361/1145/1
f 1446/1152/1 1019/1148/1 1447/1149/1
f 1360/1151/1 1505/1153/1 1504/1150/1
f 1445/1154/1 1019/1148/1 1446/1152/1
f 1445/1154/1 1020/1155/1 1019/1148/1
f 1444/1156/1 1020/1155/1 1445/1154/1
f 1359/1157/1 1505/1153/1 1360/1151/1
f 1359/1157/1 1506/1158/1 1505/1153/1
f 1443/1159/1 1020/1155/1 1444/1156/1
f 1359/1157/1 1507/1160/1 1506/1158/1
f 1442/1161/1 1020/1155/1 1443/1159/1
f 1442/1161/1 1021/1162/1 1020/1155/1
f 1358/1163/1 1507/1160/1 1359/1157/1
f 1441/1164/1 1021/1162/1 1442/1161/1
f 1358/1163/1 1508/1165/1 1507/1160/1
f 1440/1166/1 1021/1162/1 1441/1164/1
f 1440/1166/1 1022/1167/1 1021/1162/1
f 1358/1163/1 1509/1168/1 1508/1165/1
f 1439/1169/1 1022/1167/1 1440/1166/1
f 1357/1170/1 1509/1168/1 1358/1163/1
f 1438/1171/1 1022/1167/1 1439/1169/1
f 1357/1170/1 1510/1172/1 1509/1168/1
f 1437/1173/1 1022/1167/1 1438/1171/1
f 1437/1173/1 1023/1174/1 1022/1167/1
f 1357/1170/1 1511/1175/1 1510/1172/1
f 1557/100/1 1023/1174/1 1437/1173/1
f 1356/1176/1 1511/1175/1 1357/1170/1
f 1556/1177/1 1023/1174/1 1557/100/1
f 1356/1176/1 1512/1178/1 1511/1175/1
f 1556/1177/1 1024/1179/1 1023/1174/1
f 1555/1180/1 1024/1179/1 1556/1177/1
f 1554/1181/1 1024/1179/1 1555/1180/1
f 1356/1176/1 1513/1182/1 1512/1178/1
f 1355/1183/1 1513/1182/1 1356/1176/1
f 1553/1184/1 1024/1179/1 1554/1181/1
f 1553/1184/1 1025/1185/1 1024/1179/1
f 1552/1186/1 1025/1185/1 1553/1184/1
f 1355/1183/1 1514/1187/1 1513/1182/1
f 1551/1188/1 1025/1185/1 1552/1186/1
f 1354/1189/1 1514/1187/1 1355/1183/1
f 1550/1190/1 1025/1185/1 1551/1188/1
f 1550/1190/1 1026/1191/1 1025/1185/1
f 1354/1189/1 1515/1192/1 1514/1187/1
f 1549/1193/1 1026/1191/1 1550/1190/1
f 1548/1194/1 1026/1191/1 1549/1193/1
f 1354/1189/1 1516/1195/1 1515/1192/1
f 1547/1196/1 1026/1191/1 1548/1194/1
f 1547/1196/1 1027/1197/1 1026/1191/1
f 1353/1198/1 1516/1195/1 1354/1189/1
f 1546/1199/1 1027/1197/1 1547/1196/1
f 1545/1200/1 1027/1197/1 1546/1199/1
f 1353/1198/1 1517/1201/1 1516/1195/1
f 1544/1202/1 1027/1197/1 1545/1200/1
f 1543/1203/1 1027/1197/1 1544/1202/1
f 1543/1203/1 1028/1204/1 1027/1197/1
f 1353/1198/1 1518/1205/1 1517/1201/1
f 1352/1206/1 1518/1205/1 1353/1198/1
f 1542/1207/1 1028/1204/1 1543/1203/1
f 1541/1208/1 1028/1204/1 1542/1207/1
f 1540/1209/1 1028/1204/1 1541/1208/1
f 1540/1209/1 1029/1210/1 1028/1204/1
f 1352/1206/1 1519/1211/1 1518/1205/1
f 1539/1212/1 1029/1210/1 1540/1209/1
f 1538/1213/1 1029/1210/1 1539/1212/1
f 1537/1214/1 1029/1210/1 1538/1213/1
f 1351/1215/1 1519/1211/1 1352/1206/1
f 1536/1216/1 1029/1210/1 1537/1214/1
f 1351/1215/1 1520/1217/1 1519/1211/1
f 1535/1218/1 1029/1210/1 1536/1216/1
f 1535/1218/1 1030/1219/1 1029/1210/1
f 1534/1220/1 1030/1219/1 1535/1218/1
f 1533/1221/1 1030/1219/1 1534/1220/1
f 1532/1222/1 1030/1219/1 1533/1221/1
f 1351/1215/1 1521/1223/1 1520/1217/1
f 1531/1224/1 1030/1219/1 1532/1222/1
f 1530/1225/1 1030/1219/1 1531/1224/1
f 1350/1226/1 1521/1223/1 1351/1215/1
f 1530/1225/1 1031/1227/1 1030/1219/1
f 1529/1228/1 1031/1227/1 1530/1225/1
f 1528/1229/1 1031/1227/1 1529/1228/1
f 1527/1230/1 1031/1227/1 1528/1229/1
f 1526/1231/1 1031/1227/1 1527/1230/1
f 1525/1232/1 1031/1227/1 1526/1231/1
f 1524/1233/1 1031/1227/1 1525/1232/1
f 1523/1234/1 1031/1227/1 1524/1233/1
f 1522/1235/1 1031/1227/1 1523/1234/1
f 1350/1226/1 1522/1235/1 1521/1223/1
f 1350/1226/1 1031/1227/1 1522/1235/1
f 1350/1226/1 1032/1236/1 1031/1227/1
f 1349/1237/1 1032/1236/1 1350/1226/1
f 1349/1237/1 1033/1238/1 1032/1236/1
f 1348/1239/1 1033/1238/1 1349/1237/1
f 1348/1239/1 1034/1240/1 1033/1238/1
f 1348/1239/1 1035/1241/1 1034/1240/1
f 1347/1242/1 1035/1241/1 1348/1239/1
f 1347/1242/1 1036/1243/1 1035/1241/1
f 1346/1244/1 1036/1243/1 1347/1242/1
f 1346/1244/1 1037/1245/1 1036/1243/1
f 1346/1244/1 1038/1246/1 1037/1245/1
f 1345/1247/1 1038/1246/1 1346/1244/1
f 1345/1247/1 1039/1248/1 1038/1246/1
f 1345/1247/1 1040/1249/1 1039/1248/1
f 1344/1250/1 1040/1249/1 1345/1247/1
f 1344/1250/1 1041/1251/1 1040/1249/1
f 1344/1250/1 1042/1252/1 1041/1251/1
f 1343/1253/1 1042/1252/1 1344/1250/1
f 1343/1253/1 1043/1254/1 1042/1252/1
f 1343/1253/1 1044/1255/1 1043/1254/1
f 1342/1256/1 1044/1255/1 1343/1253/1
f 1342/1256/1 1045/1257/1 1044/1255/1
f 1342/1256/1 1046/1258/1 1045/1257/1
f 1341/1259/1 1046/1258/1 1342/1256/1
f 1341/1259/1 1047/1260/1 1046/1258/1
f 1341/1259/1 1048/1261/1 1047/1260/1
f 1340/1262/1 1048/1261/1 1341/1259/1
f 1340/1262/1 1049/1263/1 1048/1261/1
f 1340/1262/1 1050/1264/1 1049/1263/1
f 1340/1262/1 1051/1265/1 1050/1264/1
f 1339/1266/1 1051/1265/1 1340/1262/1
f 1339/1266/1 1052/1267/1 1051/1265/1
f 1339/1266/1 1053/1268/1 1052/1267/1
f 1339/1266/1 1054/1269/1 1053/1268/1
f 1339/1266/1 1055/1270/1 1054/1269/1
f 1338/1271/1 1055/1270/1 1339/1266/1
f 1338/1271/1 1056/1272/1 1055/1270/1
f 1338/1271/1 1057/1273/1 1056/1272/1
f 1338/1271/1 1058/1274/1 1057/1273/1
f 1338/1271/1 1059/1275/1 1058/1274/1
f 1338/1271/1 1060/1276/1 1059/1275/1
f 1337/1277/1 1065/1278/1 1338/1271/1
f 1065/1278/1 1060/1276/1 1338/1271/1
f 1065/1278/1 1061/1279/1 1060/1276/1
f 1065/1278/1 1062/1280/1 1061/1279/1
f 1065/1278/1 1063/1281/1 1062/1280/1
f 1065/1278/1 1064/1282/1 1063/1281/1
f 1337/1277/1 1066/1283/1 1065/1278/1
f 1337/1277/1 1067/1284/1 1066/1283/1
f 1337/1277/1 1068/1285/1 1067/1284/1
f 1336/1286/1 1068/1285/1 1337/1277/1
f 1336/1286/1 1069/1287/1 1068/1285/1
f 1336/1286/1 1070/1288/1 1069/1287/1
f 1336/1286/1 1071/1289/1 1070/1288/1
f 1335/1290/1 1071/1289/1 1336/1286/1
f 1335/1290/1 1072/1291/1 1071/1289/1
f 1335/1290/1 1073/1292/1 1072/1291/1
f 1335/1290/1 1074/1293/1 1073/1292/1
f 1334/1294/1 1074/1293/1 1335/1290/1
f 1334/1294/1 1075/1295/1 1074/1293/1
f 1334/1294/1 1076/1296/1 1075/1295/1
f 1334/1294/1 1077/1297/1 1076/1296/1
f 1334/1294/1 1078/1298/1 1077/1297/1
f 1333/1299/1 1078/1298/1 1334/1294/1
f 1333/1299/1 1079/1300/1 1078/1298/1
f 1333/1299/1 1080/1301/1 1079/1300/1
f 1333/1299/1 1081/1302/1 1080/1301/1
f 1332/1303/1 1081/1302/1 1333/1299/1
f 1332/1303/1 1082/1304/1 1081/1302/1
f 1332/1303/1 1083/1305/1 1082/1304/1
f 1332/1303/1 1084/1306/1 1083/1305/1
f 1331/1307/1 1084/1306/1 1332/1303/1
f 1331/1307/1 1085/1308/1 1084/1306/1
f 1331/1307/1 1086/1309/1 1085/1308/1
f 1331/1307/1 1087/1310/1 1086/1309/1
f 1330/1311/1 1087/1310/1 1331/1307/1
f 1330/1311/1 1088/1312/1 1087/1310/1
f 1330/1311/1 1089/1313/1 1088/1312/1
f 1330/1311/1 1090/1314/1 1089/1313/1
f 1329/1315/1 1090/1314/1 1330/1311/1
f 1329/1315/1 1091/1316/1 1090/1314/1
f 1328/1317/1 1091/1316/1 1329/1315/1
f 1328/1317/1 1092/1318/1 1091/1316/1
f 1327/1319/1 1092/1318/1 1328/1317/1
f 1327/1319/1 1093/1320/1 1092/1318/1
f 1326/1321/1 1093/1320/1 1327/1319/1
f 1326/1321/1 1094/1322/1 1093/1320/1
f 1325/1323/1 1094/1322/1 1326/1321/1
f 1325/1323/1 1095/1324/1 1094/1322/1
f 1325/1323/1 1096/1325/1 1095/1324/1
f 1324/1326/1 1096/1325/1 1325/1323/1
f 1324/1326/1 1097/1327/1 1096/1325/1
f 1323/1328/1 1097/1327/1 1324/1326/1
f 1323/1328/1 1098/1329/1 1097/1327/1
f 1322/1330/1 1098/1329/1 1323/1328/1
f 1322/1330/1 1099/1331/1 1098/1329/1
f 1160/1332/1 1162/1333/1 1161/1334/1
f 1160/1332/1 1163/1335/1 1162/1333/1
f 1159/1336/1 1163/1335/1 1160/1332/1
f 1159/1336/1 1164/1337/1 1163/1335/1
f 1158/1338/1 1164/1337/1 1159/1336/1
f 1158/1338/1 1165/1339/1 1164/1337/1
f 1157/1340/1 1165/1339/1 1158/1338/1
f 1157/1340/1 1166/1341/1 1165/1339/1
f 1156/1342/1 1166/1341/1 1157/1340/1
f 1156/1342/1 1167/1343/1 1166/1341/1
f 1155/1344/1 1167/1343/1 1156/1342/1
f 1155/1344/1 1168/1345/1 1167/1343/1
f 1154/1346/1 1168/1345/1 1155/1344/1
f 1154/1346/1 1169/1347/1 1168/1345/1
f 1154/1346/1 1170/1348/1 1169/1347/1
f 1153/1349/1 1170/1348/1 1154/1346/1
f 1153/1349/1 1171/1350/1 1170/1348/1
f 1152/1351/1 1171/1350/1 1153/1349/1
f 1152/1351/1 1172/1352/1 1171/1350/1
f 1322/1330/1 1100/1353/1 1099/1331/1
f 1151/1354/1 1172/1352/1 1152/1351/1
f 1151/1354/1 1173/1355/1 1172/1352/1
f 1150/1356/1 1173/1355/1 1151/1354/1
f 1150/1356/1 1174/1357/1 1173/1355/1
f 1321/1358/1 1100/1353/1 1322/1330/1
f 1149/1359/1 1174/1357/1 1150/1356/1
f 1149/1359/1 1175/1360/1 1174/1357/1
f 1148/1361/1 1175/1360/1 1149/1359/1
f 1148/1361/1 1176/1362/1 1175/1360/1
f 1148/1361/1 1177/1363/1 1176/1362/1
f 1147/1364/1 1177/1363/1 1148/1361/1
f 1147/1364/1 1178/1365/1 1177/1363/1
f 1146/1366/1 1178/1365/1 1147/1364/1
f 1321/1358/1 1101/1367/1 1100/1353/1
f 1146/1366/1 1179/1368/1 1178/1365/1
f 1145/1369/1 1179/1368/1 1146/1366/1
f 1145/1369/1 1180/1370/1 1179/1368/1
f 1144/1371/1 1180/1370/1 1145/1369/1
f 1143/1372/1 1180/1370/1 1144/1371/1
f 1143/1372/1 1181/1373/1 1180/1370/1
f 1142/1374/1 1181/1373/1 1143/1372/1
f 1320/1375/1 1101/1367/1 1321/1358/1
f 1142/1374/1 1182/1376/1 1181/1373/1
f 1320/1375/1 1102/1377/1 1101/1367/1
f 1141/1378/1 1182/1376/1 1142/1374/1
f 1141/1378/1 1183/1379/1 1182/1376/1
f 1140/1380/1 1183/1379/1 1141/1378/1
f 1140/1380/1 1184/1381/1 1183/1379/1
f 1139/1382/1 1184/1381/1 1140/1380/1
f 1320/1375/1 1103/1383/1 1102/1377/1
f 1139/1382/1 1185/1384/1 1184/1381/1
f 1138/1385/1 1185/1384/1 1139/1382/1
f 1137/1386/1 1185/1384/1 1138/1385/1
f 1137/1386/1 1186/1387/1 1185/1384/1
f 1136/1388/1 1186/1387/1 1137/1386/1
f 1319/1389/1 1103/1383/1 1320/1375/1
f 1136/1388/1 1187/1390/1 1186/1387/1
f 1135/1391/1 1187/1390/1 1136/1388/1
f 1319/1389/1 1104/1392/1 1103/1383/1
f 1134/1393/1 1187/1390/1 1135/1391/1
f 1134/1393/1 1188/1394/1 1187/1390/1
f 1133/1395/1 1188/1394/1 1134/1393/1
f 1133/1395/1 1189/1396/1 1188/1394/1
f 1319/1389/1 1105/1397/1 1104/1392/1
f 1132/1398/1 1189/1396/1 1133/1395/1
f 1131/1399/1 1189/1396/1 1132/1398/1
f 1131/1399/1 1190/1400/1 1189/1396/1
f 1130/1401/1 1190/1400/1 1131/1399/1
f 1318/1402/1 1105/1397/1 1319/1389/1
f 1318/1402/1 1106/1403/1 1105/1397/1
f 1129/1404/1 1190/1400/1 1130/1401/1
f 1129/1404/1 1191/1405/1 1190/1400/1
f 1128/1406/1 1191/1405/1 1129/1404/1
f 1127/1407/1 1191/1405/1 1128/1406/1
f 1318/1402/1 1107/1408/1 1106/1403/1
f 1127/1407/1 1192/1409/1 1191/1405/1
f 1126/1410/1 1192/1409/1 1127/1407/1
f 1125/1411/1 1192/1409/1 1126/1410/1
f 1125/1411/1 1193/1412/1 1192/1409/1
f 1318/1402/1 1108/1413/1 1107/1408/1
f 1124/1414/1 1193/1412/1 1125/1411/1
f 1123/1415/1 1193/1412/1 1124/1414/1
f 1317/1416/1 1108/1413/1 1318/1402/1
f 1317/1416/1 1109/1417/1 1108/1413/1
f 1123/1415/1 1194/1418/1 1193/1412/1
f 1122/1419/1 1194/1418/1 1123/1415/1
f 1121/1420/1 1194/1418/1 1122/1419/1
f 1317/1416/1 1110/1421/1 1109/1417/1
f 1120/1422/1 1194/1418/1 1121/1420/1
f 1120/1422/1 1195/1423/1 1194/1418/1
f 1119/1424/1 1195/1423/1 1120/1422/1
f 1317/1416/1 1111/1425/1 1110/1421/1
f 1118/1426/1 1195/1423/1 1119/1424/1
f 1117/1427/1 1195/1423/1 1118/1426/1
f 1317/1416/1 1112/1428/1 1111/1425/1
f 1116/1429/1 1195/1423/1 1117/1427/1
f 1115/1430/1 1195/1423/1 1116/1429/1
f 1317/1416/1 1113/1431/1 1112/1428/1
f 1114/1432/1 1195/1423/1 1115/1430/1
f 1114/1432/1 1196/1433/1 1195/1423/1
f 1113/1431/1 1196/1433/1 1114/1432/1
f 1317/1416/1 1196/1433/1 1113/1431/1
f 1317/1416/1 1197/1434/1 1196/1433/1
f 1316/1435/1 1197/1434/1 1317/1416/1
f 1316/1435/1 1198/1436/1 1197/1434/1
f 1316/1435/1 1199/1437/1 1198/1436/1
f 1315/1438/1 1199/1437/1 1316/1435/1
f 1315/1438/1 1200/1439/1 1199/1437/1
f 1315/1438/1 1201/1440/1 1200/1439/1
f 1315/1438/1 1202/1441/1 1201/1440/1
f 1314/1442/1 1202/1441/1 1315/1438/1
f 1314/1442/1 1203/1443/1 1202/1441/1
f 1314/1442/1 1204/1444/1 1203/1443/1
f 1314/1442/1 1205/1445/1 1204/1444/1
f 1313/1446/1 1205/1445/1 1314/1442/1
f 1313/1446/1 1206/1447/1 1205/1445/1
f 1313/1446/1 1207/1448/1 1206/1447/1
f 1313/1446/1 1208/1449/1 1207/1448/1
f 1312/1450/1 1208/1449/1 1313/1446/1
f 1312/1450/1 1209/1451/1 1208/1449/1
f 1312/1450/1 1210/1452/1 1209/1451/1
f 1311/1453/1 1210/1452/1 1312/1450/1
f 1311/1453/1 1211/1454/1 1210/1452/1
f 1311/1453/1 1212/1455/1 1211/1454/1
f 1311/1453/1 1213/1456/1 1212/1455/1
f 1310/1457/1 1213/1456/1 1311/1453/1
f 1310/1457/1 1214/1458/1 1213/1456/1
f 1310/1457/1 1215/1459/1 1214/1458/1
f 1309/1460/1 1215/1459/1 1310/1457/1
f 1309/1460/1 1216/1461/1 1215/1459/1
f 1309/1460/1 1217/1462/1 1216/1461/1
f 1309/1460/1 1218/1463/1 1217/1462/1
f 1308/1464/1 1218/1463/1 1309/1460/1
f 1308/1464/1 1219/1465/1 1218/1463/1
f 1308/1464/1 1220/1466/1 1219/1465/1
f 1307/1467/1 1220/1466/1 1308/1464/1
f 1307/1467/1 1221/1468/1 1220/1466/1
f 1307/1467/1 1222/1469/1 1221/1468/1
f 1306/1470/1 1222/1469/1 1307/1467/1
f 1306/1470/1 1223/1471/1 1222/1469/1
f 1306/1470/1 1224/1472/1 1223/1471/1
f 1306/1470/1 1225/1473/1 1224/1472/1
f 1305/1474/1 1225/1473/1 1306/1470/1
f 1305/1474/1 1226/1475/1 1225/1473/1
f 1305/1474/1 1227/1476/1 1226/1475/1
f 1305/1474/1 1228/1477/1 1227/1476/1
f 1304/1478/1 1228/1477/1 1305/1474/1
f 1304/1478/1 1229/1479/1 1228/1477/1
f 1304/1478/1 1230/1480/1 1229/1479/1
f 1304/1478/1 1231/1481/1 1230/1480/1
f 1303/1482/1 1231/1481/1 1304/1478/1
f 1303/1482/1 1232/1483/1 1231/1481/1
f 1303/1482/1 1233/1484/1 1232/1483/1
f 1303/1482/1 1234/1485/1 1233/1484/1
f 1302/1486/1 1234/1485/1 1303/1482/1
f 1302/1486/1 1235/1487/1 1234/1485/1
f 1302/1486/1 1236/1488/1 1235/1487/1
f 1302/1486/1 1237/1489/1 1236/1488/1
f 1301/1490/1 1237/1489/1 1302/1486/1
f 1301/1490/1 1238/1491/1 1237/1489/1
f 1301/1490/1 1239/1492/1 1238/1491/1
f 1301/1490/1 1240/1493/1 1239/1492/1
f 1300/1494/1 1240/1493/1 1301/1490/1
f 1300/1494/1 1241/1495/1 1240/1493/1
f 1300/1494/1 1242/1496/1 1241/1495/1
f 1300/1494/1 1243/1497/1 1242/1496/1
f 1299/1498/1 1243/1497/1 1300/1494/1
f 1299/1498/1 1244/1499/1 1243/1497/1
f 1299/1498/1 1245/1500/1 1244/1499/1
f 1298/1501/1 1245/1500/1 1299/1498/1
f 1298/1501/1 1246/1502/1 1245/1500/1
f 1298/1501/1 1247/1503/1 1246/1502/1
f 1298/1501/1 1248/1504/1 1247/1503/1
f 1297/1505/1 1248/1504/1 1298/1501/1
f 1297/1505/1 1249/1506/1 1248/1504/1
f 1297/1505/1 1250/1507/1 1249/1506/1
f 1296/1508/1 1250/1507/1 1297/1505/1
f 1296/1508/1 1251/1509/1 1250/1507/1
f 1296/1508/1 1252/1510/1 1251/1509/1
f 1296/1508/1 1253/1511/1 1252/1510/1
f 1295/1512/1 1253/1511/1 1296/1508/1
f 1295/1512/1 1254/1513/1 1253/1511/1
f 1295/1512/1 1255/1514/1 1254/1513/1
f 1294/1515/1 1255/1514/1 1295/1512/1
f 1294/1515/1 1256/1516/1 1255/1514/1
f 1294/1515/1 1257/1517/1 1256/1516/1
f 1293/1518/1 1257/1517/1 1294/1515/1
f 1293/1518/1 1258/1519/1 1257/1517/1
f 1293/1518/1 1259/1520/1 1258/1519/1
f 1292/1521/1 1259/1520/1 1293/1518/1
f 1292/1521/1 1260/1522/1 1259/1520/1
f 1292/1521/1 1261/1523/1 1260/1522/1
f 1291/1524/1 1261/1523/1 1292/1521/1
f 1291/1524/1 1262/1525/1 1261/1523/1
f 1291/1524/1 1263/1526/1 1262/1525/1
f 1290/1527/1 1263/1526/1 1291/1524/1
f 1290/1527/1 1264/1528/1 1263/1526/1
f 1290/1527/1 1265/1529/1 1264/1528/1
f 1289/1530/1 1265/1529/1 1290/1527/1
f 1289/1530/1 1266/1531/1 1265/1529/1
f 1289/1530/1 1267/1532/1 1266/1531/1
f 1288/1533/1 1267/1532/1 1289/1530/1
f 1288/1533/1 1268/1534/1 1267/1532/1
f 1288/1533/1 1269/1535/1 1268/1534/1
f 1287/1536/1 1269/1535/1 1288/1533/1
f 1287/1536/1 1270/1537/1 1269/1535/1
f 1287/1536/1 1271/1538/1 1270/1537/1
f 1286/1539/1 1271/1538/1 1287/1536/1
f 1286/1539/1 1272/1540/1 1271/1538/1
f 1286/1539/1 1273/1541/1 1272/1540/1
f 1285/1542/1 1273/1541/1 1286/1539/1
f 1285/1542/1 1274/1543/1 1273/1541/1
f 1284/1544/1 1274/1543/1 1285/1542/1
f 1284/1544/1 1275/1545/1 1274/1543/1
f 1284/1544/1 1276/1546/1 1275/1545/1
f 1283/1547/1 1276/1546/1 1284/1544/1
f 1283/1547/1 1277/1548/1 1276/1546/1
f 1283/1547/1 1278/1549/1 1277/1548/1
f 1282/1550/1 1278/1549/1 1283/1547/1
f 1282/1550/1 1279/1551/1 1278/1549/1
f 1282/1550/1 1280/1552/1 1279/1551/1
f 1281/1553/1 1280/1552/1 1282/1550/1
f 1703/1554/1 1705/1555/1 1704/1556/1
f 1702/1557/1 1705/1555/1 1703/1554/1
f 1702/1557/1 1706/1558/1 1705/1555/1
f 1701/1559/1 1706/1558/1 1702/1557/1
f 1701/1559/1 1707/1560/1 1706/1558/1
f 1700/1561/1 1707/1560/1 1701/1559/1
f 1700/1561/1 1708/1562/1 1707/1560/1
f 1699/1563/1 1708/1562/1 1700/1561/1
f 1699/1563/1 1709/1564/1 1708/1562/1
f 1698/1565/1 1709/1564/1 1699/1563/1
f 1698/1565/1 1710/1566/1 1709/1564/1
f 1697/1567/1 1710/1566/1 1698/1565/1
f 1697/1567/1 1711/1568/1 1710/1566/1
f 1696/1569/1 1711/1568/1 1697/1567/1
f 1696/1569/1 1712/1570/1 1711/1568/1
f 1695/1571/1 1712/1570/1 1696/1569/1
f 1695/1571/1 1713/1572/1 1712/1570/1
f 1694/1573/1 1713/1572/1 1695/1571/1
f 1694/1573/1 1714/1574/1 1713/1572/1
f 1693/1575/1 1714/1574/1 1694/1573/1
f 1693/1575/1 1715/1576/1 1714/1574/1
f 1692/1577/1 1715/1576/1 1693/1575/1
f 1692/1577/1 1716/1578/1 1715/1576/1
f 1691/1579/1 1716/1578/1 1692/1577/1
f 1691/1579/1 1717/1580/1 1716/1578/1
f 1691/1579/1 1718/1581/1 1717/1580/1
f 1690/1582/1 1718/1581/1 1691/1579/1
f 1690/1582/1 1719/1583/1 1718/1581/1
f 1689/1584/1 1719/1583/1 1690/1582/1
f 1689/1584/1 1720/1585/1 1719/1583/1
f 1688/1586/1 1720/1585/1 1689/1584/1
f 1688/1586/1 1721/1587/1 1720/1585/1
f 1687/1588/1 1721/1587/1 1688/1586/1
f 1687/1588/1 1722/1589/1 1721/1587/1
f 1686/1590/1 1722/1589/1 1687/1588/1
f 1686/1590/1 1723/1591/1 1722/1589/1
f 1685/1592/1 1723/1591/1 1686/1590/1
f 1685/1592/1 1724/1593/1 1723/1591/1
f 1684/1594/1 1724/1593/1 1685/1592/1
f 1684/1594/1 1725/1595/1 1724/1593/1
f 1683/1596/1 1725/1595/1 1684/1594/1
f 1683/1596/1 1726/1597/1 1725/1595/1
f 1682/1598/1 1726/1597/1 1683/1596/1
f 1682/1598/1 1727/1599/1 1726/1597/1
f 1681/1600/1 1727/1599/1 1682/1598/1
f 1681/1600/1 1728/1601/1 1727/1599/1
f 1680/1602/1 1728/1601/1 1681/1600/1
f 1679/1603/1 1728/1601/1 1680/1602/1
f 1679/1603/1 1729/1604/1 1728/1601/1
f 1678/1605/1 1729/1604/1 1679/1603/1
f 1678/1605/1 1730/1606/1 1729/1604/1
f 1677/1607/1 1730/1606/1 1678/1605/1
f 1677/1607/1 1731/1608/1 1730/1606/1
f 1676/1609/1 1731/1608/1 1677/1607/1
f 1676/1609/1 1732/1610/1 1731/1608/1
f 1675/1611/1 1732/1610/1 1676/1609/1
f 1675/1611/1 1733/1612/1 1732/1610/1
f 1674/1613/1 1733/1612/1 1675/1611/1
f 1674/1613/1 1734/1614/1 1733/1612/1
f 1673/1615/1 1734/1614/1 1674/1613/1
f 1673/1615/1 1735/1616/1 1734/1614/1
f 1672/1617/1 1735/1616/1 1673/1615/1
f 1672/1617/1 1736/1618/1 1735/1616/1
f 1671/1619/1 1736/1618/1 1672/1617/1
f 1671/1619/1 1737/1620/1 1736/1618/1
f 1670/1621/1 1737/1620/1 1671/1619/1
f 1670/1621/1 1738/1622/1 1737/1620/1
f 1669/1623/1 1738/1622/1 1670/1621/1
f 1669/1623/1 1739/1624/1 1738/1622/1
f 1668/1625/1 1739/1624/1 1669/1623/1
f 1668/1625/1 1740/1626/1 1739/1624/1
f 1667/1627/1 1740/1626/1 1668/1625/1
f 1667/1627/1 1741/1628/1 1740/1626/1
f 1666/1629/1 1741/1628/1 1667/1627/1
f 1666/1629/1 1742/1630/1 1741/1628/1
f 1665/1631/1 1742/1630/1 1666/1629/1
f 1665/1631/1 1743/1632/1 1742/1630/1
f 1664/1633/1 1743/1632/1 1665/1631/1
f 1664/1633/1 1744/1634/1 1743/1632/1
f 1663/1635/1 1744/1634/1 1664/1633/1
f 1663/1635/1 1745/1636/1 1744/1634/1
f 1662/1637/1 1745/1636/1 1663/1635/1
f 1662/1637/1 1746/1638/1 1745/1636/1
f 1661/1639/1 1746/1638/1 1662/1637/1
f 1661/1639/1 1747/1640/1 1746/1638/1
f 1660/1641/1 1747/1640/1 1661/1639/1
f 1660/1641/1 1748/1642/1 1747/1640/1
f 1659/1643/1 1748/1642/1 1660/1641/1
f 1659/1643/1 1749/1644/1 1748/1642/1
f 1658/1645/1 1749/1644/1 1659/1643/1
f 1658/1645/1 1750/1646/1 1749/1644/1
f 1657/1647/1 1750/1646/1 1658/1645/1
f 1657/1647/1 1751/100/1 1750/1646/1
f 1656/1648/1 1751/100/1 1657/1647/1
f 1656/1648/1 1558/105/1 1751/100/1
f 1655/1649/1 1558/105/1 1656/1648/1
f 1655/1649/1 1559/1650/1 1558/105/1
f 1654/1651/1 1559/1650/1 1655/1649/1
f 1654/1651/1 1560/1652/1 1559/1650/1
f 1653/1653/1 1560/1652/1 1654/1651/1
f 1653/1653/1 1561/1654/1 1560/1652/1
f 1652/1655/1 1561/1654/1 1653/1653/1
f 1652/1655/1 1562/1656/1 1561/1654/1
f 1651/1657/1 1562/1656/1 1652/1655/1
f 1651/1657/1 1563/1658/1 1562/1656/1
f 1650/1659/1 1563/1658/1 1651/1657/1
f 1650/1659/1 1564/1660/1 1563/1658/1
f 1649/1661/1 1564/1660/1 1650/1659/1
f 1649/1661/1 1565/1662/1 1564/1660/1
f 1648/1663/1 1565/1662/1 1649/1661/1
f 1648/1663/1 1566/1664/1 1565/1662/1
f 1647/1665/1 1566/1664/1 1648/1663/1
f 1647/1665/1 1567/1666/1 1566/1664/1
f 1646/1667/1 1567/1666/1 1647/1665/1
f 1646/1667/1 1568/1668/1 1567/1666/1
f 1645/1669/1 1568/1668/1 1646/1667/1
f 1645/1669/1 1569/1670/1 1568/1668/1
f 1644/1671/1 1569/1670/1 1645/1669/1
f 1644/1671/1 1570/1672/1 1569/1670/1
f 1643/1673/1 1570/1672/1 1644/1671/1
f 1643/1673/1 1571/1674/1 1570/1672/1
f 1642/1675/1 1571/1674/1 1643/1673/1
f 1642/1675/1 1572/1676/1 1571/1674/1
f 1641/1677/1 1572/1676/1 1642/1675/1
f 1641/1677/1 1573/1678/1 1572/1676/1
f 1640/1679/1 1573/1678/1 1641/1677/1
f 1640/1679/1 1574/1680/1 1573/1678/1
f 1639/1681/1 1574/1680/1 1640/1679/1
f 1639/1681/1 1575/1682/1 1574/1680/1
f 1638/1683/1 1575/1682/1 1639/1681/1
f 1638/1683/1 1576/1684/1 1575/1682/1
f 1637/1685/1 1576/1684/1 1638/1683/1
f 1637/1685/1 1577/1686/1 1576/1684/1
f 1636/1687/1 1577/1686/1 1637/1685/1
f 1636/1687/1 1578/1688/1 1577/1686/1
f 1635/1689/1 1578/1688/1 1636/1687/1
f 1635/1689/1 1579/1690/1 1578/1688/1
f 1634/1691/1 1579/1690/1 1635/1689/1
f 1634/1691/1 1580/1692/1 1579/1690/1
f 1633/1693/1 1580/1692/1 1634/1691/1
f 1633/1693/1 1581/1694/1 1580/1692/1
f 1632/1695/1 1581/1694/1 1633/1693/1
f 1632/1695/1 1582/1696/1 1581/1694/1
f 1631/1697/1 1582/1696/1 1632/1695/1
f 1631/1697/1 1583/1698/1 1582/1696/1
f 1630/1699/1 1583/1698/1 1631/1697/1
f 1630/1699/1 1584/1700/1 1583/1698/1
f 1629/1701/1 1584/1700/1 1630/1699/1
f 1629/1701/1 1585/1702/1 1584/1700/1
f 1628/1703/1 1585/1702/1 1629/1701/1
f 1628/1703/1 1586/1704/1 1585/1702/1
f 1627/1705/1 1586/1704/1 1628/1703/1
f 1627/1705/1 1587/1706/1 1586/1704/1
f 1626/1707/1 1587/1706/1 1627/1705/1
f 1626/1707/1 1588/1708/1 1587/1706/1
f 1625/1709/1 1588/1708/1 1626/1707/1
f 1625/1709/1 1589/1710/1 1588/1708/1
f 1624/1711/1 1589/1710/1 1625/1709/1
f 1624/1711/1 1590/1712/1 1589/1710/1
f 1623/1713/1 1590/1712/1 1624/1711/1
f 1623/1713/1 1591/1714/1 1590/1712/1
f 1622/1715/1 1591/1714/1 1623/1713/1
f 1622/1715/1 1592/1716/1 1591/1714/1
f 1621/1717/1 1592/1716/1 1622/1715/1
f 1621/1717/1 1593/1718/1 1592/1716/1
f 1620/1719/1 1593/1718/1 1621/1717/1
f 1620/1719/1 1594/1720/1 1593/1718/1
f 1619/1721/1 1594/1720/1 1620/1719/1
f 1619/1721/1 1595/1722/1 1594/1720/1
f 1618/1723/1 1595/1722/1 1619/1721/1
f 1618/1723/1 1596/1724/1 1595/1722/1
f 1617/1725/1 1596/1724/1 1618/1723/1
f 1617/1725/1 1597/1726/1 1596/1724/1
f 1616/1727/1 1597/1726/1 1617/1725/1
f 1616/1727/1 1598/1728/1 1597/1726/1
f 1615/1729/1 1598/1728/1 1616/1727/1
f 1615/1729/1 1599/1730/1 1598/1728/1
f 1614/1731/1 1599/1730/1 1615/1729/1
f 1614/1731/1 1600/1732/1 1599/1730/1
f 1613/1733/1 1600/1732/1 1614/1731/1
f 1613/1733/1 1601/1734/1 1600/1732/1
f 1612/1735/1 1601/1734/1 1613/1733/1
f 1612/1735/1 1602/1736/1 1601/1734/1
f 1611/1737/1 1602/1736/1 1612/1735/1
f 1611/1737/1 1603/1738/1 1602/1736/1
f 1610/1739/1 1603/1738/1 1611/1737/1
f 1610/1739/1 1604/1740/1 1603/1738/1
f 1609/1741/1 1604/1740/1 1610/1739/1
f 1609/1741/1 1605/1742/1 1604/1740/1
f 1608/1743/1 1605/1742/1 1609/1741/1
f 1608/1743/1 1606/1744/1 1605/1742/1
f 1607/1745/1 1606/1744/1 1608/1743/1
f 2279/1746/1 2281/1747/1 2280/1748/1
f 2279/1746/1 2282/1749/1 2281/1747/1
f 2278/1750/1 2282/1749/1 2279/1746/1
f 2278/1750/1 2283/1751/1 2282/1749/1
f 2278/1750/1 2284/1752/1 2283/1751/1
f 2277/1753/1 2284/1752/1 2278/1750/1
f 2277/1753/1 2285/1754/1 2284/1752/1
f 2276/1755/1 2285/1754/1 2277/1753/1
f 2276/1755/1 2286/1756/1 2285/1754/1
f 2276/1755/1 2287/1757/1 2286/1756/1
f 2275/1758/1 2287/1757/1 2276/1755/1
f 2275/1758/1 2288/1759/1 2287/1757/1
f 2275/1758/1 2289/1760/1 2288/1759/1
f 2274/1761/1 2289/1760/1 2275/1758/1
f 2274/1761/1 2290/1762/1 2289/1760/1
f 2273/1763/1 2290/1762/1 2274/1761/1
f 2273/1763/1 2291/1764/1 2290/1762/1
f 2273/1763/1 2292/1765/1 2291/1764/1
f 2272/1766/1 2292/1765/1 2273/1763/1
f 2272/1766/1 2293/1767/1 2292/1765/1
f 2271/1768/1 2293/1767/1 2272/1766/1
f 2271/1768/1 2294/1769/1 2293/1767/1
f 2271/1768/1 2295/1770/1 2294/1769/1
f 2270/1771/1 2295/1770/1 2271/1768/1
f 2270/1771/1 2296/1772/1 2295/1770/1
f 2270/1771/1 2297/1773/1 2296/1772/1
f 2269/1774/1 2297/1773/1 2270/1771/1
f 2269/1774/1 2298/1775/1 2297/1773/1
f 2269/1774/1 2299/1776/1 2298/1775/1
f 2268/1777/1 2299/1776/1 2269/1774/1
f 2268/1777/1 2300/1778/1 2299/1776/1
f 2267/1779/1 2300/1778/1 2268/1777/1
f 2267/1779/1 2301/1780/1 2300/1778/1
f 2267/1779/1 2302/1781/1 2301/1780/1
f 2266/1782/1 2302/1781/1 2267/1779/1
f 2266/1782/1 2303/1783/1 2302/1781/1
f 2266/1782/1 2304/1784/1 2303/1783/1
f 2265/1785/1 2304/1784/1 2266/1782/1
f 2265/1785/1 2305/1786/1 2304/1784/1
f 2265/1785/1 2306/1787/1 2305/1786/1
f 2264/1788/1 2306/1787/1 2265/1785/1
f 2264/1788/1 2307/1789/1 2306/1787/1
f 2264/1788/1 2308/1790/1 2307/1789/1
f 2263/1791/1 2308/1790/1 2264/1788/1
f 2263/1791/1 2309/1792/1 2308/1790/1
f 2263/1791/1 2310/1793/1 2309/1792/1
f 2262/1794/1 2310/1793/1 2263/1791/1
f 2262/1794/1 2311/1795/1 2310/1793/1
f 2262/1794/1 2312/1796/1 2311/1795/1
f 2261/1797/1 2312/1796/1 2262/1794/1
f 2261/1797/1 2313/1798/1 2312/1796/1
f 2261/1797/1 2314/1799/1 2313/1798/1
f 2261/1797/1 2315/100/1 2314/1799/1
f 2260/1800/1 2315/100/1 2261/1797/1
f 2260/1800/1 1752/105/1 2315/100/1
f 2260/1800/1 1753/1801/1 1752/105/1
f 2260/1800/1 1754/1802/1 1753/1801/1
f 2259/1803/1 1754/1802/1 2260/1800/1
f 2259/1803/1 1755/1804/1 1754/1802/1
f 2259/1803/1 1756/1805/1 1755/1804/1
f 2258/1806/1 1756/1805/1 2259/1803/1
f 2258/1806/1 1757/1807/1 1756/1805/1
f 2258/1806/1 1758/1808/1 1757/1807/1
f 2258/1806/1 1759/1809/1 1758/1808/1
f 2257/1810/1 1759/1809/1 2258/1806/1
f 2257/1810/1 1760/1811/1 1759/1809/1
f 2257/1810/1 1761/1812/1 1760/1811/1
f 2256/1813/1 1761/1812/1 2257/1810/1
f 2256/1813/1 1762/1814/1 1761/1812/1
f 2256/1813/1 1763/1815/1 1762/1814/1
f 2255/1816/1 1763/1815/1 2256/1813/1
f 2255/1816/1 1764/1817/1 1763/1815/1
f 2255/1816/1 1765/1818/1 1764/1817/1
f 2255/1816/1 1766/1819/1 1765/1818/1
f 2254/1820/1 1766/1819/1 2255/1816/1
f 2254/1820/1 1767/1821/1 1766/1819/1
f 2254/1820/1 1768/1822/1 1767/1821/1
f 2253/1823/1 1768/1822/1 2254/1820/1
f 2253/1823/1 1769/1824/1 1768/1822/1
f 2253/1823/1 1770/1825/1 1769/1824/1
f 2252/1826/1 1770/1825/1 2253/1823/1
f 2252/1826/1 1771/1827/1 1770/1825/1
f 2252/1826/1 1772/1828/1 1771/1827/1
f 2251/1829/1 1772/1828/1 2252/1826/1
f 2251/1829/1 1773/1830/1 1772/1828/1
f 2250/1831/1 1773/1830/1 2251/1829/1
f 2250/1831/1 1774/1832/1 1773/1830/1
f 2250/1831/1 1775/1833/1 1774/1832/1
f 2249/1834/1 1775/1833/1 2250/1831/1
f 2249/1834/1 1848/1835/1 1775/1833/1
f 1848/1835/1 1776/1836/1 1775/1833/1
f 2249/1834/1 1849/1837/4 1848/1835/1
f 1847/1838/1 1776/1836/1 1848/1835/1
f 1847/1838/1 1777/1839/1 1776/1836/1
f 1846/1840/1 1777/1839/1 1847/1838/1
f 2249/1834/1 1850/1841/1 1849/1837/4
f 1845/1842/1 1777/1839/1 1846/1840/1
f 2249/1834/1 1851/1843/1 1850/1841/1
f 1844/1844/1 1777/1839/1 1845/1842/1
f 1843/1845/1 1777/1839/1 1844/1844/1
f 2249/1834/1 1852/1846/1 1851/1843/1
f 2248/1847/1 1852/1846/1 2249/1834/1
f 1842/1848/1 1777/1839/1 1843/1845/1
f 2248/1847/1 1853/1849/1 1852/1846/1
f 1841/1850/1 1777/1839/1 1842/1848/1
f 2248/1847/1 1854/1851/1 1853/1849/1
f 1840/1852/1 1777/1839/1 1841/1850/1
f 1839/1853/1 1777/1839/1 1840/1852/1
f 2248/1847/1 1855/1854/1 1854/1851/1
f 1839/1853/1 1778/1855/1 1777/1839/1
f 1838/1856/1 1778/1855/1 1839/1853/1
f 2248/1847/1 1856/1857/1 1855/1854/1
f 1837/1858/1 1778/1855/1 1838/1856/1
f 2248/1847/1 1857/1859/1 1856/1857/1
f 1836/1860/1 1778/1855/1 1837/1858/1
f 2247/1861/1 1857/1859/1 2248/1847/1
f 1836/1860/1 1779/1862/1 1778/1855/1
f 1835/1863/1 1779/1862/1 1836/1860/1
f 2247/1861/1 1858/1864/1 1857/1859/1
f 1834/1865/1 1779/1862/1 1835/1863/1
f 2247/1861/1 1859/1866/1 1858/1864/1
f 1833/1867/1 1779/1862/1 1834/1865/1
f 1833/1867/1 1780/1868/1 1779/1862/1
f 2247/1861/1 1860/1869/1 1859/1866/1
f 1832/1870/1 1780/1868/1 1833/1867/1
f 1831/1871/1 1780/1868/1 1832/1870/1
f 2246/1872/1 1860/1869/1 2247/1861/1
f 1831/1871/1 1781/1873/1 1780/1868/1
f 2246/1872/1 1861/1874/1 1860/1869/1
f 1830/1875/1 1781/1873/1 1831/1871/1
f 1829/1876/1 1781/1873/1 1830/1875/1
f 2246/1872/1 1862/1877/1 1861/1874/1
f 1829/1876/1 1782/1878/1 1781/1873/1
f 1828/1879/1 1782/1878/1 1829/1876/1
f 1827/1880/1 1782/1878/1 1828/1879/1
f 2246/1872/1 1863/1881/1 1862/1877/1
f 2245/1882/1 1863/1881/1 2246/1872/1
f 1827/1880/1 1783/1883/1 1782/1878/1
f 1826/1884/1 1783/1883/1 1827/1880/1
f 2245/1882/1 1864/1885/1 1863/1881/1
f 1825/1886/1 1783/1883/1 1826/1884/1
f 1825/1886/1 1784/1887/1 1783/1883/1
f 1824/1888/1 1784/1887/1 1825/1886/1
f 2245/1882/1 1865/1889/1 1864/1885/1
f 1823/1890/1 1784/1887/1 1824/1888/1
f 1823/1890/1 1785/1891/1 1784/1887/1
f 1822/1892/1 1785/1891/1 1823/1890/1
f 2244/1893/1 1865/1889/1 2245/1882/1
f 2244/1893/1 1866/1894/1 1865/1889/1
f 1821/1895/1 1785/1891/1 1822/1892/1
f 1821/1895/1 1786/1896/1 1785/1891/1
f 1820/1897/1 1786/1896/1 1821/1895/1
f 2244/1893/1 1867/1898/1 1866/1894/1
f 1819/1899/1 1786/1896/1 1820/1897/1
f 1819/1899/1 1787/1900/1 1786/1896/1
f 1818/1901/1 1787/1900/1 1819/1899/1
f 2243/1902/1 1867/1898/1 2244/1893/1
f 1817/1903/1 1787/1900/1 1818/1901/1
f 2243/1902/1 1868/1904/1 1867/1898/1
f 1817/1903/1 1788/1905/1 1787/1900/1
f 1816/1906/1 1788/1905/1 1817/1903/1
f 1816/1906/1 1789/1907/1 1788/1905/1
f 1815/1908/1 1789/1907/1 1816/1906/1
f 2243/1902/1 1869/1909/1 1868/1904/1
f 1814/1910/1 1789/1907/1 1815/1908/1
f 1814/1910/1 1790/1911/1 1789/1907/1
f 1813/1912/1 1790/1911/1 1814/1910/1
f 1813/1912/1 1791/1913/1 1790/1911/1
f 2242/1914/1 1869/1909/1 2243/1902/1
f 2242/1914/1 1870/1915/1 1869/1909/1
f 1812/1916/1 1791/1913/1 1813/1912/1
f 1811/1917/1 1791/1913/1 1812/1916/1
f 1811/1917/1 1792/1918/1 1791/1913/1
f 1810/1919/1 1792/1918/1 1811/1917/1
f 1810/1919/1 1793/1920/1 1792/1918/1
f 2242/1914/1 1871/1921/1 1870/1915/1
f 1809/1922/1 1793/1920/1 1810/1919/1
f 1809/1922/1 1794/1923/1 1793/1920/1
f 1808/1924/1 1794/1923/1 1809/1922/1
f 1807/1925/1 1794/1923/1 1808/1924/1
f 1807/1925/1 1795/1926/1 1794/1923/1
f 1806/1927/1 1795/1926/1 1807/1925/1
f 2241/1928/1 1871/1921/1 2242/1914/1
f 1806/1927/1 1796/1929/1 1795/1926/1
f 2241/1928/1 1872/1930/1 1871/1921/1
f 1805/1931/1 1796/1929/1 1806/1927/1
f 1805/1931/1 1797/1932/1 1796/1929/1
f 1804/1933/1 1797/1932/1 1805/1931/1
f 1803/1934/1 1797/1932/1 1804/1933/1
f 1803/1934/1 1798/1935/1 1797/1932/1
f 1802/1936/1 1798/1935/1 1803/1934/1
f 1802/1936/1 1799/1937/1 1798/1935/1
f 1801/1938/1 1799/1937/1 1802/1936/1
f 1801/1938/1 1800/1939/1 1799/1937/1
f 2241/1928/1 1873/1940/1 1872/1930/1
f 2240/1941/1 1873/1940/1 2241/1928/1
f 2240/1941/1 1874/1942/1 1873/1940/1
f 2240/1941/1 1875/1943/1 1874/1942/1
f 2239/1944/1 1875/1943/1 2240/1941/1
f 2239/1944/1 1876/1945/1 1875/1943/1
f 2239/1944/1 1877/1946/1 1876/1945/1
f 2238/1947/1 1877/1946/1 2239/1944/1
f 2238/1947/1 1878/1948/1 1877/1946/1
f 2237/1949/1 1878/1948/1 2238/1947/1
f 2237/1949/1 1879/1950/1 1878/1948/1
f 2237/1949/1 1880/1951/1 1879/1950/1
f 2236/1952/1 1880/1951/1 2237/1949/1
f 2236/1952/1 1881/1953/1 1880/1951/1
f 2236/1952/1 1882/1954/1 1881/1953/1
f 2235/1955/1 1882/1954/1 2236/1952/1
f 2235/1955/1 1883/1956/1 1882/1954/1
f 2234/1957/1 1883/1956/1 2235/1955/1
f 2234/1957/1 1884/1958/1 1883/1956/1
f 2234/1957/1 1885/1959/1 1884/1958/1
f 2233/1960/1 1885/1959/1 2234/1957/1
f 2233/1960/1 1886/1961/1 1885/1959/1
f 2232/1962/1 1886/1961/1 2233/1960/1
f 2232/1962/1 1887/1963/1 1886/1961/1
f 2232/1962/1 1888/1964/1 1887/1963/1
f 2231/1965/1 1888/1964/1 2232/1962/1
f 2231/1965/1 1889/1966/1 1888/1964/1
f 2230/1967/1 1889/1966/1 2231/1965/1
f 2230/1967/1 1890/1968/1 1889/1966/1
f 2230/1967/1 1891/1969/1 1890/1968/1
f 2229/1970/1 1891/1969/1 2230/1967/1
f 2229/1970/1 1892/1971/1 1891/1969/1
f 2228/1972/1 1892/1971/1 2229/1970/1
f 2228/1972/1 1893/1973/1 1892/1971/1
f 2228/1972/1 1894/1974/1 1893/1973/1
f 2227/1975/1 1894/1974/1 2228/1972/1
f 2227/1975/1 1895/1976/1 1894/1974/1
f 2226/1977/1 1895/1976/1 2227/1975/1
f 2226/1977/1 1896/1978/1 1895/1976/1
f 2225/1979/1 1896/1978/1 2226/1977/1
f 2225/1979/1 1897/1980/1 1896/1978/1
f 2225/1979/1 1898/1981/1 1897/1980/1
f 2224/1982/1 1898/1981/1 2225/1979/1
f 2224/1982/1 1899/1983/1 1898/1981/1
f 2223/1984/1 1899/1983/1 2224/1982/1
f 2223/1984/1 1900/1985/1 1899/1983/1
f 2223/1984/1 1901/1986/1 1900/1985/1
f 2222/1987/1 1901/1986/1 2223/1984/1
f 2222/1987/1 1902/1988/1 1901/1986/1
f 2221/1989/1 1902/1988/1 2222/1987/1
f 2221/1989/1 1903/1990/1 1902/1988/1
f 2221/1989/1 1904/1991/1 1903/1990/1
f 2220/1992/1 1904/1991/1 2221/1989/1
f 2220/1992/1 1905/1993/1 1904/1991/1
f 2219/1994/1 1905/1993/1 2220/1992/1
f 2219/1994/1 1906/1995/1 1905/1993/1
f 2219/1994/1 1907/1996/1 1906/1995/1
f 2218/1997/1 1907/1996/1 2219/1994/1
f 2218/1997/1 1908/1998/1 1907/1996/1
f 2217/1999/1 1908/1998/1 2218/1997/1
f 2217/1999/1 1909/2000/1 1908/1998/1
f 2217/1999/1 1910/2001/1 1909/2000/1
f 2216/2002/1 1910/2001/1 2217/1999/1
f 2216/2002/1 1911/2003/1 1910/2001/1
f 2215/2004/1 1911/2003/1 2216/2002/1
f 2215/2004/1 1912/2005/1 1911/2003/1
f 2215/2004/1 1913/2006/1 1912/2005/1
f 2214/2007/1 1913/2006/1 2215/2004/1
f 2214/2007/1 1914/2008/1 1913/2006/1
f 2213/2009/1 1914/2008/1 2214/2007/1
f 2213/2009/1 1915/2010/1 1914/2008/1
f 2213/2009/1 1916/2011/1 1915/2010/1
f 2212/2012/1 1916/2011/1 2213/2009/1
f 2212/2012/1 1917/2013/1 1916/2011/1
f 2211/2014/1 1917/2013/1 2212/2012/1
f 2211/2014/1 1918/2015/1 1917/2013/1
f 2211/2014/1 1919/2016/1 1918/2015/1
f 2210/2017/1 1919/2016/1 2211/2014/1
f 2210/2017/1 1920/2018/1 1919/2016/1
f 2209/2019/1 1920/2018/1 2210/2017/1
f 2209/2019/1 1921/2020/1 1920/2018/1
f 2209/2019/1 1922/2021/1 1921/2020/1
f 2208/2022/1 1922/2021/1 2209/2019/1
f 2208/2022/1 1923/2023/1 1922/2021/1
f 2207/2024/1 1923/2023/1 2208/2022/1
f 2207/2024/1 1924/2025/1 1923/2023/1
f 2207/2024/1 1925/2026/1 1924/2025/1
f 2206/2027/1 1925/2026/1 2207/2024/1
f 2206/2027/1 1926/2028/1 1925/2026/1
f 2206/2027/1 1927/2029/1 1926/2028/1
f 2205/2030/1 1927/2029/1 2206/2027/1
f 2205/2030/1 1928/2031/1 1927/2029/1
f 2205/2030/1 1929/2032/1 1928/2031/1
f 2204/2033/1 1929/2032/1 2205/2030/1
f 2204/2033/1 1930/2034/1 1929/2032/1
f 2204/2033/1 1931/2035/1 1930/2034/1
f 2203/2036/1 1931/2035/1 2204/2033/1
f 2203/2036/1 1932/2037/1 1931/2035/1
f 2203/2036/1 1933/2038/1 1932/2037/1
f 2202/2039/1 1933/2038/1 2203/2036/1
f 2202/2039/1 1934/2040/1 1933/2038/1
f 2202/2039/1 1935/2041/1 1934/2040/1
f 2201/2042/1 1935/2041/1 2202/2039/1
f 2201/2042/1 1936/2043/1 1935/2041/1
f 2201/2042/1 1937/2044/1 1936/2043/1
f 2200/2045/1 1937/2044/1 2201/2042/1
f 2200/2045/1 1938/2046/1 1937/2044/1
f 2200/2045/1 1939/2047/1 1938/2046/1
f 2199/2048/1 1939/2047/1 2200/2045/1
f 2199/2048/1 1940/2049/1 1939/2047/1
f 2015/2050/1 2017/2051/1 2016/2052/1
f 2015/2050/1 2018/2053/1 2017/2051/1
f 2014/2054/1 2018/2053/1 2015/2050/1
f 2014/2054/1 2019/2055/1 2018/2053/1
f 2013/2056/1 2019/2055/1 2014/2054/1
f 2013/2056/1 2020/2057/1 2019/2055/1
f 2199/2048/1 1941/2058/1 1940/2049/1
f 2012/2059/1 2020/2057/1 2013/2056/1
f 2012/2059/1 2021/2060/1 2020/2057/1
f 2012/2059/1 2022/2061/1 2021/2060/1
f 2011/2062/1 2022/2061/1 2012/2059/1
f 2011/2062/1 2023/2063/1 2022/2061/1
f 2010/2064/1 2023/2063/1 2011/2062/1
f 2010/2064/1 2024/2065/1 2023/2063/1
f 2009/2066/1 2024/2065/1 2010/2064/1
f 2009/2066/1 2025/2067/1 2024/2065/1
f 2008/2068/1 2025/2067/1 2009/2066/1
f 2008/2068/1 2026/2069/1 2025/2067/1
f 2008/2068/1 2027/2070/1 2026/2069/1
f 2007/2071/1 2027/2070/1 2008/2068/1
f 2199/2048/1 1942/2072/1 1941/2058/1
f 2198/2073/1 1942/2072/1 2199/2048/1
f 2007/2071/1 2028/2074/1 2027/2070/1
f 2006/2075/1 2028/2074/1 2007/2071/1
f 2006/2075/1 2029/2076/1 2028/2074/1
f 2005/2077/1 2029/2076/1 2006/2075/1
f 2005/2077/1 2030/2078/1 2029/2076/1
f 2004/2079/1 2030/2078/1 2005/2077/1
f 2004/2079/1 2031/2080/1 2030/2078/1
f 2198/2073/1 1943/2081/1 1942/2072/1
f 2004/2079/1 2032/2082/1 2031/2080/1
f 2003/2083/1 2032/2082/1 2004/2079/1
f 2003/2083/1 2033/2084/1 2032/2082/1
f 2002/2085/1 2033/2084/1 2003/2083/1
f 2002/2085/1 2034/2086/1 2033/2084/1
f 2198/2073/1 1944/2087/1 1943/2081/1
f 2001/2088/1 2034/2086/1 2002/2085/1
f 2001/2088/1 2035/2089/1 2034/2086/1
f 2000/2090/1 2035/2089/1 2001/2088/1
f 2000/2090/1 2036/2091/1 2035/2089/1
f 2197/2092/1 1944/2087/1 2198/2073/1
f 1999/2093/1 2036/2091/1 2000/2090/1
f 1999/2093/1 2037/2094/1 2036/2091/1
f 2197/2092/1 1945/2095/1 1944/2087/1
f 1999/2093/1 2038/2096/1 2037/2094/1
f 1998/2097/1 2038/2096/1 1999/2093/1
f 1998/2097/1 2039/2098/1 2038/2096/1
f 1997/2099/1 2039/2098/1 1998/2097/1
f 2197/2092/1 1946/2100/1 1945/2095/1
f 1997/2099/1 2040/2101/1 2039/2098/1
f 1996/2102/1 2040/2101/1 1997/2099/1
f 1996/2102/1 2041/2103/1 2040/2101/1
f 1995/2104/1 2041/2103/1 1996/2102/1
f 2197/2092/1 1947/2105/1 1946/2100/1
f 1995/2104/1 2042/2106/1 2041/2103/1
f 1995/2104/1 2043/2107/1 2042/2106/1
f 2196/2108/1 1947/2105/1 2197/2092/1
f 1994/2109/1 2043/2107/1 1995/2104/1
f 1994/2109/1 2044/2110/1 2043/2107/1
f 1994/2109/1 2045/2111/1 2044/2110/1
f 1993/2112/1 2045/2111/1 1994/2109/1
f 2196/2108/1 1948/2113/1 1947/2105/1
f 1993/2112/1 2046/2114/1 2045/2111/1
f 1993/2112/1 2047/2115/1 2046/2114/1
f 1992/2116/1 2047/2115/1 1993/2112/1
f 1992/2116/1 2048/2117/1 2047/2115/1
f 2196/2108/1 1949/2118/1 1948/2113/1
f 1991/2119/1 2048/2117/1 1992/2116/1
f 1991/2119/1 2049/2120/1 2048/2117/1
f 1991/2119/1 2050/2121/1 2049/2120/1
f 1990/2122/1 2050/2121/1 1991/2119/1
f 2196/2108/1 1950/2123/1 1949/2118/1
f 1990/2122/1 2051/2124/1 2050/2121/1
f 1989/2125/1 2051/2124/1 1990/2122/1
f 2195/2126/1 1950/2123/1 2196/2108/1
f 1989/2125/1 2052/2127/1 2051/2124/1
f 2195/2126/1 1951/2128/1 1950/2123/1
f 1988/2129/1 2052/2127/1 1989/2125/1
f 1988/2129/1 2053/2130/1 2052/2127/1
f 1988/2129/1 2054/2131/1 2053/2130/1
f 1987/2132/1 2054/2131/1 1988/2129/1
f 2195/2126/1 1952/2133/1 1951/2128/1
f 1987/2132/1 2055/2134/1 2054/2131/1
f 1986/2135/1 2055/2134/1 1987/2132/1
f 1986/2135/1 2056/2136/1 2055/2134/1
f 2195/2126/1 1953/2137/1 1952/2133/1
f 1985/2138/1 2056/2136/1 1986/2135/1
f 1985/2138/1 2057/2139/1 2056/2136/1
f 1984/2140/1 2057/2139/1 1985/2138/1
f 2194/2141/1 1953/2137/1 2195/2126/1
f 2194/2141/1 1954/2142/1 1953/2137/1
f 1984/2140/1 2058/2143/1 2057/2139/1
f 1983/2144/1 2058/2143/1 1984/2140/1
f 1983/2144/1 2059/2145/1 2058/2143/1
f 2194/2141/1 1955/2146/1 1954/2142/1
f 1982/2147/1 2059/2145/1 1983/2144/1
f 1982/2147/1 2060/2148/1 2059/2145/1
f 2194/2141/1 1956/2149/1 1955/2146/1
f 1981/2150/1 2060/2148/1 1982/2147/1
f 1981/2150/1 2061/2151/1 2060/2148/1
f 1980/2152/1 2061/2151/1 1981/2150/1
f 2194/2141/1 1957/2153/1 1956/2149/1
f 1980/2152/1 2062/2154/1 2061/2151/1
f 1979/2155/1 2062/2154/1 1980/2152/1
f 2194/2141/1 1958/2156/1 1957/2153/1
f 1979/2155/1 2063/2157/1 2062/2154/1
f 2193/2158/1 1958/2156/1 2194/2141/1
f 1978/2159/1 2063/2157/1 1979/2155/1
f 2193/2158/1 1959/2160/1 1958/2156/1
f 1977/2161/1 2063/2157/1 1978/2159/1
f 1977/2161/1 2064/2162/1 2063/2157/1
f 2193/2158/1 1960/2163/1 1959/2160/1
f 1976/2164/1 2064/2162/1 1977/2161/1
f 2193/2158/1 1961/2165/1 1960/2163/1
f 1976/2164/1 2065/2166/1 2064/2162/1
f 1975/2167/1 2065/2166/1 1976/2164/1
f 2193/2158/1 1962/2168/1 1961/2165/1
f 1974/2169/1 2065/2166/1 1975/2167/1
f 1974/2169/1 2066/2170/1 2065/2166/1
f 2193/2158/1 1963/2171/1 1962/2168/1
f 1973/2172/1 2066/2170/1 1974/2169/1
f 2193/2158/1 1964/2173/1 1963/2171/1
f 1972/2174/1 2066/2170/1 1973/2172/1
f 2193/2158/1 1965/2175/1 1964/2173/1
f 1971/2176/1 2066/2170/1 1972/2174/1
f 1971/2176/1 2067/2177/1 2066/2170/1
f 2193/2158/1 1966/2178/1 1965/2175/1
f 1970/2179/1 2067/2177/1 1971/2176/1
f 2193/2158/1 1967/2180/1 1966/2178/1
f 1969/2181/1 2067/2177/1 1970/2179/1
f 2193/2158/1 1968/2182/1 1967/2180/1
f 1968/2182/1 2067/2177/1 1969/2181/1
f 2193/2158/1 2067/2177/1 1968/2182/1
f 2192/2183/1 2067/2177/1 2193/2158/1
f 2192/2183/1 2068/2184/1 2067/2177/1
f 2192/2183/1 2069/2185/1 2068/2184/1
f 2192/2183/1 2070/2186/1 2069/2185/1
f 2192/2183/1 2071/2187/1 2070/2186/1
f 2192/2183/1 2072/2188/1 2071/2187/1
f 2191/2189/1 2072/2188/1 2192/2183/1
f 2191/2189/1 2073/2190/1 2072/2188/1
f 2191/2189/1 2074/2191/1 2073/2190/1
f 2191/2189/1 2075/2192/1 2074/2191/1
f 2190/2193/1 2075/2192/1 2191/2189/1
f 2190/2193/1 2076/2194/1 2075/2192/1
f 2190/2193/1 2077/2195/1 2076/2194/1
f 2190/2193/1 2078/2196/1 2077/2195/1
f 2190/2193/1 2079/2197/1 2078/2196/1
f 2189/2198/1 2079/2197/1 2190/2193/1
f 2189/2198/1 2080/2199/1 2079/2197/1
f 2189/2198/1 2081/2200/1 2080/2199/1
f 2189/2198/1 2082/2201/1 2081/2200/1
f 2189/2198/1 2083/2202/1 2082/2201/1
f 2188/2203/1 2083/2202/1 2189/2198/1
f 2188/2203/1 2084/2204/1 2083/2202/1
f 2188/2203/1 2085/2205/1 2084/2204/1
f 2188/2203/1 2086/2206/1 2085/2205/1
f 2188/2203/1 2087/2207/1 2086/2206/1
f 2187/2208/1 2087/2207/1 2188/2203/1
f 2187/2208/1 2088/2209/1 2087/2207/1
f 2187/2208/1 2089/2210/1 2088/2209/1
f 2187/2208/1 2090/2211/1 2089/2210/1
f 2187/2208/1 2091/2212/1 2090/2211/1
f 2186/2213/1 2091/2212/1 2187/2208/1
f 2186/2213/1 2092/2214/1 2091/2212/1
f 2186/2213/1 2093/2215/1 2092/2214/1
f 2186/2213/1 2094/2216/1 2093/2215/1
f 2186/2213/1 2095/2217/1 2094/2216/1
f 2185/2218/1 2095/2217/1 2186/2213/1
f 2185/2218/1 2096/2219/1 2095/2217/1
f 2185/2218/1 2097/2220/1 2096/2219/1
f 2185/2218/1 2098/2221/1 2097/2220/1
f 2185/2218/1 2099/2222/1 2098/2221/1
f 2184/2223/1 2099/2222/1 2185/2218/1
f 2184/2223/1 2100/2224/1 2099/2222/1
f 2184/2223/1 2101/2225/1 2100/2224/1
f 2184/2223/1 2102/2226/1 2101/2225/1
f 2184/2223/1 2103/2227/1 2102/2226/1
f 2183/2228/1 2103/2227/1 2184/2223/1
f 2183/2228/1 2104/2229/1 2103/2227/1
f 2183/2228/1 2105/2230/1 2104/2229/1
f 2183/2228/1 2106/2231/1 2105/2230/1
f 2183/2228/1 2107/2232/1 2106/2231/1
f 2182/2233/1 2107/2232/1 2183/2228/1
f 2182/2233/1 2108/2234/1 2107/2232/1
f 2182/2233/1 2109/2235/1 2108/2234/1
f 2182/2233/1 2110/2236/1 2109/2235/1
f 2182/2233/1 2111/2237/1 2110/2236/1
f 2182/2233/1 2112/2238/1 2111/2237/1
f 2181/2239/1 2112/2238/1 2182/2233/1
f 2181/2239/1 2113/2240/1 2112/2238/1
f 2181/2239/1 2114/2241/1 2113/2240/1
f 2181/2239/1 2115/2242/1 2114/2241/1
f 2181/2239/1 2116/2243/1 2115/2242/1
f 2180/2244/1 2116/2243/1 2181/2239/1
f 2180/2244/1 2117/2245/1 2116/2243/1
f 2180/2244/1 2118/2246/1 2117/2245/1
f 2180/2244/1 2119/2247/1 2118/2246/1
f 2180/2244/1 2120/2248/1 2119/2247/1
f 2179/2249/1 2120/2248/1 2180/2244/1
f 2179/2249/1 2121/2250/1 2120/2248/1
f 2179/2249/1 2122/2251/1 2121/2250/1
f 2179/2249/1 2123/2252/1 2122/2251/1
f 2178/2253/1 2123/2252/1 2179/2249/1
f 2178/2253/1 2124/2254/1 2123/2252/1
f 2178/2253/1 2125/2255/1 2124/2254/1
f 2178/2253/1 2126/2256/1 2125/2255/1
f 2177/2257/1 2126/2256/1 2178/2253/1
f 2177/2257/1 2127/2258/1 2126/2256/1
f 2177/2257/1 2128/2259/1 2127/2258/1
f 2176/2260/1 2128/2259/1 2177/2257/1
f 2176/2260/1 2129/2261/1 2128/2259/1
f 2176/2260/1 2130/2262/1 2129/2261/1
f 2175/2263/1 2130/2262/1 2176/2260/1
f 2175/2263/1 2131/2264/1 2130/2262/1
f 2175/2263/1 2132/2265/1 2131/2264/1
f 2175/2263/1 2133/2266/1 2132/2265/1
f 2174/2267/1 2133/2266/1 2175/2263/1
f 2174/2267/1 2134/2268/1 2133/2266/1
f 2174/2267/1 2135/2269/1 2134/2268/1
f 2173/2270/1 2135/2269/1 2174/2267/1
f 2173/2270/1 2136/2271/1 2135/2269/1
f 2173/2270/1 2137/2272/1 2136/2271/1
f 2172/2273/1 2137/2272/1 2173/2270/1
f 2172/2273/1 2138/2274/1 2137/2272/1
f 2172/2273/1 2139/2275/1 2138/2274/1
f 2171/2276/1 2139/2275/1 2172/2273/1
f 2171/2276/1 2140/2277/1 2139/2275/1
f 2171/2276/1 2141/2278/1 2140/2277/1
f 2170/2279/1 2141/2278/1 2171/2276/1
f 2170/2279/1 2142/2280/1 2141/2278/1
f 2170/2279/1 2143/2281/1 2142/2280/1
f 2169/2282/1 2143/2281/1 2170/2279/1
f 2169/2282/1 2144/2283/1 2143/2281/1
f 2169/2282/1 2145/2284/1 2144/2283/1
f 2168/2285/1 2145/2284/1 2169/2282/1
f 2168/2285/1 2146/2286/1 2145/2284/1
f 2168/2285/1 2147/2287/1 2146/2286/1
f 2167/2288/1 2147/2287/1 2168/2285/1
f 2167/2288/1 2148/2289/1 2147/2287/1
f 2167/2288/1 2149/2290/1 2148/2289/1
f 2166/2291/1 2149/2290/1 2167/2288/1
f 2166/2291/1 2150/2292/1 2149/2290/1
f 2166/2291/1 2151/2293/1 2150/2292/1
f 2165/2294/1 2151/2293/1 2166/2291/1
f 2165/2294/1 2152/2295/1 2151/2293/1
f 2164/2296/1 2152/2295/1 2165/2294/1
f 2164/2296/1 2153/2297/1 2152/2295/1
f 2164/2296/1 2154/2298/1 2153/2297/1
f 2163/2299/1 2154/2298/1 2164/2296/1
f 2163/2299/1 2155/2300/1 2154/2298/1
f 2163/2299/1 2156/2301/1 2155/2300/1
f 2162/2302/1 2156/2301/1 2163/2299/1
f 2162/2302/1 2157/2303/1 2156/2301/1
f 2161/2304/1 2157/2303/1 2162/2302/1
f 2161/2304/1 2158/2305/1 2157/2303/1
f 2161/2304/1 2159/2306/1 2158/2305/1
f 2160/2307/1 2159/2306/1 2161/2304/1
f 2738/1/5 2739/3/5 2740/2/5
f 2738/1/5 2740/2/5 2741/4/5
f 2738/1/5 2741/4/5 2742/5/5
f 2737/6/5 2738/1/5 2742/5/5
f 2737/6/5 2742/5/5 2743/7/5
f 2737/6/5 2743/7/5 2744/8/5
f 2737/6/5 2744/8/5 2745/9/5
f 2736/10/5 2737/6/5 2745/9/5
f 2736/10/5 2745/9/5 2746/11/5
f 2736/10/5 2746/11/5 2747/12/5
f 2736/10/5 2747/12/5 2748/13/5
f 2735/14/5 2736/10/5 2748/13/5
f 2735/14/5 2748/13/5 2749/15/5
f 2735/14/5 2749/15/5 2750/16/5
f 2734/17/5 2735/14/5 2750/16/5
f 2734/17/5 2750/16/5 2751/18/5
f 2734/17/5 2751/18/5 2752/19/5
f 2734/17/5 2752/19/5 2753/20/5
f 2733/21/5 2734/17/5 2753/20/5
f 2733/21/5 2753/20/5 2754/22/5
f 2733/21/5 2754/22/5 2755/23/5
f 2733/21/5 2755/23/5 2756/24/5
f 2732/25/5 2733/21/5 2756/24/5
f 2732/25/5 2756/24/5 2757/26/5
f 2732/25/5 2757/26/5 2758/27/5
f 2732/25/5 2758/27/5 2759/28/5
f 2731/29/5 2732/25/5 2759/28/5
f 2731/29/5 2759/28/5 2760/30/5
f 2731/29/5 2760/30/5 2761/31/5
f 2731/29/5 2761/31/5 2762/32/5
f 2731/29/5 2762/32/5 2763/33/5
f 2730/34/5 2731/29/5 2763/33/5
f 2730/34/5 2763/33/5 2764/35/5
f 2730/34/5 2764/35/5 2765/36/5
f 2730/34/5 2765/36/5 2766/37/5
f 2729/38/5 2730/34/5 2766/37/5
f 2729/38/5 2766/37/5 2767/39/5
f 2729/38/5 2767/39/5 2768/40/5
f 2729/38/5 2768/40/5 2769/41/5
f 2729/38/5 2769/41/5 2770/42/5
f 2728/43/5 2729/38/5 2770/42/5
f 2728/43/5 2770/42/5 2771/44/5
f 2728/43/5 2771/44/5 2772/45/5
f 2728/43/5 2772/45/5 2773/46/5
f 2727/47/5 2728/43/5 2773/46/5
f 2727/47/5 2773/46/5 2774/48/5
f 2727/47/5 2774/48/5 2775/49/5
f 2727/47/5 2775/49/5 2776/50/5
f 2726/51/5 2727/47/5 2776/50/5
f 2726/51/5 2776/50/5 2777/52/5
f 2726/51/5 2777/52/5 2778/53/5
f 2726/51/5 2778/53/5 2779/54/5
f 2641/55/5 2642/57/5 2643/56/5
f 2640/58/5 2641/55/5 2643/56/5
f 2640/58/5 2643/56/5 2644/59/5
f 2639/60/5 2640/58/5 2644/59/5
f 2639/60/5 2644/59/5 2645/61/5
f 2638/62/5 2639/60/5 2645/61/5
f 2638/62/5 2645/61/5 2646/63/5
f 2637/64/5 2638/62/5 2646/63/5
f 2637/64/5 2646/63/5 2647/65/5
f 2636/66/5 2637/64/5 2647/65/5
f 2636/66/5 2647/65/5 2648/67/5
f 2726/51/5 2779/54/5 2780/68/5
f 2725/69/5 2726/51/5 2780/68/5
f 2635/70/5 2636/66/5 2648/67/5
f 2635/70/5 2648/67/5 2649/71/5
f 2634/72/5 2635/70/5 2649/71/5
f 2634/72/5 2649/71/5 2650/73/5
f 2633/74/5 2634/72/5 2650/73/5
f 2633/74/5 2650/73/5 2651/75/5
f 2725/69/5 2780/68/5 2781/76/5
f 2632/77/5 2633/74/5 2651/75/5
f 2632/77/5 2651/75/5 2652/78/5
f 2631/79/5 2632/77/5 2652/78/5
f 2631/79/5 2652/78/5 2653/80/5
f 2630/81/5 2631/79/5 2653/80/5
f 2630/81/5 2653/80/5 2654/82/5
f 2725/69/5 2781/76/5 2782/83/5
f 2629/84/5 2630/81/5 2654/82/5
f 2629/84/5 2654/82/5 2655/85/5
f 2725/69/5 2782/83/5 2783/86/5
f 2628/87/5 2629/84/5 2655/85/5
f 2628/87/5 2655/85/5 2656/88/5
f 2724/89/5 2725/69/5 2783/86/5
f 2627/90/5 2628/87/5 2656/88/5
f 2627/90/5 2656/88/5 2657/91/5
f 2724/89/5 2783/86/5 2784/92/5
f 2626/93/5 2627/90/5 2657/91/5
f 2626/93/5 2657/91/5 2658/94/5
f 2625/95/5 2626/93/5 2658/94/5
f 2625/95/5 2658/94/5 2659/96/5
f 2724/89/5 2784/92/5 2785/97/5
f 2624/98/5 2625/95/5 2659/96/5
f 2624/98/5 2659/96/5 2660/99/5
f 2724/89/5 2785/97/5 2786/100/5
f 2623/101/5 2624/98/5 2660/99/5
f 2623/101/5 2660/99/5 2661/102/5
f 2622/103/5 2623/101/5 2661/102/5
f 2622/103/5 2661/102/5 2662/104/5
f 2724/89/5 2786/100/5 2316/105/5
f 2723/106/5 2724/89/5 2316/105/5
f 2621/107/5 2622/103/5 2662/104/5
f 2621/107/5 2662/104/5 2663/108/5
f 2723/106/5 2316/105/5 2317/109/5
f 2620/110/5 2621/107/5 2663/108/5
f 2620/110/5 2663/108/5 2664/111/5
f 2723/106/5 2317/109/5 2318/112/5
f 2619/113/5 2620/110/5 2664/111/5
f 2619/113/5 2664/111/5 2665/114/5
f 2618/115/5 2619/113/5 2665/114/5
f 2618/115/5 2665/114/5 2666/116/5
f 2723/106/5 2318/112/5 2319/117/5
f 2722/118/5 2723/106/5 2319/117/5
f 2617/119/5 2618/115/5 2666/116/5
f 2617/119/5 2666/116/5 2667/120/5
f 2616/121/5 2617/119/5 2667/120/5
f 2616/121/5 2667/120/5 2668/122/5
f 2722/118/5 2319/117/5 2320/123/5
f 2615/124/5 2616/121/5 2668/122/5
f 2615/124/5 2668/122/5 2669/125/5
f 2722/118/5 2320/123/5 2321/126/5
f 2614/127/5 2615/124/5 2669/125/5
f 2614/127/5 2669/125/5 2670/128/5
f 2721/129/5 2722/118/5 2321/126/5
f 2613/130/5 2614/127/5 2670/128/5
f 2613/130/5 2670/128/5 2671/131/5
f 2721/129/5 2321/126/5 2322/132/5
f 2612/133/5 2613/130/5 2671/131/5
f 2612/133/5 2671/131/5 2672/134/5
f 2721/129/5 2322/132/5 2323/135/5
f 2611/136/5 2612/133/5 2672/134/5
f 2611/136/5 2672/134/5 2673/137/5
f 2610/138/5 2611/136/5 2673/137/5
f 2610/138/5 2673/137/5 2674/139/5
f 2720/140/5 2721/129/5 2323/135/5
f 2720/140/5 2323/135/5 2324/141/5
f 2609/142/5 2610/138/5 2674/139/5
f 2609/142/5 2674/139/5 2675/143/5
f 2608/144/5 2609/142/5 2675/143/5
f 2608/144/5 2675/143/5 2676/145/5
f 2720/140/5 2324/141/5 2325/146/5
f 2607/147/5 2608/144/5 2676/145/5
f 2607/147/5 2676/145/5 2677/148/5
f 2719/149/5 2720/140/5 2325/146/5
f 2719/149/5 2325/146/5 2326/150/5
f 2606/151/5 2607/147/5 2677/148/5
f 2606/151/5 2677/148/5 2678/152/5
f 2605/153/5 2606/151/5 2678/152/5
f 2605/153/5 2678/152/5 2679/154/5
f 2719/149/5 2326/150/5 2327/155/5
f 2604/156/5 2605/153/5 2679/154/5
f 2604/156/5 2679/154/5 2680/157/5
f 2718/158/5 2719/149/5 2327/155/5
f 2718/158/5 2327/155/5 2328/159/5
f 2603/160/5 2604/156/5 2680/157/5
f 2603/160/5 2680/157/5 2681/161/5
f 2602/162/5 2603/160/5 2681/161/5
f 2602/162/5 2681/161/5 2682/163/5
f 2718/158/5 2328/159/5 2329/164/5
f 2601/165/5 2602/162/5 2682/163/5
f 2601/165/5 2682/163/5 2683/166/5
f 2717/167/5 2718/158/5 2329/164/5
f 2717/167/5 2329/164/5 2330/168/5
f 2600/169/5 2601/165/5 2683/166/5
f 2600/169/5 2683/166/5 2684/170/5
f 2717/167/5 2330/168/5 2331/171/5
f 2599/172/5 2600/169/5 2684/170/5
f 2599/172/5 2684/170/5 2685/173/5
f 2717/167/5 2331/171/5 2332/174/5
f 2716/175/5 2717/167/5 2332/174/5
f 2598/176/5 2599/172/5 2685/173/5
f 2598/176/5 2685/173/5 2686/177/5
f 2716/175/5 2332/174/5 2333/178/5
f 2597/179/5 2598/176/5 2686/177/5
f 2597/179/5 2686/177/5 2687/180/5
f 2716/175/5 2333/178/5 2334/181/5
f 2596/182/5 2597/179/5 2687/180/5
f 2596/182/5 2687/180/5 2688/183/5
f 2715/184/5 2716/175/5 2334/181/5
f 2595/185/5 2596/182/5 2688/183/5
f 2595/185/5 2688/183/5 2689/186/5
f 2715/184/5 2334/181/5 2335/187/5
f 2594/188/5 2595/185/5 2689/186/5
f 2594/188/5 2689/186/5 2690/189/5
f 2715/184/5 2335/187/5 2336/190/5
f 2593/191/5 2594/188/5 2690/189/5
f 2593/191/5 2690/189/5 2691/192/5
f 2714/193/5 2715/184/5 2336/190/5
f 2714/193/5 2336/190/5 2337/194/5
f 2714/193/5 2337/194/5 2338/195/5
f 2713/196/5 2714/193/5 2338/195/5
f 2713/196/5 2338/195/5 2339/197/5
f 2713/196/5 2339/197/5 2340/198/5
f 2712/199/5 2713/196/5 2340/198/5
f 2712/199/5 2340/198/5 2341/200/5
f 2711/201/5 2712/199/5 2341/200/5
f 2711/201/5 2341/200/5 2342/202/5
f 2711/201/5 2342/202/5 2343/203/5
f 2710/204/5 2711/201/5 2343/203/5
f 2710/204/5 2343/203/5 2344/205/5
f 2709/206/5 2710/204/5 2344/205/5
f 2709/206/5 2344/205/5 2345/207/5
f 2709/206/5 2345/207/5 2346/208/5
f 2708/209/5 2709/206/5 2346/208/5
f 2708/209/5 2346/208/5 2347/210/5
f 2707/211/5 2708/209/5 2347/210/5
f 2707/211/5 2347/210/5 2348/212/5
f 2707/211/5 2348/212/5 2349/213/5
f 2706/214/5 2707/211/5 2349/213/5
f 2706/214/5 2349/213/5 2350/215/5
f 2705/216/5 2706/214/5 2350/215/5
f 2705/216/5 2350/215/5 2351/217/5
f 2705/216/5 2351/217/5 2352/218/5
f 2704/219/5 2705/216/5 2352/218/5
f 2704/219/5 2352/218/5 2353/220/5
f 2703/221/5 2704/219/5 2353/220/5
f 2703/221/5 2353/220/5 2354/222/5
f 2703/221/5 2354/222/5 2355/223/5
f 2702/224/5 2703/221/5 2355/223/5
f 2702/224/5 2355/223/5 2356/225/5
f 2701/226/5 2702/224/5 2356/225/5
f 2701/226/5 2356/225/5 2357/227/5
f 2701/226/5 2357/227/5 2358/228/5
f 2700/229/5 2701/226/5 2358/228/5
f 2700/229/5 2358/228/5 2359/230/5
f 2699/231/5 2700/229/5 2359/230/5
f 2699/231/5 2359/230/5 2360/232/5
f 2699/231/5 2360/232/5 2361/233/5
f 2698/234/5 2699/231/5 2361/233/5
f 2698/234/5 2361/233/5 2362/235/5
f 2697/236/5 2698/234/5 2362/235/5
f 2697/236/5 2362/235/5 2363/237/5
f 2697/236/5 2363/237/5 2364/238/5
f 2696/239/5 2697/236/5 2364/238/5
f 2696/239/5 2364/238/5 2365/240/5
f 2695/241/5 2696/239/5 2365/240/5
f 2695/241/5 2365/240/5 2366/242/5
f 2695/241/5 2366/242/5 2367/243/5
f 2694/244/5 2695/241/5 2367/243/5
f 2694/244/5 2367/243/5 2368/245/5
f 2694/244/5 2368/245/5 2369/246/5
f 2693/247/5 2694/244/5 2369/246/5
f 2693/247/5 2369/246/5 2370/248/5
f 2692/249/5 2693/247/5 2370/248/5
f 2692/249/5 2370/248/5 2371/250/5
f 2692/249/5 2371/250/5 2372/251/5
f 2691/192/5 2692/249/5 2372/251/5
f 2691/192/5 2372/251/5 2373/252/5
f 2691/192/5 2373/252/5 2374/253/5
f 2593/191/5 2691/192/5 2476/254/5
f 2476/254/5 2691/192/5 2475/255/5
f 2475/255/5 2691/192/5 2474/256/5
f 2474/256/5 2691/192/5 2473/257/5
f 2473/257/5 2691/192/5 2472/258/5
f 2472/258/5 2691/192/5 2471/259/5
f 2471/259/5 2691/192/5 2470/260/5
f 2470/260/5 2691/192/5 2469/261/5
f 2469/261/5 2691/192/5 2468/262/5
f 2468/262/5 2691/192/5 2467/263/5
f 2467/263/5 2691/192/5 2466/264/5
f 2466/264/5 2691/192/5 2465/265/5
f 2465/265/5 2691/192/5 2464/266/5
f 2464/266/5 2691/192/5 2463/267/5
f 2463/267/5 2691/192/5 2462/268/5
f 2462/268/5 2691/192/5 2461/269/5
f 2461/269/5 2691/192/5 2460/270/5
f 2460/270/5 2691/192/5 2459/271/5
f 2459/271/5 2691/192/5 2458/272/5
f 2458/272/5 2691/192/5 2457/273/5
f 2457/273/5 2691/192/5 2456/274/5
f 2456/274/5 2691/192/5 2455/275/5
f 2455/275/5 2691/192/5 2454/276/5
f 2454/276/5 2691/192/5 2453/277/5
f 2453/277/5 2691/192/5 2452/278/5
f 2452/278/5 2691/192/5 2374/253/5
f 2452/278/5 2374/253/5 2375/279/5
f 2452/278/5 2375/279/5 2451/280/6
f 2451/280/6 2375/279/5 2376/281/5
f 2451/280/6 2376/281/5 2377/282/5
f 2451/280/6 2377/282/5 2378/283/5
f 2451/280/6 2378/283/5 2450/284/5
f 2450/284/5 2378/283/5 2379/285/5
f 2450/284/5 2379/285/5 2380/286/5
f 2450/284/5 2380/286/5 2381/287/5
f 2450/284/5 2381/287/5 2449/288/5
f 2449/288/5 2381/287/5 2382/289/5
f 2449/288/5 2382/289/5 2383/290/5
f 2449/288/5 2383/290/5 2448/291/5
f 2448/291/5 2383/290/5 2384/292/5
f 2448/291/5 2384/292/5 2385/293/5
f 2448/291/5 2385/293/5 2447/294/5
f 2447/294/5 2385/293/5 2386/295/5
f 2446/296/5 2447/294/5 2386/295/5
f 2445/297/5 2446/296/5 2386/295/5
f 2444/298/5 2445/297/5 2386/295/5
f 2443/299/5 2444/298/5 2386/295/5
f 2442/300/5 2443/299/5 2386/295/5
f 2441/301/5 2442/300/5 2386/295/5
f 2440/302/5 2441/301/5 2386/295/5
f 2439/303/5 2440/302/5 2386/295/5
f 2438/304/5 2439/303/5 2386/295/5
f 2438/304/5 2386/295/5 2387/305/5
f 2437/306/5 2438/304/5 2387/305/5
f 2436/307/5 2437/306/5 2387/305/5
f 2435/308/5 2436/307/5 2387/305/5
f 2434/309/5 2435/308/5 2387/305/5
f 2434/309/5 2387/305/5 2388/310/5
f 2433/311/5 2434/309/5 2388/310/5
f 2432/312/5 2433/311/5 2388/310/5
f 2431/313/5 2432/312/5 2388/310/5
f 2430/314/5 2431/313/5 2388/310/5
f 2429/315/5 2430/314/5 2388/310/5
f 2429/315/5 2388/310/5 2389/316/5
f 2428/317/5 2429/315/5 2389/316/5
f 2427/318/5 2428/317/5 2389/316/5
f 2426/319/5 2427/318/5 2389/316/5
f 2426/319/5 2389/316/5 2390/320/5
f 2425/321/5 2426/319/5 2390/320/5
f 2424/322/5 2425/321/5 2390/320/5
f 2423/323/5 2424/322/5 2390/320/5
f 2422/324/5 2423/323/5 2390/320/5
f 2422/324/5 2390/320/5 2391/325/5
f 2421/326/5 2422/324/5 2391/325/5
f 2420/327/5 2421/326/5 2391/325/5
f 2419/328/5 2420/327/5 2391/325/5
f 2419/328/5 2391/325/5 2392/329/5
f 2418/330/5 2419/328/5 2392/329/5
f 2417/331/5 2418/330/5 2392/329/5
f 2416/332/5 2417/331/5 2392/329/5
f 2416/332/5 2392/329/5 2393/333/5
f 2415/334/5 2416/332/5 2393/333/5
f 2414/335/5 2415/334/5 2393/333/5
f 2414/335/5 2393/333/5 2394/336/5
f 2413/337/5 2414/335/5 2394/336/5
f 2412/338/5 2413/337/5 2394/336/5
f 2412/338/5 2394/336/5 2395/339/5
f 2411/340/5 2412/338/5 2395/339/5
f 2410/341/5 2411/340/5 2395/339/5
f 2409/342/5 2410/341/5 2395/339/5
f 2409/342/5 2395/339/5 2396/343/5
f 2408/344/5 2409/342/5 2396/343/5
f 2407/345/5 2408/344/5 2396/343/5
f 2407/345/5 2396/343/5 2397/346/5
f 2406/347/5 2407/345/5 2397/346/5
f 2406/347/5 2397/346/5 2398/348/5
f 2405/349/5 2406/347/5 2398/348/5
f 2404/350/5 2405/349/5 2398/348/5
f 2404/350/5 2398/348/5 2399/351/5
f 2403/352/5 2404/350/5 2399/351/5
f 2402/353/5 2403/352/5 2399/351/5
f 2402/353/5 2399/351/5 2400/354/5
f 2401/355/5 2402/353/5 2400/354/5
f 2593/191/5 2476/254/5 2477/356/5
f 2593/191/5 2477/356/5 2478/357/5
f 2593/191/5 2478/357/5 2479/358/5
f 2593/191/5 2479/358/5 2480/359/5
f 2593/191/5 2480/359/5 2481/360/5
f 2593/191/5 2481/360/5 2482/361/5
f 2593/191/5 2482/361/5 2483/362/5
f 2593/191/5 2483/362/5 2484/363/5
f 2593/191/5 2484/363/5 2485/364/5
f 2593/191/5 2485/364/5 2486/365/5
f 2593/191/5 2486/365/5 2487/366/5
f 2593/191/5 2487/366/5 2488/367/5
f 2593/191/5 2488/367/5 2489/368/5
f 2593/191/5 2489/368/5 2490/369/5
f 2593/191/5 2490/369/5 2491/370/5
f 2593/191/5 2491/370/5 2492/371/5
f 2593/191/5 2492/371/5 2493/372/5
f 2593/191/5 2493/372/5 2494/373/5
f 2593/191/5 2494/373/5 2495/374/5
f 2593/191/5 2495/374/5 2496/375/5
f 2593/191/5 2496/375/5 2497/376/5
f 2592/377/5 2593/191/5 2497/376/5
f 2592/377/5 2497/376/5 2498/378/5
f 2591/379/5 2592/377/5 2498/378/5
f 2591/379/5 2498/378/5 2499/380/5
f 2590/381/5 2591/379/5 2499/380/5
f 2590/381/5 2499/380/5 2500/382/5
f 2589/383/5 2590/381/5 2500/382/5
f 2589/383/5 2500/382/5 2501/384/5
f 2588/385/5 2589/383/5 2501/384/5
f 2588/385/5 2501/384/5 2502/386/5
f 2587/387/5 2588/385/5 2502/386/5
f 2587/387/5 2502/386/5 2503/388/5
f 2586/389/5 2587/387/5 2503/388/5
f 2586/389/5 2503/388/5 2504/390/5
f 2585/391/5 2586/389/5 2504/390/5
f 2585/391/5 2504/390/5 2505/392/5
f 2584/393/5 2585/391/5 2505/392/5
f 2584/393/5 2505/392/5 2506/394/5
f 2583/395/5 2584/393/5 2506/394/5
f 2583/395/5 2506/394/5 2507/396/5
f 2582/397/5 2583/395/5 2507/396/5
f 2582/397/5 2507/396/5 2508/398/5
f 2581/399/5 2582/397/5 2508/398/5
f 2581/399/5 2508/398/5 2509/400/5
f 2580/401/5 2581/399/5 2509/400/5
f 2580/401/5 2509/400/5 2510/402/5
f 2579/403/5 2580/401/5 2510/402/5
f 2579/403/5 2510/402/5 2511/404/5
f 2578/405/5 2579/403/5 2511/404/5
f 2578/405/5 2511/404/5 2512/406/5
f 2577/407/5 2578/405/5 2512/406/5
f 2577/407/5 2512/406/5 2513/408/5
f 2576/409/5 2577/407/5 2513/408/5
f 2576/409/5 2513/408/5 2514/410/5
f 2575/411/5 2576/409/5 2514/410/5
f 2575/411/5 2514/410/5 2515/412/5
f 2574/413/5 2575/411/5 2515/412/5
f 2574/413/5 2515/412/5 2516/414/5
f 2573/415/5 2574/413/5 2516/414/5
f 2573/415/5 2516/414/5 2517/416/5
f 2572/417/5 2573/415/5 2517/416/5
f 2572/417/5 2517/416/5 2518/418/5
f 2571/419/5 2572/417/5 2518/418/5
f 2571/419/5 2518/418/5 2519/420/5
f 2570/421/5 2571/419/5 2519/420/5
f 2570/421/5 2519/420/5 2520/422/5
f 2569/423/5 2570/421/5 2520/422/5
f 2569/423/5 2520/422/5 2521/424/5
f 2568/425/5 2569/423/5 2521/424/5
f 2568/425/5 2521/424/5 2522/426/5
f 2567/427/5 2568/425/5 2522/426/5
f 2567/427/5 2522/426/5 2523/428/5
f 2566/429/5 2567/427/5 2523/428/5
f 2566/429/5 2523/428/5 2524/430/5
f 2565/431/5 2566/429/5 2524/430/5
f 2565/431/5 2524/430/5 2525/432/5
f 2564/433/5 2565/431/5 2525/432/5
f 2564/433/5 2525/432/5 2526/434/5
f 2563/435/5 2564/433/5 2526/434/5
f 2563/435/5 2526/434/5 2527/436/5
f 2562/437/5 2563/435/5 2527/436/5
f 2562/437/5 2527/436/5 2528/438/5
f 2561/439/5 2562/437/5 2528/438/5
f 2561/439/5 2528/438/5 2529/440/5
f 2560/441/5 2561/439/5 2529/440/5
f 2560/441/5 2529/440/5 2530/442/5
f 2559/443/5 2560/441/5 2530/442/5
f 2559/443/5 2530/442/5 2531/444/5
f 2558/445/5 2559/443/5 2531/444/5
f 2558/445/5 2531/444/5 2532/446/5
f 2557/447/5 2558/445/5 2532/446/5
f 2557/447/5 2532/446/5 2533/448/5
f 2556/449/5 2557/447/5 2533/448/5
f 2556/449/5 2533/448/5 2534/450/5
f 2555/451/5 2556/449/5 2534/450/5
f 2555/451/5 2534/450/5 2535/452/5
f 2554/453/5 2555/451/5 2535/452/5
f 2554/453/5 2535/452/5 2536/454/5
f 2553/455/5 2554/453/5 2536/454/5
f 2553/455/5 2536/454/5 2537/456/5
f 2552/457/5 2553/455/5 2537/456/5
f 2552/457/5 2537/456/5 2538/458/5
f 2551/459/5 2552/457/5 2538/458/5
f 2551/459/5 2538/458/5 2539/460/5
f 2550/461/5 2551/459/5 2539/460/5
f 2550/461/5 2539/460/5 2540/462/5
f 2549/463/5 2550/461/5 2540/462/5
f 2549/463/5 2540/462/5 2541/464/5
f 2548/465/5 2549/463/5 2541/464/5
f 2548/465/5 2541/464/5 2542/466/5
f 2547/467/5 2548/465/5 2542/466/5
f 2547/467/5 2542/466/5 2543/468/5
f 2546/469/5 2547/467/5 2543/468/5
f 2546/469/5 2543/468/5 2544/470/5
f 2545/471/5 2546/469/5 2544/470/5
f 3028/472/5 3029/474/5 3030/473/5
f 3027/475/5 3028/472/5 3030/473/5
f 3027/475/5 3030/473/5 3031/476/5
f 3026/477/5 3027/475/5 3031/476/5
f 3026/477/5 3031/476/5 3032/478/5
f 3025/479/5 3026/477/5 3032/478/5
f 3025/479/5 3032/478/5 3033/480/5
f 3024/481/5 3025/479/5 3033/480/5
f 3024/481/5 3033/480/5 3034/482/5
f 3023/483/5 3024/481/5 3034/482/5
f 3023/483/5 3034/482/5 3035/484/5
f 3022/485/5 3023/483/5 3035/484/5
f 3022/485/5 3035/484/5 3036/486/5
f 3021/487/5 3022/485/5 3036/486/5
f 3021/487/5 3036/486/5 3037/488/5
f 3020/489/5 3021/487/5 3037/488/5
f 3020/489/5 3037/488/5 3038/490/5
f 3077/491/5 3078/493/5 3079/492/5
f 3077/491/5 3079/492/5 3080/494/5
f 3076/495/5 3077/491/5 3080/494/5
f 3076/495/5 3080/494/5 3081/496/5
f 3076/495/5 3081/496/5 3082/497/5
f 3075/498/5 3076/495/5 3082/497/5
f 3075/498/5 3082/497/5 3083/499/5
f 3075/498/5 3083/499/5 3084/500/5
f 3074/501/5 3075/498/5 3084/500/5
f 3074/501/5 3084/500/5 3085/502/5
f 3019/503/5 3020/489/5 3038/490/5
f 3074/501/5 3085/502/5 3086/504/5
f 3073/505/5 3074/501/5 3086/504/5
f 3073/505/5 3086/504/5 3087/506/5
f 3073/505/5 3087/506/5 3088/507/5
f 3072/508/5 3073/505/5 3088/507/5
f 3072/508/5 3088/507/5 3089/509/5
f 3072/508/5 3089/509/5 3090/510/5
f 3071/511/5 3072/508/5 3090/510/5
f 3019/503/5 3038/490/5 3039/512/5
f 3071/511/5 3090/510/5 3091/513/5
f 3071/511/5 3091/513/5 3092/514/5
f 3070/515/5 3071/511/5 3092/514/5
f 3070/515/5 3092/514/5 3093/516/5
f 3070/515/5 3093/516/5 3094/517/5
f 3069/518/5 3070/515/5 3094/517/5
f 3069/518/5 3094/517/5 3095/519/5
f 3018/520/5 3019/503/5 3039/512/5
f 3069/518/5 3095/519/5 3096/521/5
f 3068/522/5 3069/518/5 3096/521/5
f 3068/522/5 3096/521/5 3097/523/5
f 3068/522/5 3097/523/5 3098/524/5
f 3067/525/5 3068/522/5 3098/524/5
f 3067/525/5 3098/524/5 3099/526/5
f 3018/520/5 3039/512/5 3040/527/5
f 3067/525/5 3099/526/5 3100/528/5
f 3066/529/5 3067/525/5 3100/528/5
f 3066/529/5 3100/528/5 3101/530/5
f 3066/529/5 3101/530/5 3102/531/5
f 3065/532/5 3066/529/5 3102/531/5
f 3017/533/5 3018/520/5 3040/527/5
f 3065/532/5 3102/531/5 3103/534/5
f 3065/532/5 3103/534/5 3104/535/5
f 3064/536/5 3065/532/5 3104/535/5
f 3064/536/5 3104/535/5 3105/537/5
f 3064/536/5 3105/537/5 3106/538/5
f 3017/533/5 3040/527/5 3041/539/5
f 3063/540/5 3064/536/5 3106/538/5
f 3063/540/5 3106/538/5 3107/541/5
f 3063/540/5 3107/541/5 3108/542/5
f 3062/543/5 3063/540/5 3108/542/5
f 3016/544/5 3017/533/5 3041/539/5
f 3062/543/5 3108/542/5 3109/545/5
f 3062/543/5 3109/545/5 3110/546/5
f 3061/547/5 3062/543/5 3110/546/5
f 3061/547/5 3110/546/5 3111/548/5
f 3016/544/5 3041/539/5 3042/549/5
f 3061/547/5 3111/548/5 3112/550/5
f 3060/551/5 3061/547/5 3112/550/5
f 3060/551/5 3112/550/5 3113/552/5
f 3015/553/5 3016/544/5 3042/549/5
f 3060/551/5 3113/552/5 3114/554/5
f 3059/555/5 3060/551/5 3114/554/5
f 3059/555/5 3114/554/5 3115/556/5
f 3059/555/5 3115/556/5 3116/557/5
f 3015/553/5 3042/549/5 3043/558/5
f 3058/559/5 3059/555/5 3116/557/5
f 3058/559/5 3116/557/5 3117/560/5
f 3058/559/5 3117/560/5 3118/561/5
f 3014/562/5 3015/553/5 3043/558/5
f 3057/563/5 3058/559/5 3118/561/5
f 3057/563/5 3118/561/5 3119/564/5
f 3057/563/5 3119/564/5 3120/565/5
f 3056/566/5 3057/563/5 3120/565/5
f 3056/566/5 3120/565/5 3121/567/5
f 3014/562/5 3043/558/5 3044/568/5
f 3056/566/5 3121/567/5 3122/569/5
f 3013/570/5 3014/562/5 3044/568/5
f 3055/571/5 3056/566/5 3122/569/5
f 3055/571/5 3122/569/5 3123/572/5
f 3055/571/5 3123/572/5 3124/573/5
f 3054/574/5 3055/571/5 3124/573/5
f 3054/574/5 3124/573/5 3125/575/5
f 3013/570/5 3044/568/5 3045/576/5
f 3054/574/5 3125/575/5 2787/105/5
f 3012/577/5 3013/570/5 3045/576/5
f 3053/578/5 3054/574/5 2787/105/5
f 3053/578/5 2787/105/5 2788/579/5
f 3012/577/5 3045/576/5 3046/580/5
f 3011/581/5 3012/577/5 3046/580/5
f 3010/582/5 3011/581/5 3046/580/5
f 3010/582/5 3046/580/5 3047/583/5
f 3009/584/5 3010/582/5 3047/583/5
f 3009/584/5 3047/583/5 3048/585/5
f 3008/586/5 3009/584/5 3048/585/5
f 3008/586/5 3048/585/5 3049/587/5
f 3007/588/5 3008/586/5 3049/587/5
f 3007/588/5 3049/587/5 3050/589/5
f 3006/590/5 3007/588/5 3050/589/5
f 3006/590/5 3050/589/5 3051/591/5
f 3005/592/5 3006/590/5 3051/591/5
f 3005/592/5 3051/591/5 3052/593/5
f 3004/594/5 3005/592/5 3052/593/5
f 3004/594/5 3052/593/5 3053/578/5
f 3003/595/5 3004/594/5 3053/578/5
f 3002/596/5 3003/595/5 3053/578/5
f 3002/596/5 3053/578/5 3146/597/5
f 3146/597/5 3053/578/5 3145/598/5
f 3145/598/5 3053/578/5 3144/599/5
f 3144/599/5 3053/578/5 3143/600/5
f 3143/600/5 3053/578/5 3142/601/5
f 3142/601/5 3053/578/5 3141/602/5
f 3141/602/5 3053/578/5 3140/603/5
f 3140/603/5 3053/578/5 3139/604/5
f 3139/604/5 3053/578/5 3138/605/5
f 3138/605/5 3053/578/5 3137/606/5
f 3137/606/5 3053/578/5 3136/607/5
f 3136/607/5 3053/578/5 3135/608/5
f 3135/608/5 3053/578/5 3134/609/5
f 3134/609/5 3053/578/5 3133/610/5
f 3133/610/5 3053/578/5 3132/611/5
f 3132/611/5 3053/578/5 3131/612/5
f 3131/612/5 3053/578/5 3130/613/5
f 3130/613/5 3053/578/5 3129/614/5
f 3129/614/5 3053/578/5 3128/615/5
f 3128/615/5 3053/578/5 3127/616/5
f 3127/616/5 3053/578/5 2788/579/5
f 3001/617/5 3002/596/5 3147/618/5
f 3147/618/5 3002/596/5 3146/597/5
f 3000/619/5 3001/617/5 3148/620/5
f 3148/620/5 3001/617/5 3147/618/5
f 2999/621/5 3000/619/5 3148/620/5
f 2998/622/5 2999/621/5 3149/623/5
f 3149/623/5 2999/621/5 3148/620/5
f 2997/624/5 2998/622/5 3150/625/5
f 3150/625/5 2998/622/5 3149/623/5
f 2996/626/5 2997/624/5 3150/625/5
f 2995/627/5 2996/626/5 3151/628/5
f 3151/628/5 2996/626/5 3150/625/5
f 2995/627/5 3151/628/5 3152/629/5
f 2995/627/5 3152/629/5 3153/630/5
f 2995/627/5 3153/630/5 3154/631/5
f 2994/632/5 2995/627/5 3154/631/5
f 2994/632/5 3154/631/5 3155/633/5
f 2994/632/5 3155/633/5 3156/634/5
f 2994/632/5 3156/634/5 3157/635/5
f 2994/632/5 3157/635/5 3158/636/5
f 2994/632/5 3158/636/5 3159/637/5
f 2994/632/5 3159/637/5 3160/638/5
f 2994/632/5 3160/638/5 3161/639/5
f 2993/640/5 2994/632/5 3161/639/5
f 2993/640/5 3161/639/5 3162/641/5
f 2993/640/5 3162/641/5 3163/642/5
f 2993/640/5 3163/642/5 3164/643/5
f 2993/640/5 3164/643/5 3165/644/5
f 2992/645/5 2993/640/5 3165/644/5
f 2992/645/5 3165/644/5 3166/646/5
f 2992/645/5 3166/646/5 3167/647/5
f 2992/645/5 3167/647/5 3168/648/5
f 2991/649/5 2992/645/5 3168/648/5
f 2991/649/5 3168/648/5 3169/650/5
f 2991/649/5 3169/650/5 3170/651/5
f 2990/652/5 2991/649/5 3170/651/5
f 2990/652/5 3170/651/5 3171/653/5
f 2990/652/5 3171/653/5 3172/654/5
f 2990/652/5 3172/654/5 3173/655/5
f 2989/656/5 2990/652/5 3173/655/5
f 2989/656/5 3173/655/5 3174/657/5
f 2989/656/5 3174/657/5 3175/658/5
f 2988/659/5 2989/656/5 3175/658/5
f 2988/659/5 3175/658/5 3176/660/5
f 2988/659/5 3176/660/5 3177/661/5
f 2987/662/5 2988/659/5 3177/661/5
f 2987/662/5 3177/661/5 3178/663/5
f 2987/662/5 3178/663/5 3179/664/5
f 2986/665/5 2987/662/5 3179/664/5
f 2986/665/5 3179/664/5 3180/666/5
f 2986/665/5 3180/666/5 3181/667/5
f 2985/668/5 2986/665/5 3181/667/5
f 2985/668/5 3181/667/5 3182/669/5
f 3126/670/5 3127/616/5 2788/579/5
f 2985/668/5 3182/669/5 3183/671/5
f 2984/672/5 2985/668/5 3183/671/5
f 2984/672/5 3183/671/5 3184/673/5
f 2983/674/5 2984/672/5 3184/673/5
f 2983/674/5 3184/673/5 3185/675/5
f 2983/674/5 3185/675/5 3186/676/5
f 2982/677/5 2983/674/5 3186/676/5
f 2982/677/5 3186/676/5 3187/678/5
f 2982/677/5 3187/678/5 3188/679/5
f 2981/680/5 2982/677/5 3188/679/5
f 2981/680/5 3188/679/5 3189/681/5
f 2981/680/5 3189/681/5 3190/682/5
f 2980/683/5 2981/680/5 3190/682/5
f 2980/683/5 3190/682/5 3191/684/5
f 2979/685/5 2980/683/5 3191/684/5
f 2979/685/5 3191/684/5 3192/686/5
f 2979/685/5 3192/686/5 3193/687/5
f 2978/688/5 2979/685/5 3193/687/5
f 2978/688/5 3193/687/5 3194/689/5
f 2977/690/5 2978/688/5 3194/689/5
f 2977/690/5 3194/689/5 3195/691/5
f 2977/690/5 3195/691/5 3196/692/5
f 2976/693/5 2977/690/5 3196/692/5
f 2976/693/5 3196/692/5 3197/694/5
f 2976/693/5 3197/694/5 3198/695/5
f 2975/696/5 2976/693/5 3198/695/5
f 2975/696/5 3198/695/5 3199/697/5
f 2974/698/5 2975/696/5 3199/697/5
f 2974/698/5 3199/697/5 3200/699/5
f 3318/100/5 3126/670/5 2788/579/5
f 2974/698/5 3200/699/5 3201/700/5
f 2973/701/5 2974/698/5 3201/700/5
f 3317/702/5 3318/100/5 2788/579/5
f 2973/701/5 3201/700/5 3202/703/5
f 2972/704/5 2973/701/5 3202/703/5
f 2972/704/5 3202/703/5 3203/705/5
f 3316/706/5 3317/702/5 2788/579/5
f 2972/704/5 3203/705/5 3204/707/5
f 2971/708/5 2972/704/5 3204/707/5
f 3315/709/5 3316/706/5 2788/579/5
f 2971/708/5 3204/707/5 3205/710/5
f 2970/711/5 2971/708/5 3205/710/5
f 3314/712/5 3315/709/5 2788/579/5
f 2970/711/5 3205/710/5 3206/713/5
f 2970/711/5 3206/713/5 3207/714/5
f 3313/715/5 3314/712/5 2788/579/5
f 2969/716/5 2970/711/5 3207/714/5
f 2969/716/5 3207/714/5 3208/717/5
f 3312/718/5 3313/715/5 2788/579/5
f 2969/716/5 3208/717/5 3209/719/5
f 2968/720/5 2969/716/5 3209/719/5
f 2968/720/5 3209/719/5 3210/721/5
f 3311/722/5 3312/718/5 2788/579/5
f 2967/723/5 2968/720/5 3210/721/5
f 2967/723/5 3210/721/5 3211/724/5
f 3310/725/5 3311/722/5 2788/579/5
f 2967/723/5 3211/724/5 3212/726/5
f 2966/727/5 2967/723/5 3212/726/5
f 3309/728/5 3310/725/5 2788/579/5
f 2966/727/5 3212/726/5 3213/729/5
f 2965/730/5 2966/727/5 3213/729/5
f 3308/731/5 3309/728/5 2788/579/5
f 2965/730/5 3213/729/5 3214/732/5
f 2965/730/5 3214/732/5 3215/733/5
f 2964/734/5 2965/730/5 3215/733/5
f 3307/735/5 3308/731/5 2788/579/5
f 2964/734/5 3215/733/5 3216/736/5
f 3306/737/5 3307/735/5 2788/579/5
f 2963/738/5 2964/734/5 3216/736/5
f 2963/738/5 3216/736/5 3217/739/5
f 3305/740/5 3306/737/5 2788/579/5
f 2963/738/5 3217/739/5 3218/741/5
f 2962/742/5 2963/738/5 3218/741/5
f 2962/742/5 3218/741/5 3219/743/5
f 3304/744/5 3305/740/5 2788/579/5
f 2961/745/5 2962/742/5 3219/743/5
f 2961/745/5 3219/743/5 3220/746/5
f 3303/747/5 3304/744/5 2788/579/5
f 2961/745/5 3220/746/5 3221/748/5
f 2960/749/5 2961/745/5 3221/748/5
f 3302/750/5 3303/747/5 2788/579/5
f 2960/749/5 3221/748/5 3222/751/5
f 2959/752/5 2960/749/5 3222/751/5
f 2959/752/5 3222/751/5 3223/753/5
f 3301/754/5 3302/750/5 2788/579/5
f 2959/752/5 3223/753/5 3224/755/5
f 2958/756/5 2959/752/5 3224/755/5
f 3300/757/5 3301/754/5 2788/579/5
f 2958/756/5 3224/755/5 3225/758/5
f 2958/756/5 3225/758/5 3226/759/5
f 3299/760/5 3300/757/5 2788/579/5
f 2957/761/5 2958/756/5 3226/759/5
f 2957/761/5 3226/759/5 3227/762/5
f 2957/761/5 3227/762/5 3228/763/5
f 3298/764/5 3299/760/5 2788/579/5
f 2956/765/5 2957/761/5 3228/763/5
f 2956/765/5 3228/763/5 3229/766/5
f 3297/767/5 3298/764/5 2788/579/5
f 2956/765/5 3229/766/5 3230/768/5
f 2956/765/5 3230/768/5 3231/769/5
f 2955/770/5 2956/765/5 3231/769/5
f 3296/771/5 3297/767/5 2788/579/5
f 2955/770/5 3231/769/5 3232/772/5
f 2955/770/5 3232/772/5 3233/773/5
f 3295/774/5 3296/771/5 2788/579/5
f 2954/775/5 2955/770/5 3233/773/5
f 2954/775/5 3233/773/5 3234/776/5
f 2954/775/5 3234/776/5 3235/777/5
f 3294/778/5 3295/774/5 2788/579/5
f 2954/775/5 3235/777/5 3236/779/5
f 2953/780/5 2954/775/5 3236/779/5
f 3293/781/5 3294/778/5 2788/579/5
f 2953/780/5 3236/779/5 3237/782/5
f 2953/780/5 3237/782/5 3238/783/5
f 3292/784/5 3293/781/5 2788/579/5
f 2952/785/5 2953/780/5 3238/783/5
f 2952/785/5 3238/783/5 3239/786/5
f 3291/787/5 3292/784/5 2788/579/5
f 2952/785/5 3239/786/5 3240/788/5
f 2952/785/5 3240/788/5 3241/789/5
f 2951/790/5 2952/785/5 3241/789/5
f 3290/791/5 3291/787/5 2861/792/5
f 2861/792/5 3291/787/5 2788/579/5
f 2951/790/5 3241/789/5 3242/793/5
f 2951/790/5 3242/793/5 3243/794/5
f 3289/795/5 3290/791/5 2861/792/5
f 2950/796/5 2951/790/5 3243/794/5
f 2950/796/5 3243/794/5 3244/797/5
f 3288/798/5 3289/795/5 2861/792/5
f 2950/796/5 3244/797/5 3245/799/5
f 2950/796/5 3245/799/5 3246/800/5
f 3287/801/5 3288/798/5 2861/792/5
f 2949/802/5 2950/796/5 3246/800/5
f 2949/802/5 3246/800/5 3247/803/5
f 3286/804/5 3287/801/5 2861/792/5
f 2949/802/5 3247/803/5 3248/805/5
f 2949/802/5 3248/805/5 3249/806/5
f 3285/807/5 3286/804/5 2861/792/5
f 2948/808/5 2949/802/5 3249/806/5
f 2948/808/5 3249/806/5 3250/809/5
f 2948/808/5 3250/809/5 3251/810/5
f 3284/811/5 3285/807/5 2861/792/5
f 2948/808/5 3251/810/5 3252/812/5
f 3283/813/5 3284/811/5 2861/792/5
f 2948/808/5 3252/812/5 3253/814/5
f 2947/815/5 2948/808/5 3253/814/5
f 2947/815/5 3253/814/5 3254/816/5
f 3282/817/5 3283/813/5 2861/792/5
f 2947/815/5 3254/816/5 3255/818/5
f 3281/819/5 3282/817/5 2861/792/5
f 2947/815/5 3255/818/5 3256/820/5
f 2946/821/5 2947/815/5 3256/820/5
f 2946/821/5 3256/820/5 3257/822/5
f 3280/823/5 3281/819/5 2861/792/5
f 2946/821/5 3257/822/5 3258/824/5
f 3279/825/5 3280/823/5 2861/792/5
f 2946/821/5 3258/824/5 3259/826/5
f 2946/821/5 3259/826/5 3260/827/5
f 3278/828/5 3279/825/5 2861/792/5
f 2946/821/5 3260/827/5 3261/829/5
f 2945/830/5 2946/821/5 3261/829/5
f 3277/831/5 3278/828/5 2861/792/5
f 2945/830/5 3261/829/5 3262/832/5
f 2945/830/5 3262/832/5 3263/833/5
f 3276/834/5 3277/831/5 2861/792/5
f 2945/830/5 3263/833/5 3264/835/5
f 3275/836/5 3276/834/5 2861/792/5
f 2945/830/5 3264/835/5 3265/837/5
f 2945/830/5 3265/837/5 3266/838/5
f 3274/839/5 3275/836/5 2861/792/5
f 2945/830/5 3266/838/5 3267/840/5
f 3273/841/5 3274/839/5 2861/792/5
f 2945/830/5 3267/840/5 3268/842/5
f 2945/830/5 3268/842/5 3269/843/5
f 3272/844/5 3273/841/5 2861/792/5
f 2945/830/5 3269/843/5 3270/845/5
f 3271/846/5 3272/844/5 2861/792/5
f 2945/830/5 3270/845/5 3271/846/5
f 2945/830/5 3271/846/5 2861/792/5
f 2944/847/5 2945/830/5 2861/792/5
f 2943/848/5 2944/847/5 2861/792/5
f 2943/848/5 2861/792/5 2862/849/5
f 2860/850/5 2861/792/5 2788/579/5
f 2943/848/5 2862/849/5 2863/851/5
f 2942/852/5 2943/848/5 2863/851/5
f 2942/852/5 2863/851/5 2864/853/5
f 2942/852/5 2864/853/5 2865/854/5
f 2941/855/5 2942/852/5 2865/854/5
f 2941/855/5 2865/854/5 2866/856/5
f 2940/857/5 2941/855/5 2866/856/5
f 2940/857/5 2866/856/5 2867/858/5
f 2940/857/5 2867/858/5 2868/859/5
f 2939/860/5 2940/857/5 2868/859/5
f 2939/860/5 2868/859/5 2869/861/5
f 2939/860/5 2869/861/5 2870/862/5
f 2938/863/5 2939/860/5 2870/862/5
f 2938/863/5 2870/862/5 2871/864/5
f 2937/865/5 2938/863/5 2871/864/5
f 2937/865/5 2871/864/5 2872/866/5
f 2937/865/5 2872/866/5 2873/867/5
f 2936/868/5 2937/865/5 2873/867/5
f 2936/868/5 2873/867/5 2874/869/5
f 2935/870/5 2936/868/5 2874/869/5
f 2935/870/5 2874/869/5 2875/871/5
f 2935/870/5 2875/871/5 2876/872/5
f 2934/873/5 2935/870/5 2876/872/5
f 2934/873/5 2876/872/5 2877/874/5
f 2933/875/5 2934/873/5 2877/874/5
f 2933/875/5 2877/874/5 2878/876/5
f 2932/877/5 2933/875/5 2878/876/5
f 2932/877/5 2878/876/5 2879/878/5
f 2932/877/5 2879/878/5 2880/879/5
f 2931/880/5 2932/877/5 2880/879/5
f 2931/880/5 2880/879/5 2881/881/5
f 2930/882/5 2931/880/5 2881/881/5
f 2930/882/5 2881/881/5 2882/883/5
f 2930/882/5 2882/883/5 2883/884/5
f 2929/885/5 2930/882/5 2883/884/5
f 2929/885/5 2883/884/5 2884/886/5
f 2928/887/5 2929/885/5 2884/886/5
f 2928/887/5 2884/886/5 2885/888/5
f 2927/889/5 2928/887/5 2885/888/5
f 2927/889/5 2885/888/5 2886/890/5
f 2927/889/5 2886/890/5 2887/891/5
f 2926/892/5 2927/889/5 2887/891/5
f 2926/892/5 2887/891/5 2888/893/5
f 2859/894/5 2860/850/5 2788/579/5
f 2859/894/5 2788/579/5 2789/895/5
f 2925/896/5 2926/892/5 2888/893/5
f 2858/897/5 2859/894/5 2789/895/5
f 2925/896/5 2888/893/5 2889/898/5
f 2858/897/5 2789/895/5 2790/899/5
f 2857/900/5 2858/897/5 2790/899/5
f 2856/901/5 2857/900/5 2790/899/5
f 2856/901/5 2790/899/5 2791/902/5
f 2855/903/5 2856/901/5 2791/902/5
f 2924/904/5 2925/896/5 2889/898/5
f 2924/904/5 2889/898/5 2890/905/5
f 2854/906/5 2855/903/5 2791/902/5
f 2854/906/5 2791/902/5 2792/907/5
f 2853/908/5 2854/906/5 2792/907/5
f 2924/904/5 2890/905/5 2891/909/5
f 2852/910/5 2853/908/5 2792/907/5
f 2852/910/5 2792/907/5 2793/911/5
f 2923/912/5 2924/904/5 2891/909/5
f 2851/913/5 2852/910/5 2793/911/5
f 2850/914/5 2851/913/5 2793/911/5
f 2850/914/5 2793/911/5 2794/915/5
f 2923/912/5 2891/909/5 2892/916/5
f 2849/917/5 2850/914/5 2794/915/5
f 2848/918/5 2849/917/5 2794/915/5
f 2848/918/5 2794/915/5 2795/919/5
f 2922/920/5 2923/912/5 2892/916/5
f 2847/921/5 2848/918/5 2795/919/5
f 2922/920/5 2892/916/5 2893/922/5
f 2846/923/5 2847/921/5 2795/919/5
f 2846/923/5 2795/919/5 2796/924/5
f 2845/925/5 2846/923/5 2796/924/5
f 2844/926/5 2845/925/5 2796/924/5
f 2844/926/5 2796/924/5 2797/927/5
f 2843/928/5 2844/926/5 2797/927/5
f 2921/929/5 2922/920/5 2893/922/5
f 2921/929/5 2893/922/5 2894/930/5
f 2842/931/5 2843/928/5 2797/927/5
f 2842/931/5 2797/927/5 2798/932/5
f 2841/933/5 2842/931/5 2798/932/5
f 2840/934/5 2841/933/5 2798/932/5
f 2840/934/5 2798/932/5 2799/935/5
f 2921/929/5 2894/930/5 2895/936/5
f 2839/937/5 2840/934/5 2799/935/5
f 2920/938/5 2921/929/5 2895/936/5
f 2838/939/5 2839/937/5 2799/935/5
f 2838/939/5 2799/935/5 2800/940/5
f 2837/941/5 2838/939/5 2800/940/5
f 2836/942/5 2837/941/5 2800/940/5
f 2836/942/5 2800/940/5 2801/943/5
f 2920/938/5 2895/936/5 2896/944/5
f 2835/945/5 2836/942/5 2801/943/5
f 2834/946/5 2835/945/5 2801/943/5
f 2834/946/5 2801/943/5 2802/947/5
f 2833/948/5 2834/946/5 2802/947/5
f 2919/949/5 2920/938/5 2896/944/5
f 2832/950/5 2833/948/5 2802/947/5
f 2832/950/5 2802/947/5 2803/951/5
f 2831/952/5 2832/950/5 2803/951/5
f 2919/949/5 2896/944/5 2897/953/5
f 2830/954/5 2831/952/5 2803/951/5
f 2830/954/5 2803/951/5 2804/955/5
f 2829/956/5 2830/954/5 2804/955/5
f 2828/957/5 2829/956/5 2804/955/5
f 2828/957/5 2804/955/5 2805/958/5
f 2827/959/5 2828/957/5 2805/958/5
f 2826/960/5 2827/959/5 2805/958/5
f 2826/960/5 2805/958/5 2806/961/5
f 2825/962/5 2826/960/5 2806/961/5
f 2918/963/5 2919/949/5 2897/953/5
f 2824/964/5 2825/962/5 2806/961/5
f 2824/964/5 2806/961/5 2807/965/5
f 2918/963/5 2897/953/5 2898/966/5
f 2823/967/5 2824/964/5 2807/965/5
f 2822/968/5 2823/967/5 2807/965/5
f 2822/968/5 2807/965/5 2808/969/5
f 2821/970/5 2822/968/5 2808/969/5
f 2820/971/5 2821/970/5 2808/969/5
f 2820/971/5 2808/969/5 2809/972/5
f 2819/973/5 2820/971/5 2809/972/5
f 2818/974/5 2819/973/5 2809/972/5
f 2818/974/5 2809/972/5 2810/975/5
f 2817/976/5 2818/974/5 2810/975/5
f 2816/977/5 2817/976/5 2810/975/5
f 2816/977/5 2810/975/5 2811/978/5
f 2815/979/5 2816/977/5 2811/978/5
f 2814/980/5 2815/979/5 2811/978/5
f 2814/980/5 2811/978/5 2812/981/5
f 2813/982/5 2814/980/5 2812/981/5
f 2918/963/5 2898/966/5 2899/983/5
f 2917/984/5 2918/963/5 2899/983/5
f 2917/984/5 2899/983/5 2900/985/5
f 2916/986/5 2917/984/5 2900/985/5
f 2916/986/5 2900/985/5 2901/987/5
f 2915/988/5 2916/986/5 2901/987/5
f 2915/988/5 2901/987/5 2902/989/5
f 2914/990/5 2915/988/5 2902/989/5
f 2914/990/5 2902/989/5 2903/991/5
f 2913/992/5 2914/990/5 2903/991/5
f 2913/992/5 2903/991/5 2904/993/5
f 2913/992/5 2904/993/5 2905/994/5
f 2912/995/5 2913/992/5 2905/994/5
f 2912/995/5 2905/994/5 2906/996/5
f 2911/997/5 2912/995/5 2906/996/5
f 2911/997/5 2906/996/5 2907/998/5
f 2910/999/5 2911/997/5 2907/998/5
f 2910/999/5 2907/998/5 2908/1000/5
f 2909/1001/5 2910/999/5 2908/1000/5
f 3715/1002/5 3716/1004/5 3717/1003/5
f 3715/1002/5 3717/1003/5 3718/1005/5
f 3714/1006/5 3715/1002/5 3718/1005/5
f 3714/1006/5 3718/1005/5 3719/1007/5
f 3713/1008/5 3714/1006/5 3719/1007/5
f 3713/1008/5 3719/1007/5 3720/1009/5
f 3712/1010/5 3713/1008/5 3720/1009/5
f 3712/1010/5 3720/1009/5 3721/1011/5
f 3711/1012/5 3712/1010/5 3721/1011/5
f 3711/1012/5 3721/1011/5 3722/1013/5
f 3711/1012/5 3722/1013/5 3723/1014/5
f 3710/1015/5 3711/1012/5 3723/1014/5
f 3710/1015/5 3723/1014/5 3724/1016/5
f 3709/1017/5 3710/1015/5 3724/1016/5
f 3709/1017/5 3724/1016/5 3725/1018/5
f 3708/1019/5 3709/1017/5 3725/1018/5
f 3708/1019/5 3725/1018/5 3726/1020/5
f 3707/1021/5 3708/1019/5 3726/1020/5
f 3707/1021/5 3726/1020/5 3727/1022/5
f 3706/1023/5 3707/1021/5 3727/1022/5
f 3706/1023/5 3727/1022/5 3728/1024/5
f 3706/1023/5 3728/1024/5 3729/1025/5
f 3705/1026/5 3706/1023/5 3729/1025/5
f 3705/1026/5 3729/1025/5 3730/1027/5
f 3704/1028/5 3705/1026/5 3730/1027/5
f 3704/1028/5 3730/1027/5 3731/1029/5
f 3703/1030/5 3704/1028/5 3731/1029/5
f 3703/1030/5 3731/1029/5 3732/1031/5
f 3702/1032/5 3703/1030/5 3732/1031/5
f 3702/1032/5 3732/1031/5 3733/1033/5
f 3702/1032/5 3733/1033/5 3734/1034/5
f 3701/1035/5 3702/1032/5 3734/1034/5
f 3701/1035/5 3734/1034/5 3735/1036/5
f 3700/1037/5 3701/1035/5 3735/1036/5
f 3700/1037/5 3735/1036/5 3736/1038/5
f 3699/1039/5 3700/1037/5 3736/1038/5
f 3699/1039/5 3736/1038/5 3737/1040/5
f 3698/1041/5 3699/1039/5 3737/1040/5
f 3698/1041/5 3737/1040/5 3738/1042/5
f 3698/1041/5 3738/1042/5 3739/1043/5
f 3697/1044/5 3698/1041/5 3739/1043/5
f 3697/1044/5 3739/1043/5 3740/1045/5
f 3696/1046/5 3697/1044/5 3740/1045/5
f 3696/1046/5 3740/1045/5 3741/1047/5
f 3695/1048/5 3696/1046/5 3741/1047/5
f 3695/1048/5 3741/1047/5 3742/1049/5
f 3694/1050/5 3695/1048/5 3742/1049/5
f 3694/1050/5 3742/1049/5 3743/1051/5
f 3694/1050/5 3743/1051/5 3744/1052/5
f 3693/1053/5 3694/1050/5 3744/1052/5
f 3693/1053/5 3744/1052/5 3745/1054/5
f 3692/1055/5 3693/1053/5 3745/1054/5
f 3692/1055/5 3745/1054/5 3746/1056/5
f 3691/1057/5 3692/1055/5 3746/1056/5
f 3691/1057/5 3746/1056/5 3747/1058/5
f 3690/1059/5 3691/1057/5 3747/1058/5
f 3690/1059/5 3747/1058/5 3748/1060/5
f 3690/1059/5 3748/1060/5 3749/1061/5
f 3689/1062/5 3690/1059/5 3749/1061/5
f 3689/1062/5 3749/1061/5 3750/1063/5
f 3688/1064/5 3689/1062/5 3750/1063/5
f 3688/1064/5 3750/1063/5 3751/1065/5
f 3687/1066/5 3688/1064/5 3751/1065/5
f 3687/1066/5 3751/1065/5 3319/105/5
f 3686/1067/5 3687/1066/5 3319/105/5
f 3686/1067/5 3319/105/5 3320/1068/5
f 3686/1067/5 3320/1068/5 3321/1069/5
f 3685/1070/5 3686/1067/5 3321/1069/5
f 3685/1070/5 3321/1069/5 3788/1071/5
f 3788/1071/5 3321/1069/5 3322/1072/5
f 3685/1070/5 3788/1071/5 3789/1073/5
f 3787/1074/5 3788/1071/5 3322/1072/5
f 3685/1070/5 3789/1073/5 3790/1075/5
f 3786/1076/5 3787/1074/5 3322/1072/5
f 3684/1077/5 3685/1070/5 3790/1075/5
f 3684/1077/5 3790/1075/5 3791/1078/5
f 3785/1079/5 3786/1076/5 3322/1072/5
f 3684/1077/5 3791/1078/5 3792/1080/5
f 3784/1081/5 3785/1079/5 3322/1072/5
f 3684/1077/5 3792/1080/5 3793/1082/5
f 3783/1083/5 3784/1081/5 3322/1072/5
f 3684/1077/5 3793/1082/5 3794/1084/5
f 3783/1083/5 3322/1072/5 3323/1085/5
f 3684/1077/5 3794/1084/5 3795/1086/5
f 3782/1087/5 3783/1083/5 3323/1085/5
f 3684/1077/5 3795/1086/5 3796/1088/5
f 3781/1089/5 3782/1087/5 3323/1085/5
f 3684/1077/5 3796/1088/5 3797/1090/5
f 3780/1091/5 3781/1089/5 3323/1085/5
f 3684/1077/5 3797/1090/5 3798/1092/5
f 3683/1093/5 3684/1077/5 3798/1092/5
f 3780/1091/5 3323/1085/5 3324/1094/5
f 3779/1095/5 3780/1091/5 3324/1094/5
f 3683/1093/5 3798/1092/5 3799/1096/5
f 3778/1097/5 3779/1095/5 3324/1094/5
f 3683/1093/5 3799/1096/5 3800/1098/5
f 3683/1093/5 3800/1098/5 3801/1099/5
f 3777/1100/5 3778/1097/5 3324/1094/5
f 3777/1100/5 3324/1094/5 3325/1101/5
f 3682/1102/5 3683/1093/5 3801/1099/5
f 3682/1102/5 3801/1099/5 3802/1103/5
f 3776/1104/5 3777/1100/5 3325/1101/5
f 3682/1102/5 3802/1103/5 3803/1105/5
f 3775/1106/5 3776/1104/5 3325/1101/5
f 3775/1106/5 3325/1101/5 3326/1107/5
f 3682/1102/5 3803/1105/5 3804/1108/5
f 3774/1109/5 3775/1106/5 3326/1107/5
f 3682/1102/5 3804/1108/5 3805/1110/5
f 3681/1111/5 3682/1102/5 3805/1110/5
f 3774/1109/5 3326/1107/5 3327/1112/5
f 3681/1111/5 3805/1110/5 3806/1113/5
f 3773/1114/5 3774/1109/5 3327/1112/5
f 3681/1111/5 3806/1113/5 3807/1115/5
f 3772/1116/5 3773/1114/5 3327/1112/5
f 3772/1116/5 3327/1112/5 3328/1117/5
f 3680/1118/5 3681/1111/5 3807/1115/5
f 3680/1118/5 3807/1115/5 3808/1119/5
f 3771/1120/5 3772/1116/5 3328/1117/5
f 3680/1118/5 3808/1119/5 3809/1121/5
f 3771/1120/5 3328/1117/5 3329/1122/5
f 3770/1123/5 3771/1120/5 3329/1122/5
f 3680/1118/5 3809/1121/5 3810/1124/5
f 3679/1125/5 3680/1118/5 3810/1124/5
f 3769/1126/5 3770/1123/5 3329/1122/5
f 3679/1125/5 3810/1124/5 3811/1127/5
f 3769/1126/5 3329/1122/5 3330/1128/5
f 3679/1125/5 3811/1127/5 3812/1129/5
f 3768/1130/5 3769/1126/5 3330/1128/5
f 3678/1131/5 3679/1125/5 3812/1129/5
f 3768/1130/5 3330/1128/5 3331/1132/5
f 3678/1131/5 3812/1129/5 3813/1133/5
f 3767/1134/5 3768/1130/5 3331/1132/5
f 3678/1131/5 3813/1133/5 3814/1135/5
f 3766/1136/5 3767/1134/5 3331/1132/5
f 3766/1136/5 3331/1132/5 3332/1137/5
f 3677/1138/5 3678/1131/5 3814/1135/5
f 3677/1138/5 3814/1135/5 3815/1139/5
f 3765/1140/5 3766/1136/5 3332/1137/5
f 3677/1138/5 3815/1139/5 3816/1141/5
f 3765/1140/5 3332/1137/5 3333/1142/5
f 3764/1143/5 3765/1140/5 3333/1142/5
f 3677/1138/5 3816/1141/5 3817/1144/5
f 3676/1145/5 3677/1138/5 3817/1144/5
f 3763/1146/5 3764/1143/5 3333/1142/5
f 3676/1145/5 3817/1144/5 3818/1147/5
f 3763/1146/5 3333/1142/5 3334/1148/5
f 3762/1149/5 3763/1146/5 3334/1148/5
f 3676/1145/5 3818/1147/5 3819/1150/5
f 3675/1151/5 3676/1145/5 3819/1150/5
f 3761/1152/5 3762/1149/5 3334/1148/5
f 3675/1151/5 3819/1150/5 3820/1153/5
f 3760/1154/5 3761/1152/5 3334/1148/5
f 3760/1154/5 3334/1148/5 3335/1155/5
f 3759/1156/5 3760/1154/5 3335/1155/5
f 3674/1157/5 3675/1151/5 3820/1153/5
f 3674/1157/5 3820/1153/5 3821/1158/5
f 3758/1159/5 3759/1156/5 3335/1155/5
f 3674/1157/5 3821/1158/5 3822/1160/5
f 3757/1161/5 3758/1159/5 3335/1155/5
f 3757/1161/5 3335/1155/5 3336/1162/5
f 3673/1163/5 3674/1157/5 3822/1160/5
f 3756/1164/5 3757/1161/5 3336/1162/5
f 3673/1163/5 3822/1160/5 3823/1165/5
f 3755/1166/5 3756/1164/5 3336/1162/5
f 3755/1166/5 3336/1162/5 3337/1167/5
f 3673/1163/5 3823/1165/5 3824/1168/5
f 3754/1169/5 3755/1166/5 3337/1167/5
f 3672/1170/5 3673/1163/5 3824/1168/5
f 3753/1171/5 3754/1169/5 3337/1167/5
f 3672/1170/5 3824/1168/5 3825/1172/5
f 3752/1173/5 3753/1171/5 3337/1167/5
f 3752/1173/5 3337/1167/5 3338/1174/5
f 3672/1170/5 3825/1172/5 3826/1175/5
f 3872/100/5 3752/1173/5 3338/1174/5
f 3671/1176/5 3672/1170/5 3826/1175/5
f 3871/1177/5 3872/100/5 3338/1174/5
f 3671/1176/5 3826/1175/5 3827/1178/5
f 3871/1177/5 3338/1174/5 3339/1179/5
f 3870/1180/5 3871/1177/5 3339/1179/5
f 3869/1181/5 3870/1180/5 3339/1179/5
f 3671/1176/5 3827/1178/5 3828/1182/5
f 3670/1183/5 3671/1176/5 3828/1182/5
f 3868/1184/5 3869/1181/5 3339/1179/5
f 3868/1184/5 3339/1179/5 3340/1185/5
f 3867/1186/5 3868/1184/5 3340/1185/5
f 3670/1183/5 3828/1182/5 3829/1187/5
f 3866/1188/5 3867/1186/5 3340/1185/5
f 3669/1189/5 3670/1183/5 3829/1187/5
f 3865/1190/5 3866/1188/5 3340/1185/5
f 3865/1190/5 3340/1185/5 3341/1191/5
f 3669/1189/5 3829/1187/5 3830/1192/5
f 3864/1193/5 3865/1190/5 3341/1191/5
f 3863/1194/5 3864/1193/5 3341/1191/5
f 3669/1189/5 3830/1192/5 3831/1195/5
f 3862/1196/5 3863/1194/5 3341/1191/5
f 3862/1196/5 3341/1191/5 3342/1197/5
f 3668/1198/5 3669/1189/5 3831/1195/5
f 3861/1199/5 3862/1196/5 3342/1197/5
f 3860/1200/5 3861/1199/5 3342/1197/5
f 3668/1198/5 3831/1195/5 3832/1201/5
f 3859/1202/5 3860/1200/5 3342/1197/5
f 3858/1203/5 3859/1202/5 3342/1197/5
f 3858/1203/5 3342/1197/5 3343/1204/5
f 3668/1198/5 3832/1201/5 3833/1205/5
f 3667/1206/5 3668/1198/5 3833/1205/5
f 3857/1207/5 3858/1203/5 3343/1204/5
f 3856/1208/5 3857/1207/5 3343/1204/5
f 3855/1209/5 3856/1208/5 3343/1204/5
f 3855/1209/5 3343/1204/5 3344/1210/5
f 3667/1206/5 3833/1205/5 3834/1211/5
f 3854/1212/5 3855/1209/5 3344/1210/5
f 3853/1213/5 3854/1212/5 3344/1210/5
f 3852/1214/5 3853/1213/5 3344/1210/5
f 3666/1215/5 3667/1206/5 3834/1211/5
f 3851/1216/5 3852/1214/5 3344/1210/5
f 3666/1215/5 3834/1211/5 3835/1217/5
f 3850/1218/5 3851/1216/5 3344/1210/5
f 3850/1218/5 3344/1210/5 3345/1219/5
f 3849/1220/5 3850/1218/5 3345/1219/5
f 3848/1221/5 3849/1220/5 3345/1219/5
f 3847/1222/5 3848/1221/5 3345/1219/5
f 3666/1215/5 3835/1217/5 3836/1223/5
f 3846/1224/5 3847/1222/5 3345/1219/5
f 3845/1225/5 3846/1224/5 3345/1219/5
f 3665/1226/5 3666/1215/5 3836/1223/5
f 3845/1225/5 3345/1219/5 3346/1227/5
f 3844/1228/5 3845/1225/5 3346/1227/5
f 3843/1229/5 3844/1228/5 3346/1227/5
f 3842/1230/5 3843/1229/5 3346/1227/5
f 3841/1231/5 3842/1230/5 3346/1227/5
f 3840/1232/5 3841/1231/5 3346/1227/5
f 3839/1233/5 3840/1232/5 3346/1227/5
f 3838/1234/5 3839/1233/5 3346/1227/5
f 3837/1235/5 3838/1234/5 3346/1227/5
f 3665/1226/5 3836/1223/5 3837/1235/5
f 3665/1226/5 3837/1235/5 3346/1227/5
f 3665/1226/5 3346/1227/5 3347/1236/5
f 3664/1237/5 3665/1226/5 3347/1236/5
f 3664/1237/5 3347/1236/5 3348/1238/5
f 3663/1239/5 3664/1237/5 3348/1238/5
f 3663/1239/5 3348/1238/5 3349/1240/5
f 3663/1239/5 3349/1240/5 3350/1241/5
f 3662/1242/5 3663/1239/5 3350/1241/5
f 3662/1242/5 3350/1241/5 3351/1243/5
f 3661/1244/5 3662/1242/5 3351/1243/5
f 3661/1244/5 3351/1243/5 3352/1245/5
f 3661/1244/5 3352/1245/5 3353/1246/5
f 3660/1247/5 3661/1244/5 3353/1246/5
f 3660/1247/5 3353/1246/5 3354/1248/5
f 3660/1247/5 3354/1248/5 3355/1249/5
f 3659/1250/5 3660/1247/5 3355/1249/5
f 3659/1250/5 3355/1249/5 3356/1251/5
f 3659/1250/5 3356/1251/5 3357/1252/5
f 3658/1253/5 3659/1250/5 3357/1252/5
f 3658/1253/5 3357/1252/5 3358/1254/5
f 3658/1253/5 3358/1254/5 3359/1255/5
f 3657/1256/5 3658/1253/5 3359/1255/5
f 3657/1256/5 3359/1255/5 3360/1257/5
f 3657/1256/5 3360/1257/5 3361/1258/5
f 3656/1259/5 3657/1256/5 3361/1258/5
f 3656/1259/5 3361/1258/5 3362/1260/5
f 3656/1259/5 3362/1260/5 3363/1261/5
f 3655/1262/5 3656/1259/5 3363/1261/5
f 3655/1262/5 3363/1261/5 3364/1263/5
f 3655/1262/5 3364/1263/5 3365/1264/5
f 3655/1262/5 3365/1264/5 3366/1265/5
f 3654/1266/5 3655/1262/5 3366/1265/5
f 3654/1266/5 3366/1265/5 3367/1267/5
f 3654/1266/5 3367/1267/5 3368/1268/5
f 3654/1266/5 3368/1268/5 3369/1269/5
f 3654/1266/5 3369/1269/5 3370/1270/5
f 3653/1271/5 3654/1266/5 3370/1270/5
f 3653/1271/5 3370/1270/5 3371/1272/5
f 3653/1271/5 3371/1272/5 3372/1273/5
f 3653/1271/5 3372/1273/5 3373/1274/5
f 3653/1271/5 3373/1274/5 3374/1275/5
f 3653/1271/5 3374/1275/5 3375/1276/5
f 3652/1277/5 3653/1271/5 3380/1278/5
f 3380/1278/5 3653/1271/5 3375/1276/5
f 3380/1278/5 3375/1276/5 3376/1279/5
f 3380/1278/5 3376/1279/5 3377/1280/5
f 3380/1278/5 3377/1280/5 3378/1281/5
f 3380/1278/5 3378/1281/5 3379/1282/5
f 3652/1277/5 3380/1278/5 3381/1283/5
f 3652/1277/5 3381/1283/5 3382/1284/5
f 3652/1277/5 3382/1284/5 3383/1285/5
f 3651/1286/5 3652/1277/5 3383/1285/5
f 3651/1286/5 3383/1285/5 3384/1287/5
f 3651/1286/5 3384/1287/5 3385/1288/5
f 3651/1286/5 3385/1288/5 3386/1289/5
f 3650/1290/5 3651/1286/5 3386/1289/5
f 3650/1290/5 3386/1289/5 3387/1291/5
f 3650/1290/5 3387/1291/5 3388/1292/5
f 3650/1290/5 3388/1292/5 3389/1293/5
f 3649/1294/5 3650/1290/5 3389/1293/5
f 3649/1294/5 3389/1293/5 3390/1295/5
f 3649/1294/5 3390/1295/5 3391/1296/5
f 3649/1294/5 3391/1296/5 3392/1297/5
f 3649/1294/5 3392/1297/5 3393/1298/5
f 3648/1299/5 3649/1294/5 3393/1298/5
f 3648/1299/5 3393/1298/5 3394/1300/5
f 3648/1299/5 3394/1300/5 3395/1301/5
f 3648/1299/5 3395/1301/5 3396/1302/5
f 3647/1303/5 3648/1299/5 3396/1302/5
f 3647/1303/5 3396/1302/5 3397/1304/5
f 3647/1303/5 3397/1304/5 3398/1305/5
f 3647/1303/5 3398/1305/5 3399/1306/5
f 3646/1307/5 3647/1303/5 3399/1306/5
f 3646/1307/5 3399/1306/5 3400/1308/5
f 3646/1307/5 3400/1308/5 3401/1309/5
f 3646/1307/5 3401/1309/5 3402/1310/5
f 3645/1311/5 3646/1307/5 3402/1310/5
f 3645/1311/5 3402/1310/5 3403/1312/5
f 3645/1311/5 3403/1312/5 3404/1313/5
f 3645/1311/5 3404/1313/5 3405/1314/5
f 3644/1315/5 3645/1311/5 3405/1314/5
f 3644/1315/5 3405/1314/5 3406/1316/5
f 3643/1317/5 3644/1315/5 3406/1316/5
f 3643/1317/5 3406/1316/5 3407/1318/5
f 3642/1319/5 3643/1317/5 3407/1318/5
f 3642/1319/5 3407/1318/5 3408/1320/5
f 3641/1321/5 3642/1319/5 3408/1320/5
f 3641/1321/5 3408/1320/5 3409/1322/5
f 3640/1323/5 3641/1321/5 3409/1322/5
f 3640/1323/5 3409/1322/5 3410/1324/5
f 3640/1323/5 3410/1324/5 3411/1325/5
f 3639/1326/5 3640/1323/5 3411/1325/5
f 3639/1326/5 3411/1325/5 3412/1327/5
f 3638/1328/5 3639/1326/5 3412/1327/5
f 3638/1328/5 3412/1327/5 3413/1329/5
f 3637/1330/5 3638/1328/5 3413/1329/5
f 3637/1330/5 3413/1329/5 3414/1331/5
f 3475/1332/5 3476/1334/5 3477/1333/5
f 3475/1332/5 3477/1333/5 3478/1335/5
f 3474/1336/5 3475/1332/5 3478/1335/5
f 3474/1336/5 3478/1335/5 3479/1337/5
f 3473/1338/5 3474/1336/5 3479/1337/5
f 3473/1338/5 3479/1337/5 3480/1339/5
f 3472/1340/5 3473/1338/5 3480/1339/5
f 3472/1340/5 3480/1339/5 3481/1341/5
f 3471/1342/5 3472/1340/5 3481/1341/5
f 3471/1342/5 3481/1341/5 3482/1343/5
f 3470/1344/5 3471/1342/5 3482/1343/5
f 3470/1344/5 3482/1343/5 3483/1345/5
f 3469/1346/5 3470/1344/5 3483/1345/5
f 3469/1346/5 3483/1345/5 3484/1347/5
f 3469/1346/5 3484/1347/5 3485/1348/5
f 3468/1349/5 3469/1346/5 3485/1348/5
f 3468/1349/5 3485/1348/5 3486/1350/5
f 3467/1351/5 3468/1349/5 3486/1350/5
f 3467/1351/5 3486/1350/5 3487/1352/5
f 3637/1330/5 3414/1331/5 3415/1353/5
f 3466/1354/5 3467/1351/5 3487/1352/5
f 3466/1354/5 3487/1352/5 3488/1355/5
f 3465/1356/5 3466/1354/5 3488/1355/5
f 3465/1356/5 3488/1355/5 3489/1357/5
f 3636/1358/5 3637/1330/5 3415/1353/5
f 3464/1359/5 3465/1356/5 3489/1357/5
f 3464/1359/5 3489/1357/5 3490/1360/5
f 3463/1361/5 3464/1359/5 3490/1360/5
f 3463/1361/5 3490/1360/5 3491/1362/5
f 3463/1361/5 3491/1362/5 3492/1363/5
f 3462/1364/5 3463/1361/5 3492/1363/5
f 3462/1364/5 3492/1363/5 3493/1365/5
f 3461/1366/5 3462/1364/5 3493/1365/5
f 3636/1358/5 3415/1353/5 3416/1367/5
f 3461/1366/5 3493/1365/5 3494/1368/5
f 3460/1369/5 3461/1366/5 3494/1368/5
f 3460/1369/5 3494/1368/5 3495/1370/5
f 3459/1371/5 3460/1369/5 3495/1370/5
f 3458/1372/5 3459/1371/5 3495/1370/5
f 3458/1372/5 3495/1370/5 3496/1373/5
f 3457/1374/5 3458/1372/5 3496/1373/5
f 3635/1375/5 3636/1358/5 3416/1367/5
f 3457/1374/5 3496/1373/5 3497/1376/5
f 3635/1375/5 3416/1367/5 3417/1377/5
f 3456/1378/5 3457/1374/5 3497/1376/5
f 3456/1378/5 3497/1376/5 3498/1379/5
f 3455/1380/5 3456/1378/5 3498/1379/5
f 3455/1380/5 3498/1379/5 3499/1381/5
f 3454/1382/5 3455/1380/5 3499/1381/5
f 3635/1375/5 3417/1377/5 3418/1383/5
f 3454/1382/5 3499/1381/5 3500/1384/5
f 3453/1385/5 3454/1382/5 3500/1384/5
f 3452/1386/5 3453/1385/5 3500/1384/5
f 3452/1386/5 3500/1384/5 3501/1387/5
f 3451/1388/5 3452/1386/5 3501/1387/5
f 3634/1389/5 3635/1375/5 3418/1383/5
f 3451/1388/5 3501/1387/5 3502/1390/5
f 3450/1391/5 3451/1388/5 3502/1390/5
f 3634/1389/5 3418/1383/5 3419/1392/5
f 3449/1393/5 3450/1391/5 3502/1390/5
f 3449/1393/5 3502/1390/5 3503/1394/5
f 3448/1395/5 3449/1393/5 3503/1394/5
f 3448/1395/5 3503/1394/5 3504/1396/5
f 3634/1389/5 3419/1392/5 3420/1397/5
f 3447/1398/5 3448/1395/5 3504/1396/5
f 3446/1399/5 3447/1398/5 3504/1396/5
f 3446/1399/5 3504/1396/5 3505/1400/5
f 3445/1401/5 3446/1399/5 3505/1400/5
f 3633/1402/5 3634/1389/5 3420/1397/5
f 3633/1402/5 3420/1397/5 3421/1403/5
f 3444/1404/5 3445/1401/5 3505/1400/5
f 3444/1404/5 3505/1400/5 3506/1405/5
f 3443/1406/5 3444/1404/5 3506/1405/5
f 3442/1407/5 3443/1406/5 3506/1405/5
f 3633/1402/5 3421/1403/5 3422/1408/5
f 3442/1407/5 3506/1405/5 3507/1409/5
f 3441/1410/5 3442/1407/5 3507/1409/5
f 3440/1411/5 3441/1410/5 3507/1409/5
f 3440/1411/5 3507/1409/5 3508/1412/5
f 3633/1402/5 3422/1408/5 3423/1413/5
f 3439/1414/5 3440/1411/5 3508/1412/5
f 3438/1415/5 3439/1414/5 3508/1412/5
f 3632/1416/5 3633/1402/5 3423/1413/5
f 3632/1416/5 3423/1413/5 3424/1417/5
f 3438/1415/5 3508/1412/5 3509/1418/5
f 3437/1419/5 3438/1415/5 3509/1418/5
f 3436/1420/5 3437/1419/5 3509/1418/5
f 3632/1416/5 3424/1417/5 3425/1421/5
f 3435/1422/5 3436/1420/5 3509/1418/5
f 3435/1422/5 3509/1418/5 3510/1423/5
f 3434/1424/5 3435/1422/5 3510/1423/5
f 3632/1416/5 3425/1421/5 3426/1425/5
f 3433/1426/5 3434/1424/5 3510/1423/5
f 3432/1427/5 3433/1426/5 3510/1423/5
f 3632/1416/5 3426/1425/5 3427/1428/5
f 3431/1429/5 3432/1427/5 3510/1423/5
f 3430/1430/5 3431/1429/5 3510/1423/5
f 3632/1416/5 3427/1428/5 3428/1431/5
f 3429/1432/5 3430/1430/5 3510/1423/5
f 3429/1432/5 3510/1423/5 3511/1433/5
f 3428/1431/5 3429/1432/5 3511/1433/5
f 3632/1416/5 3428/1431/5 3511/1433/5
f 3632/1416/5 3511/1433/5 3512/1434/5
f 3631/1435/5 3632/1416/5 3512/1434/5
f 3631/1435/5 3512/1434/5 3513/1436/5
f 3631/1435/5 3513/1436/5 3514/1437/5
f 3630/1438/5 3631/1435/5 3514/1437/5
f 3630/1438/5 3514/1437/5 3515/1439/5
f 3630/1438/5 3515/1439/5 3516/1440/5
f 3630/1438/5 3516/1440/5 3517/1441/5
f 3629/1442/5 3630/1438/5 3517/1441/5
f 3629/1442/5 3517/1441/5 3518/1443/5
f 3629/1442/5 3518/1443/5 3519/1444/5
f 3629/1442/5 3519/1444/5 3520/1445/5
f 3628/1446/5 3629/1442/5 3520/1445/5
f 3628/1446/5 3520/1445/5 3521/1447/5
f 3628/1446/5 3521/1447/5 3522/1448/5
f 3628/1446/5 3522/1448/5 3523/1449/5
f 3627/1450/5 3628/1446/5 3523/1449/5
f 3627/1450/5 3523/1449/5 3524/1451/5
f 3627/1450/5 3524/1451/5 3525/1452/5
f 3626/1453/5 3627/1450/5 3525/1452/5
f 3626/1453/5 3525/1452/5 3526/1454/5
f 3626/1453/5 3526/1454/5 3527/1455/5
f 3626/1453/5 3527/1455/5 3528/1456/5
f 3625/1457/5 3626/1453/5 3528/1456/5
f 3625/1457/5 3528/1456/5 3529/1458/5
f 3625/1457/5 3529/1458/5 3530/1459/5
f 3624/1460/5 3625/1457/5 3530/1459/5
f 3624/1460/5 3530/1459/5 3531/1461/5
f 3624/1460/5 3531/1461/5 3532/1462/5
f 3624/1460/5 3532/1462/5 3533/1463/5
f 3623/1464/5 3624/1460/5 3533/1463/5
f 3623/1464/5 3533/1463/5 3534/1465/5
f 3623/1464/5 3534/1465/5 3535/1466/5
f 3622/1467/5 3623/1464/5 3535/1466/5
f 3622/1467/5 3535/1466/5 3536/1468/5
f 3622/1467/5 3536/1468/5 3537/1469/5
f 3621/1470/5 3622/1467/5 3537/1469/5
f 3621/1470/5 3537/1469/5 3538/1471/5
f 3621/1470/5 3538/1471/5 3539/1472/5
f 3621/1470/5 3539/1472/5 3540/1473/5
f 3620/1474/5 3621/1470/5 3540/1473/5
f 3620/1474/5 3540/1473/5 3541/1475/5
f 3620/1474/5 3541/1475/5 3542/1476/5
f 3620/1474/5 3542/1476/5 3543/1477/5
f 3619/1478/5 3620/1474/5 3543/1477/5
f 3619/1478/5 3543/1477/5 3544/1479/5
f 3619/1478/5 3544/1479/5 3545/1480/5
f 3619/1478/5 3545/1480/5 3546/1481/5
f 3618/1482/5 3619/1478/5 3546/1481/5
f 3618/1482/5 3546/1481/5 3547/1483/5
f 3618/1482/5 3547/1483/5 3548/1484/5
f 3618/1482/5 3548/1484/5 3549/1485/5
f 3617/1486/5 3618/1482/5 3549/1485/5
f 3617/1486/5 3549/1485/5 3550/1487/5
f 3617/1486/5 3550/1487/5 3551/1488/5
f 3617/1486/5 3551/1488/5 3552/1489/5
f 3616/1490/5 3617/1486/5 3552/1489/5
f 3616/1490/5 3552/1489/5 3553/1491/5
f 3616/1490/5 3553/1491/5 3554/1492/5
f 3616/1490/5 3554/1492/5 3555/1493/5
f 3615/1494/5 3616/1490/5 3555/1493/5
f 3615/1494/5 3555/1493/5 3556/1495/5
f 3615/1494/5 3556/1495/5 3557/1496/5
f 3615/1494/5 3557/1496/5 3558/1497/5
f 3614/1498/5 3615/1494/5 3558/1497/5
f 3614/1498/5 3558/1497/5 3559/1499/5
f 3614/1498/5 3559/1499/5 3560/1500/5
f 3613/1501/5 3614/1498/5 3560/1500/5
f 3613/1501/5 3560/1500/5 3561/1502/5
f 3613/1501/5 3561/1502/5 3562/1503/5
f 3613/1501/5 3562/1503/5 3563/1504/5
f 3612/1505/5 3613/1501/5 3563/1504/5
f 3612/1505/5 3563/1504/5 3564/1506/5
f 3612/1505/5 3564/1506/5 3565/1507/5
f 3611/1508/5 3612/1505/5 3565/1507/5
f 3611/1508/5 3565/1507/5 3566/1509/5
f 3611/1508/5 3566/1509/5 3567/1510/5
f 3611/1508/5 3567/1510/5 3568/1511/5
f 3610/1512/5 3611/1508/5 3568/1511/5
f 3610/1512/5 3568/1511/5 3569/1513/5
f 3610/1512/5 3569/1513/5 3570/1514/5
f 3609/1515/5 3610/1512/5 3570/1514/5
f 3609/1515/5 3570/1514/5 3571/1516/5
f 3609/1515/5 3571/1516/5 3572/1517/5
f 3608/1518/5 3609/1515/5 3572/1517/5
f 3608/1518/5 3572/1517/5 3573/1519/5
f 3608/1518/5 3573/1519/5 3574/1520/5
f 3607/1521/5 3608/1518/5 3574/1520/5
f 3607/1521/5 3574/1520/5 3575/1522/5
f 3607/1521/5 3575/1522/5 3576/1523/5
f 3606/1524/5 3607/1521/5 3576/1523/5
f 3606/1524/5 3576/1523/5 3577/1525/5
f 3606/1524/5 3577/1525/5 3578/1526/5
f 3605/1527/5 3606/1524/5 3578/1526/5
f 3605/1527/5 3578/1526/5 3579/1528/5
f 3605/1527/5 3579/1528/5 3580/1529/5
f 3604/1530/5 3605/1527/5 3580/1529/5
f 3604/1530/5 3580/1529/5 3581/1531/5
f 3604/1530/5 3581/1531/5 3582/1532/5
f 3603/1533/5 3604/1530/5 3582/1532/5
f 3603/1533/5 3582/1532/5 3583/1534/5
f 3603/1533/5 3583/1534/5 3584/1535/5
f 3602/1536/5 3603/1533/5 3584/1535/5
f 3602/1536/5 3584/1535/5 3585/1537/5
f 3602/1536/5 3585/1537/5 3586/1538/5
f 3601/1539/5 3602/1536/5 3586/1538/5
f 3601/1539/5 3586/1538/5 3587/1540/5
f 3601/1539/5 3587/1540/5 3588/1541/5
f 3600/1542/5 3601/1539/5 3588/1541/5
f 3600/1542/5 3588/1541/5 3589/1543/5
f 3599/1544/5 3600/1542/5 3589/1543/5
f 3599/1544/5 3589/1543/5 3590/1545/5
f 3599/1544/5 3590/1545/5 3591/1546/5
f 3598/1547/5 3599/1544/5 3591/1546/5
f 3598/1547/5 3591/1546/5 3592/1548/5
f 3598/1547/5 3592/1548/5 3593/1549/5
f 3597/1550/5 3598/1547/5 3593/1549/5
f 3597/1550/5 3593/1549/5 3594/1551/5
f 3597/1550/5 3594/1551/5 3595/1552/5
f 3596/1553/5 3597/1550/5 3595/1552/5
f 4018/1554/5 4019/1556/5 4020/1555/5
f 4017/1557/5 4018/1554/5 4020/1555/5
f 4017/1557/5 4020/1555/5 4021/1558/5
f 4016/1559/5 4017/1557/5 4021/1558/5
f 4016/1559/5 4021/1558/5 4022/1560/5
f 4015/1561/5 4016/1559/5 4022/1560/5
f 4015/1561/5 4022/1560/5 4023/1562/5
f 4014/1563/5 4015/1561/5 4023/1562/5
f 4014/1563/5 4023/1562/5 4024/1564/5
f 4013/1565/5 4014/1563/5 4024/1564/5
f 4013/1565/5 4024/1564/5 4025/1566/5
f 4012/1567/5 4013/1565/5 4025/1566/5
f 4012/1567/5 4025/1566/5 4026/1568/5
f 4011/1569/5 4012/1567/5 4026/1568/5
f 4011/1569/5 4026/1568/5 4027/1570/5
f 4010/1571/5 4011/1569/5 4027/1570/5
f 4010/1571/5 4027/1570/5 4028/1572/5
f 4009/1573/5 4010/1571/5 4028/1572/5
f 4009/1573/5 4028/1572/5 4029/1574/5
f 4008/1575/5 4009/1573/5 4029/1574/5
f 4008/1575/5 4029/1574/5 4030/1576/5
f 4007/1577/5 4008/1575/5 4030/1576/5
f 4007/1577/5 4030/1576/5 4031/1578/5
f 4006/1579/5 4007/1577/5 4031/1578/5
f 4006/1579/5 4031/1578/5 4032/1580/5
f 4006/1579/5 4032/1580/5 4033/1581/5
f 4005/1582/5 4006/1579/5 4033/1581/5
f 4005/1582/5 4033/1581/5 4034/1583/5
f 4004/1584/5 4005/1582/5 4034/1583/5
f 4004/1584/5 4034/1583/5 4035/1585/5
f 4003/1586/5 4004/1584/5 4035/1585/5
f 4003/1586/5 4035/1585/5 4036/1587/5
f 4002/1588/5 4003/1586/5 4036/1587/5
f 4002/1588/5 4036/1587/5 4037/1589/5
f 4001/1590/5 4002/1588/5 4037/1589/5
f 4001/1590/5 4037/1589/5 4038/1591/5
f 4000/1592/5 4001/1590/5 4038/1591/5
f 4000/1592/5 4038/1591/5 4039/1593/5
f 3999/1594/5 4000/1592/5 4039/1593/5
f 3999/1594/5 4039/1593/5 4040/1595/5
f 3998/1596/5 3999/1594/5 4040/1595/5
f 3998/1596/5 4040/1595/5 4041/1597/5
f 3997/1598/5 3998/1596/5 4041/1597/5
f 3997/1598/5 4041/1597/5 4042/1599/5
f 3996/1600/5 3997/1598/5 4042/1599/5
f 3996/1600/5 4042/1599/5 4043/1601/5
f 3995/1602/5 3996/1600/5 4043/1601/5
f 3994/1603/5 3995/1602/5 4043/1601/5
f 3994/1603/5 4043/1601/5 4044/1604/5
f 3993/1605/5 3994/1603/5 4044/1604/5
f 3993/1605/5 4044/1604/5 4045/1606/5
f 3992/1607/5 3993/1605/5 4045/1606/5
f 3992/1607/5 4045/1606/5 4046/1608/5
f 3991/1609/5 3992/1607/5 4046/1608/5
f 3991/1609/5 4046/1608/5 4047/1610/5
f 3990/1611/5 3991/1609/5 4047/1610/5
f 3990/1611/5 4047/1610/5 4048/1612/5
f 3989/1613/5 3990/1611/5 4048/1612/5
f 3989/1613/5 4048/1612/5 4049/1614/5
f 3988/1615/5 3989/1613/5 4049/1614/5
f 3988/1615/5 4049/1614/5 4050/1616/5
f 3987/1617/5 3988/1615/5 4050/1616/5
f 3987/1617/5 4050/1616/5 4051/1618/5
f 3986/1619/5 3987/1617/5 4051/1618/5
f 3986/1619/5 4051/1618/5 4052/1620/5
f 3985/1621/5 3986/1619/5 4052/1620/5
f 3985/1621/5 4052/1620/5 4053/1622/5
f 3984/1623/5 3985/1621/5 4053/1622/5
f 3984/1623/5 4053/1622/5 4054/1624/5
f 3983/1625/5 3984/1623/5 4054/1624/5
f 3983/1625/5 4054/1624/5 4055/1626/5
f 3982/1627/5 3983/1625/5 4055/1626/5
f 3982/1627/5 4055/1626/5 4056/1628/5
f 3981/1629/5 3982/1627/5 4056/1628/5
f 3981/1629/5 4056/1628/5 4057/1630/5
f 3980/1631/5 3981/1629/5 4057/1630/5
f 3980/1631/5 4057/1630/5 4058/1632/5
f 3979/1633/5 3980/1631/5 4058/1632/5
f 3979/1633/5 4058/1632/5 4059/1634/5
f 3978/1635/5 3979/1633/5 4059/1634/5
f 3978/1635/5 4059/1634/5 4060/1636/5
f 3977/1637/5 3978/1635/5 4060/1636/5
f 3977/1637/5 4060/1636/5 4061/1638/5
f 3976/1639/5 3977/1637/5 4061/1638/5
f 3976/1639/5 4061/1638/5 4062/1640/5
f 3975/1641/5 3976/1639/5 4062/1640/5
f 3975/1641/5 4062/1640/5 4063/1642/5
f 3974/1643/5 3975/1641/5 4063/1642/5
f 3974/1643/5 4063/1642/5 4064/1644/5
f 3973/1645/5 3974/1643/5 4064/1644/5
f 3973/1645/5 4064/1644/5 4065/1646/5
f 3972/1647/5 3973/1645/5 4065/1646/5
f 3972/1647/5 4065/1646/5 4066/100/5
f 3971/1648/5 3972/1647/5 4066/100/5
f 3971/1648/5 4066/100/5 3873/105/5
f 3970/1649/5 3971/1648/5 3873/105/5
f 3970/1649/5 3873/105/5 3874/1650/5
f 3969/1651/5 3970/1649/5 3874/1650/5
f 3969/1651/5 3874/1650/5 3875/1652/5
f 3968/1653/5 3969/1651/5 3875/1652/5
f 3968/1653/5 3875/1652/5 3876/1654/5
f 3967/1655/5 3968/1653/5 3876/1654/5
f 3967/1655/5 3876/1654/5 3877/1656/5
f 3966/1657/5 3967/1655/5 3877/1656/5
f 3966/1657/5 3877/1656/5 3878/1658/5
f 3965/1659/5 3966/1657/5 3878/1658/5
f 3965/1659/5 3878/1658/5 3879/1660/5
f 3964/1661/5 3965/1659/5 3879/1660/5
f 3964/1661/5 3879/1660/5 3880/1662/5
f 3963/1663/5 3964/1661/5 3880/1662/5
f 3963/1663/5 3880/1662/5 3881/1664/5
f 3962/1665/5 3963/1663/5 3881/1664/5
f 3962/1665/5 3881/1664/5 3882/1666/5
f 3961/1667/5 3962/1665/5 3882/1666/5
f 3961/1667/5 3882/1666/5 3883/1668/5
f 3960/1669/5 3961/1667/5 3883/1668/5
f 3960/1669/5 3883/1668/5 3884/1670/5
f 3959/1671/5 3960/1669/5 3884/1670/5
f 3959/1671/5 3884/1670/5 3885/1672/5
f 3958/1673/5 3959/1671/5 3885/1672/5
f 3958/1673/5 3885/1672/5 3886/1674/5
f 3957/1675/5 3958/1673/5 3886/1674/5
f 3957/1675/5 3886/1674/5 3887/1676/5
f 3956/1677/5 3957/1675/5 3887/1676/5
f 3956/1677/5 3887/1676/5 3888/1678/5
f 3955/1679/5 3956/1677/5 3888/1678/5
f 3955/1679/5 3888/1678/5 3889/1680/5
f 3954/1681/5 3955/1679/5 3889/1680/5
f 3954/1681/5 3889/1680/5 3890/1682/5
f 3953/1683/5 3954/1681/5 3890/1682/5
f 3953/1683/5 3890/1682/5 3891/1684/5
f 3952/1685/5 3953/1683/5 3891/1684/5
f 3952/1685/5 3891/1684/5 3892/1686/5
f 3951/1687/5 3952/1685/5 3892/1686/5
f 3951/1687/5 3892/1686/5 3893/1688/5
f 3950/1689/5 3951/1687/5 3893/1688/5
f 3950/1689/5 3893/1688/5 3894/1690/5
f 3949/1691/5 3950/1689/5 3894/1690/5
f 3949/1691/5 3894/1690/5 3895/1692/5
f 3948/1693/5 3949/1691/5 3895/1692/5
f 3948/1693/5 3895/1692/5 3896/1694/5
f 3947/1695/5 3948/1693/5 3896/1694/5
f 3947/1695/5 3896/1694/5 3897/1696/5
f 3946/1697/5 3947/1695/5 3897/1696/5
f 3946/1697/5 3897/1696/5 3898/1698/5
f 3945/1699/5 3946/1697/5 3898/1698/5
f 3945/1699/5 3898/1698/5 3899/1700/5
f 3944/1701/5 3945/1699/5 3899/1700/5
f 3944/1701/5 3899/1700/5 3900/1702/5
f 3943/1703/5 3944/1701/5 3900/1702/5
f 3943/1703/5 3900/1702/5 3901/1704/5
f 3942/1705/5 3943/1703/5 3901/1704/5
f 3942/1705/5 3901/1704/5 3902/1706/5
f 3941/1707/5 3942/1705/5 3902/1706/5
f 3941/1707/5 3902/1706/5 3903/1708/5
f 3940/1709/5 3941/1707/5 3903/1708/5
f 3940/1709/5 3903/1708/5 3904/1710/5
f 3939/1711/5 3940/1709/5 3904/1710/5
f 3939/1711/5 3904/1710/5 3905/1712/5
f 3938/1713/5 3939/1711/5 3905/1712/5
f 3938/1713/5 3905/1712/5 3906/1714/5
f 3937/1715/5 3938/1713/5 3906/1714/5
f 3937/1715/5 3906/1714/5 3907/1716/5
f 3936/1717/5 3937/1715/5 3907/1716/5
f 3936/1717/5 3907/1716/5 3908/1718/5
f 3935/1719/5 3936/1717/5 3908/1718/5
f 3935/1719/5 3908/1718/5 3909/1720/5
f 3934/1721/5 3935/1719/5 3909/1720/5
f 3934/1721/5 3909/1720/5 3910/1722/5
f 3933/1723/5 3934/1721/5 3910/1722/5
f 3933/1723/5 3910/1722/5 3911/1724/5
f 3932/1725/5 3933/1723/5 3911/1724/5
f 3932/1725/5 3911/1724/5 3912/1726/5
f 3931/1727/5 3932/1725/5 3912/1726/5
f 3931/1727/5 3912/1726/5 3913/1728/5
f 3930/1729/5 3931/1727/5 3913/1728/5
f 3930/1729/5 3913/1728/5 3914/1730/5
f 3929/1731/5 3930/1729/5 3914/1730/5
f 3929/1731/5 3914/1730/5 3915/1732/5
f 3928/1733/5 3929/1731/5 3915/1732/5
f 3928/1733/5 3915/1732/5 3916/1734/5
f 3927/1735/5 3928/1733/5 3916/1734/5
f 3927/1735/5 3916/1734/5 3917/1736/5
f 3926/1737/5 3927/1735/5 3917/1736/5
f 3926/1737/5 3917/1736/5 3918/1738/5
f 3925/1739/5 3926/1737/5 3918/1738/5
f 3925/1739/5 3918/1738/5 3919/1740/5
f 3924/1741/5 3925/1739/5 3919/1740/5
f 3924/1741/5 3919/1740/5 3920/1742/5
f 3923/1743/5 3924/1741/5 3920/1742/5
f 3923/1743/5 3920/1742/5 3921/1744/5
f 3922/1745/5 3923/1743/5 3921/1744/5
f 4594/1746/5 4595/1748/5 4596/1747/5
f 4594/1746/5 4596/1747/5 4597/1749/5
f 4593/1750/5 4594/1746/5 4597/1749/5
f 4593/1750/5 4597/1749/5 4598/1751/5
f 4593/1750/5 4598/1751/5 4599/1752/5
f 4592/1753/5 4593/1750/5 4599/1752/5
f 4592/1753/5 4599/1752/5 4600/1754/5
f 4591/1755/5 4592/1753/5 4600/1754/5
f 4591/1755/5 4600/1754/5 4601/1756/5
f 4591/1755/5 4601/1756/5 4602/1757/5
f 4590/1758/5 4591/1755/5 4602/1757/5
f 4590/1758/5 4602/1757/5 4603/1759/5
f 4590/1758/5 4603/1759/5 4604/1760/5
f 4589/1761/5 4590/1758/5 4604/1760/5
f 4589/1761/5 4604/1760/5 4605/1762/5
f 4588/1763/5 4589/1761/5 4605/1762/5
f 4588/1763/5 4605/1762/5 4606/1764/5
f 4588/1763/5 4606/1764/5 4607/1765/5
f 4587/1766/5 4588/1763/5 4607/1765/5
f 4587/1766/5 4607/1765/5 4608/1767/5
f 4586/1768/5 4587/1766/5 4608/1767/5
f 4586/1768/5 4608/1767/5 4609/1769/5
f 4586/1768/5 4609/1769/5 4610/1770/5
f 4585/1771/5 4586/1768/5 4610/1770/5
f 4585/1771/5 4610/1770/5 4611/1772/5
f 4585/1771/5 4611/1772/5 4612/1773/5
f 4584/1774/5 4585/1771/5 4612/1773/5
f 4584/1774/5 4612/1773/5 4613/1775/5
f 4584/1774/5 4613/1775/5 4614/1776/5
f 4583/1777/5 4584/1774/5 4614/1776/5
f 4583/1777/5 4614/1776/5 4615/1778/5
f 4582/1779/5 4583/1777/5 4615/1778/5
f 4582/1779/5 4615/1778/5 4616/1780/5
f 4582/1779/5 4616/1780/5 4617/1781/5
f 4581/1782/5 4582/1779/5 4617/1781/5
f 4581/1782/5 4617/1781/5 4618/1783/5
f 4581/1782/5 4618/1783/5 4619/1784/5
f 4580/1785/5 4581/1782/5 4619/1784/5
f 4580/1785/5 4619/1784/5 4620/1786/5
f 4580/1785/5 4620/1786/5 4621/1787/5
f 4579/1788/5 4580/1785/5 4621/1787/5
f 4579/1788/5 4621/1787/5 4622/1789/5
f 4579/1788/5 4622/1789/5 4623/1790/5
f 4578/1791/5 4579/1788/5 4623/1790/5
f 4578/1791/5 4623/1790/5 4624/1792/5
f 4578/1791/5 4624/1792/5 4625/1793/5
f 4577/1794/5 4578/1791/5 4625/1793/5
f 4577/1794/5 4625/1793/5 4626/1795/5
f 4577/1794/5 4626/1795/5 4627/1796/5
f 4576/1797/5 4577/1794/5 4627/1796/5
f 4576/1797/5 4627/1796/5 4628/1798/5
f 4576/1797/5 4628/1798/5 4629/1799/5
f 4576/1797/5 4629/1799/5 4630/100/5
f 4575/1800/5 4576/1797/5 4630/100/5
f 4575/1800/5 4630/100/5 4067/105/5
f 4575/1800/5 4067/105/5 4068/1801/5
f 4575/1800/5 4068/1801/5 4069/1802/5
f 4574/1803/5 4575/1800/5 4069/1802/5
f 4574/1803/5 4069/1802/5 4070/1804/5
f 4574/1803/5 4070/1804/5 4071/1805/5
f 4573/1806/5 4574/1803/5 4071/1805/5
f 4573/1806/5 4071/1805/5 4072/1807/5
f 4573/1806/5 4072/1807/5 4073/1808/5
f 4573/1806/5 4073/1808/5 4074/1809/5
f 4572/1810/5 4573/1806/5 4074/1809/5
f 4572/1810/5 4074/1809/5 4075/1811/5
f 4572/1810/5 4075/1811/5 4076/1812/5
f 4571/1813/5 4572/1810/5 4076/1812/5
f 4571/1813/5 4076/1812/5 4077/1814/5
f 4571/1813/5 4077/1814/5 4078/1815/5
f 4570/1816/5 4571/1813/5 4078/1815/5
f 4570/1816/5 4078/1815/5 4079/1817/5
f 4570/1816/5 4079/1817/5 4080/1818/5
f 4570/1816/5 4080/1818/5 4081/1819/5
f 4569/1820/5 4570/1816/5 4081/1819/5
f 4569/1820/5 4081/1819/5 4082/1821/5
f 4569/1820/5 4082/1821/5 4083/1822/5
f 4568/1823/5 4569/1820/5 4083/1822/5
f 4568/1823/5 4083/1822/5 4084/1824/5
f 4568/1823/5 4084/1824/5 4085/1825/5
f 4567/1826/5 4568/1823/5 4085/1825/5
f 4567/1826/5 4085/1825/5 4086/1827/5
f 4567/1826/5 4086/1827/5 4087/1828/5
f 4566/1829/5 4567/1826/5 4087/1828/5
f 4566/1829/5 4087/1828/5 4088/1830/5
f 4565/1831/5 4566/1829/5 4088/1830/5
f 4565/1831/5 4088/1830/5 4089/1832/5
f 4565/1831/5 4089/1832/5 4090/1833/5
f 4564/1834/5 4565/1831/5 4090/1833/5
f 4564/1834/5 4090/1833/5 4163/1835/5
f 4163/1835/5 4090/1833/5 4091/1836/5
f 4564/1834/5 4163/1835/5 4164/1837/7
f 4162/1838/5 4163/1835/5 4091/1836/5
f 4162/1838/5 4091/1836/5 4092/1839/5
f 4161/1840/5 4162/1838/5 4092/1839/5
f 4564/1834/5 4164/1837/7 4165/1841/5
f 4160/1842/5 4161/1840/5 4092/1839/5
f 4564/1834/5 4165/1841/5 4166/1843/5
f 4159/1844/5 4160/1842/5 4092/1839/5
f 4158/1845/5 4159/1844/5 4092/1839/5
f 4564/1834/5 4166/1843/5 4167/1846/5
f 4563/1847/5 4564/1834/5 4167/1846/5
f 4157/1848/5 4158/1845/5 4092/1839/5
f 4563/1847/5 4167/1846/5 4168/1849/5
f 4156/1850/5 4157/1848/5 4092/1839/5
f 4563/1847/5 4168/1849/5 4169/1851/5
f 4155/1852/5 4156/1850/5 4092/1839/5
f 4154/1853/5 4155/1852/5 4092/1839/5
f 4563/1847/5 4169/1851/5 4170/1854/5
f 4154/1853/5 4092/1839/5 4093/1855/5
f 4153/1856/5 4154/1853/5 4093/1855/5
f 4563/1847/5 4170/1854/5 4171/1857/5
f 4152/1858/5 4153/1856/5 4093/1855/5
f 4563/1847/5 4171/1857/5 4172/1859/5
f 4151/1860/5 4152/1858/5 4093/1855/5
f 4562/1861/5 4563/1847/5 4172/1859/5
f 4151/1860/5 4093/1855/5 4094/1862/5
f 4150/1863/5 4151/1860/5 4094/1862/5
f 4562/1861/5 4172/1859/5 4173/1864/5
f 4149/1865/5 4150/1863/5 4094/1862/5
f 4562/1861/5 4173/1864/5 4174/1866/5
f 4148/1867/5 4149/1865/5 4094/1862/5
f 4148/1867/5 4094/1862/5 4095/1868/5
f 4562/1861/5 4174/1866/5 4175/1869/5
f 4147/1870/5 4148/1867/5 4095/1868/5
f 4146/1871/5 4147/1870/5 4095/1868/5
f 4561/1872/5 4562/1861/5 4175/1869/5
f 4146/1871/5 4095/1868/5 4096/1873/5
f 4561/1872/5 4175/1869/5 4176/1874/5
f 4145/1875/5 4146/1871/5 4096/1873/5
f 4144/1876/5 4145/1875/5 4096/1873/5
f 4561/1872/5 4176/1874/5 4177/1877/5
f 4144/1876/5 4096/1873/5 4097/1878/5
f 4143/1879/5 4144/1876/5 4097/1878/5
f 4142/1880/5 4143/1879/5 4097/1878/5
f 4561/1872/5 4177/1877/5 4178/1881/5
f 4560/1882/5 4561/1872/5 4178/1881/5
f 4142/1880/5 4097/1878/5 4098/1883/5
f 4141/1884/5 4142/1880/5 4098/1883/5
f 4560/1882/5 4178/1881/5 4179/1885/5
f 4140/1886/5 4141/1884/5 4098/1883/5
f 4140/1886/5 4098/1883/5 4099/1887/5
f 4139/1888/5 4140/1886/5 4099/1887/5
f 4560/1882/5 4179/1885/5 4180/1889/5
f 4138/1890/5 4139/1888/5 4099/1887/5
f 4138/1890/5 4099/1887/5 4100/1891/5
f 4137/1892/5 4138/1890/5 4100/1891/5
f 4559/1893/5 4560/1882/5 4180/1889/5
f 4559/1893/5 4180/1889/5 4181/1894/5
f 4136/1895/5 4137/1892/5 4100/1891/5
f 4136/1895/5 4100/1891/5 4101/1896/5
f 4135/1897/5 4136/1895/5 4101/1896/5
f 4559/1893/5 4181/1894/5 4182/1898/5
f 4134/1899/5 4135/1897/5 4101/1896/5
f 4134/1899/5 4101/1896/5 4102/1900/5
f 4133/1901/5 4134/1899/5 4102/1900/5
f 4558/1902/5 4559/1893/5 4182/1898/5
f 4132/1903/5 4133/1901/5 4102/1900/5
f 4558/1902/5 4182/1898/5 4183/1904/5
f 4132/1903/5 4102/1900/5 4103/1905/5
f 4131/1906/5 4132/1903/5 4103/1905/5
f 4131/1906/5 4103/1905/5 4104/1907/5
f 4130/1908/5 4131/1906/5 4104/1907/5
f 4558/1902/5 4183/1904/5 4184/1909/5
f 4129/1910/5 4130/1908/5 4104/1907/5
f 4129/1910/5 4104/1907/5 4105/1911/5
f 4128/1912/5 4129/1910/5 4105/1911/5
f 4128/1912/5 4105/1911/5 4106/1913/5
f 4557/1914/5 4558/1902/5 4184/1909/5
f 4557/1914/5 4184/1909/5 4185/1915/5
f 4127/1916/5 4128/1912/5 4106/1913/5
f 4126/1917/5 4127/1916/5 4106/1913/5
f 4126/1917/5 4106/1913/5 4107/1918/5
f 4125/1919/5 4126/1917/5 4107/1918/5
f 4125/1919/5 4107/1918/5 4108/1920/5
f 4557/1914/5 4185/1915/5 4186/1921/5
f 4124/1922/5 4125/1919/5 4108/1920/5
f 4124/1922/5 4108/1920/5 4109/1923/5
f 4123/1924/5 4124/1922/5 4109/1923/5
f 4122/1925/5 4123/1924/5 4109/1923/5
f 4122/1925/5 4109/1923/5 4110/1926/5
f 4121/1927/5 4122/1925/5 4110/1926/5
f 4556/1928/5 4557/1914/5 4186/1921/5
f 4121/1927/5 4110/1926/5 4111/1929/5
f 4556/1928/5 4186/1921/5 4187/1930/5
f 4120/1931/5 4121/1927/5 4111/1929/5
f 4120/1931/5 4111/1929/5 4112/1932/5
f 4119/1933/5 4120/1931/5 4112/1932/5
f 4118/1934/5 4119/1933/5 4112/1932/5
f 4118/1934/5 4112/1932/5 4113/1935/5
f 4117/1936/5 4118/1934/5 4113/1935/5
f 4117/1936/5 4113/1935/5 4114/1937/5
f 4116/1938/5 4117/1936/5 4114/1937/5
f 4116/1938/5 4114/1937/5 4115/1939/5
f 4556/1928/5 4187/1930/5 4188/1940/5
f 4555/1941/5 4556/1928/5 4188/1940/5
f 4555/1941/5 4188/1940/5 4189/1942/5
f 4555/1941/5 4189/1942/5 4190/1943/5
f 4554/1944/5 4555/1941/5 4190/1943/5
f 4554/1944/5 4190/1943/5 4191/1945/5
f 4554/1944/5 4191/1945/5 4192/1946/5
f 4553/1947/5 4554/1944/5 4192/1946/5
f 4553/1947/5 4192/1946/5 4193/1948/5
f 4552/1949/5 4553/1947/5 4193/1948/5
f 4552/1949/5 4193/1948/5 4194/1950/5
f 4552/1949/5 4194/1950/5 4195/1951/5
f 4551/1952/5 4552/1949/5 4195/1951/5
f 4551/1952/5 4195/1951/5 4196/1953/5
f 4551/1952/5 4196/1953/5 4197/1954/5
f 4550/1955/5 4551/1952/5 4197/1954/5
f 4550/1955/5 4197/1954/5 4198/1956/5
f 4549/1957/5 4550/1955/5 4198/1956/5
f 4549/1957/5 4198/1956/5 4199/1958/5
f 4549/1957/5 4199/1958/5 4200/1959/5
f 4548/1960/5 4549/1957/5 4200/1959/5
f 4548/1960/5 4200/1959/5 4201/1961/5
f 4547/1962/5 4548/1960/5 4201/1961/5
f 4547/1962/5 4201/1961/5 4202/1963/5
f 4547/1962/5 4202/1963/5 4203/1964/5
f 4546/1965/5 4547/1962/5 4203/1964/5
f 4546/1965/5 4203/1964/5 4204/1966/5
f 4545/1967/5 4546/1965/5 4204/1966/5
f 4545/1967/5 4204/1966/5 4205/1968/5
f 4545/1967/5 4205/1968/5 4206/1969/5
f 4544/1970/5 4545/1967/5 4206/1969/5
f 4544/1970/5 4206/1969/5 4207/1971/5
f 4543/1972/5 4544/1970/5 4207/1971/5
f 4543/1972/5 4207/1971/5 4208/1973/5
f 4543/1972/5 4208/1973/5 4209/1974/5
f 4542/1975/5 4543/1972/5 4209/1974/5
f 4542/1975/5 4209/1974/5 4210/1976/5
f 4541/1977/5 4542/1975/5 4210/1976/5
f 4541/1977/5 4210/1976/5 4211/1978/5
f 4540/1979/5 4541/1977/5 4211/1978/5
f 4540/1979/5 4211/1978/5 4212/1980/5
f 4540/1979/5 4212/1980/5 4213/1981/5
f 4539/1982/5 4540/1979/5 4213/1981/5
f 4539/1982/5 4213/1981/5 4214/1983/5
f 4538/1984/5 4539/1982/5 4214/1983/5
f 4538/1984/5 4214/1983/5 4215/1985/5
f 4538/1984/5 4215/1985/5 4216/1986/5
f 4537/1987/5 4538/1984/5 4216/1986/5
f 4537/1987/5 4216/1986/5 4217/1988/5
f 4536/1989/5 4537/1987/5 4217/1988/5
f 4536/1989/5 4217/1988/5 4218/1990/5
f 4536/1989/5 4218/1990/5 4219/1991/5
f 4535/1992/5 4536/1989/5 4219/1991/5
f 4535/1992/5 4219/1991/5 4220/1993/5
f 4534/1994/5 4535/1992/5 4220/1993/5
f 4534/1994/5 4220/1993/5 4221/1995/5
f 4534/1994/5 4221/1995/5 4222/1996/5
f 4533/1997/5 4534/1994/5 4222/1996/5
f 4533/1997/5 4222/1996/5 4223/1998/5
f 4532/1999/5 4533/1997/5 4223/1998/5
f 4532/1999/5 4223/1998/5 4224/2000/5
f 4532/1999/5 4224/2000/5 4225/2001/5
f 4531/2002/5 4532/1999/5 4225/2001/5
f 4531/2002/5 4225/2001/5 4226/2003/5
f 4530/2004/5 4531/2002/5 4226/2003/5
f 4530/2004/5 4226/2003/5 4227/2005/5
f 4530/2004/5 4227/2005/5 4228/2006/5
f 4529/2007/5 4530/2004/5 4228/2006/5
f 4529/2007/5 4228/2006/5 4229/2008/5
f 4528/2009/5 4529/2007/5 4229/2008/5
f 4528/2009/5 4229/2008/5 4230/2010/5
f 4528/2009/5 4230/2010/5 4231/2011/5
f 4527/2012/5 4528/2009/5 4231/2011/5
f 4527/2012/5 4231/2011/5 4232/2013/5
f 4526/2014/5 4527/2012/5 4232/2013/5
f 4526/2014/5 4232/2013/5 4233/2015/5
f 4526/2014/5 4233/2015/5 4234/2016/5
f 4525/2017/5 4526/2014/5 4234/2016/5
f 4525/2017/5 4234/2016/5 4235/2018/5
f 4524/2019/5 4525/2017/5 4235/2018/5
f 4524/2019/5 4235/2018/5 4236/2020/5
f 4524/2019/5 4236/2020/5 4237/2021/5
f 4523/2022/5 4524/2019/5 4237/2021/5
f 4523/2022/5 4237/2021/5 4238/2023/5
f 4522/2024/5 4523/2022/5 4238/2023/5
f 4522/2024/5 4238/2023/5 4239/2025/5
f 4522/2024/5 4239/2025/5 4240/2026/5
f 4521/2027/5 4522/2024/5 4240/2026/5
f 4521/2027/5 4240/2026/5 4241/2028/5
f 4521/2027/5 4241/2028/5 4242/2029/5
f 4520/2030/5 4521/2027/5 4242/2029/5
f 4520/2030/5 4242/2029/5 4243/2031/5
f 4520/2030/5 4243/2031/5 4244/2032/5
f 4519/2033/5 4520/2030/5 4244/2032/5
f 4519/2033/5 4244/2032/5 4245/2034/5
f 4519/2033/5 4245/2034/5 4246/2035/5
f 4518/2036/5 4519/2033/5 4246/2035/5
f 4518/2036/5 4246/2035/5 4247/2037/5
f 4518/2036/5 4247/2037/5 4248/2038/5
f 4517/2039/5 4518/2036/5 4248/2038/5
f 4517/2039/5 4248/2038/5 4249/2040/5
f 4517/2039/5 4249/2040/5 4250/2041/5
f 4516/2042/5 4517/2039/5 4250/2041/5
f 4516/2042/5 4250/2041/5 4251/2043/5
f 4516/2042/5 4251/2043/5 4252/2044/5
f 4515/2045/5 4516/2042/5 4252/2044/5
f 4515/2045/5 4252/2044/5 4253/2046/5
f 4515/2045/5 4253/2046/5 4254/2047/5
f 4514/2048/5 4515/2045/5 4254/2047/5
f 4514/2048/5 4254/2047/5 4255/2049/5
f 4330/2050/5 4331/2052/5 4332/2051/5
f 4330/2050/5 4332/2051/5 4333/2053/5
f 4329/2054/5 4330/2050/5 4333/2053/5
f 4329/2054/5 4333/2053/5 4334/2055/5
f 4328/2056/5 4329/2054/5 4334/2055/5
f 4328/2056/5 4334/2055/5 4335/2057/5
f 4514/2048/5 4255/2049/5 4256/2058/5
f 4327/2059/5 4328/2056/5 4335/2057/5
f 4327/2059/5 4335/2057/5 4336/2060/5
f 4327/2059/5 4336/2060/5 4337/2061/5
f 4326/2062/5 4327/2059/5 4337/2061/5
f 4326/2062/5 4337/2061/5 4338/2063/5
f 4325/2064/5 4326/2062/5 4338/2063/5
f 4325/2064/5 4338/2063/5 4339/2065/5
f 4324/2066/5 4325/2064/5 4339/2065/5
f 4324/2066/5 4339/2065/5 4340/2067/5
f 4323/2068/5 4324/2066/5 4340/2067/5
f 4323/2068/5 4340/2067/5 4341/2069/5
f 4323/2068/5 4341/2069/5 4342/2070/5
f 4322/2071/5 4323/2068/5 4342/2070/5
f 4514/2048/5 4256/2058/5 4257/2072/5
f 4513/2073/5 4514/2048/5 4257/2072/5
f 4322/2071/5 4342/2070/5 4343/2074/5
f 4321/2075/5 4322/2071/5 4343/2074/5
f 4321/2075/5 4343/2074/5 4344/2076/5
f 4320/2077/5 4321/2075/5 4344/2076/5
f 4320/2077/5 4344/2076/5 4345/2078/5
f 4319/2079/5 4320/2077/5 4345/2078/5
f 4319/2079/5 4345/2078/5 4346/2080/5
f 4513/2073/5 4257/2072/5 4258/2081/5
f 4319/2079/5 4346/2080/5 4347/2082/5
f 4318/2083/5 4319/2079/5 4347/2082/5
f 4318/2083/5 4347/2082/5 4348/2084/5
f 4317/2085/5 4318/2083/5 4348/2084/5
f 4317/2085/5 4348/2084/5 4349/2086/5
f 4513/2073/5 4258/2081/5 4259/2087/5
f 4316/2088/5 4317/2085/5 4349/2086/5
f 4316/2088/5 4349/2086/5 4350/2089/5
f 4315/2090/5 4316/2088/5 4350/2089/5
f 4315/2090/5 4350/2089/5 4351/2091/5
f 4512/2092/5 4513/2073/5 4259/2087/5
f 4314/2093/5 4315/2090/5 4351/2091/5
f 4314/2093/5 4351/2091/5 4352/2094/5
f 4512/2092/5 4259/2087/5 4260/2095/5
f 4314/2093/5 4352/2094/5 4353/2096/5
f 4313/2097/5 4314/2093/5 4353/2096/5
f 4313/2097/5 4353/2096/5 4354/2098/5
f 4312/2099/5 4313/2097/5 4354/2098/5
f 4512/2092/5 4260/2095/5 4261/2100/5
f 4312/2099/5 4354/2098/5 4355/2101/5
f 4311/2102/5 4312/2099/5 4355/2101/5
f 4311/2102/5 4355/2101/5 4356/2103/5
f 4310/2104/5 4311/2102/5 4356/2103/5
f 4512/2092/5 4261/2100/5 4262/2105/5
f 4310/2104/5 4356/2103/5 4357/2106/5
f 4310/2104/5 4357/2106/5 4358/2107/5
f 4511/2108/5 4512/2092/5 4262/2105/5
f 4309/2109/5 4310/2104/5 4358/2107/5
f 4309/2109/5 4358/2107/5 4359/2110/5
f 4309/2109/5 4359/2110/5 4360/2111/5
f 4308/2112/5 4309/2109/5 4360/2111/5
f 4511/2108/5 4262/2105/5 4263/2113/5
f 4308/2112/5 4360/2111/5 4361/2114/5
f 4308/2112/5 4361/2114/5 4362/2115/5
f 4307/2116/5 4308/2112/5 4362/2115/5
f 4307/2116/5 4362/2115/5 4363/2117/5
f 4511/2108/5 4263/2113/5 4264/2118/5
f 4306/2119/5 4307/2116/5 4363/2117/5
f 4306/2119/5 4363/2117/5 4364/2120/5
f 4306/2119/5 4364/2120/5 4365/2121/5
f 4305/2122/5 4306/2119/5 4365/2121/5
f 4511/2108/5 4264/2118/5 4265/2123/5
f 4305/2122/5 4365/2121/5 4366/2124/5
f 4304/2125/5 4305/2122/5 4366/2124/5
f 4510/2126/5 4511/2108/5 4265/2123/5
f 4304/2125/5 4366/2124/5 4367/2127/5
f 4510/2126/5 4265/2123/5 4266/2128/5
f 4303/2129/5 4304/2125/5 4367/2127/5
f 4303/2129/5 4367/2127/5 4368/2130/5
f 4303/2129/5 4368/2130/5 4369/2131/5
f 4302/2132/5 4303/2129/5 4369/2131/5
f 4510/2126/5 4266/2128/5 4267/2133/5
f 4302/2132/5 4369/2131/5 4370/2134/5
f 4301/2135/5 4302/2132/5 4370/2134/5
f 4301/2135/5 4370/2134/5 4371/2136/5
f 4510/2126/5 4267/2133/5 4268/2137/5
f 4300/2138/5 4301/2135/5 4371/2136/5
f 4300/2138/5 4371/2136/5 4372/2139/5
f 4299/2140/5 4300/2138/5 4372/2139/5
f 4509/2141/5 4510/2126/5 4268/2137/5
f 4509/2141/5 4268/2137/5 4269/2142/5
f 4299/2140/5 4372/2139/5 4373/2143/5
f 4298/2144/5 4299/2140/5 4373/2143/5
f 4298/2144/5 4373/2143/5 4374/2145/5
f 4509/2141/5 4269/2142/5 4270/2146/5
f 4297/2147/5 4298/2144/5 4374/2145/5
f 4297/2147/5 4374/2145/5 4375/2148/5
f 4509/2141/5 4270/2146/5 4271/2149/5
f 4296/2150/5 4297/2147/5 4375/2148/5
f 4296/2150/5 4375/2148/5 4376/2151/5
f 4295/2152/5 4296/2150/5 4376/2151/5
f 4509/2141/5 4271/2149/5 4272/2153/5
f 4295/2152/5 4376/2151/5 4377/2154/5
f 4294/2155/5 4295/2152/5 4377/2154/5
f 4509/2141/5 4272/2153/5 4273/2156/5
f 4294/2155/5 4377/2154/5 4378/2157/5
f 4508/2158/5 4509/2141/5 4273/2156/5
f 4293/2159/5 4294/2155/5 4378/2157/5
f 4508/2158/5 4273/2156/5 4274/2160/5
f 4292/2161/5 4293/2159/5 4378/2157/5
f 4292/2161/5 4378/2157/5 4379/2162/5
f 4508/2158/5 4274/2160/5 4275/2163/5
f 4291/2164/5 4292/2161/5 4379/2162/5
f 4508/2158/5 4275/2163/5 4276/2165/5
f 4291/2164/5 4379/2162/5 4380/2166/5
f 4290/2167/5 4291/2164/5 4380/2166/5
f 4508/2158/5 4276/2165/5 4277/2168/5
f 4289/2169/5 4290/2167/5 4380/2166/5
f 4289/2169/5 4380/2166/5 4381/2170/5
f 4508/2158/5 4277/2168/5 4278/2171/5
f 4288/2172/5 4289/2169/5 4381/2170/5
f 4508/2158/5 4278/2171/5 4279/2173/5
f 4287/2174/5 4288/2172/5 4381/2170/5
f 4508/2158/5 4279/2173/5 4280/2175/5
f 4286/2176/5 4287/2174/5 4381/2170/5
f 4286/2176/5 4381/2170/5 4382/2177/5
f 4508/2158/5 4280/2175/5 4281/2178/5
f 4285/2179/5 4286/2176/5 4382/2177/5
f 4508/2158/5 4281/2178/5 4282/2180/5
f 4284/2181/5 4285/2179/5 4382/2177/5
f 4508/2158/5 4282/2180/5 4283/2182/5
f 4283/2182/5 4284/2181/5 4382/2177/5
f 4508/2158/5 4283/2182/5 4382/2177/5
f 4507/2183/5 4508/2158/5 4382/2177/5
f 4507/2183/5 4382/2177/5 4383/2184/5
f 4507/2183/5 4383/2184/5 4384/2185/5
f 4507/2183/5 4384/2185/5 4385/2186/5
f 4507/2183/5 4385/2186/5 4386/2187/5
f 4507/2183/5 4386/2187/5 4387/2188/5
f 4506/2189/5 4507/2183/5 4387/2188/5
f 4506/2189/5 4387/2188/5 4388/2190/5
f 4506/2189/5 4388/2190/5 4389/2191/5
f 4506/2189/5 4389/2191/5 4390/2192/5
f 4505/2193/5 4506/2189/5 4390/2192/5
f 4505/2193/5 4390/2192/5 4391/2194/5
f 4505/2193/5 4391/2194/5 4392/2195/5
f 4505/2193/5 4392/2195/5 4393/2196/5
f 4505/2193/5 4393/2196/5 4394/2197/5
f 4504/2198/5 4505/2193/5 4394/2197/5
f 4504/2198/5 4394/2197/5 4395/2199/5
f 4504/2198/5 4395/2199/5 4396/2200/5
f 4504/2198/5 4396/2200/5 4397/2201/5
f 4504/2198/5 4397/2201/5 4398/2202/5
f 4503/2203/5 4504/2198/5 4398/2202/5
f 4503/2203/5 4398/2202/5 4399/2204/5
f 4503/2203/5 4399/2204/5 4400/2205/5
f 4503/2203/5 4400/2205/5 4401/2206/5
f 4503/2203/5 4401/2206/5 4402/2207/5
f 4502/2208/5 4503/2203/5 4402/2207/5
f 4502/2208/5 4402/2207/5 4403/2209/5
f 4502/2208/5 4403/2209/5 4404/2210/5
f 4502/2208/5 4404/2210/5 4405/2211/5
f 4502/2208/5 4405/2211/5 4406/2212/5
f 4501/2213/5 4502/2208/5 4406/2212/5
f 4501/2213/5 4406/2212/5 4407/2214/5
f 4501/2213/5 4407/2214/5 4408/2215/5
f 4501/2213/5 4408/2215/5 4409/2216/5
f 4501/2213/5 4409/2216/5 4410/2217/5
f 4500/2218/5 4501/2213/5 4410/2217/5
f 4500/2218/5 4410/2217/5 4411/2219/5
f 4500/2218/5 4411/2219/5 4412/2220/5
f 4500/2218/5 4412/2220/5 4413/2221/5
f 4500/2218/5 4413/2221/5 4414/2222/5
f 4499/2223/5 4500/2218/5 4414/2222/5
f 4499/2223/5 4414/2222/5 4415/2224/5
f 4499/2223/5 4415/2224/5 4416/2225/5
f 4499/2223/5 4416/2225/5 4417/2226/5
f 4499/2223/5 4417/2226/5 4418/2227/5
f 4498/2228/5 4499/2223/5 4418/2227/5
f 4498/2228/5 4418/2227/5 4419/2229/5
f 4498/2228/5 4419/2229/5 4420/2230/5
f 4498/2228/5 4420/2230/5 4421/2231/5
f 4498/2228/5 4421/2231/5 4422/2232/5
f 4497/2233/5 4498/2228/5 4422/2232/5
f 4497/2233/5 4422/2232/5 4423/2234/5
f 4497/2233/5 4423/2234/5 4424/2235/5
f 4497/2233/5 4424/2235/5 4425/2236/5
f 4497/2233/5 4425/2236/5 4426/2237/5
f 4497/2233/5 4426/2237/5 4427/2238/5
f 4496/2239/5 4497/2233/5 4427/2238/5
f 4496/2239/5 4427/2238/5 4428/2240/5
f 4496/2239/5 4428/2240/5 4429/2241/5
f 4496/2239/5 4429/2241/5 4430/2242/5
f 4496/2239/5 4430/2242/5 4431/2243/5
f 4495/2244/5 4496/2239/5 4431/2243/5
f 4495/2244/5 4431/2243/5 4432/2245/5
f 4495/2244/5 4432/2245/5 4433/2246/5
f 4495/2244/5 4433/2246/5 4434/2247/5
f 4495/2244/5 4434/2247/5 4435/2248/5
f 4494/2249/5 4495/2244/5 4435/2248/5
f 4494/2249/5 4435/2248/5 4436/2250/5
f 4494/2249/5 4436/2250/5 4437/2251/5
f 4494/2249/5 4437/2251/5 4438/2252/5
f 4493/2253/5 4494/2249/5 4438/2252/5
f 4493/2253/5 4438/2252/5 4439/2254/5
f 4493/2253/5 4439/2254/5 4440/2255/5
f 4493/2253/5 4440/2255/5 4441/2256/5
f 4492/2257/5 4493/2253/5 4441/2256/5
f 4492/2257/5 4441/2256/5 4442/2258/5
f 4492/2257/5 4442/2258/5 4443/2259/5
f 4491/2260/5 4492/2257/5 4443/2259/5
f 4491/2260/5 4443/2259/5 4444/2261/5
f 4491/2260/5 4444/2261/5 4445/2262/5
f 4490/2263/5 4491/2260/5 4445/2262/5
f 4490/2263/5 4445/2262/5 4446/2264/5
f 4490/2263/5 4446/2264/5 4447/2265/5
f 4490/2263/5 4447/2265/5 4448/2266/5
f 4489/2267/5 4490/2263/5 4448/2266/5
f 4489/2267/5 4448/2266/5 4449/2268/5
f 4489/2267/5 4449/2268/5 4450/2269/5
f 4488/2270/5 4489/2267/5 4450/2269/5
f 4488/2270/5 4450/2269/5 4451/2271/5
f 4488/2270/5 4451/2271/5 4452/2272/5
f 4487/2273/5 4488/2270/5 4452/2272/5
f 4487/2273/5 4452/2272/5 4453/2274/5
f 4487/2273/5 4453/2274/5 4454/2275/5
f 4486/2276/5 4487/2273/5 4454/2275/5
f 4486/2276/5 4454/2275/5 4455/2277/5
f 4486/2276/5 4455/2277/5 4456/2278/5
f 4485/2279/5 4486/2276/5 4456/2278/5
f 4485/2279/5 4456/2278/5 4457/2280/5
f 4485/2279/5 4457/2280/5 4458/2281/5
f 4484/2282/5 4485/2279/5 4458/2281/5
f 4484/2282/5 4458/2281/5 4459/2283/5
f 4484/2282/5 4459/2283/5 4460/2284/5
f 4483/2285/5 4484/2282/5 4460/2284/5
f 4483/2285/5 4460/2284/5 4461/2286/5
f 4483/2285/5 4461/2286/5 4462/2287/5
f 4482/2288/5 4483/2285/5 4462/2287/5
f 4482/2288/5 4462/2287/5 4463/2289/5
f 4482/2288/5 4463/2289/5 4464/2290/5
f 4481/2291/5 4482/2288/5 4464/2290/5
f 4481/2291/5 4464/2290/5 4465/2292/5
f 4481/2291/5 4465/2292/5 4466/2293/5
f 4480/2294/5 4481/2291/5 4466/2293/5
f 4480/2294/5 4466/2293/5 4467/2295/5
f 4479/2296/5 4480/2294/5 4467/2295/5
f 4479/2296/5 4467/2295/5 4468/2297/5
f 4479/2296/5 4468/2297/5 4469/2298/5
f 4478/2299/5 4479/2296/5 4469/2298/5
f 4478/2299/5 4469/2298/5 4470/2300/5
f 4478/2299/5 4470/2300/5 4471/2301/5
f 4477/2302/5 4478/2299/5 4471/2301/5
f 4477/2302/5 4471/2301/5 4472/2303/5
f 4476/2304/5 4477/2302/5 4472/2303/5
f 4476/2304/5 4472/2303/5 4473/2305/5
f 4476/2304/5 4473/2305/5 4474/2306/5
f 4475/2307/5 4476/2304/5 4474/2306/5
f 4632/2308/8 4634/2309/9 4633/2310/9 4631/105/8
f 4634/2309/9 4636/2311/10 4635/2312/10 4633/2310/9
f 4636/2311/10 4638/2313/11 4637/2314/11 4635/2312/10
f 4638/2313/11 4640/2315/12 4639/2316/12 4637/2314/11
f 4640/2315/12 4642/2317/13 4641/2318/13 4639/2316/12
f 4642/2317/13 4644/2319/14 4643/126/14 4641/2318/13
f 4644/2319/14 4646/2320/15 4645/2321/15 4643/126/14
f 4646/2320/15 4648/2322/16 4647/2323/16 4645/2321/15
f 4648/2322/16 4650/2324/17 4649/2325/17 4647/2323/16
f 4650/2324/17 4652/2326/18 4651/2327/18 4649/2325/17
f 4652/2326/18 4654/2328/19 4653/2329/19 4651/2327/18
f 4654/2328/19 4656/2330/20 4655/150/20 4653/2329/19
f 4656/2330/20 4658/2331/21 4657/2332/21 4655/150/20
f 4658/2331/21 4660/2333/22 4659/2334/22 4657/2332/21
f 4660/2333/22 4662/2335/23 4661/2336/23 4659/2334/22
f 4662/2335/23 4664/2337/24 4663/2338/24 4661/2336/23
f 4664/2337/24 4666/2339/25 4665/2340/25 4663/2338/24
f 4666/2339/25 4668/2341/26 4667/171/26 4665/2340/25
f 4668/2341/26 4670/2342/27 4669/2343/27 4667/171/26
f 4670/2342/27 4672/2344/28 4671/2345/28 4669/2343/27
f 4672/2344/28 4674/2346/29 4673/2347/29 4671/2345/28
f 4674/2346/29 4676/2348/30 4675/2349/30 4673/2347/29
f 4676/2348/30 4678/2350/31 4677/2351/31 4675/2349/30
f 4678/2350/31 4680/2352/32 4679/190/32 4677/2351/31
f 4680/2352/32 4682/2353/33 4681/2354/33 4679/190/32
f 4682/2353/33 4684/2355/34 4683/2356/34 4681/2354/33
f 4684/2355/34 4686/2357/35 4685/2358/35 4683/2356/34
f 4686/2357/35 4688/2359/36 4687/2360/36 4685/2358/35
f 4688/2359/36 4690/2361/37 4689/2362/37 4687/2360/36
f 4690/2361/37 4692/2363/38 4691/200/38 4689/2362/37
f 4692/2363/38 4694/2364/39 4693/2365/39 4691/200/38
f 4694/2364/39 4696/2366/40 4695/2367/40 4693/2365/39
f 4696/2366/40 4698/2368/41 4697/2369/41 4695/2367/40
f 4698/2368/41 4700/2370/42 4699/2371/42 4697/2369/41
f 4700/2370/42 4702/2372/43 4701/2373/43 4699/2371/42
f 4702/2372/43 4704/2374/44 4703/208/44 4701/2373/43
f 4704/2374/44 4706/2375/45 4705/2376/45 4703/208/44
f 4706/2375/45 4708/2377/46 4707/2378/46 4705/2376/45
f 4708/2377/46 4710/2379/47 4709/2380/47 4707/2378/46
f 4710/2379/47 4712/2381/48 4711/2382/48 4709/2380/47
f 4712/2381/48 4714/2383/49 4713/2384/49 4711/2382/48
f 4714/2383/49 4716/2385/50 4715/217/50 4713/2384/49
f 4716/2385/50 4718/2386/51 4717/2387/51 4715/217/50
f 4718/2386/51 4720/2388/52 4719/2389/52 4717/2387/51
f 4720/2388/52 4722/2390/53 4721/2391/53 4719/2389/52
f 4722/2390/53 4724/2392/54 4723/2393/54 4721/2391/53
f 4724/2392/54 4726/2394/55 4725/2395/55 4723/2393/54
f 4726/2394/55 4728/2396/56 4727/225/56 4725/2395/55
f 4728/2396/56 4730/2397/57 4729/2398/57 4727/225/56
f 4730/2397/57 4732/2399/58 4731/2400/58 4729/2398/57
f 4732/2399/58 4734/2401/59 4733/2402/59 4731/2400/58
f 4734/2401/59 4736/2403/60 4735/2404/60 4733/2402/59
f 4736/2403/60 4738/2405/61 4737/2406/61 4735/2404/60
f 4738/2405/61 4740/2407/62 4739/233/62 4737/2406/61
f 4740/2407/62 4742/2408/63 4741/2409/63 4739/233/62
f 4742/2408/63 4744/2410/64 4743/2411/64 4741/2409/63
f 4744/2410/64 4746/2412/65 4745/2413/65 4743/2411/64
f 4746/2412/65 4748/2414/66 4747/2415/66 4745/2413/65
f 4748/2414/66 4750/2416/67 4749/2417/67 4747/2415/66
f 4750/2416/67 4752/2418/68 4751/242/68 4749/2417/67
f 4752/2418/68 4754/2419/69 4753/2420/69 4751/242/68
f 4754/2419/69 4756/2421/70 4755/2422/70 4753/2420/69
f 4756/2421/70 4758/2423/71 4757/2424/71 4755/2422/70
f 4758/2423/71 4760/2425/66 4759/2426/66 4757/2424/71
f 4760/2425/66 4762/2427/72 4761/2428/72 4759/2426/66
f 4762/2427/72 4764/2429/73 4763/250/73 4761/2428/72
f 4764/2429/73 4766/2430/74 4765/2431/74 4763/250/73
f 4766/2430/74 4768/2432/75 4767/2433/75 4765/2431/74
f 4768/2432/75 4770/2434/76 4769/2435/76 4767/2433/75
f 4770/2434/76 4772/2436/77 4771/2437/77 4769/2435/76
f 4772/2436/77 4774/2438/78 4773/2439/78 4771/2437/77
f 4774/2438/78 4776/2440/79 4775/281/79 4773/2439/78
f 4776/2440/79 4778/2441/80 4777/2442/80 4775/281/79
f 4778/2441/80 4780/2443/81 4779/2444/81 4777/2442/80
f 4780/2443/81 4782/2445/82 4781/2446/82 4779/2444/81
f 4782/2445/82 4784/2447/83 4783/2448/83 4781/2446/82
f 4784/2447/83 4786/2449/84 4785/2450/84 4783/2448/83
f 4786/2449/84 4788/2451/85 4787/287/85 4785/2450/84
f 4788/2451/85 4790/2452/86 4789/2453/86 4787/287/85
f 4790/2452/86 4792/2454/87 4791/2455/87 4789/2453/86
f 4792/2454/87 4794/2456/88 4793/2457/88 4791/2455/87
f 4794/2456/88 4796/2458/89 4795/2459/89 4793/2457/88
f 4796/2458/89 4798/2460/90 4797/2461/90 4795/2459/89
f 4798/2460/90 4800/2462/91 4799/295/91 4797/2461/90
f 4800/2462/91 4802/2463/92 4801/2464/92 4799/295/91
f 4802/2463/92 4804/2465/93 4803/2466/93 4801/2464/92
f 4804/2465/93 4806/2467/94 4805/2468/94 4803/2466/93
f 4806/2467/94 4808/2469/95 4807/2470/95 4805/2468/94
f 4808/2469/95 4810/2471/96 4809/2472/96 4807/2470/95
f 4810/2471/96 4812/2473/97 4811/325/97 4809/2472/96
f 4812/2473/97 4814/2474/98 4813/2475/98 4811/325/97
f 4814/2474/98 4816/2476/99 4815/2477/99 4813/2475/98
f 4816/2476/99 4818/2478/100 4817/2479/100 4815/2477/99
f 4818/2478/100 4820/2480/101 4819/2481/101 4817/2479/100
f 4820/2480/101 4822/2482/102 4821/2483/102 4819/2481/101
f 4822/2482/102 4824/2484/103 4823/343/103 4821/2483/102
f 4824/2484/103 4826/2485/104 4825/2486/104 4823/343/103
f 4826/2485/104 4828/2487/105 4827/2488/105 4825/2486/104
f 4828/2487/105 4830/2489/106 4829/2490/106 4827/2488/105
f 4830/2489/106 4832/2491/107 4831/2492/107 4829/2490/106
f 4832/2491/107 4834/2493/108 4833/2494/108 4831/2492/107
f 4834/2493/108 4836/2495/109 4835/355/109 4833/2494/108
f 4836/2495/109 4838/2496/110 4837/2497/110 4835/355/109
f 4838/2496/110 4840/2498/111 4839/2499/111 4837/2497/110
f 4840/2498/111 4842/2500/112 4841/2501/112 4839/2499/111
f 4842/2500/112 4844/2502/113 4843/2503/113 4841/2501/112
f 4844/2502/113 4846/2504/114 4845/2505/114 4843/2503/113
f 4846/2504/114 4848/2506/115 4847/347/115 4845/2505/114
f 4848/2506/115 4850/2507/116 4849/2508/116 4847/347/115
f 4850/2507/116 4852/2509/117 4851/2510/117 4849/2508/116
f 4852/2509/117 4854/2511/118 4853/2512/118 4851/2510/117
f 4854/2511/118 4856/2513/119 4855/2514/119 4853/2512/118
f 4856/2513/119 4858/2515/120 4857/2516/120 4855/2514/119
f 4858/2515/120 4860/2517/121 4859/340/121 4857/2516/120
f 4860/2517/121 4862/2518/122 4861/2519/122 4859/340/121
f 4862/2518/122 4864/2520/123 4863/2521/123 4861/2519/122
f 4864/2520/123 4866/2522/124 4865/2523/124 4863/2521/123
f 4866/2522/124 4868/2524/125 4867/2525/125 4865/2523/124
f 4868/2524/125 4870/2526/126 4869/2527/126 4867/2525/125
f 4870/2526/126 4872/2528/127 4871/332/127 4869/2527/126
f 4872/2528/127 4874/2529/128 4873/2530/128 4871/332/127
f 4874/2529/128 4876/2531/129 4875/2532/129 4873/2530/128
f 4876/2531/129 4878/2533/130 4877/2534/130 4875/2532/129
f 4878/2533/130 4880/2535/131 4879/2536/131 4877/2534/130
f 4880/2535/131 4882/2537/132 4881/2538/132 4879/2536/131
f 4882/2537/132 4884/2539/133 4883/326/133 4881/2538/132
f 4884/2539/133 4886/2540/134 4885/2541/134 4883/326/133
f 4886/2540/134 4888/2542/135 4887/2543/135 4885/2541/134
f 4888/2542/135 4890/2544/136 4889/2545/136 4887/2543/135
f 4890/2544/136 4892/2546/137 4891/2547/137 4889/2545/136
f 4892/2546/137 4894/2548/138 4893/2549/138 4891/2547/137
f 4894/2548/138 4896/2550/139 4895/319/139 4893/2549/138
f 4896/2550/139 4898/2551/140 4897/2552/140 4895/319/139
f 4898/2551/140 4900/2553/141 4899/2554/141 4897/2552/140
f 4900/2553/141 4902/2555/142 4901/2556/142 4899/2554/141
f 4902/2555/142 4904/2557/143 4903/2558/143 4901/2556/142
f 4904/2557/143 4906/2559/144 4905/2560/144 4903/2558/143
f 4906/2559/144 4908/2561/145 4907/313/145 4905/2560/144
f 4908/2561/145 4910/2562/146 4909/2563/146 4907/313/145
f 4910/2562/146 4912/2564/147 4911/2565/147 4909/2563/146
f 4912/2564/147 4914/2566/148 4913/2567/148 4911/2565/147
f 4914/2566/148 4916/2568/149 4915/2569/149 4913/2567/148
f 4916/2568/149 4918/2570/150 4917/2571/150 4915/2569/149
f 4918/2570/150 4920/2572/151 4919/307/151 4917/2571/150
f 4920/2572/151 4922/2573/152 4921/2574/152 4919/307/151
f 4922/2573/152 4924/2575/153 4923/2576/153 4921/2574/152
f 4924/2575/153 4926/2577/154 4925/2578/154 4923/2576/153
f 4926/2577/154 4928/2579/155 4927/2580/155 4925/2578/154
f 4928/2579/155 4930/2581/156 4929/2582/156 4927/2580/155
f 4930/2581/156 4932/2583/157 4931/301/157 4929/2582/156
f 4932/2583/157 4934/2584/158 4933/2585/158 4931/301/157
f 4934/2584/158 4936/2586/159 4935/2587/159 4933/2585/158
f 4936/2586/159 4938/2588/160 4937/2589/160 4935/2587/159
f 4938/2588/160 4940/2590/161 4939/2591/161 4937/2589/160
f 4940/2590/161 4942/2592/162 4941/2593/162 4939/2591/161
f 4942/2592/162 4944/2594/163 4943/296/163 4941/2593/162
f 4944/2594/163 4946/2595/164 4945/2596/164 4943/296/163
f 4946/2595/164 4948/2597/165 4947/2598/165 4945/2596/164
f 4948/2597/165 4950/2599/166 4949/2600/166 4947/2598/165
f 4950/2599/166 4952/2601/167 4951/2602/167 4949/2600/166
f 4952/2601/167 4954/2603/168 4953/2604/168 4951/2602/167
f 4954/2603/168 4956/2605/169 4955/280/169 4953/2604/168
f 4956/2605/169 4958/2606/170 4957/2607/170 4955/280/169
f 4958/2606/170 4960/2608/171 4959/2609/171 4957/2607/170
f 4960/2608/171 4962/2610/172 4961/2611/172 4959/2609/171
f 4962/2610/172 4964/2612/173 4963/2613/173 4961/2611/172
f 4964/2612/173 4966/2614/174 4965/2615/174 4963/2613/173
f 4966/2614/174 4968/2616/175 4967/274/175 4965/2615/174
f 4968/2616/175 4970/2617/176 4969/2618/176 4967/274/175
f 4970/2617/176 4972/2619/177 4971/2620/177 4969/2618/176
f 4972/2619/177 4974/2621/178 4973/2622/178 4971/2620/177
f 4974/2621/178 4976/2623/179 4975/2624/179 4973/2622/178
f 4976/2623/179 4978/2625/180 4977/2626/180 4975/2624/179
f 4978/2625/180 4980/2627/181 4979/269/181 4977/2626/180
f 4980/2627/181 4982/2628/182 4981/2629/182 4979/269/181
f 4982/2628/182 4984/2630/183 4983/2631/183 4981/2629/182
f 4984/2630/183 4986/2632/184 4985/2633/184 4983/2631/183
f 4986/2632/184 4988/2634/185 4987/2635/185 4985/2633/184
f 4988/2634/185 4990/2636/186 4989/2637/186 4987/2635/185
f 4990/2636/186 4992/2638/187 4991/264/187 4989/2637/186
f 4992/2638/187 4994/2639/188 4993/2640/188 4991/264/187
f 4994/2639/188 4996/2641/189 4995/2642/189 4993/2640/188
f 4996/2641/189 4998/2643/190 4997/2644/190 4995/2642/189
f 4998/2643/190 5000/2645/191 4999/2646/191 4997/2644/190
f 5000/2645/191 5002/2647/192 5001/2648/192 4999/2646/191
f 5002/2647/192 5004/2649/193 5003/259/193 5001/2648/192
f 5004/2649/193 5006/2650/194 5005/2651/194 5003/259/193
f 5006/2650/194 5008/2652/195 5007/734/195 5005/2651/194
f 5008/2652/195 5010/2653/196 5009/2654/196 5007/734/195
f 5010/2653/196 5012/2655/197 5011/2656/197 5009/2654/196
f 5012/2655/197 5014/2657/198 5013/2658/198 5011/2656/197
f 5014/2657/198 5016/2659/199 5015/254/199 5013/2658/198
f 5016/2659/199 5018/2660/200 5017/2661/200 5015/254/199
f 5018/2660/200 5020/2662/201 5019/2663/201 5017/2661/200
f 5020/2662/201 5022/2664/202 5021/2665/202 5019/2663/201
f 5022/2664/202 5024/2666/203 5023/2667/203 5021/2665/202
f 5024/2666/203 5026/2668/204 5025/2669/204 5023/2667/203
f 5026/2668/204 5028/2670/205 5027/360/205 5025/2669/204
f 5028/2670/205 5030/2671/206 5029/2672/206 5027/360/205
f 5030/2671/206 5032/2673/207 5031/2674/207 5029/2672/206
f 5032/2673/207 5034/2675/208 5033/2676/208 5031/2674/207
f 5034/2675/208 5036/2677/209 5035/2678/209 5033/2676/208
f 5036/2677/209 5038/2679/210 5037/2680/210 5035/2678/209
f 5038/2679/210 5040/2681/211 5039/365/211 5037/2680/210
f 5040/2681/211 5042/2682/212 5041/2683/212 5039/365/211
f 5042/2682/212 5044/2684/213 5043/2685/213 5041/2683/212
f 5044/2684/213 5046/2686/214 5045/2687/214 5043/2685/213
f 5046/2686/214 5048/2688/215 5047/2689/215 5045/2687/214
f 5048/2688/215 5050/2690/216 5049/2691/216 5047/2689/215
f 5050/2690/216 5052/2692/217 5051/370/217 5049/2691/216
f 5052/2692/217 5054/2693/218 5053/2694/218 5051/370/217
f 5054/2693/218 5056/2695/219 5055/2696/219 5053/2694/218
f 5056/2695/219 5058/2697/220 5057/2698/220 5055/2696/219
f 5058/2697/220 5060/2699/221 5059/2700/221 5057/2698/220
f 5060/2699/221 5062/2701/222 5061/2702/222 5059/2700/221
f 5062/2701/222 5064/2703/223 5063/375/223 5061/2702/222
f 5064/2703/223 5066/2704/224 5065/2705/224 5063/375/223
f 5066/2704/224 5068/2706/225 5067/2707/225 5065/2705/224
f 5068/2706/225 5070/2708/226 5069/2709/226 5067/2707/225
f 5070/2708/226 5072/2710/227 5071/2711/227 5069/2709/226
f 5072/2710/227 5074/2712/228 5073/2713/228 5071/2711/227
f 5074/2712/228 5076/2714/229 5075/384/229 5073/2713/228
f 5076/2714/229 5078/2715/230 5077/2716/230 5075/384/229
f 5078/2715/230 5080/2717/231 5079/2718/231 5077/2716/230
f 5080/2717/231 5082/2719/232 5081/2720/232 5079/2718/231
f 5082/2719/232 5084/2721/233 5083/2722/233 5081/2720/232
f 5084/2721/233 5086/2723/234 5085/2724/234 5083/2722/233
f 5086/2723/234 5088/2725/235 5087/394/235 5085/2724/234
f 5088/2725/235 5090/2726/236 5089/2727/236 5087/394/235
f 5090/2726/236 5092/2728/237 5091/2729/237 5089/2727/236
f 5092/2728/237 5094/2730/238 5093/2731/238 5091/2729/237
f 5094/2730/238 5096/2732/239 5095/2733/239 5093/2731/238
f 5096/2732/239 5098/2734/240 5097/2735/240 5095/2733/239
f 5098/2734/240 5100/2736/241 5099/404/241 5097/2735/240
f 5100/2736/241 5102/2737/242 5101/2738/242 5099/404/241
f 5102/2737/242 5104/2739/243 5103/2740/243 5101/2738/242
f 5104/2739/243 5106/2741/244 5105/2742/244 5103/2740/243
f 5106/2741/244 5108/2743/245 5107/2744/245 5105/2742/244
f 5108/2743/245 5110/2745/246 5109/2746/246 5107/2744/245
f 5110/2745/246 5112/2747/247 5111/414/247 5109/2746/246
f 5112/2747/247 5114/2748/248 5113/2749/248 5111/414/247
f 5114/2748/248 5116/2750/249 5115/2751/249 5113/2749/248
f 5116/2750/249 5118/2752/250 5117/2753/250 5115/2751/249
f 5118/2752/250 5120/2754/251 5119/2755/251 5117/2753/250
f 5120/2754/251 5122/2756/252 5121/2757/252 5119/2755/251
f 5122/2756/252 5124/2758/253 5123/424/253 5121/2757/252
f 5124/2758/253 5126/2759/254 5125/2760/254 5123/424/253
f 5126/2759/254 5128/2761/255 5127/2762/255 5125/2760/254
f 5128/2761/255 5130/2763/256 5129/2764/256 5127/2762/255
f 5130/2763/256 5132/2765/257 5131/2766/257 5129/2764/256
f 5132/2765/257 5134/2767/258 5133/2768/258 5131/2766/257
f 5134/2767/258 5136/2769/259 5135/434/259 5133/2768/258
f 5136/2769/259 5138/2770/260 5137/2771/260 5135/434/259
f 5138/2770/260 5140/2772/261 5139/2773/261 5137/2771/260
f 5140/2772/261 5142/2774/262 5141/2775/262 5139/2773/261
f 5142/2774/262 5144/2776/263 5143/2777/263 5141/2775/262
f 5144/2776/263 5146/2778/264 5145/2779/264 5143/2777/263
f 5146/2778/264 5148/2780/265 5147/444/265 5145/2779/264
f 5148/2780/265 5150/2781/266 5149/2782/266 5147/444/265
f 5150/2781/266 5152/2783/267 5151/2784/267 5149/2782/266
f 5152/2783/267 5154/2785/268 5153/2786/268 5151/2784/267
f 5154/2785/268 5156/2787/269 5155/2788/269 5153/2786/268
f 5156/2787/269 5158/2789/270 5157/2790/270 5155/2788/269
f 5158/2789/270 5160/2791/271 5159/454/271 5157/2790/270
f 5160/2791/271 5162/2792/272 5161/2793/272 5159/454/271
f 5162/2792/272 5164/2794/273 5163/2795/273 5161/2793/272
f 5164/2794/273 5166/2796/274 5165/2797/274 5163/2795/273
f 5166/2796/274 5168/2798/275 5167/2799/275 5165/2797/274
f 5168/2798/275 5170/2800/276 5169/2801/276 5167/2799/275
f 5170/2800/276 5172/2802/277 5171/464/277 5169/2801/276
f 5172/2802/277 5174/2803/278 5173/2804/278 5171/464/277
f 5174/2803/278 5176/2805/279 5175/2806/279 5173/2804/278
f 5176/2805/279 5178/2807/280 5177/2808/280 5175/2806/279
f 5178/2807/280 5180/2809/281 5179/2810/281 5177/2808/280
f 5180/2809/281 5182/2811/282 5181/2812/282 5179/2810/281
f 5182/2811/282 5184/2813/283 5183/469/283 5181/2812/282
f 5184/2813/283 5186/2814/284 5185/2815/284 5183/469/283
f 5186/2814/284 5188/2816/285 5187/2817/285 5185/2815/284
f 5188/2816/285 5190/2818/286 5189/2819/286 5187/2817/285
f 5190/2818/286 5192/2820/287 5191/2821/287 5189/2819/286
f 5192/2820/287 5194/2822/288 5193/2823/288 5191/2821/287
f 5194/2822/288 5196/2824/289 5195/459/289 5193/2823/288
f 5196/2824/289 5198/2825/290 5197/2826/290 5195/459/289
f 5198/2825/290 5200/2827/291 5199/2828/291 5197/2826/290
f 5200/2827/291 5202/2829/292 5201/2830/292 5199/2828/291
f 5202/2829/292 5204/2831/293 5203/2832/293 5201/2830/292
f 5204/2831/293 5206/2833/294 5205/2834/294 5203/2832/293
f 5206/2833/294 5208/2835/295 5207/449/295 5205/2834/294
f 5208/2835/295 5210/2836/296 5209/2837/296 5207/449/295
f 5210/2836/296 5212/2838/297 5211/2839/297 5209/2837/296
f 5212/2838/297 5214/2840/298 5213/2841/298 5211/2839/297
f 5214/2840/298 5216/2842/299 5215/2843/299 5213/2841/298
f 5216/2842/299 5218/2844/300 5217/2845/300 5215/2843/299
f 5218/2844/300 5220/2846/301 5219/439/301 5217/2845/300
f 5220/2846/301 5222/2847/302 5221/2848/302 5219/439/301
f 5222/2847/302 5224/2849/303 5223/2850/303 5221/2848/302
f 5224/2849/303 5226/2851/304 5225/2852/304 5223/2850/303
f 5226/2851/304 5228/2853/305 5227/2854/305 5225/2852/304
f 5228/2853/305 5230/2855/306 5229/2856/306 5227/2854/305
f 5230/2855/306 5232/2857/307 5231/429/307 5229/2856/306
f 5232/2857/307 5234/2858/308 5233/2859/308 5231/429/307
f 5234/2858/308 5236/2860/309 5235/2861/309 5233/2859/308
f 5236/2860/309 5238/2862/310 5237/2863/310 5235/2861/309
f 5238/2862/310 5240/2864/311 5239/2865/311 5237/2863/310
f 5240/2864/311 5242/2866/312 5241/2867/312 5239/2865/311
f 5242/2866/312 5244/2868/313 5243/419/313 5241/2867/312
f 5244/2868/313 5246/2869/314 5245/2870/314 5243/419/313
f 5246/2869/314 5248/2871/315 5247/2872/315 5245/2870/314
f 5248/2871/315 5250/2873/316 5249/2874/316 5247/2872/315
f 5250/2873/316 5252/2875/317 5251/2876/317 5249/2874/316
f 5252/2875/317 5254/2877/318 5253/2878/318 5251/2876/317
f 5254/2877/318 5256/2879/319 5255/409/319 5253/2878/318
f 5256/2879/319 5258/2880/320 5257/2881/320 5255/409/319
f 5258/2880/320 5260/2882/321 5259/2883/321 5257/2881/320
f 5260/2882/321 5262/2884/322 5261/2885/322 5259/2883/321
f 5262/2884/322 5264/2886/323 5263/2887/323 5261/2885/322
f 5264/2886/323 5266/2888/324 5265/2889/324 5263/2887/323
f 5266/2888/324 5268/2890/325 5267/399/325 5265/2889/324
f 5268/2890/325 5270/2891/326 5269/2892/326 5267/399/325
f 5270/2891/326 5272/2893/327 5271/2894/327 5269/2892/326
f 5272/2893/327 5274/2895/328 5273/2896/328 5271/2894/327
f 5274/2895/328 5276/2897/329 5275/2898/329 5273/2896/328
f 5276/2897/329 5278/2899/330 5277/2900/330 5275/2898/329
f 5278/2899/330 5280/2901/331 5279/389/331 5277/2900/330
f 5280/2901/331 5282/2902/332 5281/2903/332 5279/389/331
f 5282/2902/332 5284/2904/333 5283/2905/333 5281/2903/332
f 5284/2904/333 5286/2906/334 5285/2907/334 5283/2905/333
f 5286/2906/334 5288/2908/335 5287/2909/335 5285/2907/334
f 5288/2908/335 5290/2910/336 5289/2911/336 5287/2909/335
f 5290/2910/336 5292/2912/337 5291/379/337 5289/2911/336
f 5292/2912/337 5294/2913/338 5293/2914/338 5291/379/337
f 5294/2913/338 5296/2915/339 5295/2916/339 5293/2914/338
f 5296/2915/339 5298/2917/340 5297/2918/340 5295/2916/339
f 5298/2917/340 5300/2919/341 5299/2920/341 5297/2918/340
f 5300/2919/341 5302/2921/342 5301/2922/342 5299/2920/341
f 5302/2921/342 5304/2923/343 5303/182/343 5301/2922/342
f 5304/2923/343 5306/2924/344 5305/2925/344 5303/182/343
f 5306/2924/344 5308/2926/345 5307/2927/345 5305/2925/344
f 5308/2926/345 5310/2928/346 5309/2929/346 5307/2927/345
f 5310/2928/346 5312/2930/347 5311/2931/347 5309/2929/346
f 5312/2930/347 5314/2932/348 5313/2933/348 5311/2931/347
f 5314/2932/348 5316/2934/349 5315/165/349 5313/2933/348
f 5316/2934/349 5318/2935/350 5317/2936/350 5315/165/349
f 5318/2935/350 5320/2937/351 5319/2938/351 5317/2936/350
f 5320/2937/351 5322/2939/352 5321/2940/352 5319/2938/351
f 5322/2939/352 5324/2941/353 5323/2942/353 5321/2940/352
f 5324/2941/353 5326/2943/354 5325/2944/354 5323/2942/353
f 5326/2943/354 5328/2945/355 5327/151/355 5325/2944/354
f 5328/2945/355 5330/2946/356 5329/2947/356 5327/151/355
f 5330/2946/356 5332/2948/357 5331/2949/357 5329/2947/356
f 5332/2948/357 5334/2950/358 5333/2951/358 5331/2949/357
f 5334/2950/358 5336/2952/359 5335/2953/359 5333/2951/358
f 5336/2952/359 5338/2954/360 5337/2955/360 5335/2953/359
f 5338/2954/360 5340/2956/361 5339/136/361 5337/2955/360
f 5340/2956/361 5342/2957/362 5341/2958/362 5339/136/361
f 5342/2957/362 5344/2959/363 5343/2960/363 5341/2958/362
f 5344/2959/363 5346/2961/364 5345/2962/364 5343/2960/363
f 5346/2961/364 5348/2963/365 5347/2964/365 5345/2962/364
f 5348/2963/365 5350/2965/366 5349/2966/366 5347/2964/365
f 5350/2965/366 5352/2967/367 5351/121/367 5349/2966/366
f 5352/2967/367 5354/2968/368 5353/2969/368 5351/121/367
f 5354/2968/368 5356/2970/369 5355/2971/369 5353/2969/368
f 5356/2970/369 5358/2972/370 5357/2973/370 5355/2971/369
f 5358/2972/370 5360/2974/371 5359/2975/371 5357/2973/370
f 5360/2974/371 5362/2976/372 5361/2977/372 5359/2975/371
f 5362/2976/372 5364/2978/373 5363/107/373 5361/2977/372
f 5364/2978/373 5366/2979/374 5365/2980/374 5363/107/373
f 5366/2979/374 5368/2981/375 5367/2982/375 5365/2980/374
f 5368/2981/375 5370/2983/376 5369/2984/376 5367/2982/375
f 5370/2983/376 5372/2985/377 5371/2986/377 5369/2984/376
f 5372/2985/377 5374/2987/378 5373/2988/378 5371/2986/377
f 5374/2987/378 5376/2989/379 5375/93/379 5373/2988/378
f 5376/2989/379 5378/2990/380 5377/2991/380 5375/93/379
f 5378/2990/380 5380/2992/381 5379/2993/381 5377/2991/380
f 5380/2992/381 5382/2994/382 5381/2995/382 5379/2993/381
f 5382/2994/382 5384/2996/383 5383/602/383 5381/2995/382
f 5384/2996/383 5386/2997/384 5385/2998/384 5383/602/383
f 5386/2997/384 5388/2999/385 5387/79/385 5385/2998/384
f 5388/2999/385 5390/3000/386 5389/3001/386 5387/79/385
f 5390/3000/386 5392/3002/387 5391/3003/387 5389/3001/386
f 5392/3002/387 5394/3004/388 5393/3005/388 5391/3003/387
f 5394/3004/388 5396/3006/389 5395/3007/389 5393/3005/388
f 5396/3006/389 5398/3008/390 5397/3009/390 5395/3007/389
f 5398/3008/390 5400/3010/391 5399/66/391 5397/3009/390
f 5400/3010/391 5402/3011/392 5401/3012/392 5399/66/391
f 5402/3011/392 5404/3013/393 5403/3014/393 5401/3012/392
f 5404/3013/393 5406/3015/394 5405/3016/394 5403/3014/393
f 5406/3015/394 5408/3017/395 5407/3018/395 5405/3016/394
f 5408/3017/395 5410/3019/396 5409/3020/396 5407/3018/395
f 5410/3019/396 5412/3021/397 5411/55/397 5409/3020/396
f 5412/3021/397 5414/3022/398 5413/3023/398 5411/55/397
f 5414/3022/398 5416/3024/399 5415/3025/399 5413/3023/398
f 5416/3024/399 5418/3026/400 5417/3027/400 5415/3025/399
f 5418/3026/400 5420/3028/401 5419/3029/401 5417/3027/400
f 5420/3028/401 5422/3030/402 5421/3031/402 5419/3029/401
f 5422/3030/402 5424/3032/403 5423/63/403 5421/3031/402
f 5424/3032/403 5426/3033/404 5425/3034/404 5423/63/403
f 5426/3033/404 5428/3035/405 5427/3036/405 5425/3034/404
f 5428/3035/405 5430/3037/406 5429/3038/406 5427/3036/405
f 5430/3037/406 5432/3039/407 5431/3040/407 5429/3038/406
f 5432/3039/407 5434/3041/408 5433/3042/408 5431/3040/407
f 5434/3041/408 5436/3043/409 5435/75/409 5433/3042/408
f 5436/3043/409 5438/3044/410 5437/3045/410 5435/75/409
f 5438/3044/410 5440/3046/411 5439/3047/411 5437/3045/410
f 5440/3046/411 5442/3048/412 5441/3049/412 5439/3047/411
f 5442/3048/412 5444/3050/413 5443/3051/413 5441/3049/412
f 5444/3050/413 5446/3052/414 5445/3053/414 5443/3051/413
f 5446/3052/414 5448/3054/415 5447/88/415 5445/3053/414
f 5448/3054/415 5450/3055/416 5449/3056/416 5447/88/415
f 5450/3055/416 5452/3057/417 5451/3058/417 5449/3056/416
f 5452/3057/417 5454/3059/418 5453/3060/418 5451/3058/417
f 5454/3059/418 5456/3061/419 5455/3062/419 5453/3060/418
f 5456/3061/419 5458/3063/420 5457/3064/420 5455/3062/419
f 5458/3063/420 5460/3065/421 5459/102/421 5457/3064/420
f 5460/3065/421 5462/3066/422 5461/3067/422 5459/102/421
f 5462/3066/422 5464/3068/423 5463/3069/423 5461/3067/422
f 5464/3068/423 5466/3070/424 5465/3071/424 5463/3069/423
f 5466/3070/424 5468/3072/425 5467/3073/425 5465/3071/424
f 5468/3072/425 5470/3074/426 5469/3075/426 5467/3073/425
f 5470/3074/426 5472/3076/427 5471/116/427 5469/3075/426
f 5472/3076/427 5474/3077/428 5473/3078/428 5471/116/427
f 5474/3077/428 5476/3079/429 5475/3080/429 5473/3078/428
f 5476/3079/429 5478/3081/430 5477/3082/430 5475/3080/429
f 5478/3081/430 5480/3083/431 5479/3084/431 5477/3082/430
f 5480/3083/431 5482/3085/432 5481/3086/432 5479/3084/431
f 5482/3085/432 5484/3087/433 5483/131/433 5481/3086/432
f 5484/3087/433 5486/3088/434 5485/3089/434 5483/131/433
f 5486/3088/434 5488/3090/435 5487/3091/435 5485/3089/434
f 5488/3090/435 5490/3092/436 5489/3093/436 5487/3091/435
f 5490/3092/436 5492/3094/71 5491/3095/71 5489/3093/436
f 5492/3094/71 5494/3096/437 5493/3097/437 5491/3095/71
f 5494/3096/437 5496/3098/438 5495/145/438 5493/3097/437
f 5496/3098/438 5498/3099/439 5497/3100/439 5495/145/438
f 5498/3099/439 5500/3101/440 5499/3102/440 5497/3100/439
f 5500/3101/440 5502/3103/441 5501/3104/441 5499/3102/440
f 5502/3103/441 5504/3105/442 5503/3106/442 5501/3104/441
f 5504/3105/442 5506/3107/443 5505/3108/443 5503/3106/442
f 5506/3107/443 5508/3109/444 5507/161/444 5505/3108/443
f 5508/3109/444 5510/3110/445 5509/3111/445 5507/161/444
f 5510/3110/445 5512/3112/446 5511/3113/446 5509/3111/445
f 5512/3112/446 5514/3114/447 5513/3115/447 5511/3113/446
f 5514/3114/447 5516/3116/448 5515/3117/448 5513/3115/447
f 5516/3116/448 5518/3118/449 5517/3119/449 5515/3117/448
f 5518/3118/449 5520/3120/450 5519/177/450 5517/3119/449
f 5520/3120/450 5522/3121/451 5521/3122/451 5519/177/450
f 5522/3121/451 5524/3123/452 5523/3124/452 5521/3122/451
f 5524/3123/452 5526/3125/453 5525/3126/453 5523/3124/452
f 5526/3125/453 5528/3127/454 5527/3128/454 5525/3126/453
f 5528/3127/454 5530/3129/455 5529/3130/455 5527/3128/454
f 5530/3129/455 5532/3131/456 5531/192/456 5529/3130/455
f 5532/3131/456 5534/3132/457 5533/3133/457 5531/192/456
f 5534/3132/457 5536/3134/458 5535/3135/458 5533/3133/457
f 5536/3134/458 5538/3136/459 5537/3137/459 5535/3135/458
f 5538/3136/459 5540/3138/460 5539/3139/460 5537/3137/459
f 5540/3138/460 5542/3140/461 5541/3141/461 5539/3139/460
f 5542/3140/461 5544/3142/462 5543/239/462 5541/3141/461
f 5544/3142/462 5546/3143/463 5545/3144/463 5543/239/462
f 5546/3143/463 5548/3145/464 5547/3146/464 5545/3144/463
f 5548/3145/464 5550/3147/465 5549/3148/465 5547/3146/464
f 5550/3147/465 5552/3149/466 5551/3150/466 5549/3148/465
f 5552/3149/466 5554/3151/467 5553/3152/467 5551/3150/466
f 5554/3151/467 5556/3153/468 5555/226/468 5553/3152/467
f 5556/3153/468 5558/3154/469 5557/3155/469 5555/226/468
f 5558/3154/469 5560/3156/470 5559/3157/470 5557/3155/469
f 5560/3156/470 5562/3158/471 5561/3159/471 5559/3157/470
f 5562/3158/471 5564/3160/472 5563/3161/472 5561/3159/471
f 5564/3160/472 5566/3162/473 5565/3163/473 5563/3161/472
f 5566/3162/473 5568/3164/474 5567/214/474 5565/3163/473
f 5568/3164/474 5570/3165/475 5569/3166/475 5567/214/474
f 5570/3165/475 5572/3167/476 5571/3168/476 5569/3166/475
f 5572/3167/476 5574/3169/477 5573/3170/477 5571/3168/476
f 5574/3169/477 5576/3171/478 5575/3172/478 5573/3170/477
f 5576/3171/478 5578/3173/479 5577/3174/479 5575/3172/478
f 5578/3173/479 5580/3175/480 5579/201/480 5577/3174/479
f 5580/3175/480 5582/3176/481 5581/3177/481 5579/201/480
f 5582/3176/481 5584/3178/482 5583/3179/482 5581/3177/481
f 5584/3178/482 5586/3180/483 5585/3181/483 5583/3179/482
f 5586/3180/483 5588/3182/484 5587/3183/484 5585/3181/483
f 5588/3182/484 5590/3184/485 5589/3185/485 5587/3183/484
f 5590/3184/485 5592/3186/486 5591/175/486 5589/3185/485
f 5592/3186/486 5594/3187/487 5593/3188/487 5591/175/486
f 5594/3187/487 5596/3189/488 5595/3190/488 5593/3188/487
f 5596/3189/488 5598/3191/489 5597/3192/489 5595/3190/488
f 5598/3191/489 5600/3193/490 5599/3194/490 5597/3192/489
f 5600/3193/490 5602/3195/491 5601/3196/491 5599/3194/490
f 5602/3195/491 5604/3197/492 5603/129/492 5601/3196/491
f 5604/3197/492 5606/3198/493 5605/3199/493 5603/129/492
f 5606/3198/493 5608/3200/494 5607/3201/494 5605/3199/493
f 5608/3200/494 5610/3202/495 5609/3203/495 5607/3201/494
f 5610/3202/495 5612/3204/496 5611/3205/496 5609/3203/495
f 5612/3204/496 5614/3206/497 5613/3207/497 5611/3205/496
f 5614/3206/497 5616/3208/498 5615/51/498 5613/3207/497
f 5616/3208/498 5618/3209/499 5617/3210/499 5615/51/498
f 5618/3209/499 5620/3211/500 5619/3212/500 5617/3210/499
f 5620/3211/500 5622/3213/501 5621/3214/501 5619/3212/500
f 5622/3213/501 5624/3215/502 5623/3216/502 5621/3214/501
f 5624/3215/502 5626/3217/503 5625/3218/503 5623/3216/502
f 5626/3217/503 5628/3219/504 5627/29/504 5625/3218/503
f 5628/3219/504 5630/3220/505 5629/3221/505 5627/29/504
f 5630/3220/505 5632/3222/506 5631/3223/506 5629/3221/505
f 5632/3222/506 5634/3224/507 5633/3225/507 5631/3223/506
f 5634/3224/507 5636/3226/508 5635/3227/508 5633/3225/507
f 5636/3226/508 5638/3228/509 5637/3229/509 5635/3227/508
f 5638/3228/509 5640/3230/510 5639/10/510 5637/3229/509
f 5640/3230/510 5642/3231/511 5641/3232/511 5639/10/510
f 5642/3231/511 5644/3233/512 5643/3234/512 5641/3232/511
f 5644/3233/512 5646/3235/513 5645/3236/513 5643/3234/512
f 5646/3235/513 5648/3237/514 5647/3238/514 5645/3236/513
f 5648/3237/514 5650/3239/515 5649/3240/515 5647/3238/514
f 5650/3239/515 5652/3241/516 5651/4/516 5649/3240/515
f 5652/3241/516 5654/3242/517 5653/3243/517 5651/4/516
f 5654/3242/517 5656/3244/518 5655/3245/518 5653/3243/517
f 5656/3244/518 5658/3246/519 5657/3247/519 5655/3245/518
f 5658/3246/519 5660/3248/520 5659/3249/520 5657/3247/519
f 5660/3248/520 5662/3250/521 5661/3251/521 5659/3249/520
f 5662/3250/521 5664/3252/522 5663/11/522 5661/3251/521
f 5664/3252/522 5666/3253/523 5665/3254/523 5663/11/522
f 5666/3253/523 5668/3255/524 5667/3256/524 5665/3254/523
f 5668/3255/524 5670/3257/525 5669/3258/525 5667/3256/524
f 5670/3257/525 5672/3259/526 5671/3260/526 5669/3258/525
f 5672/3259/526 5674/3261/527 5673/3262/527 5671/3260/526
f 5674/3261/527 5676/3263/528 5675/18/528 5673/3262/527
f 5676/3263/528 5678/3264/529 5677/3265/529 5675/18/528
f 5678/3264/529 5680/3266/530 5679/3267/530 5677/3265/529
f 5680/3266/530 5682/3268/531 5681/3269/531 5679/3267/530
f 5682/3268/531 5684/3270/532 5683/3271/532 5681/3269/531
f 5684/3270/532 5686/3272/533 5685/3273/533 5683/3271/532
f 5686/3272/533 5688/3274/534 5687/24/534 5685/3273/533
f 5688/3274/534 5690/3275/535 5689/3276/535 5687/24/534
f 5690/3275/535 5692/3277/536 5691/3278/536 5689/3276/535
f 5692/3277/536 5694/3279/537 5693/3280/537 5691/3278/536
f 5694/3279/537 5696/3281/538 5695/3282/538 5693/3280/537
f 5696/3281/538 5698/3283/539 5697/3284/539 5695/3282/538
f 5698/3283/539 5700/3285/540 5699/31/540 5697/3284/539
f 5700/3285/540 5702/3286/541 5701/3287/541 5699/31/540
f 5702/3286/541 5704/3288/542 5703/3289/542 5701/3287/541
f 5704/3288/542 5706/3290/543 5705/3291/543 5703/3289/542
f 5706/3290/543 5708/3292/544 5707/3293/544 5705/3291/543
f 5708/3292/544 5710/3294/545 5709/3295/545 5707/3293/544
f 5710/3294/545 5712/3296/546 5711/37/546 5709/3295/545
f 5712/3296/546 5714/3297/547 5713/3298/547 5711/37/546
f 5714/3297/547 5716/3299/548 5715/3300/548 5713/3298/547
f 5716/3299/548 5718/3301/549 5717/3302/549 5715/3300/548
f 5718/3301/549 5720/3303/550 5719/3304/550 5717/3302/549
f 5720/3303/550 5722/3305/551 5721/3306/551 5719/3304/550
f 5722/3305/551 5724/3307/552 5723/44/552 5721/3306/551
f 5724/3307/552 5726/3308/553 5725/3309/553 5723/44/552
f 5726/3308/553 5728/3310/554 5727/3311/554 5725/3309/553
f 5728/3310/554 5730/3312/555 5729/3313/555 5727/3311/554
f 5730/3312/555 5732/3314/556 5731/3315/556 5729/3313/555
f 5732/3314/556 5734/3316/557 5733/3317/557 5731/3315/556
f 5734/3316/557 5736/3318/558 5735/50/558 5733/3317/557
f 5736/3318/558 5738/3319/559 5737/3320/559 5735/50/558
f 5738/3319/559 5740/3321/560 5739/3322/560 5737/3320/559
f 5740/3321/560 5742/3323/561 5741/3324/561 5739/3322/560
f 5742/3323/561 5744/3325/562 5743/3326/562 5741/3324/561
f 5744/3325/562 5746/3327/563 5745/3328/563 5743/3326/562
f 5746/3327/563 5748/3329/564 5747/76/564 5745/3328/563
f 5748/3329/564 5750/3330/565 5749/3331/565 5747/76/564
f 5750/3330/565 5752/3332/566 5751/3333/566 5749/3331/565
f 5752/3332/566 5754/3334/567 5753/3335/567 5751/3333/566
f 5754/3334/567 5756/3336/568 5755/3337/568 5753/3335/567
f 5756/3336/568 5758/3338/569 5757/3339/569 5755/3337/568
f 5758/3338/569 4632/3340/8 4631/100/8 5757/3339/569
f 5760/2308/570 5762/3341/571 5761/3342/571 5759/105/570
f 5762/3341/571 5764/3343/572 5763/3344/572 5761/3342/571
f 5764/3343/572 5766/3345/573 5765/3346/573 5763/3344/572
f 5766/3345/573 5768/3347/574 5767/3348/574 5765/3346/573
f 5768/3347/574 5770/3349/575 5769/3350/575 5767/3348/574
f 5770/3349/575 5772/3351/576 5771/3352/576 5769/3350/575
f 5772/3351/576 5774/3353/577 5773/3354/577 5771/3352/576
f 5774/3353/577 5776/3355/578 5775/3356/578 5773/3354/577
f 5776/3355/578 5778/3357/579 5777/3358/579 5775/3356/578
f 5778/3357/579 5780/3359/580 5779/3360/580 5777/3358/579
f 5780/3359/580 5782/3361/581 5781/3362/581 5779/3360/580
f 5782/3361/581 5784/3363/582 5783/3364/582 5781/3362/581
f 5784/3363/582 5786/3365/583 5785/3366/583 5783/3364/582
f 5786/3365/583 5788/3367/584 5787/3368/584 5785/3366/583
f 5788/3367/584 5790/3369/585 5789/3370/585 5787/3368/584
f 5790/3369/585 5792/3371/586 5791/3372/586 5789/3370/585
f 5792/3371/586 5794/3373/587 5793/3374/587 5791/3372/586
f 5794/3373/587 5796/3375/588 5795/3376/588 5793/3374/587
f 5796/3375/588 5798/3377/589 5797/3378/589 5795/3376/588
f 5798/3377/589 5800/3379/590 5799/3380/590 5797/3378/589
f 5800/3379/590 5802/3381/591 5801/3382/591 5799/3380/590
f 5802/3381/591 5804/3383/592 5803/3384/592 5801/3382/591
f 5804/3383/592 5806/3385/593 5805/3386/593 5803/3384/592
f 5806/3385/593 5808/3387/594 5807/3388/594 5805/3386/593
f 5808/3387/594 5810/3389/595 5809/3390/595 5807/3388/594
f 5810/3389/595 5812/3391/596 5811/3392/596 5809/3390/595
f 5812/3391/596 5814/3393/597 5813/3394/597 5811/3392/596
f 5814/3393/597 5816/3395/598 5815/3396/598 5813/3394/597
f 5816/3395/598 5818/3397/599 5817/3398/599 5815/3396/598
f 5818/3397/599 5820/3399/600 5819/3400/600 5817/3398/599
f 5820/3399/600 5822/3401/601 5821/3402/601 5819/3400/600
f 5822/3401/601 5824/3403/602 5823/3404/602 5821/3402/601
f 5824/3403/602 5826/3405/603 5825/3406/603 5823/3404/602
f 5826/3405/603 5828/3407/604 5827/3408/604 5825/3406/603
f 5828/3407/604 5830/3409/605 5829/3410/605 5827/3408/604
f 5830/3409/605 5832/3411/606 5831/3412/606 5829/3410/605
f 5832/3411/606 5834/3413/408 5833/3414/408 5831/3412/606
f 5834/3413/408 5836/3415/607 5835/3416/607 5833/3414/408
f 5836/3415/607 5838/3417/608 5837/3418/608 5835/3416/607
f 5838/3417/608 5840/3419/609 5839/3420/609 5837/3418/608
f 5840/3419/609 5842/3421/610 5841/3422/610 5839/3420/609
f 5842/3421/610 5844/3423/611 5843/3424/611 5841/3422/610
f 5844/3423/611 5846/3425/412 5845/3426/412 5843/3424/611
f 5846/3425/412 5848/3427/612 5847/3428/612 5845/3426/412
f 5848/3427/612 5850/3429/613 5849/3430/613 5847/3428/612
f 5850/3429/613 5852/3431/614 5851/3432/614 5849/3430/613
f 5852/3431/614 5854/3433/615 5853/3434/615 5851/3432/614
f 5854/3433/615 5856/3435/616 5855/3436/616 5853/3434/615
f 5856/3435/616 5858/3437/617 5857/3438/617 5855/3436/616
f 5858/3437/617 5860/3439/618 5859/3440/618 5857/3438/617
f 5860/3439/618 5862/3441/619 5861/3442/619 5859/3440/618
f 5862/3441/619 5864/3443/620 5863/3444/620 5861/3442/619
f 5864/3443/620 5866/3445/621 5865/3446/621 5863/3444/620
f 5866/3445/621 5868/3447/622 5867/3448/622 5865/3446/621
f 5868/3447/622 5870/3449/623 5869/3450/623 5867/3448/622
f 5870/3449/623 5872/3451/624 5871/3452/624 5869/3450/623
f 5872/3451/624 5874/3453/625 5873/3454/625 5871/3452/624
f 5874/3453/625 5876/3455/626 5875/3456/626 5873/3454/625
f 5876/3455/626 5878/3457/627 5877/3458/627 5875/3456/626
f 5878/3457/627 5880/3459/628 5879/3460/628 5877/3458/627
f 5880/3459/628 5882/3461/629 5881/3462/629 5879/3460/628
f 5882/3461/629 5884/3463/630 5883/3464/630 5881/3462/629
f 5884/3463/630 5886/3465/631 5885/3466/631 5883/3464/630
f 5886/3465/631 5888/3467/632 5887/3468/632 5885/3466/631
f 5888/3467/632 5890/3469/633 5889/3470/633 5887/3468/632
f 5890/3469/633 5892/3471/634 5891/3472/634 5889/3470/633
f 5892/3471/634 5894/3473/635 5893/3474/635 5891/3472/634
f 5894/3473/635 5896/3475/636 5895/3476/636 5893/3474/635
f 5896/3475/636 5898/3477/637 5897/3478/637 5895/3476/636
f 5898/3477/637 5900/3479/638 5899/3480/638 5897/3478/637
f 5900/3479/638 5902/3481/639 5901/3482/639 5899/3480/638
f 5902/3481/639 5904/3483/640 5903/3484/640 5901/3482/639
f 5904/3483/640 5906/3485/641 5905/3486/641 5903/3484/640
f 5906/3485/641 5908/3487/642 5907/3488/642 5905/3486/641
f 5908/3487/642 5910/3489/643 5909/3490/643 5907/3488/642
f 5910/3489/643 5912/3491/644 5911/3492/644 5909/3490/643
f 5912/3491/644 5914/3493/645 5913/3494/645 5911/3492/644
f 5914/3493/645 5916/3495/646 5915/3496/646 5913/3494/645
f 5916/3495/646 5918/3497/647 5917/3498/647 5915/3496/646
f 5918/3497/647 5920/3499/648 5919/3500/648 5917/3498/647
f 5920/3499/648 5922/3501/649 5921/3502/649 5919/3500/648
f 5922/3501/649 5924/3503/650 5923/3504/650 5921/3502/649
f 5924/3503/650 5926/3505/651 5925/3506/651 5923/3504/650
f 5926/3505/651 5928/3507/652 5927/3508/652 5925/3506/651
f 5928/3507/652 5930/3509/653 5929/3510/653 5927/3508/652
f 5930/3509/653 5932/3511/654 5931/3512/654 5929/3510/653
f 5932/3511/654 5934/3513/655 5933/3514/655 5931/3512/654
f 5934/3513/655 5936/3515/656 5935/3516/656 5933/3514/655
f 5936/3515/656 5938/3517/657 5937/3518/657 5935/3516/656
f 5938/3517/657 5940/3519/658 5939/3520/658 5937/3518/657
f 5940/3519/658 5942/3521/659 5941/3522/659 5939/3520/658
f 5942/3521/659 5944/3523/660 5943/3524/660 5941/3522/659
f 5944/3523/660 5946/3525/661 5945/3526/661 5943/3524/660
f 5946/3525/661 5948/3527/662 5947/3528/662 5945/3526/661
f 5948/3527/662 5950/3529/663 5949/3530/663 5947/3528/662
f 5950/3529/663 5952/3531/664 5951/3532/664 5949/3530/663
f 5952/3531/664 5954/2824/665 5953/459/665 5951/3532/664
f 5954/2824/665 5956/3533/666 5955/3534/666 5953/459/665
f 5956/3533/666 5958/3535/667 5957/3536/667 5955/3534/666
f 5958/3535/667 5960/3537/668 5959/3538/668 5957/3536/667
f 5960/3537/668 5962/3539/669 5961/3540/669 5959/3538/668
f 5962/3539/669 5964/3541/670 5963/3542/670 5961/3540/669
f 5964/3541/670 5966/3543/671 5965/3544/671 5963/3542/670
f 5966/3543/671 5968/3545/672 5967/3546/672 5965/3544/671
f 5968/3545/672 5970/3547/673 5969/3548/673 5967/3546/672
f 5970/3547/673 5972/3549/674 5971/3550/674 5969/3548/673
f 5972/3549/674 5974/3551/675 5973/3552/675 5971/3550/674
f 5974/3551/675 5976/3553/676 5975/3554/676 5973/3552/675
f 5976/3553/676 5978/3555/677 5977/3556/677 5975/3554/676
f 5978/3555/677 5980/3557/678 5979/3558/678 5977/3556/677
f 5980/3557/678 5982/3559/679 5981/3560/679 5979/3558/678
f 5982/3559/679 5984/3561/680 5983/3562/680 5981/3560/679
f 5984/3561/680 5986/3563/681 5985/3564/681 5983/3562/680
f 5986/3563/681 5988/3565/682 5987/3566/682 5985/3564/681
f 5988/3565/682 5990/3567/683 5989/3568/683 5987/3566/682
f 5990/3567/683 5992/3569/684 5991/3570/684 5989/3568/683
f 5992/3569/684 5994/3571/685 5993/3572/685 5991/3570/684
f 5994/3571/685 5996/3573/686 5995/3574/686 5993/3572/685
f 5996/3573/686 5998/3575/687 5997/3576/687 5995/3574/686
f 5998/3575/687 6000/3577/688 5999/3578/688 5997/3576/687
f 6000/3577/688 6002/3579/689 6001/3580/689 5999/3578/688
f 6002/3579/689 6004/3581/690 6003/3582/690 6001/3580/689
f 6004/3581/690 6006/3583/691 6005/3584/691 6003/3582/690
f 6006/3583/691 6008/3585/692 6007/3586/692 6005/3584/691
f 6008/3585/692 6010/3587/693 6009/3588/693 6007/3586/692
f 6010/3587/693 6012/3589/694 6011/3590/694 6009/3588/693
f 6012/3589/694 6014/3591/695 6013/3592/695 6011/3590/694
f 6014/3591/695 6016/3593/696 6015/3594/696 6013/3592/695
f 6016/3593/696 6018/3595/697 6017/3596/697 6015/3594/696
f 6018/3595/697 6020/3597/698 6019/3598/698 6017/3596/697
f 6020/3597/698 6022/3599/699 6021/3600/699 6019/3598/698
f 6022/3599/699 6024/3601/700 6023/3602/700 6021/3600/699
f 6024/3601/700 6026/3603/701 6025/3604/701 6023/3602/700
f 6026/3603/701 6028/3605/702 6027/3606/702 6025/3604/701
f 6028/3605/702 6030/3607/703 6029/3608/703 6027/3606/702
f 6030/3607/703 6032/3609/704 6031/3610/704 6029/3608/703
f 6032/3609/704 6034/3611/705 6033/3612/705 6031/3610/704
f 6034/3611/705 6036/3613/706 6035/3614/706 6033/3612/705
f 6036/3613/706 6038/3615/707 6037/3616/707 6035/3614/706
f 6038/3615/707 6040/3617/708 6039/3618/708 6037/3616/707
f 6040/3617/708 6042/3619/709 6041/3620/709 6039/3618/708
f 6042/3619/709 6044/3621/710 6043/3622/710 6041/3620/709
f 6044/3621/710 6046/3623/711 6045/3624/711 6043/3622/710
f 6046/3623/711 6048/3625/712 6047/3626/712 6045/3624/711
f 6048/3625/712 6050/3627/713 6049/3628/713 6047/3626/712
f 6050/3627/713 6052/3629/714 6051/3630/714 6049/3628/713
f 6052/3629/714 6054/3631/715 6053/3632/715 6051/3630/714
f 6054/3631/715 6056/3633/716 6055/3634/716 6053/3632/715
f 6056/3633/716 6058/3635/717 6057/3636/717 6055/3634/716
f 6058/3635/717 6060/3637/718 6059/3638/718 6057/3636/717
f 6060/3637/718 6062/3639/719 6061/3640/719 6059/3638/718
f 6062/3639/719 6064/3641/720 6063/3642/720 6061/3640/719
f 6064/3641/720 6066/3643/721 6065/3644/721 6063/3642/720
f 6066/3643/721 6068/3645/722 6067/3646/722 6065/3644/721
f 6068/3645/722 6070/3647/723 6069/3648/723 6067/3646/722
f 6070/3647/723 6072/3649/724 6071/3650/724 6069/3648/723
f 6072/3649/724 6074/3651/725 6073/3652/725 6071/3650/724
f 6074/3651/725 6076/3653/726 6075/3654/726 6073/3652/725
f 6076/3653/726 6078/3655/727 6077/3656/727 6075/3654/726
f 6078/3655/727 6080/3657/728 6079/3658/728 6077/3656/727
f 6080/3657/728 6082/3659/729 6081/3660/729 6079/3658/728
f 6082/3659/729 6084/3661/730 6083/3662/730 6081/3660/729
f 6084/3661/730 6086/3663/731 6085/3664/731 6083/3662/730
f 6086/3663/731 6088/3665/732 6087/3666/732 6085/3664/731
f 6088/3665/732 6090/3667/733 6089/3668/733 6087/3666/732
f 6090/3667/733 6092/3669/734 6091/3670/734 6089/3668/733
f 6092/3669/734 6094/3671/275 6093/3672/275 6091/3670/734
f 6094/3671/275 6096/3673/735 6095/3674/735 6093/3672/275
f 6096/3673/735 6098/3675/736 6097/3676/736 6095/3674/735
f 6098/3675/736 6100/3677/737 6099/3678/737 6097/3676/736
f 6100/3677/737 6102/3679/738 6101/3680/738 6099/3678/737
f 6102/3679/738 6104/3681/739 6103/3682/739 6101/3680/738
f 6104/3681/739 6106/3683/740 6105/3684/740 6103/3682/739
f 6106/3683/740 6108/3685/741 6107/3686/741 6105/3684/740
f 6108/3685/741 6110/3687/742 6109/3688/742 6107/3686/741
f 6110/3687/742 6112/3689/743 6111/3690/743 6109/3688/742
f 6112/3689/743 6114/3691/744 6113/3692/744 6111/3690/743
f 6114/3691/744 6116/3693/745 6115/3694/745 6113/3692/744
f 6116/3693/745 6118/3695/746 6117/3696/746 6115/3694/745
f 6118/3695/746 6120/3697/747 6119/3698/747 6117/3696/746
f 6120/3697/747 6122/3699/748 6121/3700/748 6119/3698/747
f 6122/3699/748 6124/3701/749 6123/3702/749 6121/3700/748
f 6124/3701/749 6126/3703/750 6125/3704/750 6123/3702/749
f 6126/3703/750 6128/3705/751 6127/3706/751 6125/3704/750
f 6128/3705/751 6130/3707/752 6129/3708/752 6127/3706/751
f 6130/3707/752 6132/3709/753 6131/3710/753 6129/3708/752
f 6132/3709/753 6134/3711/754 6133/3712/754 6131/3710/753
f 6134/3711/754 6136/3713/755 6135/3714/755 6133/3712/754
f 6136/3713/755 6138/3715/756 6137/3716/756 6135/3714/755
f 6138/3715/756 6140/3717/757 6139/3718/757 6137/3716/756
f 6140/3717/757 6142/3719/758 6141/3720/758 6139/3718/757
f 6142/3719/758 6144/3721/759 6143/3722/759 6141/3720/758
f 6144/3721/759 6146/3723/760 6145/3724/760 6143/3722/759
f 6146/3723/760 5760/3340/570 5759/100/570 6145/3724/760
f 6148/2308/761 6150/3725/762 6149/3726/762 6147/105/761
f 6150/3725/762 6152/3727/763 6151/3728/763 6149/3726/762
f 6152/3727/763 6154/3729/764 6153/3730/764 6151/3728/763
f 6154/3729/764 6156/3731/186 6155/3732/186 6153/3730/764
f 6156/3731/186 6158/3733/765 6157/3734/765 6155/3732/186
f 6158/3733/765 6160/3735/766 6159/3736/766 6157/3734/765
f 6160/3735/766 6162/3737/767 6161/3738/767 6159/3736/766
f 6162/3737/767 6164/3739/768 6163/3740/768 6161/3738/767
f 6164/3739/768 6166/3741/769 6165/3742/769 6163/3740/768
f 6166/3741/769 6168/3743/770 6167/3744/770 6165/3742/769
f 6168/3743/770 6170/3745/771 6169/3746/771 6167/3744/770
f 6170/3745/771 6172/3747/772 6171/3748/772 6169/3746/771
f 6172/3747/772 6174/3749/773 6173/3750/773 6171/3748/772
f 6174/3749/773 6176/3751/774 6175/3752/774 6173/3750/773
f 6176/3751/774 6178/3753/775 6177/3754/775 6175/3752/774
f 6178/3753/775 6180/3755/776 6179/3756/776 6177/3754/775
f 6180/3755/776 6182/3757/777 6181/3758/777 6179/3756/776
f 6182/3757/777 6184/3759/778 6183/3760/778 6181/3758/777
f 6184/3759/778 6186/3761/779 6185/3762/779 6183/3760/778
f 6186/3761/779 6188/3763/780 6187/3764/780 6185/3762/779
f 6188/3763/780 6190/3765/781 6189/3766/781 6187/3764/780
f 6190/3765/781 6192/3767/782 6191/3768/782 6189/3766/781
f 6192/3767/782 6194/3769/783 6193/3770/783 6191/3768/782
f 6194/3769/783 6196/3771/784 6195/3772/784 6193/3770/783
f 6196/3771/784 6198/3773/785 6197/3774/785 6195/3772/784
f 6198/3773/785 6200/3775/786 6199/3776/786 6197/3774/785
f 6200/3775/786 6202/3777/787 6201/3778/787 6199/3776/786
f 6202/3777/787 6204/3779/788 6203/3780/788 6201/3778/787
f 6204/3779/788 6206/3781/789 6205/3782/789 6203/3780/788
f 6206/3781/789 6208/3783/790 6207/3784/790 6205/3782/789
f 6208/3783/790 6210/3785/791 6209/3786/791 6207/3784/790
f 6210/3785/791 6212/3787/792 6211/3788/792 6209/3786/791
f 6212/3787/792 6214/3789/793 6213/3790/793 6211/3788/792
f 6214/3789/793 6216/3791/794 6215/3792/794 6213/3790/793
f 6216/3791/794 6218/3793/795 6217/3794/795 6215/3792/794
f 6218/3793/795 6220/3795/796 6219/3796/796 6217/3794/795
f 6220/3795/796 6222/3797/797 6221/3798/797 6219/3796/796
f 6222/3797/797 6224/3799/798 6223/3800/798 6221/3798/797
f 6224/3799/798 6226/3801/799 6225/3802/799 6223/3800/798
f 6226/3801/799 6228/3803/800 6227/3804/800 6225/3802/799
f 6228/3803/800 6230/3805/801 6229/3806/801 6227/3804/800
f 6230/3805/801 6232/3807/802 6231/3808/802 6229/3806/801
f 6232/3807/802 6234/3809/803 6233/3810/803 6231/3808/802
f 6234/3809/803 6236/3811/804 6235/3812/804 6233/3810/803
f 6236/3811/804 6238/3813/805 6237/3814/805 6235/3812/804
f 6238/3813/805 6240/3815/806 6239/3816/806 6237/3814/805
f 6240/3815/806 6242/3817/807 6241/3818/807 6239/3816/806
f 6242/3817/807 6244/3819/808 6243/3820/808 6241/3818/807
f 6244/3819/808 6246/3821/809 6245/3822/809 6243/3820/808
f 6246/3821/809 6248/3823/810 6247/3824/810 6245/3822/809
f 6248/3823/810 6250/3825/811 6249/3826/811 6247/3824/810
f 6250/3825/811 6252/3827/812 6251/3828/812 6249/3826/811
f 6252/3827/812 6254/3829/813 6253/3830/813 6251/3828/812
f 6254/3829/813 6256/3831/814 6255/3832/814 6253/3830/813
f 6256/3831/814 6258/3833/815 6257/3834/815 6255/3832/814
f 6258/3833/815 6260/3835/816 6259/3836/816 6257/3834/815
f 6260/3835/816 6262/3837/817 6261/3838/817 6259/3836/816
f 6262/3837/817 6264/3839/818 6263/3840/818 6261/3838/817
f 6264/3839/818 6266/3841/819 6265/3842/819 6263/3840/818
f 6266/3841/819 6268/3843/103 6267/3844/103 6265/3842/819
f 6268/3843/103 6270/3845/820 6269/3846/820 6267/3844/103
f 6270/3845/820 6272/3847/821 6271/3848/821 6269/3846/820
f 6272/3847/821 6274/3849/822 6273/3850/822 6271/3848/821
f 6274/3849/822 6276/3851/823 6275/3852/823 6273/3850/822
f 6276/3851/823 6278/3853/824 6277/3854/824 6275/3852/823
f 6278/3853/824 6280/3855/825 6279/3856/825 6277/3854/824
f 6280/3855/825 6282/3857/826 6281/3858/826 6279/3856/825
f 6282/3857/826 6284/3859/827 6283/3860/827 6281/3858/826
f 6284/3859/827 6286/3861/828 6285/3862/828 6283/3860/827
f 6286/3861/828 6288/3863/829 6287/3864/829 6285/3862/828
f 6288/3863/829 6290/3865/830 6289/3866/830 6287/3864/829
f 6290/3865/830 6292/3867/831 6291/3868/831 6289/3866/830
f 6292/3867/831 6294/3869/832 6293/3870/832 6291/3868/831
f 6294/3869/832 6296/3871/833 6295/3872/833 6293/3870/832
f 6296/3871/833 6298/3873/834 6297/3874/834 6295/3872/833
f 6298/3873/834 6300/3875/835 6299/3876/835 6297/3874/834
f 6300/3875/835 6302/3877/836 6301/3878/836 6299/3876/835
f 6302/3877/836 6304/3879/837 6303/3880/837 6301/3878/836
f 6304/3879/837 6306/3881/838 6305/3882/838 6303/3880/837
f 6306/3881/838 6308/3883/839 6307/3884/839 6305/3882/838
f 6308/3883/839 6310/3885/840 6309/3886/840 6307/3884/839
f 6310/3885/840 6312/3887/841 6311/3888/841 6309/3886/840
f 6312/3887/841 6314/3889/842 6313/3890/842 6311/3888/841
f 6314/3889/842 6316/3891/843 6315/3892/843 6313/3890/842
f 6316/3891/843 6318/3893/844 6317/3894/844 6315/3892/843
f 6318/3893/844 6320/3895/845 6319/3896/845 6317/3894/844
f 6320/3895/845 6322/3897/846 6321/3898/846 6319/3896/845
f 6322/3897/846 6324/3899/847 6323/3900/847 6321/3898/846
f 6324/3899/847 6326/3901/848 6325/3902/848 6323/3900/847
f 6326/3901/848 6328/3903/849 6327/3904/849 6325/3902/848
f 6328/3903/849 6330/3905/850 6329/3906/850 6327/3904/849
f 6330/3905/850 6332/3907/851 6331/3908/851 6329/3906/850
f 6332/3907/851 6334/3909/852 6333/3910/852 6331/3908/851
f 6334/3909/852 6336/3911/853 6335/3912/853 6333/3910/852
f 6336/3911/853 6338/3913/854 6337/3914/854 6335/3912/853
f 6338/3913/854 6340/3915/855 6339/3916/855 6337/3914/854
f 6340/3915/855 6342/3917/856 6341/3918/856 6339/3916/855
f 6342/3917/856 6344/3919/857 6343/3920/857 6341/3918/856
f 6344/3919/857 6346/3921/858 6345/3922/858 6343/3920/857
f 6346/3921/858 6348/3923/859 6347/3924/859 6345/3922/858
f 6348/3923/859 6350/3925/860 6349/3926/860 6347/3924/859
f 6350/3925/860 6352/3927/861 6351/3928/861 6349/3926/860
f 6352/3927/861 6354/3929/862 6353/3930/862 6351/3928/861
f 6354/3929/862 6356/3931/863 6355/3932/863 6353/3930/862
f 6356/3931/863 6358/3933/864 6357/3934/864 6355/3932/863
f 6358/3933/864 6360/3935/865 6359/3936/865 6357/3934/864
f 6360/3935/865 6362/3937/866 6361/3938/866 6359/3936/865
f 6362/3937/866 6364/3939/867 6363/3940/867 6361/3938/866
f 6364/3939/867 6366/3941/868 6365/3942/868 6363/3940/867
f 6366/3941/868 6368/3943/869 6367/3944/869 6365/3942/868
f 6368/3943/869 6370/3945/870 6369/3946/870 6367/3944/869
f 6370/3945/870 6372/3947/871 6371/3948/871 6369/3946/870
f 6372/3947/871 6374/3949/872 6373/3950/872 6371/3948/871
f 6374/3949/872 6376/3951/873 6375/3952/873 6373/3950/872
f 6376/3951/873 6378/3953/874 6377/3954/874 6375/3952/873
f 6378/3953/874 6380/3955/875 6379/3956/875 6377/3954/874
f 6380/3955/875 6382/3957/876 6381/3958/876 6379/3956/875
f 6382/3957/876 6384/3959/877 6383/3960/877 6381/3958/876
f 6384/3959/877 6386/3961/878 6385/3962/878 6383/3960/877
f 6386/3961/878 6388/3963/879 6387/3964/879 6385/3962/878
f 6388/3963/879 6390/3965/880 6389/3966/880 6387/3964/879
f 6390/3965/880 6392/3967/881 6391/3968/881 6389/3966/880
f 6392/3967/881 6394/3969/882 6393/3970/882 6391/3968/881
f 6394/3969/882 6396/3971/883 6395/3972/883 6393/3970/882
f 6396/3971/883 6398/3973/884 6397/3974/884 6395/3972/883
f 6398/3973/884 6400/3975/885 6399/3976/885 6397/3974/884
f 6400/3975/885 6402/3977/695 6401/3978/695 6399/3976/885
f 6402/3977/695 6404/3979/886 6403/3980/886 6401/3978/695
f 6404/3979/886 6406/3981/887 6405/3982/887 6403/3980/886
f 6406/3981/887 6408/3983/888 6407/3984/888 6405/3982/887
f 6408/3983/888 6410/3985/889 6409/3986/889 6407/3984/888
f 6410/3985/889 6412/3987/890 6411/3988/890 6409/3986/889
f 6412/3987/890 6414/3989/891 6413/3990/891 6411/3988/890
f 6414/3989/891 6416/3991/892 6415/3992/892 6413/3990/891
f 6416/3991/892 6418/3993/893 6417/3994/893 6415/3992/892
f 6418/3993/893 6420/3995/894 6419/3996/894 6417/3994/893
f 6420/3995/894 6422/3997/895 6421/3998/895 6419/3996/894
f 6422/3997/895 6424/3999/896 6423/4000/896 6421/3998/895
f 6424/3999/896 6426/4001/897 6425/4002/897 6423/4000/896
f 6426/4001/897 6428/4003/898 6427/4004/898 6425/4002/897
f 6428/4003/898 6430/4005/899 6429/4006/899 6427/4004/898
f 6430/4005/899 6432/4007/900 6431/4008/900 6429/4006/899
f 6432/4007/900 6434/4009/901 6433/4010/901 6431/4008/900
f 6434/4009/901 6436/4011/902 6435/4012/902 6433/4010/901
f 6436/4011/902 6438/4013/903 6437/4014/903 6435/4012/902
f 6438/4013/903 6440/4015/904 6439/4016/904 6437/4014/903
f 6440/4015/904 6442/4017/905 6441/4018/905 6439/4016/904
f 6442/4017/905 6444/4019/906 6443/4020/906 6441/4018/905
f 6444/4019/906 6446/4021/907 6445/4022/907 6443/4020/906
f 6446/4021/907 6448/4023/908 6447/4024/908 6445/4022/907
f 6448/4023/908 6450/4025/909 6449/4026/909 6447/4024/908
f 6450/4025/909 6452/4027/910 6451/4028/910 6449/4026/909
f 6452/4027/910 6454/4029/911 6453/4030/911 6451/4028/910
f 6454/4029/911 6456/4031/912 6455/4032/912 6453/4030/911
f 6456/4031/912 6458/4033/913 6457/4034/913 6455/4032/912
f 6458/4033/913 6460/4035/914 6459/4036/914 6457/4034/913
f 6460/4035/914 6462/4037/915 6461/4038/915 6459/4036/914
f 6462/4037/915 6464/4039/916 6463/4040/916 6461/4038/915
f 6464/4039/916 6466/4041/917 6465/4042/917 6463/4040/916
f 6466/4041/917 6468/4043/918 6467/4044/918 6465/4042/917
f 6468/4043/918 6470/4045/919 6469/4046/919 6467/4044/918
f 6470/4045/919 6472/4047/920 6471/4048/920 6469/4046/919
f 6472/4047/920 6474/4049/921 6473/4050/921 6471/4048/920
f 6474/4049/921 6476/4051/922 6475/4052/922 6473/4050/921
f 6476/4051/922 6478/4053/923 6477/4054/923 6475/4052/922
f 6478/4053/923 6480/4055/924 6479/4056/924 6477/4054/923
f 6480/4055/924 6482/4057/925 6481/4058/925 6479/4056/924
f 6482/4057/925 6484/4059/926 6483/4060/926 6481/4058/925
f 6484/4059/926 6486/4061/927 6485/4062/927 6483/4060/926
f 6486/4061/927 6488/4063/928 6487/4064/928 6485/4062/927
f 6488/4063/928 6490/4065/929 6489/4066/929 6487/4064/928
f 6490/4065/929 6492/4067/930 6491/4068/930 6489/4066/929
f 6492/4067/930 6494/4069/931 6493/4070/931 6491/4068/930
f 6494/4069/931 6496/4071/932 6495/4072/932 6493/4070/931
f 6496/4071/932 6498/4073/933 6497/4074/933 6495/4072/932
f 6498/4073/933 6500/4075/934 6499/4076/934 6497/4074/933
f 6500/4075/934 6502/4077/935 6501/4078/935 6499/4076/934
f 6502/4077/935 6504/4079/936 6503/4080/936 6501/4078/935
f 6504/4079/936 6506/4081/937 6505/4082/937 6503/4080/936
f 6506/4081/937 6508/4083/938 6507/4084/938 6505/4082/937
f 6508/4083/938 6510/4085/939 6509/4086/939 6507/4084/938
f 6510/4085/939 6512/4087/940 6511/4088/940 6509/4086/939
f 6512/4087/940 6514/4089/941 6513/4090/941 6511/4088/940
f 6514/4089/941 6516/4091/942 6515/4092/942 6513/4090/941
f 6516/4091/942 6518/4093/943 6517/4094/943 6515/4092/942
f 6518/4093/943 6520/4095/944 6519/4096/944 6517/4094/943
f 6520/4095/944 6522/4097/945 6521/4098/945 6519/4096/944
f 6522/4097/945 6524/4099/946 6523/4100/946 6521/4098/945
f 6524/4099/946 6526/4101/947 6525/4102/947 6523/4100/946
f 6526/4101/947 6528/4103/948 6527/4104/948 6525/4102/947
f 6528/4103/948 6530/4105/949 6529/4106/949 6527/4104/948
f 6530/4105/949 6532/4107/950 6531/4108/950 6529/4106/949
f 6532/4107/950 6534/4109/951 6533/4110/951 6531/4108/950
f 6534/4109/951 6536/4111/952 6535/4112/952 6533/4110/951
f 6536/4111/952 6538/4113/953 6537/4114/953 6535/4112/952
f 6538/4113/953 6540/4115/954 6539/4116/954 6537/4114/953
f 6540/4115/954 6542/4117/955 6541/4118/955 6539/4116/954
f 6542/4117/955 6544/4119/956 6543/4120/956 6541/4118/955
f 6544/4119/956 6546/4121/957 6545/4122/957 6543/4120/956
f 6546/4121/957 6548/4123/958 6547/4124/958 6545/4122/957
f 6548/4123/958 6550/4125/959 6549/4126/959 6547/4124/958
f 6550/4125/959 6552/4127/960 6551/4128/960 6549/4126/959
f 6552/4127/960 6554/4129/34 6553/4130/34 6551/4128/960
f 6554/4129/34 6556/4131/961 6555/4132/961 6553/4130/34
f 6556/4131/961 6558/4133/962 6557/4134/962 6555/4132/961
f 6558/4133/962 6560/4135/963 6559/4136/963 6557/4134/962
f 6560/4135/963 6562/4137/964 6561/4138/964 6559/4136/963
f 6562/4137/964 6564/4139/965 6563/4140/965 6561/4138/964
f 6564/4139/965 6566/4141/966 6565/4142/966 6563/4140/965
f 6566/4141/966 6568/4143/967 6567/4144/967 6565/4142/966
f 6568/4143/967 6570/4145/968 6569/4146/968 6567/4144/967
f 6570/4145/968 6572/4147/969 6571/4148/969 6569/4146/968
f 6572/4147/969 6574/4149/970 6573/4150/970 6571/4148/969
f 6574/4149/970 6576/4151/971 6575/4152/971 6573/4150/970
f 6576/4151/971 6578/4153/972 6577/4154/972 6575/4152/971
f 6578/4153/972 6580/4155/973 6579/4156/973 6577/4154/972
f 6580/4155/973 6582/4157/974 6581/4158/974 6579/4156/973
f 6582/4157/974 6584/4159/975 6583/4160/975 6581/4158/974
f 6584/4159/975 6586/4161/976 6585/4162/976 6583/4160/975
f 6586/4161/976 6588/4163/977 6587/4164/977 6585/4162/976
f 6588/4163/977 6590/4165/978 6589/4166/978 6587/4164/977
f 6590/4165/978 6592/4167/979 6591/4168/979 6589/4166/978
f 6592/4167/979 6594/4169/980 6593/4170/980 6591/4168/979
f 6594/4169/980 6596/4171/981 6595/4172/981 6593/4170/980
f 6596/4171/981 6598/4173/982 6597/4174/982 6595/4172/981
f 6598/4173/982 6600/4175/983 6599/4176/983 6597/4174/982
f 6600/4175/983 6602/4177/984 6601/4178/984 6599/4176/983
f 6602/4177/984 6604/4179/985 6603/4180/985 6601/4178/984
f 6604/4179/985 6606/4181/986 6605/4182/986 6603/4180/985
f 6606/4181/986 6608/4183/987 6607/4184/987 6605/4182/986
f 6608/4183/987 6610/4185/988 6609/4186/988 6607/4184/987
f 6610/4185/988 6612/4187/794 6611/4188/794 6609/4186/988
f 6612/4187/794 6614/4189/989 6613/4190/989 6611/4188/794
f 6614/4189/989 6616/4191/990 6615/4192/990 6613/4190/989
f 6616/4191/990 6618/4193/991 6617/4194/991 6615/4192/990
f 6618/4193/991 6620/4195/992 6619/4196/992 6617/4194/991
f 6620/4195/992 6622/4197/993 6621/4198/993 6619/4196/992
f 6622/4197/993 6624/4199/994 6623/4200/994 6621/4198/993
f 6624/4199/994 6626/4201/995 6625/4202/995 6623/4200/994
f 6626/4201/995 6628/4203/996 6627/4204/996 6625/4202/995
f 6628/4203/996 6630/4205/997 6629/4206/997 6627/4204/996
f 6630/4205/997 6632/4207/998 6631/4208/998 6629/4206/997
f 6632/4207/998 6634/4209/999 6633/4210/999 6631/4208/998
f 6634/4209/999 6636/4211/1000 6635/4212/1000 6633/4210/999
f 6636/4211/1000 6638/4213/1001 6637/4214/1001 6635/4212/1000
f 6638/4213/1001 6640/4215/1002 6639/4216/1002 6637/4214/1001
f 6640/4215/1002 6642/4217/1003 6641/4218/1003 6639/4216/1002
f 6642/4217/1003 6644/4219/1004 6643/4220/1004 6641/4218/1003
f 6644/4219/1004 6646/4221/1005 6645/4222/1005 6643/4220/1004
f 6646/4221/1005 6648/4223/1006 6647/4224/1006 6645/4222/1005
f 6648/4223/1006 6650/4225/1007 6649/4226/1007 6647/4224/1006
f 6650/4225/1007 6652/4227/1008 6651/4228/1008 6649/4226/1007
f 6652/4227/1008 6654/4229/1009 6653/4230/1009 6651/4228/1008
f 6654/4229/1009 6656/4231/400 6655/4232/400 6653/4230/1009
f 6656/4231/400 6658/4233/1010 6657/4234/1010 6655/4232/400
f 6658/4233/1010 6660/4235/1011 6659/4236/1011 6657/4234/1010
f 6660/4235/1011 6662/4237/1012 6661/4238/1012 6659/4236/1011
f 6662/4237/1012 6664/4239/1013 6663/4240/1013 6661/4238/1012
f 6664/4239/1013 6666/4241/1014 6665/4242/1014 6663/4240/1013
f 6666/4241/1014 6668/4243/1015 6667/4244/1015 6665/4242/1014
f 6668/4243/1015 6670/4245/1016 6669/4246/1016 6667/4244/1015
f 6670/4245/1016 6672/4247/1017 6671/4248/1017 6669/4246/1016
f 6672/4247/1017 6674/4249/1018 6673/4250/1018 6671/4248/1017
f 6674/4249/1018 6676/4251/812 6675/4252/812 6673/4250/1018
f 6676/4251/812 6678/4253/407 6677/4254/407 6675/4252/812
f 6678/4253/407 6680/4255/1019 6679/4256/1019 6677/4254/407
f 6680/4255/1019 6682/4257/1020 6681/4258/1020 6679/4256/1019
f 6682/4257/1020 6684/4259/1021 6683/4260/1021 6681/4258/1020
f 6684/4259/1021 6686/4261/1022 6685/4262/1022 6683/4260/1021
f 6686/4261/1022 6688/4263/1023 6687/4264/1023 6685/4262/1022
f 6688/4263/1023 6690/4265/1024 6689/4266/1024 6687/4264/1023
f 6690/4265/1024 6692/4267/1025 6691/4268/1025 6689/4266/1024
f 6692/4267/1025 6694/4269/1026 6693/4270/1026 6691/4268/1025
f 6694/4269/1026 6696/4271/1027 6695/4272/1027 6693/4270/1026
f 6696/4271/1027 6698/4273/1028 6697/4274/1028 6695/4272/1027
f 6698/4273/1028 6700/4275/1029 6699/4276/1029 6697/4274/1028
f 6700/4275/1029 6702/4277/1030 6701/4278/1030 6699/4276/1029
f 6702/4277/1030 6704/4279/1031 6703/4280/1031 6701/4278/1030
f 6704/4279/1031 6706/4281/1032 6705/4282/1032 6703/4280/1031
f 6706/4281/1032 6708/4283/1033 6707/4284/1033 6705/4282/1032
f 6708/4283/1033 6710/4285/1034 6709/4286/1034 6707/4284/1033
f 6710/4285/1034 6712/4287/1035 6711/4288/1035 6709/4286/1034
f 6712/4287/1035 6714/4289/1036 6713/4290/1036 6711/4288/1035
f 6714/4289/1036 6716/4291/1037 6715/4292/1037 6713/4290/1036
f 6716/4291/1037 6718/4293/1038 6717/4294/1038 6715/4292/1037
f 6718/4293/1038 6720/4295/1039 6719/4296/1039 6717/4294/1038
f 6720/4295/1039 6722/4297/1040 6721/4298/1040 6719/4296/1039
f 6722/4297/1040 6724/4299/1041 6723/4300/1041 6721/4298/1040
f 6724/4299/1041 6726/4301/1042 6725/4302/1042 6723/4300/1041
f 6726/4301/1042 6728/4303/1043 6727/4304/1043 6725/4302/1042
f 6728/4303/1043 6730/4305/1044 6729/4306/1044 6727/4304/1043
f 6730/4305/1044 6732/4307/1045 6731/4308/1045 6729/4306/1044
f 6732/4307/1045 6734/4309/642 6733/4310/642 6731/4308/1045
f 6734/4309/642 6736/4311/1046 6735/4312/1046 6733/4310/642
f 6736/4311/1046 6738/4313/1047 6737/4314/1047 6735/4312/1046
f 6738/4313/1047 6740/4315/1048 6739/4316/1048 6737/4314/1047
f 6740/4315/1048 6742/4317/1049 6741/4318/1049 6739/4316/1048
f 6742/4317/1049 6744/4319/1050 6743/4320/1050 6741/4318/1049
f 6744/4319/1050 6746/4321/1051 6745/4322/1051 6743/4320/1050
f 6746/4321/1051 6748/4323/1052 6747/4324/1052 6745/4322/1051
f 6748/4323/1052 6750/4325/1053 6749/4326/1053 6747/4324/1052
f 6750/4325/1053 6752/4327/1054 6751/4328/1054 6749/4326/1053
f 6752/4327/1054 6754/4329/1055 6753/4330/1055 6751/4328/1054
f 6754/4329/1055 6756/4331/1056 6755/4332/1056 6753/4330/1055
f 6756/4331/1056 6758/4333/1057 6757/4334/1057 6755/4332/1056
f 6758/4333/1057 6760/4335/1058 6759/4336/1058 6757/4334/1057
f 6760/4335/1058 6762/4337/1059 6761/4338/1059 6759/4336/1058
f 6762/4337/1059 6764/4339/1060 6763/4340/1060 6761/4338/1059
f 6764/4339/1060 6766/4341/1061 6765/4342/1061 6763/4340/1060
f 6766/4341/1061 6768/4343/1062 6767/4344/1062 6765/4342/1061
f 6768/4343/1062 6770/4345/1063 6769/4346/1063 6767/4344/1062
f 6770/4345/1063 6772/4347/1064 6771/4348/1064 6769/4346/1063
f 6772/4347/1064 6774/4349/1065 6773/4350/1065 6771/4348/1064
f 6774/4349/1065 6776/4351/1066 6775/4352/1066 6773/4350/1065
f 6776/4351/1066 6778/4353/1067 6777/4354/1067 6775/4352/1066
f 6778/4353/1067 6780/4355/1068 6779/4356/1068 6777/4354/1067
f 6780/4355/1068 6782/4357/1069 6781/4358/1069 6779/4356/1068
f 6782/4357/1069 6784/4359/1070 6783/4360/1070 6781/4358/1069
f 6784/4359/1070 6786/4361/1071 6785/4362/1071 6783/4360/1070
f 6786/4361/1071 6788/4363/1072 6787/4364/1072 6785/4362/1071
f 6788/4363/1072 6790/4365/1073 6789/4366/1073 6787/4364/1072
f 6790/4365/1073 6792/4367/459 6791/4368/459 6789/4366/1073
f 6792/4367/459 6794/4369/1074 6793/4370/1074 6791/4368/459
f 6794/4369/1074 6796/4371/1075 6795/4372/1075 6793/4370/1074
f 6796/4371/1075 6798/4373/1076 6797/4374/1076 6795/4372/1075
f 6798/4373/1076 6800/4375/1077 6799/4376/1077 6797/4374/1076
f 6800/4375/1077 6802/4377/1078 6801/4378/1078 6799/4376/1077
f 6802/4377/1078 6804/4379/1079 6803/4380/1079 6801/4378/1078
f 6804/4379/1079 6806/4381/1080 6805/4382/1080 6803/4380/1079
f 6806/4381/1080 6808/4383/1081 6807/4384/1081 6805/4382/1080
f 6808/4383/1081 6810/4385/1082 6809/4386/1082 6807/4384/1081
f 6810/4385/1082 6812/4387/1083 6811/4388/1083 6809/4386/1082
f 6812/4387/1083 6814/4389/1084 6813/4390/1084 6811/4388/1083
f 6814/4389/1084 6816/4391/1085 6815/4392/1085 6813/4390/1084
f 6816/4391/1085 6818/4393/1086 6817/4394/1086 6815/4392/1085
f 6818/4393/1086 6820/4395/1087 6819/4396/1087 6817/4394/1086
f 6820/4395/1087 6822/4397/1088 6821/4398/1088 6819/4396/1087
f 6822/4397/1088 6824/4399/1089 6823/4400/1089 6821/4398/1088
f 6824/4399/1089 6826/4401/1090 6825/4402/1090 6823/4400/1089
f 6826/4401/1090 6828/4403/1091 6827/4404/1091 6825/4402/1090
f 6828/4403/1091 6830/4405/1092 6829/4406/1092 6827/4404/1091
f 6830/4405/1092 6832/4407/1093 6831/4408/1093 6829/4406/1092
f 6832/4407/1093 6834/4409/1094 6833/4410/1094 6831/4408/1093
f 6834/4409/1094 6836/4411/1095 6835/4412/1095 6833/4410/1094
f 6836/4411/1095 6838/4413/1096 6837/4414/1096 6835/4412/1095
f 6838/4413/1096 6840/4415/1097 6839/4416/1097 6837/4414/1096
f 6840/4415/1097 6842/4417/1098 6841/4418/1098 6839/4416/1097
f 6842/4417/1098 6844/4419/1099 6843/4420/1099 6841/4418/1098
f 6844/4419/1099 6846/4421/1100 6845/4422/1100 6843/4420/1099
f 6846/4421/1100 6848/4423/1101 6847/4424/1101 6845/4422/1100
f 6848/4423/1101 6850/4425/1102 6849/4426/1102 6847/4424/1101
f 6850/4425/1102 6852/4427/1103 6851/4428/1103 6849/4426/1102
f 6852/4427/1103 6854/4429/1104 6853/4430/1104 6851/4428/1103
f 6854/4429/1104 6856/4431/1105 6855/4432/1105 6853/4430/1104
f 6856/4431/1105 6858/4433/1106 6857/4434/1106 6855/4432/1105
f 6858/4433/1106 6860/4435/1107 6859/4436/1107 6857/4434/1106
f 6860/4435/1107 6862/4437/1108 6861/4438/1108 6859/4436/1107
f 6862/4437/1108 6864/4439/1109 6863/4440/1109 6861/4438/1108
f 6864/4439/1109 6866/4441/1110 6865/4442/1110 6863/4440/1109
f 6866/4441/1110 6868/4443/1111 6867/4444/1111 6865/4442/1110
f 6868/4443/1111 6870/4445/1112 6869/4446/1112 6867/4444/1111
f 6870/4445/1112 6872/4447/1113 6871/4448/1113 6869/4446/1112
f 6872/4447/1113 6874/4449/1114 6873/4450/1114 6871/4448/1113
f 6874/4449/1114 6876/4451/1115 6875/4452/1115 6873/4450/1114
f 6876/4451/1115 6878/4453/1116 6877/4454/1116 6875/4452/1115
f 6878/4453/1116 6880/4455/1117 6879/4456/1117 6877/4454/1116
f 6880/4455/1117 6882/4457/1118 6881/4458/1118 6879/4456/1117
f 6882/4457/1118 6884/4459/1119 6883/4460/1119 6881/4458/1118
f 6884/4459/1119 6886/4461/1120 6885/4462/1120 6883/4460/1119
f 6886/4461/1120 6888/4463/1121 6887/4464/1121 6885/4462/1120
f 6888/4463/1121 6890/4465/1122 6889/4466/1122 6887/4464/1121
f 6890/4465/1122 6892/4467/1123 6891/4468/1123 6889/4466/1122
f 6892/4467/1123 6894/4469/1124 6893/4470/1124 6891/4468/1123
f 6894/4469/1124 6896/4471/1125 6895/4472/1125 6893/4470/1124
f 6896/4471/1125 6898/4473/1126 6897/4474/1126 6895/4472/1125
f 6898/4473/1126 6900/4475/1127 6899/4476/1127 6897/4474/1126
f 6900/4475/1127 6902/4477/1128 6901/4478/1128 6899/4476/1127
f 6902/4477/1128 6904/4479/1129 6903/4480/1129 6901/4478/1128
f 6904/4479/1129 6906/4481/1130 6905/4482/1130 6903/4480/1129
f 6906/4481/1130 6908/4483/1131 6907/4484/1131 6905/4482/1130
f 6908/4483/1131 6910/4485/1132 6909/4486/1132 6907/4484/1131
f 6910/4485/1132 6912/4487/1133 6911/4488/1133 6909/4486/1132
f 6912/4487/1133 6914/4489/1134 6913/4490/1134 6911/4488/1133
f 6914/4489/1134 6916/4491/1135 6915/4492/1135 6913/4490/1134
f 6916/4491/1135 6918/4493/1136 6917/4494/1136 6915/4492/1135
f 6918/4493/1136 6920/4495/1137 6919/4496/1137 6917/4494/1136
f 6920/4495/1137 6922/4497/1138 6921/4498/1138 6919/4496/1137
f 6922/4497/1138 6924/4499/1139 6923/4500/1139 6921/4498/1138
f 6924/4499/1139 6926/4501/1140 6925/4502/1140 6923/4500/1139
f 6926/4501/1140 6928/4503/1141 6927/4504/1141 6925/4502/1140
f 6928/4503/1141 6930/4505/1142 6929/4506/1142 6927/4504/1141
f 6930/4505/1142 6932/4507/1143 6931/4508/1143 6929/4506/1142
f 6932/4507/1143 6934/4509/1144 6933/4510/1144 6931/4508/1143
f 6934/4509/1144 6936/4511/1145 6935/4512/1145 6933/4510/1144
f 6936/4511/1145 6938/4513/1146 6937/4514/1146 6935/4512/1145
f 6938/4513/1146 6940/4515/1147 6939/4516/1147 6937/4514/1146
f 6940/4515/1147 6942/4517/1148 6941/4518/1148 6939/4516/1147
f 6942/4517/1148 6944/4519/1149 6943/4520/1149 6941/4518/1148
f 6944/4519/1149 6946/4521/1150 6945/4522/1150 6943/4520/1149
f 6946/4521/1150 6948/4523/1151 6947/4524/1151 6945/4522/1150
f 6948/4523/1151 6950/4525/1152 6949/4526/1152 6947/4524/1151
f 6950/4525/1152 6952/4527/1153 6951/4528/1153 6949/4526/1152
f 6952/4527/1153 6954/4529/1154 6953/4530/1154 6951/4528/1153
f 6954/4529/1154 6956/4531/1155 6955/4532/1155 6953/4530/1154
f 6956/4531/1155 6958/4533/1156 6957/4534/1156 6955/4532/1155
f 6958/4533/1156 6960/4535/1157 6959/4536/1157 6957/4534/1156
f 6960/4535/1157 6962/4537/1158 6961/4538/1158 6959/4536/1157
f 6962/4537/1158 6964/4539/1159 6963/4540/1159 6961/4538/1158
f 6964/4539/1159 6966/4541/1160 6965/4542/1160 6963/4540/1159
f 6966/4541/1160 6968/4543/1161 6967/4544/1161 6965/4542/1160
f 6968/4543/1161 6970/4545/1162 6969/4546/1162 6967/4544/1161
f 6970/4545/1162 6972/4547/1163 6971/4548/1163 6969/4546/1162
f 6972/4547/1163 6974/4549/1164 6973/4550/1164 6971/4548/1163
f 6974/4549/1164 6976/4551/1165 6975/4552/1165 6973/4550/1164
f 6976/4551/1165 6978/4553/1166 6977/4554/1166 6975/4552/1165
f 6978/4553/1166 6980/4555/1167 6979/4556/1167 6977/4554/1166
f 6980/4555/1167 6982/4557/1168 6981/4558/1168 6979/4556/1167
f 6982/4557/1168 6984/4559/1169 6983/4560/1169 6981/4558/1168
f 6984/4559/1169 6986/4561/1170 6985/4562/1170 6983/4560/1169
f 6986/4561/1170 6988/4563/1171 6987/4564/1171 6985/4562/1170
f 6988/4563/1171 6990/4565/1172 6989/4566/1172 6987/4564/1171
f 6990/4565/1172 6992/4567/1173 6991/4568/1173 6989/4566/1172
f 6992/4567/1173 6994/4569/1174 6993/4570/1174 6991/4568/1173
f 6994/4569/1174 6996/4571/1175 6995/4572/1175 6993/4570/1174
f 6996/4571/1175 6998/4573/1176 6997/4574/1176 6995/4572/1175
f 6998/4573/1176 7000/4575/1177 6999/4576/1177 6997/4574/1176
f 7000/4575/1177 7002/4577/1178 7001/4578/1178 6999/4576/1177
f 7002/4577/1178 7004/4579/1179 7003/4580/1179 7001/4578/1178
f 7004/4579/1179 7006/4581/1180 7005/4582/1180 7003/4580/1179
f 7006/4581/1180 7008/4583/1181 7007/4584/1181 7005/4582/1180
f 7008/4583/1181 7010/4585/1182 7009/4586/1182 7007/4584/1181
f 7010/4585/1182 7012/4587/1183 7011/4588/1183 7009/4586/1182
f 7012/4587/1183 6148/3340/761 6147/100/761 7011/4588/1183
f 7014/2308/1184 7016/4589/1185 7015/4590/1185 7013/105/1184
f 7016/4589/1185 7018/4591/1186 7017/4592/1186 7015/4590/1185
f 7018/4591/1186 7020/4593/1187 7019/4594/1187 7017/4592/1186
f 7020/4593/1187 7022/4595/1188 7021/4596/1188 7019/4594/1187
f 7022/4595/1188 7024/4597/1189 7023/4598/1189 7021/4596/1188
f 7024/4597/1189 7026/4599/1190 7025/4600/1190 7023/4598/1189
f 7026/4599/1190 7028/4601/1191 7027/4602/1191 7025/4600/1190
f 7028/4601/1191 7030/4603/1192 7029/4604/1192 7027/4602/1191
f 7030/4603/1192 7032/4605/1193 7031/4606/1193 7029/4604/1192
f 7032/4605/1193 7034/4607/1194 7033/4608/1194 7031/4606/1193
f 7034/4607/1194 7036/4609/1195 7035/4610/1195 7033/4608/1194
f 7036/4609/1195 7038/4611/1196 7037/4612/1196 7035/4610/1195
f 7038/4611/1196 7040/4613/1197 7039/4614/1197 7037/4612/1196
f 7040/4613/1197 7042/4615/1198 7041/4616/1198 7039/4614/1197
f 7042/4615/1198 7044/4617/1199 7043/4618/1199 7041/4616/1198
f 7044/4617/1199 7046/4619/1200 7045/4620/1200 7043/4618/1199
f 7046/4619/1200 7048/4621/1201 7047/4622/1201 7045/4620/1200
f 7048/4621/1201 7050/4623/1202 7049/4624/1202 7047/4622/1201
f 7050/4623/1202 7052/4625/1203 7051/4626/1203 7049/4624/1202
f 7052/4625/1203 7054/4627/1204 7053/4628/1204 7051/4626/1203
f 7054/4627/1204 7056/4629/1205 7055/4630/1205 7053/4628/1204
f 7056/4629/1205 7058/4631/1206 7057/4632/1206 7055/4630/1205
f 7058/4631/1206 7060/4633/1207 7059/4634/1207 7057/4632/1206
f 7060/4633/1207 7062/4635/1208 7061/4636/1208 7059/4634/1207
f 7062/4635/1208 7064/4637/1209 7063/4638/1209 7061/4636/1208
f 7064/4637/1209 7066/4639/1210 7065/4640/1210 7063/4638/1209
f 7066/4639/1210 7068/4641/1211 7067/4642/1211 7065/4640/1210
f 7068/4641/1211 7070/4643/1212 7069/4644/1212 7067/4642/1211
f 7070/4643/1212 7072/4645/1213 7071/4646/1213 7069/4644/1212
f 7072/4645/1213 7074/4647/1214 7073/4648/1214 7071/4646/1213
f 7074/4647/1214 7076/4649/1215 7075/4650/1215 7073/4648/1214
f 7076/4649/1215 7078/4651/1216 7077/4652/1216 7075/4650/1215
f 7078/4651/1216 7080/4653/1217 7079/4654/1217 7077/4652/1216
f 7080/4653/1217 7082/4655/1218 7081/4656/1218 7079/4654/1217
f 7082/4655/1218 7084/4657/1219 7083/4658/1219 7081/4656/1218
f 7084/4657/1219 7086/4659/1220 7085/4660/1220 7083/4658/1219
f 7086/4659/1220 7088/4661/1221 7087/4662/1221 7085/4660/1220
f 7088/4661/1221 7090/4663/1222 7089/4664/1222 7087/4662/1221
f 7090/4663/1222 7092/4665/1223 7091/4666/1223 7089/4664/1222
f 7092/4665/1223 7094/4667/1224 7093/4668/1224 7091/4666/1223
f 7094/4667/1224 7096/4669/1225 7095/4670/1225 7093/4668/1224
f 7096/4669/1225 7098/4671/1010 7097/4672/1010 7095/4670/1225
f 7098/4671/1010 7100/4673/1226 7099/4674/1226 7097/4672/1010
f 7100/4673/1226 7102/4675/1227 7101/4676/1227 7099/4674/1226
f 7102/4675/1227 7104/4677/1228 7103/4678/1228 7101/4676/1227
f 7104/4677/1228 7106/4679/1229 7105/4680/1229 7103/4678/1228
f 7106/4679/1229 7108/4681/1230 7107/4682/1230 7105/4680/1229
f 7108/4681/1230 7110/4683/1231 7109/4684/1231 7107/4682/1230
f 7110/4683/1231 7112/4685/1232 7111/4686/1232 7109/4684/1231
f 7112/4685/1232 7114/4687/1233 7113/4688/1233 7111/4686/1232
f 7114/4687/1233 7116/4689/1234 7115/4690/1234 7113/4688/1233
f 7116/4689/1234 7118/4691/1235 7117/4692/1235 7115/4690/1234
f 7118/4691/1235 7120/4693/1236 7119/4694/1236 7117/4692/1235
f 7120/4693/1236 7122/4695/1237 7121/4696/1237 7119/4694/1236
f 7122/4695/1237 7124/4697/1238 7123/4698/1238 7121/4696/1237
f 7124/4697/1238 7126/4699/1239 7125/4700/1239 7123/4698/1238
f 7126/4699/1239 7128/4701/1240 7127/4702/1240 7125/4700/1239
f 7128/4701/1240 7130/4703/1241 7129/4704/1241 7127/4702/1240
f 7130/4703/1241 7132/4705/1242 7131/4706/1242 7129/4704/1241
f 7132/4705/1242 7134/4707/1243 7133/4708/1243 7131/4706/1242
f 7134/4707/1243 7136/4709/1244 7135/4710/1244 7133/4708/1243
f 7136/4709/1244 7138/4711/1245 7137/4712/1245 7135/4710/1244
f 7138/4711/1245 7140/4713/1246 7139/4714/1246 7137/4712/1245
f 7140/4713/1246 7142/4715/1247 7141/4716/1247 7139/4714/1246
f 7142/4715/1247 7144/4717/1248 7143/4718/1248 7141/4716/1247
f 7144/4717/1248 7146/4719/1249 7145/4720/1249 7143/4718/1248
f 7146/4719/1249 7148/4721/1250 7147/4722/1250 7145/4720/1249
f 7148/4721/1250 7150/4723/1251 7149/4724/1251 7147/4722/1250
f 7150/4723/1251 7152/4725/1252 7151/4726/1252 7149/4724/1251
f 7152/4725/1252 7154/4727/1253 7153/4728/1253 7151/4726/1252
f 7154/4727/1253 7156/4729/1254 7155/4730/1254 7153/4728/1253
f 7156/4729/1254 7158/4731/1255 7157/4732/1255 7155/4730/1254
f 7158/4731/1255 7160/4733/1256 7159/4734/1256 7157/4732/1255
f 7160/4733/1256 7162/4735/1257 7161/4736/1257 7159/4734/1256
f 7162/4735/1257 7164/4737/1258 7163/4738/1258 7161/4736/1257
f 7164/4737/1258 7166/4739/1259 7165/4740/1259 7163/4738/1258
f 7166/4739/1259 7168/4741/1260 7167/4742/1260 7165/4740/1259
f 7168/4741/1260 7170/4743/1261 7169/4744/1261 7167/4742/1260
f 7170/4743/1261 7172/4745/1262 7171/4746/1262 7169/4744/1261
f 7172/4745/1262 7174/4747/1263 7173/4748/1263 7171/4746/1262
f 7174/4747/1263 7176/4749/1264 7175/4750/1264 7173/4748/1263
f 7176/4749/1264 7178/4751/1265 7177/4752/1265 7175/4750/1264
f 7178/4751/1265 7180/4753/1266 7179/4754/1266 7177/4752/1265
f 7180/4753/1266 7182/4755/1267 7181/4756/1267 7179/4754/1266
f 7182/4755/1267 7184/4757/1268 7183/4758/1268 7181/4756/1267
f 7184/4757/1268 7186/4759/1269 7185/4760/1269 7183/4758/1268
f 7186/4759/1269 7188/4761/1270 7187/4762/1270 7185/4760/1269
f 7188/4761/1270 7190/4763/1271 7189/4764/1271 7187/4762/1270
f 7190/4763/1271 7192/4765/1272 7191/4766/1272 7189/4764/1271
f 7192/4765/1272 7194/4767/1273 7193/4768/1273 7191/4766/1272
f 7194/4767/1273 7196/4769/1274 7195/4770/1274 7193/4768/1273
f 7196/4769/1274 7198/4771/1275 7197/4772/1275 7195/4770/1274
f 7198/4771/1275 7200/4773/1276 7199/4774/1276 7197/4772/1275
f 7200/4773/1276 7202/4775/1277 7201/4776/1277 7199/4774/1276
f 7202/4775/1277 7204/4777/1278 7203/4778/1278 7201/4776/1277
f 7204/4777/1278 7206/4779/1279 7205/4780/1279 7203/4778/1278
f 7206/4779/1279 7208/4781/1280 7207/4782/1280 7205/4780/1279
f 7208/4781/1280 7210/4783/1281 7209/4784/1281 7207/4782/1280
f 7210/4783/1281 7212/4785/1282 7211/4786/1282 7209/4784/1281
f 7212/4785/1282 7214/4787/1283 7213/4788/1283 7211/4786/1282
f 7214/4787/1283 7216/4789/1284 7215/4790/1284 7213/4788/1283
f 7216/4789/1284 7218/4791/1285 7217/4792/1285 7215/4790/1284
f 7218/4791/1285 7220/4793/1286 7219/4794/1286 7217/4792/1285
f 7220/4793/1286 7222/4795/902 7221/4796/902 7219/4794/1286
f 7222/4795/902 7224/4797/1287 7223/4798/1287 7221/4796/902
f 7224/4797/1287 7226/4799/1288 7225/4800/1288 7223/4798/1287
f 7226/4799/1288 7228/4801/1289 7227/4802/1289 7225/4800/1288
f 7228/4801/1289 7230/4803/1290 7229/4804/1290 7227/4802/1289
f 7230/4803/1290 7232/4805/1291 7231/4806/1291 7229/4804/1290
f 7232/4805/1291 7234/4807/1292 7233/4808/1292 7231/4806/1291
f 7234/4807/1292 7236/4809/1293 7235/4810/1293 7233/4808/1292
f 7236/4809/1293 7238/4811/1294 7237/4812/1294 7235/4810/1293
f 7238/4811/1294 7240/4813/1295 7239/4814/1295 7237/4812/1294
f 7240/4813/1295 7242/4815/1296 7241/4816/1296 7239/4814/1295
f 7242/4815/1296 7244/4817/1297 7243/4818/1297 7241/4816/1296
f 7244/4817/1297 7246/4819/1298 7245/4820/1298 7243/4818/1297
f 7246/4819/1298 7248/4821/1299 7247/4822/1299 7245/4820/1298
f 7248/4821/1299 7250/4823/1300 7249/4824/1300 7247/4822/1299
f 7250/4823/1300 7252/4825/1301 7251/4826/1301 7249/4824/1300
f 7252/4825/1301 7254/4827/1302 7253/4828/1302 7251/4826/1301
f 7254/4827/1302 7014/3340/1184 7013/100/1184 7253/4828/1302
f 7256/2308/1303 7258/4829/1304 7257/4830/1304 7255/105/1303
f 7258/4829/1304 7260/4831/779 7259/4832/779 7257/4830/1304
f 7260/4831/779 7262/4833/1305 7261/4834/1305 7259/4832/779
f 7262/4833/1305 7264/4835/1306 7263/4836/1306 7261/4834/1305
f 7264/4835/1306 7266/4837/1307 7265/4838/1307 7263/4836/1306
f 7266/4837/1307 7268/4839/1308 7267/4840/1308 7265/4838/1307
f 7268/4839/1308 7270/4841/1309 7269/4842/1309 7267/4840/1308
f 7270/4841/1309 7272/4843/1310 7271/4844/1310 7269/4842/1309
f 7272/4843/1310 7274/4845/1311 7273/4846/1311 7271/4844/1310
f 7274/4845/1311 7276/4847/1312 7275/4848/1312 7273/4846/1311
f 7276/4847/1312 7278/4849/1313 7277/4850/1313 7275/4848/1312
f 7278/4849/1313 7280/4851/1314 7279/4852/1314 7277/4850/1313
f 7280/4851/1314 7282/4853/1315 7281/4854/1315 7279/4852/1314
f 7282/4853/1315 7284/4855/1316 7283/4856/1316 7281/4854/1315
f 7284/4855/1316 7286/4857/599 7285/4858/599 7283/4856/1316
f 7286/4857/599 7288/4859/1317 7287/4860/1317 7285/4858/599
f 7288/4859/1317 7290/4861/1318 7289/4862/1318 7287/4860/1317
f 7290/4861/1318 7292/4863/1319 7291/4864/1319 7289/4862/1318
f 7292/4863/1319 7294/4865/1320 7293/4866/1320 7291/4864/1319
f 7294/4865/1320 7296/4867/1321 7295/4868/1321 7293/4866/1320
f 7296/4867/1321 7298/4869/1322 7297/4870/1322 7295/4868/1321
f 7298/4869/1322 7300/4871/1323 7299/4872/1323 7297/4870/1322
f 7300/4871/1323 7302/4873/1324 7301/4874/1324 7299/4872/1323
f 7302/4873/1324 7304/4875/1325 7303/4876/1325 7301/4874/1324
f 7304/4875/1325 7306/4877/1326 7305/4878/1326 7303/4876/1325
f 7306/4877/1326 7308/4879/1327 7307/4880/1327 7305/4878/1326
f 7308/4879/1327 7310/4881/1328 7309/4882/1328 7307/4880/1327
f 7310/4881/1328 7312/4883/1031 7311/4884/1031 7309/4882/1328
f 7312/4883/1031 7314/4885/1329 7313/4886/1329 7311/4884/1031
f 7314/4885/1329 7316/4887/1330 7315/4888/1330 7313/4886/1329
f 7316/4887/1330 7318/4889/1331 7317/4890/1331 7315/4888/1330
f 7318/4889/1331 7320/4891/1332 7319/4892/1332 7317/4890/1331
f 7320/4891/1332 7322/4893/1333 7321/4894/1333 7319/4892/1332
f 7322/4893/1333 7324/4895/1334 7323/4896/1334 7321/4894/1333
f 7324/4895/1334 7326/4897/1335 7325/4898/1335 7323/4896/1334
f 7326/4897/1335 7328/4899/1336 7327/4900/1336 7325/4898/1335
f 7328/4899/1336 7330/4901/1337 7329/4902/1337 7327/4900/1336
f 7330/4901/1337 7332/4903/1338 7331/4904/1338 7329/4902/1337
f 7332/4903/1338 7334/4905/1339 7333/4906/1339 7331/4904/1338
f 7334/4905/1339 7336/4907/1340 7335/4908/1340 7333/4906/1339
f 7336/4907/1340 7338/4909/633 7337/4910/633 7335/4908/1340
f 7338/4909/633 7340/4911/1341 7339/4912/1341 7337/4910/633
f 7340/4911/1341 7342/4913/1342 7341/4914/1342 7339/4912/1341
f 7342/4913/1342 7344/4915/1343 7343/4916/1343 7341/4914/1342
f 7344/4915/1343 7346/4917/1344 7345/4918/1344 7343/4916/1343
f 7346/4917/1344 7348/4919/1345 7347/4920/1345 7345/4918/1344
f 7348/4919/1345 7350/4921/1346 7349/4922/1346 7347/4920/1345
f 7350/4921/1346 7352/4923/1347 7351/4924/1347 7349/4922/1346
f 7352/4923/1347 7354/4925/1348 7353/4926/1348 7351/4924/1347
f 7354/4925/1348 7356/4927/1349 7355/4928/1349 7353/4926/1348
f 7356/4927/1349 7358/4929/1350 7357/4930/1350 7355/4928/1349
f 7358/4929/1350 7360/4931/1351 7359/4932/1351 7357/4930/1350
f 7360/4931/1351 7362/4933/1352 7361/4934/1352 7359/4932/1351
f 7362/4933/1352 7364/4935/1353 7363/4936/1353 7361/4934/1352
f 7364/4935/1353 7366/4937/1354 7365/4938/1354 7363/4936/1353
f 7366/4937/1354 7368/4939/1355 7367/4940/1355 7365/4938/1354
f 7368/4939/1355 7370/4941/1356 7369/4942/1356 7367/4940/1355
f 7370/4941/1356 7372/4943/1357 7371/4944/1357 7369/4942/1356
f 7372/4943/1357 7374/4945/1358 7373/4946/1358 7371/4944/1357
f 7374/4945/1358 7376/4947/1359 7375/4948/1359 7373/4946/1358
f 7376/4947/1359 7378/4949/1360 7377/4950/1360 7375/4948/1359
f 7378/4949/1360 7380/4951/1361 7379/4952/1361 7377/4950/1360
f 7380/4951/1361 7382/4953/1362 7381/4954/1362 7379/4952/1361
f 7382/4953/1362 7384/4955/1363 7383/4956/1363 7381/4954/1362
f 7384/4955/1363 7386/4957/1364 7385/4958/1364 7383/4956/1363
f 7386/4957/1364 7388/4959/1365 7387/4960/1365 7385/4958/1364
f 7388/4959/1365 7390/4961/1366 7389/4962/1366 7387/4960/1365
f 7390/4961/1366 7392/4963/1367 7391/4964/1367 7389/4962/1366
f 7392/4963/1367 7394/4965/1368 7393/4966/1368 7391/4964/1367
f 7394/4965/1368 7396/4967/1369 7395/4968/1369 7393/4966/1368
f 7396/4967/1369 7398/4969/1370 7397/4970/1370 7395/4968/1369
f 7398/4969/1370 7400/4971/1371 7399/4972/1371 7397/4970/1370
f 7400/4971/1371 7402/4973/1372 7401/4974/1372 7399/4972/1371
f 7402/4973/1372 7404/4975/1373 7403/4976/1373 7401/4974/1372
f 7404/4975/1373 7406/4977/1374 7405/4978/1374 7403/4976/1373
f 7406/4977/1374 7408/4979/1375 7407/4980/1375 7405/4978/1374
f 7408/4979/1375 7410/4981/1376 7409/4982/1376 7407/4980/1375
f 7410/4981/1376 7412/4983/1377 7411/4984/1377 7409/4982/1376
f 7412/4983/1377 7414/4985/1378 7413/4986/1378 7411/4984/1377
f 7414/4985/1378 7416/4987/1379 7415/4988/1379 7413/4986/1378
f 7416/4987/1379 7418/4989/1380 7417/4990/1380 7415/4988/1379
f 7418/4989/1380 7420/4991/1381 7419/4992/1381 7417/4990/1380
f 7420/4991/1381 7422/4993/1382 7421/4994/1382 7419/4992/1381
f 7422/4993/1382 7424/4995/1383 7423/4996/1383 7421/4994/1382
f 7424/4995/1383 7426/4997/1384 7425/4998/1384 7423/4996/1383
f 7426/4997/1384 7428/4999/1385 7427/5000/1385 7425/4998/1384
f 7428/4999/1385 7430/5001/1386 7429/5002/1386 7427/5000/1385
f 7430/5001/1386 7432/5003/1387 7431/5004/1387 7429/5002/1386
f 7432/5003/1387 7434/5005/1388 7433/5006/1388 7431/5004/1387
f 7434/5005/1388 7436/5007/1389 7435/5008/1389 7433/5006/1388
f 7436/5007/1389 7438/5009/1390 7437/5010/1390 7435/5008/1389
f 7438/5009/1390 7440/5011/1391 7439/5012/1391 7437/5010/1390
f 7440/5011/1391 7442/5013/1392 7441/5014/1392 7439/5012/1391
f 7442/5013/1392 7444/5015/1393 7443/5016/1393 7441/5014/1392
f 7444/5015/1393 7446/5017/1394 7445/5018/1394 7443/5016/1393
f 7446/5017/1394 7448/5019/1395 7447/5020/1395 7445/5018/1394
f 7448/5019/1395 7450/5021/1396 7449/5022/1396 7447/5020/1395
f 7450/5021/1396 7452/5023/1397 7451/5024/1397 7449/5022/1396
f 7452/5023/1397 7454/5025/1398 7453/5026/1398 7451/5024/1397
f 7454/5025/1398 7456/5027/1399 7455/5028/1399 7453/5026/1398
f 7456/5027/1399 7458/5029/1400 7457/5030/1400 7455/5028/1399
f 7458/5029/1400 7460/5031/1401 7459/5032/1401 7457/5030/1400
f 7460/5031/1401 7462/5033/1402 7461/5034/1402 7459/5032/1401
f 7462/5033/1402 7464/5035/1403 7463/5036/1403 7461/5034/1402
f 7464/5035/1403 7466/5037/1404 7465/5038/1404 7463/5036/1403
f 7466/5037/1404 7468/5039/384 7467/5040/384 7465/5038/1404
f 7468/5039/384 7470/5041/1405 7469/5042/1405 7467/5040/384
f 7470/5041/1405 7472/5043/1406 7471/5044/1406 7469/5042/1405
f 7472/5043/1406 7474/5045/1407 7473/5046/1407 7471/5044/1406
f 7474/5045/1407 7476/5047/1408 7475/5048/1408 7473/5046/1407
f 7476/5047/1408 7478/5049/1409 7477/5050/1409 7475/5048/1408
f 7478/5049/1409 7480/5051/1410 7479/5052/1410 7477/5050/1409
f 7480/5051/1410 7482/2652/1411 7481/734/1411 7479/5052/1410
f 7482/2652/1411 7484/5053/599 7483/5054/599 7481/734/1411
f 7484/5053/599 7486/5055/1412 7485/5056/1412 7483/5054/599
f 7486/5055/1412 7488/5057/1413 7487/5058/1413 7485/5056/1412
f 7488/5057/1413 7490/5059/1414 7489/5060/1414 7487/5058/1413
f 7490/5059/1414 7492/5061/1415 7491/5062/1415 7489/5060/1414
f 7492/5061/1415 7494/5063/1416 7493/5064/1416 7491/5062/1415
f 7494/5063/1416 7496/5065/1417 7495/5066/1417 7493/5064/1416
f 7496/5065/1417 7498/5067/1418 7497/5068/1418 7495/5066/1417
f 7498/5067/1418 7500/5069/1419 7499/5070/1419 7497/5068/1418
f 7500/5069/1419 7502/5071/1420 7501/5072/1420 7499/5070/1419
f 7502/5071/1420 7504/5073/1421 7503/5074/1421 7501/5072/1420
f 7504/5073/1421 7506/5075/1422 7505/5076/1422 7503/5074/1421
f 7506/5075/1422 7508/5077/1423 7507/5078/1423 7505/5076/1422
f 7508/5077/1423 7510/5079/1424 7509/5080/1424 7507/5078/1423
f 7510/5079/1424 7512/5081/1425 7511/5082/1425 7509/5080/1424
f 7512/5081/1425 7514/5083/1426 7513/5084/1426 7511/5082/1425
f 7514/5083/1426 7516/5085/1427 7515/5086/1427 7513/5084/1426
f 7516/5085/1427 7518/5087/1428 7517/5088/1428 7515/5086/1427
f 7518/5087/1428 7520/5089/1429 7519/5090/1429 7517/5088/1428
f 7520/5089/1429 7522/5091/1430 7521/5092/1430 7519/5090/1429
f 7522/5091/1430 7524/5093/1431 7523/5094/1431 7521/5092/1430
f 7524/5093/1431 7526/5095/1432 7525/5096/1432 7523/5094/1431
f 7526/5095/1432 7528/5097/1433 7527/5098/1433 7525/5096/1432
f 7528/5097/1433 7530/5099/1434 7529/5100/1434 7527/5098/1433
f 7530/5099/1434 7532/5101/1435 7531/5102/1435 7529/5100/1434
f 7532/5101/1435 7534/5103/1436 7533/5104/1436 7531/5102/1435
f 7534/5103/1436 7536/5105/1437 7535/5106/1437 7533/5104/1436
f 7536/5105/1437 7538/5107/1438 7537/5108/1438 7535/5106/1437
f 7538/5107/1438 7540/5109/1439 7539/5110/1439 7537/5108/1438
f 7540/5109/1439 7542/5111/1440 7541/5112/1440 7539/5110/1439
f 7542/5111/1440 7544/5113/1441 7543/5114/1441 7541/5112/1440
f 7544/5113/1441 7546/5115/1442 7545/5116/1442 7543/5114/1441
f 7546/5115/1442 7548/5117/1443 7547/5118/1443 7545/5116/1442
f 7548/5117/1443 7550/5119/1444 7549/5120/1444 7547/5118/1443
f 7550/5119/1444 7552/5121/1445 7551/5122/1445 7549/5120/1444
f 7552/5121/1445 7554/5123/1446 7553/5124/1446 7551/5122/1445
f 7554/5123/1446 7556/5125/1447 7555/5126/1447 7553/5124/1446
f 7556/5125/1447 7558/5127/1448 7557/5128/1448 7555/5126/1447
f 7558/5127/1448 7560/5129/1449 7559/5130/1449 7557/5128/1448
f 7560/5129/1449 7562/5131/1450 7561/5132/1450 7559/5130/1449
f 7562/5131/1450 7564/5133/1451 7563/5134/1451 7561/5132/1450
f 7564/5133/1451 7566/5135/1452 7565/5136/1452 7563/5134/1451
f 7566/5135/1452 7568/5137/1453 7567/5138/1453 7565/5136/1452
f 7568/5137/1453 7570/5139/1454 7569/5140/1454 7567/5138/1453
f 7570/5139/1454 7572/5141/1455 7571/5142/1455 7569/5140/1454
f 7572/5141/1455 7574/5143/1456 7573/5144/1456 7571/5142/1455
f 7574/5143/1456 7576/5145/1457 7575/5146/1457 7573/5144/1456
f 7576/5145/1457 7578/5147/1458 7577/5148/1458 7575/5146/1457
f 7578/5147/1458 7580/5149/1459 7579/5150/1459 7577/5148/1458
f 7580/5149/1459 7582/5151/1460 7581/5152/1460 7579/5150/1459
f 7582/5151/1460 7584/5153/1461 7583/5154/1461 7581/5152/1460
f 7584/5153/1461 7586/5155/1462 7585/5156/1462 7583/5154/1461
f 7586/5155/1462 7588/5157/1463 7587/5158/1463 7585/5156/1462
f 7588/5157/1463 7590/5159/1464 7589/5160/1464 7587/5158/1463
f 7590/5159/1464 7592/5161/1465 7591/5162/1465 7589/5160/1464
f 7592/5161/1465 7594/5163/1466 7593/5164/1466 7591/5162/1465
f 7594/5163/1466 7596/5165/1467 7595/5166/1467 7593/5164/1466
f 7596/5165/1467 7598/5167/1468 7597/5168/1468 7595/5166/1467
f 7598/5167/1468 7600/5169/1469 7599/5170/1469 7597/5168/1468
f 7600/5169/1469 7602/5171/1470 7601/5172/1470 7599/5170/1469
f 7602/5171/1470 7604/5173/1471 7603/5174/1471 7601/5172/1470
f 7604/5173/1471 7606/5175/1472 7605/5176/1472 7603/5174/1471
f 7606/5175/1472 7608/5177/1473 7607/5178/1473 7605/5176/1472
f 7608/5177/1473 7610/5179/1474 7609/5180/1474 7607/5178/1473
f 7610/5179/1474 7612/5181/1475 7611/5182/1475 7609/5180/1474
f 7612/5181/1475 7614/5183/1476 7613/5184/1476 7611/5182/1475
f 7614/5183/1476 7616/5185/1477 7615/5186/1477 7613/5184/1476
f 7616/5185/1477 7618/5187/1478 7617/5188/1478 7615/5186/1477
f 7618/5187/1478 7620/5189/1479 7619/5190/1479 7617/5188/1478
f 7620/5189/1479 7622/5191/1480 7621/5192/1480 7619/5190/1479
f 7622/5191/1480 7624/5193/1481 7623/5194/1481 7621/5192/1480
f 7624/5193/1481 7626/5195/1482 7625/5196/1482 7623/5194/1481
f 7626/5195/1482 7628/5197/1483 7627/5198/1483 7625/5196/1482
f 7628/5197/1483 7630/5199/1484 7629/5200/1484 7627/5198/1483
f 7630/5199/1484 7632/5201/1485 7631/5202/1485 7629/5200/1484
f 7632/5201/1485 7634/5203/1486 7633/5204/1486 7631/5202/1485
f 7634/5203/1486 7636/5205/1487 7635/5206/1487 7633/5204/1486
f 7636/5205/1487 7638/5207/1488 7637/5208/1488 7635/5206/1487
f 7638/5207/1488 7640/5209/1489 7639/5210/1489 7637/5208/1488
f 7640/5209/1489 7642/5211/1490 7641/5212/1490 7639/5210/1489
f 7642/5211/1490 7644/5213/1491 7643/5214/1491 7641/5212/1490
f 7644/5213/1491 7646/5215/1492 7645/5216/1492 7643/5214/1491
f 7646/5215/1492 7648/5217/1493 7647/5218/1493 7645/5216/1492
f 7648/5217/1493 7650/5219/1494 7649/5220/1494 7647/5218/1493
f 7650/5219/1494 7652/5221/1495 7651/5222/1495 7649/5220/1494
f 7652/5221/1495 7654/5223/1496 7653/5224/1496 7651/5222/1495
f 7654/5223/1496 7656/5225/1497 7655/5226/1497 7653/5224/1496
f 7656/5225/1497 7658/5227/1498 7657/5228/1498 7655/5226/1497
f 7658/5227/1498 7660/5229/1499 7659/5230/1499 7657/5228/1498
f 7660/5229/1499 7662/5231/1500 7661/5232/1500 7659/5230/1499
f 7662/5231/1500 7664/5233/1501 7663/5234/1501 7661/5232/1500
f 7664/5233/1501 7666/5235/1502 7665/5236/1502 7663/5234/1501
f 7666/5235/1502 7668/5237/1503 7667/5238/1503 7665/5236/1502
f 7668/5237/1503 7670/5239/1504 7669/5240/1504 7667/5238/1503
f 7670/5239/1504 7672/5241/1505 7671/5242/1505 7669/5240/1504
f 7672/5241/1505 7674/5243/1506 7673/5244/1506 7671/5242/1505
f 7674/5243/1506 7676/5245/1507 7675/5246/1507 7673/5244/1506
f 7676/5245/1507 7678/5247/1508 7677/5248/1508 7675/5246/1507
f 7678/5247/1508 7680/5249/1509 7679/5250/1509 7677/5248/1508
f 7680/5249/1509 7682/5251/1510 7681/5252/1510 7679/5250/1509
f 7682/5251/1510 7684/5253/1511 7683/5254/1511 7681/5252/1510
f 7684/5253/1511 7686/5255/1512 7685/5256/1512 7683/5254/1511
f 7686/5255/1512 7688/5257/1513 7687/5258/1513 7685/5256/1512
f 7688/5257/1513 7690/5259/1514 7689/5260/1514 7687/5258/1513
f 7690/5259/1514 7692/5261/1515 7691/5262/1515 7689/5260/1514
f 7692/5261/1515 7694/5263/1516 7693/5264/1516 7691/5262/1515
f 7694/5263/1516 7696/5265/1517 7695/5266/1517 7693/5264/1516
f 7696/5265/1517 7698/5267/1518 7697/5268/1518 7695/5266/1517
f 7698/5267/1518 7700/5269/1519 7699/5270/1519 7697/5268/1518
f 7700/5269/1519 7702/5271/1520 7701/5272/1520 7699/5270/1519
f 7702/5271/1520 7704/5273/1521 7703/5274/1521 7701/5272/1520
f 7704/5273/1521 7706/5275/514 7705/5276/514 7703/5274/1521
f 7706/5275/514 7708/2996/1522 7707/602/1522 7705/5276/514
f 7708/2996/1522 7710/5277/1523 7709/5278/1523 7707/602/1522
f 7710/5277/1523 7712/5279/1524 7711/5280/1524 7709/5278/1523
f 7712/5279/1524 7714/5281/1525 7713/5282/1525 7711/5280/1524
f 7714/5281/1525 7716/5283/1526 7715/5284/1526 7713/5282/1525
f 7716/5283/1526 7718/5285/1527 7717/5286/1527 7715/5284/1526
f 7718/5285/1527 7720/5287/1528 7719/5288/1528 7717/5286/1527
f 7720/5287/1528 7722/5289/1529 7721/5290/1529 7719/5288/1528
f 7722/5289/1529 7724/5291/1530 7723/5292/1530 7721/5290/1529
f 7724/5291/1530 7726/5293/1531 7725/5294/1531 7723/5292/1530
f 7726/5293/1531 7728/5295/1141 7727/5296/1141 7725/5294/1531
f 7728/5295/1141 7730/5297/1532 7729/5298/1532 7727/5296/1141
f 7730/5297/1532 7732/5299/1533 7731/5300/1533 7729/5298/1532
f 7732/5299/1533 7734/5301/1534 7733/5302/1534 7731/5300/1533
f 7734/5301/1534 7736/5303/1535 7735/5304/1535 7733/5302/1534
f 7736/5303/1535 7738/5305/1536 7737/5306/1536 7735/5304/1535
f 7738/5305/1536 7740/5307/1537 7739/5308/1537 7737/5306/1536
f 7740/5307/1537 7742/5309/1538 7741/5310/1538 7739/5308/1537
f 7742/5309/1538 7744/5311/1539 7743/5312/1539 7741/5310/1538
f 7744/5311/1539 7746/5313/1540 7745/5314/1540 7743/5312/1539
f 7746/5313/1540 7748/5315/1541 7747/5316/1541 7745/5314/1540
f 7748/5315/1541 7750/5317/1542 7749/5318/1542 7747/5316/1541
f 7750/5317/1542 7752/5319/1543 7751/5320/1543 7749/5318/1542
f 7752/5319/1543 7754/5321/1544 7753/5322/1544 7751/5320/1543
f 7754/5321/1544 7756/5323/1545 7755/5324/1545 7753/5322/1544
f 7756/5323/1545 7758/5325/1546 7757/5326/1546 7755/5324/1545
f 7758/5325/1546 7760/5327/1547 7759/5328/1547 7757/5326/1546
f 7760/5327/1547 7762/5329/1548 7761/5330/1548 7759/5328/1547
f 7762/5329/1548 7764/5331/1549 7763/5332/1549 7761/5330/1548
f 7764/5331/1549 7766/5333/1550 7765/5334/1550 7763/5332/1549
f 7766/5333/1550 7768/5335/1551 7767/5336/1551 7765/5334/1550
f 7768/5335/1551 7770/5337/204 7769/5338/204 7767/5336/1551
f 7770/5337/204 7772/5339/1552 7771/5340/1552 7769/5338/204
f 7772/5339/1552 7774/5341/1553 7773/5342/1553 7771/5340/1552
f 7774/5341/1553 7776/5343/1554 7775/5344/1554 7773/5342/1553
f 7776/5343/1554 7778/5345/1555 7777/5346/1555 7775/5344/1554
f 7778/5345/1555 7780/5347/1556 7779/5348/1556 7777/5346/1555
f 7780/5347/1556 7782/5349/1557 7781/5350/1557 7779/5348/1556
f 7782/5349/1557 7784/5351/1558 7783/5352/1558 7781/5350/1557
f 7784/5351/1558 7786/5353/1559 7785/5354/1559 7783/5352/1558
f 7786/5353/1559 7788/5355/1560 7787/5356/1560 7785/5354/1559
f 7788/5355/1560 7790/5357/1561 7789/5358/1561 7787/5356/1560
f 7790/5357/1561 7792/5359/1562 7791/5360/1562 7789/5358/1561
f 7792/5359/1562 7794/5361/1563 7793/5362/1563 7791/5360/1562
f 7794/5361/1563 7796/5363/1564 7795/5364/1564 7793/5362/1563
f 7796/5363/1564 7798/5365/1565 7797/5366/1565 7795/5364/1564
f 7798/5365/1565 7800/5367/1566 7799/5368/1566 7797/5366/1565
f 7800/5367/1566 7802/5369/1567 7801/5370/1567 7799/5368/1566
f 7802/5369/1567 7804/5371/1568 7803/5372/1568 7801/5370/1567
f 7804/5371/1568 7806/5373/1569 7805/5374/1569 7803/5372/1568
f 7806/5373/1569 7808/5375/1570 7807/5376/1570 7805/5374/1569
f 7808/5375/1570 7810/5377/1571 7809/5378/1571 7807/5376/1570
f 7810/5377/1571 7812/5379/1572 7811/5380/1572 7809/5378/1571
f 7812/5379/1572 7814/5381/1573 7813/5382/1573 7811/5380/1572
f 7814/5381/1573 7816/5383/1574 7815/5384/1574 7813/5382/1573
f 7816/5383/1574 7818/5385/1575 7817/5386/1575 7815/5384/1574
f 7818/5385/1575 7820/5387/1576 7819/5388/1576 7817/5386/1575
f 7820/5387/1576 7822/5389/1577 7821/5390/1577 7819/5388/1576
f 7822/5389/1577 7824/5391/1578 7823/5392/1578 7821/5390/1577
f 7824/5391/1578 7826/5393/1579 7825/5394/1579 7823/5392/1578
f 7826/5393/1579 7828/5395/1580 7827/5396/1580 7825/5394/1579
f 7828/5395/1580 7830/5397/1581 7829/5398/1581 7827/5396/1580
f 7830/5397/1581 7832/5399/1582 7831/5400/1582 7829/5398/1581
f 7832/5399/1582 7834/5401/1583 7833/5402/1583 7831/5400/1582
f 7834/5401/1583 7836/5403/1584 7835/5404/1584 7833/5402/1583
f 7836/5403/1584 7838/5405/1585 7837/5406/1585 7835/5404/1584
f 7838/5405/1585 7840/5407/1586 7839/5408/1586 7837/5406/1585
f 7840/5407/1586 7842/5409/1587 7841/5410/1587 7839/5408/1586
f 7842/5409/1587 7844/5411/1588 7843/5412/1588 7841/5410/1587
f 7844/5411/1588 7846/5413/1589 7845/5414/1589 7843/5412/1588
f 7846/5413/1589 7848/5415/1590 7847/5416/1590 7845/5414/1589
f 7848/5415/1590 7850/5417/1591 7849/5418/1591 7847/5416/1590
f 7850/5417/1591 7852/5419/1592 7851/5420/1592 7849/5418/1591
f 7852/5419/1592 7854/5421/722 7853/5422/722 7851/5420/1592
f 7854/5421/722 7856/5423/1593 7855/5424/1593 7853/5422/722
f 7856/5423/1593 7858/5425/1594 7857/5426/1594 7855/5424/1593
f 7858/5425/1594 7860/5427/1595 7859/5428/1595 7857/5426/1594
f 7860/5427/1595 7862/5429/1596 7861/5430/1596 7859/5428/1595
f 7862/5429/1596 7864/5431/1597 7863/5432/1597 7861/5430/1596
f 7864/5431/1597 7866/5433/1598 7865/5434/1598 7863/5432/1597
f 7866/5433/1598 7868/5435/1599 7867/5436/1599 7865/5434/1598
f 7868/5435/1599 7870/5437/1600 7869/5438/1600 7867/5436/1599
f 7870/5437/1600 7872/5439/1601 7871/5440/1601 7869/5438/1600
f 7872/5439/1601 7874/5441/1602 7873/5442/1602 7871/5440/1601
f 7874/5441/1602 7876/5443/1603 7875/5444/1603 7873/5442/1602
f 7876/5443/1603 7878/5445/1604 7877/5446/1604 7875/5444/1603
f 7878/5445/1604 7880/5447/1605 7879/5448/1605 7877/5446/1604
f 7880/5447/1605 7882/5449/1606 7881/5450/1606 7879/5448/1605
f 7882/5449/1606 7884/5451/1607 7883/5452/1607 7881/5450/1606
f 7884/5451/1607 7886/5453/1608 7885/5454/1608 7883/5452/1607
f 7886/5453/1608 7888/5455/1609 7887/5456/1609 7885/5454/1608
f 7888/5455/1609 7890/5457/1610 7889/5458/1610 7887/5456/1609
f 7890/5457/1610 7892/5459/1611 7891/5460/1611 7889/5458/1610
f 7892/5459/1611 7894/5461/1612 7893/5462/1612 7891/5460/1611
f 7894/5461/1612 7896/5463/1613 7895/5464/1613 7893/5462/1612
f 7896/5463/1613 7898/5465/1614 7897/5466/1614 7895/5464/1613
f 7898/5465/1614 7900/5467/1615 7899/5468/1615 7897/5466/1614
f 7900/5467/1615 7902/5469/1616 7901/5470/1616 7899/5468/1615
f 7902/5469/1616 7904/5471/1617 7903/5472/1617 7901/5470/1616
f 7904/5471/1617 7906/5473/1618 7905/5474/1618 7903/5472/1617
f 7906/5473/1618 7908/5475/1619 7907/5476/1619 7905/5474/1618
f 7908/5475/1619 7910/5477/1620 7909/5478/1620 7907/5476/1619
f 7910/5477/1620 7912/5479/1621 7911/5480/1621 7909/5478/1620
f 7912/5479/1621 7914/5481/1622 7913/5482/1622 7911/5480/1621
f 7914/5481/1622 7916/5483/1623 7915/5484/1623 7913/5482/1622
f 7916/5483/1623 7918/5485/1624 7917/5486/1624 7915/5484/1623
f 7918/5485/1624 7920/5487/1625 7919/5488/1625 7917/5486/1624
f 7920/5487/1625 7922/5489/1626 7921/5490/1626 7919/5488/1625
f 7922/5489/1626 7924/5491/1627 7923/5492/1627 7921/5490/1626
f 7924/5491/1627 7926/5493/1628 7925/5494/1628 7923/5492/1627
f 7926/5493/1628 7928/5495/1629 7927/5496/1629 7925/5494/1628
f 7928/5495/1629 7930/5497/1630 7929/5498/1630 7927/5496/1629
f 7930/5497/1630 7932/5499/1631 7931/5500/1631 7929/5498/1630
f 7932/5499/1631 7256/3340/1303 7255/100/1303 7931/5500/1631
f 7934/2308/1632 7936/5501/1633 7935/1650/1633 7933/105/1632
f 7936/5501/1633 7938/5502/1634 7937/1652/1634 7935/1650/1633
f 7938/5502/1634 7940/5503/1635 7939/1654/1635 7937/1652/1634
f 7940/5503/1635 7942/5504/1636 7941/1656/1636 7939/1654/1635
f 7942/5504/1636 7944/5505/1637 7943/1658/1637 7941/1656/1636
f 7944/5505/1637 7946/5506/1638 7945/1660/1638 7943/1658/1637
f 7946/5506/1638 7948/5507/1639 7947/1662/1639 7945/1660/1638
f 7948/5507/1639 7950/5508/1640 7949/1664/1640 7947/1662/1639
f 7950/5508/1640 7952/5509/1641 7951/1666/1641 7949/1664/1640
f 7952/5509/1641 7954/5510/1642 7953/1668/1642 7951/1666/1641
f 7954/5510/1642 7956/5511/1643 7955/1670/1643 7953/1668/1642
f 7956/5511/1643 7958/5512/1644 7957/1672/1644 7955/1670/1643
f 7958/5512/1644 7960/5513/1645 7959/1674/1645 7957/1672/1644
f 7960/5513/1645 7962/5514/1646 7961/1676/1646 7959/1674/1645
f 7962/5514/1646 7964/5515/1647 7963/1678/1647 7961/1676/1646
f 7964/5515/1647 7966/5516/1648 7965/1680/1648 7963/1678/1647
f 7966/5516/1648 7968/5517/1649 7967/1682/1649 7965/1680/1648
f 7968/5517/1649 7970/5518/1650 7969/1684/1650 7967/1682/1649
f 7970/5518/1650 7972/5519/1651 7971/1686/1651 7969/1684/1650
f 7972/5519/1651 7974/5520/1652 7973/1688/1652 7971/1686/1651
f 7974/5520/1652 7976/5521/1653 7975/1690/1653 7973/1688/1652
f 7976/5521/1653 7978/5522/1654 7977/1692/1654 7975/1690/1653
f 7978/5522/1654 7980/5523/1655 7979/1694/1655 7977/1692/1654
f 7980/5523/1655 7982/5524/1656 7981/1696/1656 7979/1694/1655
f 7982/5524/1656 7984/5525/1657 7983/1698/1657 7981/1696/1656
f 7984/5525/1657 7986/5526/1658 7985/1700/1658 7983/1698/1657
f 7986/5526/1658 7988/5527/1659 7987/1702/1659 7985/1700/1658
f 7988/5527/1659 7990/5528/1660 7989/1704/1660 7987/1702/1659
f 7990/5528/1660 7992/5529/1661 7991/1706/1661 7989/1704/1660
f 7992/5529/1661 7994/5530/1662 7993/1708/1662 7991/1706/1661
f 7994/5530/1662 7996/5531/1663 7995/1710/1663 7993/1708/1662
f 7996/5531/1663 7998/5532/1664 7997/1712/1664 7995/1710/1663
f 7998/5532/1664 8000/5533/1665 7999/1714/1665 7997/1712/1664
f 8000/5533/1665 8002/5534/1666 8001/1716/1666 7999/1714/1665
f 8002/5534/1666 8004/5535/1667 8003/1718/1667 8001/1716/1666
f 8004/5535/1667 8006/5536/1668 8005/1720/1668 8003/1718/1667
f 8006/5536/1668 8008/5537/1669 8007/1722/1669 8005/1720/1668
f 8008/5537/1669 8010/5538/1670 8009/1724/1670 8007/1722/1669
f 8010/5538/1670 8012/5539/1671 8011/1726/1671 8009/1724/1670
f 8012/5539/1671 8014/5540/1672 8013/1728/1672 8011/1726/1671
f 8014/5540/1672 8016/5541/1673 8015/1730/1673 8013/1728/1672
f 8016/5541/1673 8018/5542/1674 8017/1732/1674 8015/1730/1673
f 8018/5542/1674 8020/5543/1390 8019/1734/1390 8017/1732/1674
f 8020/5543/1390 8022/5544/1675 8021/1736/1675 8019/1734/1390
f 8022/5544/1675 8024/5545/1676 8023/1738/1676 8021/1736/1675
f 8024/5545/1676 8026/5546/1677 8025/1740/1677 8023/1738/1676
f 8026/5546/1677 8028/5547/1678 8027/1742/1678 8025/1740/1677
f 8028/5547/1678 8030/5548/1679 8029/1744/1679 8027/1742/1678
f 8030/5548/1679 8032/5549/1680 8031/1745/1680 8029/1744/1679
f 8032/5549/1680 8034/5550/1681 8033/1743/1681 8031/1745/1680
f 8034/5550/1681 8036/5551/1682 8035/1741/1682 8033/1743/1681
f 8036/5551/1682 8038/5552/1683 8037/1739/1683 8035/1741/1682
f 8038/5552/1683 8040/5553/1684 8039/1737/1684 8037/1739/1683
f 8040/5553/1684 8042/5554/1685 8041/1735/1685 8039/1737/1684
f 8042/5554/1685 8044/5555/1686 8043/1733/1686 8041/1735/1685
f 8044/5555/1686 8046/5556/1687 8045/1731/1687 8043/1733/1686
f 8046/5556/1687 8048/5557/1688 8047/1729/1688 8045/1731/1687
f 8048/5557/1688 8050/5558/1689 8049/1727/1689 8047/1729/1688
f 8050/5558/1689 8052/5559/1690 8051/1725/1690 8049/1727/1689
f 8052/5559/1690 8054/5560/1691 8053/1723/1691 8051/1725/1690
f 8054/5560/1691 8056/5561/1692 8055/1721/1692 8053/1723/1691
f 8056/5561/1692 8058/5562/1693 8057/1719/1693 8055/1721/1692
f 8058/5562/1693 8060/5563/1694 8059/1717/1694 8057/1719/1693
f 8060/5563/1694 8062/5564/1695 8061/1715/1695 8059/1717/1694
f 8062/5564/1695 8064/5565/1696 8063/1713/1696 8061/1715/1695
f 8064/5565/1696 8066/5566/1697 8065/1711/1697 8063/1713/1696
f 8066/5566/1697 8068/5567/1698 8067/1709/1698 8065/1711/1697
f 8068/5567/1698 8070/5568/1699 8069/1707/1699 8067/1709/1698
f 8070/5568/1699 8072/5569/1700 8071/1705/1700 8069/1707/1699
f 8072/5569/1700 8074/5570/1701 8073/1703/1701 8071/1705/1700
f 8074/5570/1701 8076/5571/1702 8075/1701/1702 8073/1703/1701
f 8076/5571/1702 8078/5572/1703 8077/1699/1703 8075/1701/1702
f 8078/5572/1703 8080/5573/1704 8079/1697/1704 8077/1699/1703
f 8080/5573/1704 8082/5574/1705 8081/1695/1705 8079/1697/1704
f 8082/5574/1705 8084/5575/1706 8083/1693/1706 8081/1695/1705
f 8084/5575/1706 8086/5576/1707 8085/1691/1707 8083/1693/1706
f 8086/5576/1707 8088/5577/1708 8087/1689/1708 8085/1691/1707
f 8088/5577/1708 8090/5578/1709 8089/1687/1709 8087/1689/1708
f 8090/5578/1709 8092/5579/333 8091/1685/333 8089/1687/1709
f 8092/5579/333 8094/5580/1710 8093/1683/1710 8091/1685/333
f 8094/5580/1710 8096/5581/1711 8095/1681/1711 8093/1683/1710
f 8096/5581/1711 8098/5582/163 8097/1679/163 8095/1681/1711
f 8098/5582/163 8100/5583/1712 8099/1677/1712 8097/1679/163
f 8100/5583/1712 8102/5584/1713 8101/1675/1713 8099/1677/1712
f 8102/5584/1713 8104/5585/1714 8103/1673/1714 8101/1675/1713
f 8104/5585/1714 8106/5586/1715 8105/1671/1715 8103/1673/1714
f 8106/5586/1715 8108/5587/1716 8107/1669/1716 8105/1671/1715
f 8108/5587/1716 8110/5588/1717 8109/1667/1717 8107/1669/1716
f 8110/5588/1717 8112/5589/1718 8111/1665/1718 8109/1667/1717
f 8112/5589/1718 8114/5590/1719 8113/1663/1719 8111/1665/1718
f 8114/5590/1719 8116/5591/1720 8115/1661/1720 8113/1663/1719
f 8116/5591/1720 8118/5592/1721 8117/1659/1721 8115/1661/1720
f 8118/5592/1721 8120/5593/1722 8119/1657/1722 8117/1659/1721
f 8120/5593/1722 8122/5594/1723 8121/1655/1723 8119/1657/1722
f 8122/5594/1723 8124/5595/1724 8123/1653/1724 8121/1655/1723
f 8124/5595/1724 8126/5596/1725 8125/1651/1725 8123/1653/1724
f 8126/5596/1725 8128/5597/1726 8127/1649/1726 8125/1651/1725
f 8128/5597/1726 8130/5598/1727 8129/1648/1727 8127/1649/1726
f 8130/5598/1727 8132/5599/1728 8131/1647/1728 8129/1648/1727
f 8132/5599/1728 8134/5600/1729 8133/1645/1729 8131/1647/1728
f 8134/5600/1729 8136/5601/1730 8135/1643/1730 8133/1645/1729
f 8136/5601/1730 8138/5602/1731 8137/1641/1731 8135/1643/1730
f 8138/5602/1731 8140/5603/1732 8139/1639/1732 8137/1641/1731
f 8140/5603/1732 8142/5604/1733 8141/1637/1733 8139/1639/1732
f 8142/5604/1733 8144/5605/1734 8143/1635/1734 8141/1637/1733
f 8144/5605/1734 8146/5606/1735 8145/1633/1735 8143/1635/1734
f 8146/5606/1735 8148/5607/1736 8147/1631/1736 8145/1633/1735
f 8148/5607/1736 8150/5608/1737 8149/1629/1737 8147/1631/1736
f 8150/5608/1737 8152/5609/1738 8151/1627/1738 8149/1629/1737
f 8152/5609/1738 8154/5610/1739 8153/1625/1739 8151/1627/1738
f 8154/5610/1739 8156/5611/1740 8155/1623/1740 8153/1625/1739
f 8156/5611/1740 8158/5612/1741 8157/1621/1741 8155/1623/1740
f 8158/5612/1741 8160/5613/1742 8159/1619/1742 8157/1621/1741
f 8160/5613/1742 8162/5614/1743 8161/1617/1743 8159/1619/1742
f 8162/5614/1743 8164/5615/1744 8163/1615/1744 8161/1617/1743
f 8164/5615/1744 8166/5616/1745 8165/1613/1745 8163/1615/1744
f 8166/5616/1745 8168/5617/1746 8167/1611/1746 8165/1613/1745
f 8168/5617/1746 8170/5618/1747 8169/1609/1747 8167/1611/1746
f 8170/5618/1747 8172/5619/1748 8171/1607/1748 8169/1609/1747
f 8172/5619/1748 8174/5620/1749 8173/1605/1749 8171/1607/1748
f 8174/5620/1749 8176/5621/1750 8175/1603/1750 8173/1605/1749
f 8176/5621/1750 8178/5622/1751 8177/1602/1751 8175/1603/1750
f 8178/5622/1751 8180/5623/1752 8179/1600/1752 8177/1602/1751
f 8180/5623/1752 8182/5624/1753 8181/1598/1753 8179/1600/1752
f 8182/5624/1753 8184/5625/1754 8183/1596/1754 8181/1598/1753
f 8184/5625/1754 8186/5626/1755 8185/1594/1755 8183/1596/1754
f 8186/5626/1755 8188/5627/1756 8187/1592/1756 8185/1594/1755
f 8188/5627/1756 8190/5628/1757 8189/1590/1757 8187/1592/1756
f 8190/5628/1757 8192/5629/1758 8191/1588/1758 8189/1590/1757
f 8192/5629/1758 8194/5630/1759 8193/1586/1759 8191/1588/1758
f 8194/5630/1759 8196/5631/1760 8195/1584/1760 8193/1586/1759
f 8196/5631/1760 8198/5632/1761 8197/1582/1761 8195/1584/1760
f 8198/5632/1761 8200/5633/1762 8199/1579/1762 8197/1582/1761
f 8200/5633/1762 8202/5634/1763 8201/1577/1763 8199/1579/1762
f 8202/5634/1763 8204/5635/1764 8203/1575/1764 8201/1577/1763
f 8204/5635/1764 8206/5636/1765 8205/1573/1765 8203/1575/1764
f 8206/5636/1765 8208/5637/1766 8207/1571/1766 8205/1573/1765
f 8208/5637/1766 8210/5638/1767 8209/1569/1767 8207/1571/1766
f 8210/5638/1767 8212/5639/1768 8211/1567/1768 8209/1569/1767
f 8212/5639/1768 8214/5640/1769 8213/1565/1769 8211/1567/1768
f 8214/5640/1769 8216/5641/1770 8215/1563/1770 8213/1565/1769
f 8216/5641/1770 8218/5642/1771 8217/1561/1771 8215/1563/1770
f 8218/5642/1771 8220/5643/538 8219/1559/538 8217/1561/1771
f 8220/5643/538 8222/5644/1772 8221/1557/1772 8219/1559/538
f 8222/5644/1772 8224/5645/1773 8223/1554/1773 8221/1557/1772
f 8224/5645/1773 8226/5646/1774 8225/1556/1774 8223/1554/1773
f 8226/5646/1774 8228/5647/1775 8227/1555/1775 8225/1556/1774
f 8228/5647/1775 8230/5648/1776 8229/1558/1776 8227/1555/1775
f 8230/5648/1776 8232/5649/1141 8231/1560/1141 8229/1558/1776
f 8232/5649/1141 8234/5650/1777 8233/1562/1777 8231/1560/1141
f 8234/5650/1777 8236/5651/1778 8235/1564/1778 8233/1562/1777
f 8236/5651/1778 8238/5652/1779 8237/1566/1779 8235/1564/1778
f 8238/5652/1779 8240/5653/1780 8239/1568/1780 8237/1566/1779
f 8240/5653/1780 8242/5654/1781 8241/1570/1781 8239/1568/1780
f 8242/5654/1781 8244/5655/1782 8243/1572/1782 8241/1570/1781
f 8244/5655/1782 8246/5656/1783 8245/1574/1783 8243/1572/1782
f 8246/5656/1783 8248/5657/1784 8247/1576/1784 8245/1574/1783
f 8248/5657/1784 8250/5658/1785 8249/1578/1785 8247/1576/1784
f 8250/5658/1785 8252/5659/1786 8251/1580/1786 8249/1578/1785
f 8252/5659/1786 8254/5660/1787 8253/1581/1787 8251/1580/1786
f 8254/5660/1787 8256/5661/1788 8255/1583/1788 8253/1581/1787
f 8256/5661/1788 8258/5662/1789 8257/1585/1789 8255/1583/1788
f 8258/5662/1789 8260/5663/1790 8259/1587/1790 8257/1585/1789
f 8260/5663/1790 8262/5664/1791 8261/1589/1791 8259/1587/1790
f 8262/5664/1791 8264/5665/1792 8263/1591/1792 8261/1589/1791
f 8264/5665/1792 8266/5666/1793 8265/1593/1793 8263/1591/1792
f 8266/5666/1793 8268/5667/1794 8267/1595/1794 8265/1593/1793
f 8268/5667/1794 8270/5668/1795 8269/1597/1795 8267/1595/1794
f 8270/5668/1795 8272/5669/1796 8271/1599/1796 8269/1597/1795
f 8272/5669/1796 8274/5670/1797 8273/1601/1797 8271/1599/1796
f 8274/5670/1797 8276/5671/1798 8275/1604/1798 8273/1601/1797
f 8276/5671/1798 8278/5672/1799 8277/1606/1799 8275/1604/1798
f 8278/5672/1799 8280/5673/1800 8279/1608/1800 8277/1606/1799
f 8280/5673/1800 8282/5674/1801 8281/1610/1801 8279/1608/1800
f 8282/5674/1801 8284/5675/1802 8283/1612/1802 8281/1610/1801
f 8284/5675/1802 8286/5676/1803 8285/1614/1803 8283/1612/1802
f 8286/5676/1803 8288/5677/1804 8287/1616/1804 8285/1614/1803
f 8288/5677/1804 8290/5678/1805 8289/1618/1805 8287/1616/1804
f 8290/5678/1805 8292/5679/1806 8291/1620/1806 8289/1618/1805
f 8292/5679/1806 8294/5680/1501 8293/1622/1501 8291/1620/1806
f 8294/5680/1501 8296/5681/1807 8295/1624/1807 8293/1622/1501
f 8296/5681/1807 8298/5682/1808 8297/1626/1808 8295/1624/1807
f 8298/5682/1808 8300/5683/1809 8299/1628/1809 8297/1626/1808
f 8300/5683/1809 8302/5684/1810 8301/1630/1810 8299/1628/1809
f 8302/5684/1810 8304/5685/1811 8303/1632/1811 8301/1630/1810
f 8304/5685/1811 8306/5686/1812 8305/1634/1812 8303/1632/1811
f 8306/5686/1812 8308/5687/1813 8307/1636/1813 8305/1634/1812
f 8308/5687/1813 8310/5688/1814 8309/1638/1814 8307/1636/1813
f 8310/5688/1814 8312/5689/1815 8311/1640/1815 8309/1638/1814
f 8312/5689/1815 8314/5690/1816 8313/1642/1816 8311/1640/1815
f 8314/5690/1816 8316/5691/1817 8315/1644/1817 8313/1642/1816
f 8316/5691/1817 8318/5692/1818 8317/1646/1818 8315/1644/1817
f 8318/5692/1818 7934/3340/1632 7933/100/1632 8317/1646/1818
f 8320/2308/1819 8322/5693/1820 8321/5694/1820 8319/105/1819
f 8322/5693/1820 8324/5695/1821 8323/5696/1821 8321/5694/1820
f 8324/5695/1821 8326/5697/1822 8325/5698/1822 8323/5696/1821
f 8326/5697/1822 8328/5699/1823 8327/5700/1823 8325/5698/1822
f 8328/5699/1823 8330/5701/1824 8329/5702/1824 8327/5700/1823
f 8330/5701/1824 8332/5703/1825 8331/5704/1825 8329/5702/1824
f 8332/5703/1825 8334/5705/1826 8333/5706/1826 8331/5704/1825
f 8334/5705/1826 8336/5707/1827 8335/5708/1827 8333/5706/1826
f 8336/5707/1827 8338/5709/1828 8337/5710/1828 8335/5708/1827
f 8338/5709/1828 8340/5711/1829 8339/5712/1829 8337/5710/1828
f 8340/5711/1829 8342/5713/1830 8341/5714/1830 8339/5712/1829
f 8342/5713/1830 8344/5715/1831 8343/5716/1831 8341/5714/1830
f 8344/5715/1831 8346/5717/1832 8345/5718/1832 8343/5716/1831
f 8346/5717/1832 8348/5719/1833 8347/5720/1833 8345/5718/1832
f 8348/5719/1833 8350/5721/1834 8349/5722/1834 8347/5720/1833
f 8350/5721/1834 8352/5723/1835 8351/5724/1835 8349/5722/1834
f 8352/5723/1835 8354/5725/1836 8353/5726/1836 8351/5724/1835
f 8354/5725/1836 8356/5727/1837 8355/5728/1837 8353/5726/1836
f 8356/5727/1837 8358/5729/1838 8357/5730/1838 8355/5728/1837
f 8358/5729/1838 8360/5731/1839 8359/5732/1839 8357/5730/1838
f 8360/5731/1839 8362/5733/947 8361/5734/947 8359/5732/1839
f 8362/5733/947 8364/5735/1840 8363/5736/1840 8361/5734/947
f 8364/5735/1840 8366/5737/1841 8365/5738/1841 8363/5736/1840
f 8366/5737/1841 8368/5739/1842 8367/5740/1842 8365/5738/1841
f 8368/5739/1842 8370/5741/1843 8369/5742/1843 8367/5740/1842
f 8370/5741/1843 8372/5743/1844 8371/5744/1844 8369/5742/1843
f 8372/5743/1844 8374/5745/1845 8373/5746/1845 8371/5744/1844
f 8374/5745/1845 8376/5747/1846 8375/5748/1846 8373/5746/1845
f 8376/5747/1846 8378/5749/1847 8377/5750/1847 8375/5748/1846
f 8378/5749/1847 8380/5751/1848 8379/5752/1848 8377/5750/1847
f 8380/5751/1848 8382/5753/1849 8381/5754/1849 8379/5752/1848
f 8382/5753/1849 8384/5755/1850 8383/5756/1850 8381/5754/1849
f 8384/5755/1850 8386/5757/1851 8385/5758/1851 8383/5756/1850
f 8386/5757/1851 8388/5759/1852 8387/5760/1852 8385/5758/1851
f 8388/5759/1852 8390/5761/1853 8389/5762/1853 8387/5760/1852
f 8390/5761/1853 8392/5763/1854 8391/5764/1854 8389/5762/1853
f 8392/5763/1854 8394/5765/1855 8393/5766/1855 8391/5764/1854
f 8394/5765/1855 8396/5767/1856 8395/5768/1856 8393/5766/1855
f 8396/5767/1856 8398/5769/1857 8397/5770/1857 8395/5768/1856
f 8398/5769/1857 8400/5771/1858 8399/5772/1858 8397/5770/1857
f 8400/5771/1858 8402/5773/1859 8401/5774/1859 8399/5772/1858
f 8402/5773/1859 8404/5775/1860 8403/5776/1860 8401/5774/1859
f 8404/5775/1860 8406/5777/1861 8405/5778/1861 8403/5776/1860
f 8406/5777/1861 8408/5779/1862 8407/5780/1862 8405/5778/1861
f 8408/5779/1862 8410/5781/1863 8409/5782/1863 8407/5780/1862
f 8410/5781/1863 8412/5783/1864 8411/5784/1864 8409/5782/1863
f 8412/5783/1864 8414/5785/1865 8413/5786/1865 8411/5784/1864
f 8414/5785/1865 8416/5787/1866 8415/5788/1866 8413/5786/1865
f 8416/5787/1866 8418/5789/1867 8417/5790/1867 8415/5788/1866
f 8418/5789/1867 8420/5791/1868 8419/5792/1868 8417/5790/1867
f 8420/5791/1868 8422/5793/1869 8421/5794/1869 8419/5792/1868
f 8422/5793/1869 8424/5795/1870 8423/5796/1870 8421/5794/1869
f 8424/5795/1870 8426/5797/1871 8425/5798/1871 8423/5796/1870
f 8426/5797/1871 8428/5799/1872 8427/5800/1872 8425/5798/1871
f 8428/5799/1872 8430/5801/1873 8429/5802/1873 8427/5800/1872
f 8430/5801/1873 8432/5803/1874 8431/5804/1874 8429/5802/1873
f 8432/5803/1874 8434/5805/1875 8433/5806/1875 8431/5804/1874
f 8434/5805/1875 8436/5807/1876 8435/5808/1876 8433/5806/1875
f 8436/5807/1876 8438/5809/1877 8437/5810/1877 8435/5808/1876
f 8438/5809/1877 8440/5811/1878 8439/5812/1878 8437/5810/1877
f 8440/5811/1878 8442/5813/1879 8441/5814/1879 8439/5812/1878
f 8442/5813/1879 8444/5815/1880 8443/5816/1880 8441/5814/1879
f 8444/5815/1880 8446/5817/1881 8445/5818/1881 8443/5816/1880
f 8446/5817/1881 8448/5819/1882 8447/5820/1882 8445/5818/1881
f 8448/5819/1882 8450/5821/1883 8449/5822/1883 8447/5820/1882
f 8450/5821/1883 8452/5823/1884 8451/5824/1884 8449/5822/1883
f 8452/5823/1884 8454/5825/1885 8453/5826/1885 8451/5824/1884
f 8454/5825/1885 8456/5827/1886 8455/5828/1886 8453/5826/1885
f 8456/5827/1886 8458/5829/1887 8457/5830/1887 8455/5828/1886
f 8458/5829/1887 8460/5831/1888 8459/5832/1888 8457/5830/1887
f 8460/5831/1888 8462/5833/1889 8461/5834/1889 8459/5832/1888
f 8462/5833/1889 8464/5835/1890 8463/5836/1890 8461/5834/1889
f 8464/5835/1890 8466/5837/1891 8465/5838/1891 8463/5836/1890
f 8466/5837/1891 8468/5839/1892 8467/5840/1892 8465/5838/1891
f 8468/5839/1892 8470/5841/1893 8469/5842/1893 8467/5840/1892
f 8470/5841/1893 8472/5843/1894 8471/5844/1894 8469/5842/1893
f 8472/5843/1894 8474/5845/1895 8473/5846/1895 8471/5844/1894
f 8474/5845/1895 8476/5847/1896 8475/5848/1896 8473/5846/1895
f 8476/5847/1896 8478/5849/1897 8477/5850/1897 8475/5848/1896
f 8478/5849/1897 8480/5851/1898 8479/5852/1898 8477/5850/1897
f 8480/5851/1898 8482/5853/1899 8481/5854/1899 8479/5852/1898
f 8482/5853/1899 8484/5855/1900 8483/5856/1900 8481/5854/1899
f 8484/5855/1900 8486/5857/1901 8485/5858/1901 8483/5856/1900
f 8486/5857/1901 8488/5859/1902 8487/5860/1902 8485/5858/1901
f 8488/5859/1902 8490/5861/1903 8489/5862/1903 8487/5860/1902
f 8490/5861/1903 8492/5863/1904 8491/5864/1904 8489/5862/1903
f 8492/5863/1904 8494/5865/1905 8493/5866/1905 8491/5864/1904
f 8494/5865/1905 8496/5867/1906 8495/5868/1906 8493/5866/1905
f 8496/5867/1906 8498/5869/1907 8497/5870/1907 8495/5868/1906
f 8498/5869/1907 8500/5871/1908 8499/5872/1908 8497/5870/1907
f 8500/5871/1908 8502/5873/1909 8501/5874/1909 8499/5872/1908
f 8502/5873/1909 8504/5875/1910 8503/5876/1910 8501/5874/1909
f 8504/5875/1910 8506/5877/1911 8505/5878/1911 8503/5876/1910
f 8506/5877/1911 8508/5879/1912 8507/5880/1912 8505/5878/1911
f 8508/5879/1912 8510/5881/1913 8509/5882/1913 8507/5880/1912
f 8510/5881/1913 8512/5883/1914 8511/5884/1914 8509/5882/1913
f 8512/5883/1914 8514/5885/1915 8513/5886/1915 8511/5884/1914
f 8514/5885/1915 8516/5887/1916 8515/5888/1916 8513/5886/1915
f 8516/5887/1916 8518/5889/1917 8517/5890/1917 8515/5888/1916
f 8518/5889/1917 8520/5891/1918 8519/5892/1918 8517/5890/1917
f 8520/5891/1918 8522/5893/1919 8521/5894/1919 8519/5892/1918
f 8522/5893/1919 8524/5895/1920 8523/5896/1920 8521/5894/1919
f 8524/5895/1920 8526/5897/1921 8525/5898/1921 8523/5896/1920
f 8526/5897/1921 8528/5899/1922 8527/5900/1922 8525/5898/1921
f 8528/5899/1922 8530/5901/1650 8529/5902/1650 8527/5900/1922
f 8530/5901/1650 8532/5903/1923 8531/5904/1923 8529/5902/1650
f 8532/5903/1923 8534/5905/1924 8533/5906/1924 8531/5904/1923
f 8534/5905/1924 8536/5907/1925 8535/5908/1925 8533/5906/1924
f 8536/5907/1925 8538/5909/1926 8537/5910/1926 8535/5908/1925
f 8538/5909/1926 8540/5911/1927 8539/5912/1927 8537/5910/1926
f 8540/5911/1927 8542/5913/1928 8541/5914/1928 8539/5912/1927
f 8542/5913/1928 8544/5915/1929 8543/5916/1929 8541/5914/1928
f 8544/5915/1929 8546/5917/1930 8545/5918/1930 8543/5916/1929
f 8546/5917/1930 8548/5919/1911 8547/5920/1911 8545/5918/1930
f 8548/5919/1911 8550/5921/1931 8549/5922/1931 8547/5920/1911
f 8550/5921/1931 8552/5923/1932 8551/5924/1932 8549/5922/1931
f 8552/5923/1932 8554/5925/1042 8553/5926/1042 8551/5924/1932
f 8554/5925/1042 8556/5927/1933 8555/5928/1933 8553/5926/1042
f 8556/5927/1933 8558/5929/1934 8557/5930/1934 8555/5928/1933
f 8558/5929/1934 8560/5931/1935 8559/5932/1935 8557/5930/1934
f 8560/5931/1935 8562/5933/1936 8561/5934/1936 8559/5932/1935
f 8562/5933/1936 8564/5935/1937 8563/5936/1937 8561/5934/1936
f 8564/5935/1937 8566/5937/1938 8565/5938/1938 8563/5936/1937
f 8566/5937/1938 8568/5939/1939 8567/5940/1939 8565/5938/1938
f 8568/5939/1939 8570/5941/1940 8569/5942/1940 8567/5940/1939
f 8570/5941/1940 8572/5943/1941 8571/5944/1941 8569/5942/1940
f 8572/5943/1941 8574/5945/1942 8573/5946/1942 8571/5944/1941
f 8574/5945/1942 8576/5947/1943 8575/5948/1943 8573/5946/1942
f 8576/5947/1943 8578/5949/1944 8577/5950/1944 8575/5948/1943
f 8578/5949/1944 8580/5951/1945 8579/5952/1945 8577/5950/1944
f 8580/5951/1945 8582/5953/1946 8581/5954/1946 8579/5952/1945
f 8582/5953/1946 8584/5955/1947 8583/5956/1947 8581/5954/1946
f 8584/5955/1947 8586/5957/1948 8585/5958/1948 8583/5956/1947
f 8586/5957/1948 8588/5959/1949 8587/5960/1949 8585/5958/1948
f 8588/5959/1949 8590/5961/1950 8589/5962/1950 8587/5960/1949
f 8590/5961/1950 8592/5963/1951 8591/5964/1951 8589/5962/1950
f 8592/5963/1951 8594/5965/1952 8593/5966/1952 8591/5964/1951
f 8594/5965/1952 8596/5967/1953 8595/5968/1953 8593/5966/1952
f 8596/5967/1953 8598/5969/1954 8597/5970/1954 8595/5968/1953
f 8598/5969/1954 8600/5971/1955 8599/5972/1955 8597/5970/1954
f 8600/5971/1955 8602/5973/1956 8601/5974/1956 8599/5972/1955
f 8602/5973/1956 8604/5975/1957 8603/5976/1957 8601/5974/1956
f 8604/5975/1957 8606/5977/1958 8605/5978/1958 8603/5976/1957
f 8606/5977/1958 8608/5979/1959 8607/5980/1959 8605/5978/1958
f 8608/5979/1959 8610/5981/1960 8609/5982/1960 8607/5980/1959
f 8610/5981/1960 8612/5983/1961 8611/5984/1961 8609/5982/1960
f 8612/5983/1961 8614/5985/1962 8613/5986/1962 8611/5984/1961
f 8614/5985/1962 8616/5987/1963 8615/5988/1963 8613/5986/1962
f 8616/5987/1963 8618/5989/1964 8617/5990/1964 8615/5988/1963
f 8618/5989/1964 8620/5991/1894 8619/5992/1894 8617/5990/1964
f 8620/5991/1894 8622/5993/1965 8621/5994/1965 8619/5992/1894
f 8622/5993/1965 8624/5995/1966 8623/5996/1966 8621/5994/1965
f 8624/5995/1966 8626/5997/1967 8625/5998/1967 8623/5996/1966
f 8626/5997/1967 8628/5999/1968 8627/6000/1968 8625/5998/1967
f 8628/5999/1968 8630/6001/1969 8629/6002/1969 8627/6000/1968
f 8630/6001/1969 8632/6003/1970 8631/6004/1970 8629/6002/1969
f 8632/6003/1970 8634/2652/1971 8633/734/1971 8631/6004/1970
f 8634/2652/1971 8636/6005/1972 8635/6006/1972 8633/734/1971
f 8636/6005/1972 8638/6007/1973 8637/6008/1973 8635/6006/1972
f 8638/6007/1973 8640/6009/1974 8639/6010/1974 8637/6008/1973
f 8640/6009/1974 8642/6011/1975 8641/6012/1975 8639/6010/1974
f 8642/6011/1975 8644/6013/1976 8643/6014/1976 8641/6012/1975
f 8644/6013/1976 8646/6015/1977 8645/6016/1977 8643/6014/1976
f 8646/6015/1977 8648/6017/1978 8647/6018/1978 8645/6016/1977
f 8648/6017/1978 8650/6019/1979 8649/6020/1979 8647/6018/1978
f 8650/6019/1979 8652/6021/1980 8651/6022/1980 8649/6020/1979
f 8652/6021/1980 8654/6023/1981 8653/6024/1981 8651/6022/1980
f 8654/6023/1981 8656/6025/1982 8655/6026/1982 8653/6024/1981
f 8656/6025/1982 8658/6027/1983 8657/6028/1983 8655/6026/1982
f 8658/6027/1983 8660/6029/1984 8659/6030/1984 8657/6028/1983
f 8660/6029/1984 8662/6031/1985 8661/6032/1985 8659/6030/1984
f 8662/6031/1985 8664/6033/1986 8663/6034/1986 8661/6032/1985
f 8664/6033/1986 8666/6035/1987 8665/6036/1987 8663/6034/1986
f 8666/6035/1987 8668/6037/347 8667/6038/347 8665/6036/1987
f 8668/6037/347 8670/6039/1988 8669/6040/1988 8667/6038/347
f 8670/6039/1988 8672/6041/1989 8671/6042/1989 8669/6040/1988
f 8672/6041/1989 8674/6043/1990 8673/6044/1990 8671/6042/1989
f 8674/6043/1990 8676/6045/1991 8675/6046/1991 8673/6044/1990
f 8676/6045/1991 8678/6047/1992 8677/6048/1992 8675/6046/1991
f 8678/6047/1992 8680/6049/1993 8679/6050/1993 8677/6048/1992
f 8680/6049/1993 8682/6051/1994 8681/6052/1994 8679/6050/1993
f 8682/6051/1994 8684/6053/778 8683/6054/778 8681/6052/1994
f 8684/6053/778 8686/6055/1995 8685/6056/1995 8683/6054/778
f 8686/6055/1995 8688/6057/574 8687/6058/574 8685/6056/1995
f 8688/6057/574 8690/6059/1996 8689/6060/1996 8687/6058/574
f 8690/6059/1996 8692/6061/1997 8691/6062/1997 8689/6060/1996
f 8692/6061/1997 8694/6063/577 8693/6064/577 8691/6062/1997
f 8694/6063/577 8696/6065/578 8695/6066/578 8693/6064/577
f 8696/6065/578 8698/6067/1998 8697/6068/1998 8695/6066/578
f 8698/6067/1998 8700/6069/1999 8699/6070/1999 8697/6068/1998
f 8700/6069/1999 8702/6071/2000 8701/6072/2000 8699/6070/1999
f 8702/6071/2000 8704/6073/2001 8703/6074/2001 8701/6072/2000
f 8704/6073/2001 8706/6075/2002 8705/6076/2002 8703/6074/2001
f 8706/6075/2002 8708/6077/2003 8707/6078/2003 8705/6076/2002
f 8708/6077/2003 8710/6079/2004 8709/6080/2004 8707/6078/2003
f 8710/6079/2004 8712/6081/2005 8711/6082/2005 8709/6080/2004
f 8712/6081/2005 8714/6083/2006 8713/6084/2006 8711/6082/2005
f 8714/6083/2006 8716/6085/2007 8715/6086/2007 8713/6084/2006
f 8716/6085/2007 8718/6087/2008 8717/6088/2008 8715/6086/2007
f 8718/6087/2008 8720/6089/2009 8719/6090/2009 8717/6088/2008
f 8720/6089/2009 8722/6091/2010 8721/6092/2010 8719/6090/2009
f 8722/6091/2010 8724/6093/2011 8723/6094/2011 8721/6092/2010
f 8724/6093/2011 8726/6095/2012 8725/6096/2012 8723/6094/2011
f 8726/6095/2012 8728/6097/2013 8727/6098/2013 8725/6096/2012
f 8728/6097/2013 8730/6099/2014 8729/6100/2014 8727/6098/2013
f 8730/6099/2014 8732/6101/2015 8731/6102/2015 8729/6100/2014
f 8732/6101/2015 8734/6103/2016 8733/6104/2016 8731/6102/2015
f 8734/6103/2016 8736/6105/2017 8735/6106/2017 8733/6104/2016
f 8736/6105/2017 8738/6107/2018 8737/6108/2018 8735/6106/2017
f 8738/6107/2018 8740/6109/2019 8739/6110/2019 8737/6108/2018
f 8740/6109/2019 8742/6111/809 8741/6112/809 8739/6110/2019
f 8742/6111/809 8744/6113/2020 8743/6114/2020 8741/6112/809
f 8744/6113/2020 8746/6115/2021 8745/6116/2021 8743/6114/2020
f 8746/6115/2021 8748/6117/2022 8747/6118/2022 8745/6116/2021
f 8748/6117/2022 8750/6119/2023 8749/6120/2023 8747/6118/2022
f 8750/6119/2023 8752/6121/2024 8751/6122/2024 8749/6120/2023
f 8752/6121/2024 8754/6123/408 8753/6124/408 8751/6122/2024
f 8754/6123/408 8756/6125/607 8755/6126/607 8753/6124/408
f 8756/6125/607 8758/6127/608 8757/6128/608 8755/6126/607
f 8758/6127/608 8760/6129/609 8759/6130/609 8757/6128/608
f 8760/6129/609 8762/6131/610 8761/6132/610 8759/6130/609
f 8762/6131/610 8764/6133/611 8763/6134/611 8761/6132/610
f 8764/6133/611 8766/6135/412 8765/6136/412 8763/6134/611
f 8766/6135/412 8768/6137/612 8767/6138/612 8765/6136/412
f 8768/6137/612 8770/6139/613 8769/6140/613 8767/6138/612
f 8770/6139/613 8772/6141/614 8771/6142/614 8769/6140/613
f 8772/6141/614 8774/6143/615 8773/6144/615 8771/6142/614
f 8774/6143/615 8776/6145/616 8775/6146/616 8773/6144/615
f 8776/6145/616 8778/6147/617 8777/6148/617 8775/6146/616
f 8778/6147/617 8780/6149/2025 8779/6150/2025 8777/6148/617
f 8780/6149/2025 8782/6151/2026 8781/6152/2026 8779/6150/2025
f 8782/6151/2026 8784/6153/2027 8783/6154/2027 8781/6152/2026
f 8784/6153/2027 8786/6155/2028 8785/6156/2028 8783/6154/2027
f 8786/6155/2028 8788/6157/2029 8787/6158/2029 8785/6156/2028
f 8788/6157/2029 8790/6159/2030 8789/6160/2030 8787/6158/2029
f 8790/6159/2030 8792/6161/2031 8791/6162/2031 8789/6160/2030
f 8792/6161/2031 8794/6163/2032 8793/6164/2032 8791/6162/2031
f 8794/6163/2032 8796/6165/2033 8795/6166/2033 8793/6164/2032
f 8796/6165/2033 8798/6167/2034 8797/6168/2034 8795/6166/2033
f 8798/6167/2034 8800/6169/2035 8799/6170/2035 8797/6168/2034
f 8800/6169/2035 8802/6171/629 8801/6172/629 8799/6170/2035
f 8802/6171/629 8804/6173/1036 8803/6174/1036 8801/6172/629
f 8804/6173/1036 8806/6175/2036 8805/6176/2036 8803/6174/1036
f 8806/6175/2036 8808/6177/1340 8807/6178/1340 8805/6176/2036
f 8808/6177/1340 8810/6179/2037 8809/6180/2037 8807/6178/1340
f 8810/6179/2037 8812/6181/2038 8811/6182/2038 8809/6180/2037
f 8812/6181/2038 8814/6183/2039 8813/6184/2039 8811/6182/2038
f 8814/6183/2039 8816/6185/2040 8815/6186/2040 8813/6184/2039
f 8816/6185/2040 8818/6187/2041 8817/6188/2041 8815/6186/2040
f 8818/6187/2041 8820/6189/2042 8819/6190/2042 8817/6188/2041
f 8820/6189/2042 8822/6191/2043 8821/6192/2043 8819/6190/2042
f 8822/6191/2043 8824/6193/2044 8823/6194/2044 8821/6192/2043
f 8824/6193/2044 8826/6195/2045 8825/6196/2045 8823/6194/2044
f 8826/6195/2045 8828/6197/2046 8827/6198/2046 8825/6196/2045
f 8828/6197/2046 8830/6199/2047 8829/6200/2047 8827/6198/2046
f 8830/6199/2047 8832/6201/2048 8831/6202/2048 8829/6200/2047
f 8832/6201/2048 8834/6203/2049 8833/6204/2049 8831/6202/2048
f 8834/6203/2049 8836/6205/2050 8835/6206/2050 8833/6204/2049
f 8836/6205/2050 8838/6207/647 8837/6208/647 8835/6206/2050
f 8838/6207/647 8840/6209/2051 8839/6210/2051 8837/6208/647
f 8840/6209/2051 8842/6211/2052 8841/6212/2052 8839/6210/2051
f 8842/6211/2052 8844/6213/2053 8843/6214/2053 8841/6212/2052
f 8844/6213/2053 8846/6215/2054 8845/6216/2054 8843/6214/2053
f 8846/6215/2054 8848/6217/2055 8847/6218/2055 8845/6216/2054
f 8848/6217/2055 8850/6219/2056 8849/6220/2056 8847/6218/2055
f 8850/6219/2056 8852/6221/2057 8851/6222/2057 8849/6220/2056
f 8852/6221/2057 8854/6223/2058 8853/6224/2058 8851/6222/2057
f 8854/6223/2058 8856/6225/2059 8855/6226/2059 8853/6224/2058
f 8856/6225/2059 8858/6227/2060 8857/6228/2060 8855/6226/2059
f 8858/6227/2060 8860/6229/2061 8859/6230/2061 8857/6228/2060
f 8860/6229/2061 8862/6231/2062 8861/6232/2062 8859/6230/2061
f 8862/6231/2062 8864/6233/2063 8863/6234/2063 8861/6232/2062
f 8864/6233/2063 8866/6235/2064 8865/6236/2064 8863/6234/2063
f 8866/6235/2064 8868/6237/2065 8867/6238/2065 8865/6236/2064
f 8868/6237/2065 8870/6239/2066 8869/6240/2066 8867/6238/2065
f 8870/6239/2066 8872/6241/2067 8871/6242/2067 8869/6240/2066
f 8872/6241/2067 8874/6243/2068 8873/6244/2068 8871/6242/2067
f 8874/6243/2068 8876/6245/2069 8875/6246/2069 8873/6244/2068
f 8876/6245/2069 8878/6247/2070 8877/6248/2070 8875/6246/2069
f 8878/6247/2070 8880/6249/2071 8879/6250/2071 8877/6248/2070
f 8880/6249/2071 8882/6251/2072 8881/6252/2072 8879/6250/2071
f 8882/6251/2072 8884/6253/2073 8883/6254/2073 8881/6252/2072
f 8884/6253/2073 8886/6255/2074 8885/6256/2074 8883/6254/2073
f 8886/6255/2074 8888/6257/2075 8887/6258/2075 8885/6256/2074
f 8888/6257/2075 8890/6259/2076 8889/6260/2076 8887/6258/2075
f 8890/6259/2076 8892/6261/2077 8891/6262/2077 8889/6260/2076
f 8892/6261/2077 8894/6263/2078 8893/6264/2078 8891/6262/2077
f 8894/6263/2078 8896/6265/2079 8895/6266/2079 8893/6264/2078
f 8896/6265/2079 8898/6267/2080 8897/6268/2080 8895/6266/2079
f 8898/6267/2080 8900/6269/2081 8899/6270/2081 8897/6268/2080
f 8900/6269/2081 8902/6271/2082 8901/6272/2082 8899/6270/2081
f 8902/6271/2082 8904/6273/2083 8903/6274/2083 8901/6272/2082
f 8904/6273/2083 8906/6275/2084 8905/6276/2084 8903/6274/2083
f 8906/6275/2084 8908/6277/2085 8907/6278/2085 8905/6276/2084
f 8908/6277/2085 8910/6279/2086 8909/6280/2086 8907/6278/2085
f 8910/6279/2086 8912/6281/2087 8911/6282/2087 8909/6280/2086
f 8912/6281/2087 8914/6283/2088 8913/6284/2088 8911/6282/2087
f 8914/6283/2088 8916/6285/2089 8915/6286/2089 8913/6284/2088
f 8916/6285/2089 8918/6287/2090 8917/6288/2090 8915/6286/2089
f 8918/6287/2090 8920/6289/2091 8919/6290/2091 8917/6288/2090
f 8920/6289/2091 8922/6291/2092 8921/6292/2092 8919/6290/2091
f 8922/6291/2092 8924/6293/2093 8923/6294/2093 8921/6292/2092
f 8924/6293/2093 8926/6295/2094 8925/6296/2094 8923/6294/2093
f 8926/6295/2094 8928/6297/2095 8927/6298/2095 8925/6296/2094
f 8928/6297/2095 8930/6299/2096 8929/6300/2096 8927/6298/2095
f 8930/6299/2096 8932/6301/2097 8931/6302/2097 8929/6300/2096
f 8932/6301/2097 8934/6303/2098 8933/6304/2098 8931/6302/2097
f 8934/6303/2098 8936/6305/2099 8935/6306/2099 8933/6304/2098
f 8936/6305/2099 8938/6307/2100 8937/6308/2100 8935/6306/2099
f 8938/6307/2100 8940/6309/2101 8939/6310/2101 8937/6308/2100
f 8940/6309/2101 8942/6311/2102 8941/6312/2102 8939/6310/2101
f 8942/6311/2102 8944/6313/2103 8943/6314/2103 8941/6312/2102
f 8944/6313/2103 8946/6315/2104 8945/6316/2104 8943/6314/2103
f 8946/6315/2104 8948/2996/2105 8947/602/2105 8945/6316/2104
f 8948/2996/2105 8950/6317/2106 8949/6318/2106 8947/602/2105
f 8950/6317/2106 8952/6319/2107 8951/6320/2107 8949/6318/2106
f 8952/6319/2107 8954/6321/2108 8953/6322/2108 8951/6320/2107
f 8954/6321/2108 8956/6323/2109 8955/6324/2109 8953/6322/2108
f 8956/6323/2109 8958/6325/2110 8957/6326/2110 8955/6324/2109
f 8958/6325/2110 8960/6327/2111 8959/6328/2111 8957/6326/2110
f 8960/6327/2111 8962/6329/709 8961/6330/709 8959/6328/2111
f 8962/6329/709 8964/6331/2112 8963/6332/2112 8961/6330/709
f 8964/6331/2112 8966/6333/2113 8965/6334/2113 8963/6332/2112
f 8966/6333/2113 8968/6335/2114 8967/6336/2114 8965/6334/2113
f 8968/6335/2114 8970/6337/2115 8969/6338/2115 8967/6336/2114
f 8970/6337/2115 8972/6339/714 8971/6340/714 8969/6338/2115
f 8972/6339/714 8974/6341/715 8973/6342/715 8971/6340/714
f 8974/6341/715 8976/6343/716 8975/6344/716 8973/6342/715
f 8976/6343/716 8978/6345/717 8977/6346/717 8975/6344/716
f 8978/6345/717 8980/6347/2116 8979/6348/2116 8977/6346/717
f 8980/6347/2116 8982/6349/719 8981/6350/719 8979/6348/2116
f 8982/6349/719 8984/6351/2117 8983/6352/2117 8981/6350/719
f 8984/6351/2117 8986/6353/721 8985/6354/721 8983/6352/2117
f 8986/6353/721 8988/6355/722 8987/6356/722 8985/6354/721
f 8988/6355/722 8990/6357/2118 8989/6358/2118 8987/6356/722
f 8990/6357/2118 8992/6359/2119 8991/6360/2119 8989/6358/2118
f 8992/6359/2119 8994/6361/2120 8993/6362/2120 8991/6360/2119
f 8994/6361/2120 8996/6363/2121 8995/6364/2121 8993/6362/2120
f 8996/6363/2121 8998/6365/2122 8997/6366/2122 8995/6364/2121
f 8998/6365/2122 9000/6367/2123 8999/6368/2123 8997/6366/2122
f 9000/6367/2123 9002/6369/2124 9001/6370/2124 8999/6368/2123
f 9002/6369/2124 9004/6371/2125 9003/6372/2125 9001/6370/2124
f 9004/6371/2125 9006/6373/2126 9005/6374/2126 9003/6372/2125
f 9006/6373/2126 9008/6375/2127 9007/6376/2127 9005/6374/2126
f 9008/6375/2127 9010/6377/2128 9009/6378/2128 9007/6376/2127
f 9010/6377/2128 9012/6379/2129 9011/6380/2129 9009/6378/2128
f 9012/6379/2129 9014/6381/2130 9013/6382/2130 9011/6380/2129
f 9014/6381/2130 9016/6383/2131 9015/6384/2131 9013/6382/2130
f 9016/6383/2131 9018/6385/2132 9017/6386/2132 9015/6384/2131
f 9018/6385/2132 9020/6387/2133 9019/6388/2133 9017/6386/2132
f 9020/6387/2133 9022/6389/2134 9021/6390/2134 9019/6388/2133
f 9022/6389/2134 9024/6391/2135 9023/6392/2135 9021/6390/2134
f 9024/6391/2135 9026/6393/2136 9025/6394/2136 9023/6392/2135
f 9026/6393/2136 9028/6395/2137 9027/6396/2137 9025/6394/2136
f 9028/6395/2137 9030/6397/2138 9029/6398/2138 9027/6396/2137
f 9030/6397/2138 9032/6399/2139 9031/6400/2139 9029/6398/2138
f 9032/6399/2139 9034/6401/2140 9033/6402/2140 9031/6400/2139
f 9034/6401/2140 9036/6403/2141 9035/6404/2141 9033/6402/2140
f 9036/6403/2141 9038/6405/2142 9037/6406/2142 9035/6404/2141
f 9038/6405/2142 9040/6407/2143 9039/6408/2143 9037/6406/2142
f 9040/6407/2143 9042/6409/2144 9041/6410/2144 9039/6408/2143
f 9042/6409/2144 9044/6411/2145 9043/6412/2145 9041/6410/2144
f 9044/6411/2145 9046/6413/2146 9045/6414/2146 9043/6412/2145
f 9046/6413/2146 9048/6415/2147 9047/6416/2147 9045/6414/2146
f 9048/6415/2147 9050/6417/2148 9049/6418/2148 9047/6416/2147
f 9050/6417/2148 9052/6419/2149 9051/6420/2149 9049/6418/2148
f 9052/6419/2149 9054/6421/2150 9053/6422/2150 9051/6420/2149
f 9054/6421/2150 9056/6423/2151 9055/6424/2151 9053/6422/2150
f 9056/6423/2151 9058/6425/2152 9057/6426/2152 9055/6424/2151
f 9058/6425/2152 9060/6427/2153 9059/6428/2153 9057/6426/2152
f 9060/6427/2153 9062/6429/2154 9061/6430/2154 9059/6428/2153
f 9062/6429/2154 9064/6431/2155 9063/6432/2155 9061/6430/2154
f 9064/6431/2155 9066/6433/2156 9065/6434/2156 9063/6432/2155
f 9066/6433/2156 9068/6435/2157 9067/6436/2157 9065/6434/2156
f 9068/6435/2157 9070/6437/2158 9069/6438/2158 9067/6436/2157
f 9070/6437/2158 9072/6439/2159 9071/6440/2159 9069/6438/2158
f 9072/6439/2159 9074/6441/2160 9073/6442/2160 9071/6440/2159
f 9074/6441/2160 9076/6443/2161 9075/6444/2161 9073/6442/2160
f 9076/6443/2161 9078/6445/2162 9077/6446/2162 9075/6444/2161
f 9078/6445/2162 9080/6447/2163 9079/6448/2163 9077/6446/2162
f 9080/6447/2163 9082/6449/2164 9081/6450/2164 9079/6448/2163
f 9082/6449/2164 9084/6451/2165 9083/6452/2165 9081/6450/2164
f 9084/6451/2165 9086/6453/2166 9085/6454/2166 9083/6452/2165
f 9086/6453/2166 9088/6455/2167 9087/6456/2167 9085/6454/2166
f 9088/6455/2167 9090/6457/2168 9089/6458/2168 9087/6456/2167
f 9090/6457/2168 9092/6459/2169 9091/6460/2169 9089/6458/2168
f 9092/6459/2169 9094/6461/2170 9093/6462/2170 9091/6460/2169
f 9094/6461/2170 9096/6463/2171 9095/6464/2171 9093/6462/2170
f 9096/6463/2171 9098/6465/2172 9097/6466/2172 9095/6464/2171
f 9098/6465/2172 9100/6467/2173 9099/6468/2173 9097/6466/2172
f 9100/6467/2173 9102/6469/2174 9101/6470/2174 9099/6468/2173
f 9102/6469/2174 9104/6471/2175 9103/6472/2175 9101/6470/2174
f 9104/6471/2175 9106/6473/2176 9105/6474/2176 9103/6472/2175
f 9106/6473/2176 9108/6475/2177 9107/6476/2177 9105/6474/2176
f 9108/6475/2177 9110/6477/2178 9109/6478/2178 9107/6476/2177
f 9110/6477/2178 9112/6479/2179 9111/6480/2179 9109/6478/2178
f 9112/6479/2179 9114/6481/2180 9113/6482/2180 9111/6480/2179
f 9114/6481/2180 9116/6483/2181 9115/6484/2181 9113/6482/2180
f 9116/6483/2181 9118/6485/2182 9117/6486/2182 9115/6484/2181
f 9118/6485/2182 9120/6487/2183 9119/6488/2183 9117/6486/2182
f 9120/6487/2183 9122/6489/2184 9121/6490/2184 9119/6488/2183
f 9122/6489/2184 9124/6491/2185 9123/6492/2185 9121/6490/2184
f 9124/6491/2185 9126/6493/2186 9125/6494/2186 9123/6492/2185
f 9126/6493/2186 9128/6495/2187 9127/6496/2187 9125/6494/2186
f 9128/6495/2187 9130/6497/2188 9129/6498/2188 9127/6496/2187
f 9130/6497/2188 9132/6499/2189 9131/6500/2189 9129/6498/2188
f 9132/6499/2189 9134/6501/2190 9133/6502/2190 9131/6500/2189
f 9134/6501/2190 9136/6503/2191 9135/6504/2191 9133/6502/2190
f 9136/6503/2191 9138/6505/2192 9137/6506/2192 9135/6504/2191
f 9138/6505/2192 9140/6507/2193 9139/6508/2193 9137/6506/2192
f 9140/6507/2193 9142/6509/2194 9141/6510/2194 9139/6508/2193
f 9142/6509/2194 9144/6511/2195 9143/6512/2195 9141/6510/2194
f 9144/6511/2195 9146/6513/2196 9145/6514/2196 9143/6512/2195
f 9146/6513/2196 9148/6515/2197 9147/6516/2197 9145/6514/2196
f 9148/6515/2197 9150/6517/2198 9149/6518/2198 9147/6516/2197
f 9150/6517/2198 9152/6519/1282 9151/6520/1282 9149/6518/2198
f 9152/6519/1282 9154/6521/2199 9153/6522/2199 9151/6520/1282
f 9154/6521/2199 9156/6523/2200 9155/6524/2200 9153/6522/2199
f 9156/6523/2200 9158/6525/2201 9157/6526/2201 9155/6524/2200
f 9158/6525/2201 9160/6527/2202 9159/6528/2202 9157/6526/2201
f 9160/6527/2202 9162/6529/2203 9161/6530/2203 9159/6528/2202
f 9162/6529/2203 9164/6531/2204 9163/6532/2204 9161/6530/2203
f 9164/6531/2204 9166/6533/2205 9165/6534/2205 9163/6532/2204
f 9166/6533/2205 9168/6535/2206 9167/6536/2206 9165/6534/2205
f 9168/6535/2206 9170/6537/2207 9169/6538/2207 9167/6536/2206
f 9170/6537/2207 9172/6539/2208 9171/6540/2208 9169/6538/2207
f 9172/6539/2208 9174/6541/2209 9173/6542/2209 9171/6540/2208
f 9174/6541/2209 9176/6543/2210 9175/6544/2210 9173/6542/2209
f 9176/6543/2210 9178/6545/2211 9177/6546/2211 9175/6544/2210
f 9178/6545/2211 9180/6547/2212 9179/6548/2212 9177/6546/2211
f 9180/6547/2212 9182/6549/1152 9181/6550/1152 9179/6548/2212
f 9182/6549/1152 9184/6551/2213 9183/6552/2213 9181/6550/1152
f 9184/6551/2213 9186/6553/2214 9185/6554/2214 9183/6552/2213
f 9186/6553/2214 9188/6555/2215 9187/6556/2215 9185/6554/2214
f 9188/6555/2215 9190/6557/865 9189/6558/865 9187/6556/2215
f 9190/6557/865 9192/6559/2216 9191/6560/2216 9189/6558/865
f 9192/6559/2216 9194/6561/2217 9193/6562/2217 9191/6560/2216
f 9194/6561/2217 9196/6563/1541 9195/6564/1541 9193/6562/2217
f 9196/6563/1541 9198/6565/2218 9197/6566/2218 9195/6564/1541
f 9198/6565/2218 9200/6567/1155 9199/6568/1155 9197/6566/2218
f 9200/6567/1155 9202/6569/2219 9201/6570/2219 9199/6568/1155
f 9202/6569/2219 9204/6571/2220 9203/6572/2220 9201/6570/2219
f 9204/6571/2220 9206/6573/2221 9205/6574/2221 9203/6572/2220
f 9206/6573/2221 9208/6575/2222 9207/6576/2222 9205/6574/2221
f 9208/6575/2222 9210/6577/2223 9209/6578/2223 9207/6576/2222
f 9210/6577/2223 9212/6579/2224 9211/6580/2224 9209/6578/2223
f 9212/6579/2224 9214/6581/2225 9213/6582/2225 9211/6580/2224
f 9214/6581/2225 9216/6583/2226 9215/6584/2226 9213/6582/2225
f 9216/6583/2226 9218/6585/547 9217/6586/547 9215/6584/2226
f 9218/6585/547 9220/6587/2227 9219/6588/2227 9217/6586/547
f 9220/6587/2227 9222/6589/2228 9221/6590/2228 9219/6588/2227
f 9222/6589/2228 9224/6591/2229 9223/6592/2229 9221/6590/2228
f 9224/6591/2229 9226/6593/2230 9225/6594/2230 9223/6592/2229
f 9226/6593/2230 9228/6595/2231 9227/6596/2231 9225/6594/2230
f 9228/6595/2231 9230/6597/2232 9229/6598/2232 9227/6596/2231
f 9230/6597/2232 9232/6599/2233 9231/6600/2233 9229/6598/2232
f 9232/6599/2233 9234/6601/2234 9233/6602/2234 9231/6600/2233
f 9234/6601/2234 9236/6603/2235 9235/6604/2235 9233/6602/2234
f 9236/6603/2235 9238/6605/1547 9237/6606/1547 9235/6604/2235
f 9238/6605/1547 9240/6607/2236 9239/6608/2236 9237/6606/1547
f 9240/6607/2236 9242/6609/2237 9241/6610/2237 9239/6608/2236
f 9242/6609/2237 9244/6611/2238 9243/6612/2238 9241/6610/2237
f 9244/6611/2238 9246/6613/2239 9245/6614/2239 9243/6612/2238
f 9246/6613/2239 9248/6615/1611 9247/6616/1611 9245/6614/2239
f 9248/6615/1611 9250/6617/2240 9249/6618/2240 9247/6616/1611
f 9250/6617/2240 9252/6619/2241 9251/6620/2241 9249/6618/2240
f 9252/6619/2241 9254/6621/2242 9253/6622/2242 9251/6620/2241
f 9254/6621/2242 9256/6623/2243 9255/6624/2243 9253/6622/2242
f 9256/6623/2243 9258/6625/2244 9257/6626/2244 9255/6624/2243
f 9258/6625/2244 9260/6627/2245 9259/6628/2245 9257/6626/2244
f 9260/6627/2245 8320/3340/1819 8319/100/1819 9259/6628/2245
